-- MySQL dump 10.13  Distrib 5.7.17, for Linux (x86_64)
--
-- Host: localhost    Database: keepitlocal
-- ------------------------------------------------------
-- Server version	5.7.17-0ubuntu0.16.04.1

/*!40101 SET @OLD_CHARACTER_SET_CLIENT=@@CHARACTER_SET_CLIENT */;
/*!40101 SET @OLD_CHARACTER_SET_RESULTS=@@CHARACTER_SET_RESULTS */;
/*!40101 SET @OLD_COLLATION_CONNECTION=@@COLLATION_CONNECTION */;
/*!40101 SET NAMES utf8 */;
/*!40103 SET @OLD_TIME_ZONE=@@TIME_ZONE */;
/*!40103 SET TIME_ZONE='+00:00' */;
/*!40014 SET @OLD_UNIQUE_CHECKS=@@UNIQUE_CHECKS, UNIQUE_CHECKS=0 */;
/*!40014 SET @OLD_FOREIGN_KEY_CHECKS=@@FOREIGN_KEY_CHECKS, FOREIGN_KEY_CHECKS=0 */;
/*!40101 SET @OLD_SQL_MODE=@@SQL_MODE, SQL_MODE='NO_AUTO_VALUE_ON_ZERO' */;
/*!40111 SET @OLD_SQL_NOTES=@@SQL_NOTES, SQL_NOTES=0 */;

--
-- Table structure for table `countries`
--

DROP TABLE IF EXISTS `countries`;
/*!40101 SET @saved_cs_client     = @@character_set_client */;
/*!40101 SET character_set_client = utf8 */;
CREATE TABLE `countries` (
  `id` bigint(20) NOT NULL AUTO_INCREMENT,
  `name` varchar(255) COLLATE utf8_bin NOT NULL,
  `code` varchar(10) COLLATE utf8_bin NOT NULL,
  PRIMARY KEY (`id`)
) ENGINE=InnoDB AUTO_INCREMENT=251 DEFAULT CHARSET=utf8 COLLATE=utf8_bin;
/*!40101 SET character_set_client = @saved_cs_client */;

--
-- Dumping data for table `countries`
--

LOCK TABLES `countries` WRITE;
/*!40000 ALTER TABLE `countries` DISABLE KEYS */;
INSERT INTO `countries` VALUES (1,'Afghanistan','AF'),(2,'Albania','AL'),(3,'Algeria','DZ'),(4,'American Samoa','AS'),(5,'Andorra','AD'),(6,'Angola','AO'),(7,'Anguilla','AI'),(8,'Antarctica','AQ'),(9,'Antigua and Barbuda','AG'),(10,'Argentina','AR'),(11,'Armenia','AM'),(12,'Aruba','AW'),(13,'Australia','AU'),(14,'Austria','AT'),(15,'Azerbaijan','AZ'),(16,'Bahamas','BS'),(17,'Bahrain','BH'),(18,'Bangladesh','BD'),(19,'Barbados','BB'),(20,'Belarus','BY'),(21,'Belgium','BE'),(22,'Belize','BZ'),(23,'Benin','BJ'),(24,'Bermuda','BM'),(25,'Bhutan','BT'),(26,'Bolivia','BO'),(27,'Bosnia and Herzegovina','BA'),(28,'Botswana','BW'),(29,'Bouvet Island','BV'),(30,'Brazil','BR'),(31,'British Indian Ocean Territory','IO'),(32,'British Virgin Islands','VG'),(33,'Brunei','BN'),(34,'Bulgaria','BG'),(35,'Burkina Faso','BF'),(36,'Burundi','BI'),(37,'Cambodia','KH'),(38,'Cameroon','CM'),(39,'Canada','CA'),(40,'Cape Verde','CV'),(41,'Cayman Islands','KY'),(42,'Central African Republic','CF'),(43,'Chad','TD'),(44,'Chile','CL'),(45,'China','CN'),(46,'Christmas Island','CX'),(47,'Cocos [Keeling] Islands','CC'),(48,'Colombia','CO'),(49,'Comoros','KM'),(50,'Congo - Brazzaville','CG'),(51,'Congo - Kinshasa','CD'),(52,'Cook Islands','CK'),(53,'Costa Rica','CR'),(54,'Croatia','HR'),(55,'Cuba','CU'),(56,'Cyprus','CY'),(57,'Czech Republic','CZ'),(58,'Côte d’Ivoire','CI'),(59,'Denmark','DK'),(60,'Djibouti','DJ'),(61,'Dominica','DM'),(62,'Dominican Republic','DO'),(63,'Ecuador','EC'),(64,'Egypt','EG'),(65,'El Salvador','SV'),(66,'Equatorial Guinea','GQ'),(67,'Eritrea','ER'),(68,'Estonia','EE'),(69,'Ethiopia','ET'),(70,'European Union','QU'),(71,'Falkland Islands','FK'),(72,'Faroe Islands','FO'),(73,'Fiji','FJ'),(74,'Finland','FI'),(75,'France','FR'),(76,'French Guiana','GF'),(77,'French Polynesia','PF'),(78,'French Southern Territories','TF'),(79,'Gabon','GA'),(80,'Gambia','GM'),(81,'Georgia','GE'),(82,'Germany','DE'),(83,'Ghana','GH'),(84,'Gibraltar','GI'),(85,'Greece','GR'),(86,'Greenland','GL'),(87,'Grenada','GD'),(88,'Guadeloupe','GP'),(89,'Guam','GU'),(90,'Guatemala','GT'),(91,'Guernsey','GG'),(92,'Guinea','GN'),(93,'Guinea-Bissau','GW'),(94,'Guyana','GY'),(95,'Haiti','HT'),(96,'Heard Island and McDonald Islands','HM'),(97,'Honduras','HN'),(98,'Hong Kong SAR China','HK'),(99,'Hungary','HU'),(100,'Iceland','IS'),(101,'India','IN'),(102,'Indonesia','ID'),(103,'Iran','IR'),(104,'Iraq','IQ'),(105,'Ireland','IE'),(106,'Isle of Man','IM'),(107,'Israel','IL'),(108,'Italy','IT'),(109,'Jamaica','JM'),(110,'Japan','JP'),(111,'Jersey','JE'),(112,'Jordan','JO'),(113,'Kazakhstan','KZ'),(114,'Kenya','KE'),(115,'Kiribati','KI'),(116,'Kuwait','KW'),(117,'Kyrgyzstan','KG'),(118,'Laos','LA'),(119,'Latvia','LV'),(120,'Lebanon','LB'),(121,'Lesotho','LS'),(122,'Liberia','LR'),(123,'Libya','LY'),(124,'Liechtenstein','LI'),(125,'Lithuania','LT'),(126,'Luxembourg','LU'),(127,'Macau SAR China','MO'),(128,'Macedonia','MK'),(129,'Madagascar','MG'),(130,'Malawi','MW'),(131,'Malaysia','MY'),(132,'Maldives','MV'),(133,'Mali','ML'),(134,'Malta','MT'),(135,'Marshall Islands','MH'),(136,'Martinique','MQ'),(137,'Mauritania','MR'),(138,'Mauritius','MU'),(139,'Mayotte','YT'),(140,'Mexico','MX'),(141,'Micronesia','FM'),(142,'Moldova','MD'),(143,'Monaco','MC'),(144,'Mongolia','MN'),(145,'Montenegro','ME'),(146,'Montserrat','MS'),(147,'Morocco','MA'),(148,'Mozambique','MZ'),(149,'Myanmar [Burma]','MM'),(150,'Namibia','NA'),(151,'Nauru','NR'),(152,'Nepal','NP'),(153,'Netherlands','NL'),(154,'Netherlands Antilles','AN'),(155,'New Caledonia','NC'),(156,'New Zealand','NZ'),(157,'Nicaragua','NI'),(158,'Niger','NE'),(159,'Nigeria','NG'),(160,'Niue','NU'),(161,'Norfolk Island','NF'),(162,'North Korea','KP'),(163,'Northern Mariana Islands','MP'),(164,'Norway','NO'),(165,'Oman','OM'),(166,'Outlying Oceania','QO'),(167,'Pakistan','PK'),(168,'Palau','PW'),(169,'Palestinian Territories','PS'),(170,'Panama','PA'),(171,'Papua New Guinea','PG'),(172,'Paraguay','PY'),(173,'Peru','PE'),(174,'Philippines','PH'),(175,'Pitcairn Islands','PN'),(176,'Poland','PL'),(177,'Portugal','PT'),(178,'Puerto Rico','PR'),(179,'Qatar','QA'),(180,'Romania','RO'),(181,'Russia','RU'),(182,'Rwanda','RW'),(183,'Réunion','RE'),(184,'Saint Barthélemy','BL'),(185,'Saint Helena','SH'),(186,'Saint Kitts and Nevis','KN'),(187,'Saint Lucia','LC'),(188,'Saint Martin','MF'),(189,'Saint Pierre and Miquelon','PM'),(190,'Saint Vincent and the Grenadines','VC'),(191,'Samoa','WS'),(192,'San Marino','SM'),(193,'Saudi Arabia','SA'),(194,'Senegal','SN'),(195,'Serbia','RS'),(196,'Serbia and Montenegro','CS'),(197,'Seychelles','SC'),(198,'Sierra Leone','SL'),(199,'Singapore','SG'),(200,'Slovakia','SK'),(201,'Slovenia','SI'),(202,'Solomon Islands','SB'),(203,'Somalia','SO'),(204,'South Africa','ZA'),(205,'South Georgia and the South Sandwich Islands','GS'),(206,'South Korea','KR'),(207,'Spain','ES'),(208,'Sri Lanka','LK'),(209,'Sudan','SD'),(210,'Suriname','SR'),(211,'Svalbard and Jan Mayen','SJ'),(212,'Swaziland','SZ'),(213,'Sweden','SE'),(214,'Switzerland','CH'),(215,'Syria','SY'),(216,'São Tomé and Príncipe','ST'),(217,'Taiwan','TW'),(218,'Tajikistan','TJ'),(219,'Tanzania','TZ'),(220,'Thailand','TH'),(221,'Timor-Leste','TL'),(222,'Togo','TG'),(223,'Tokelau','TK'),(224,'Tonga','TO'),(225,'Trinidad and Tobago','TT'),(226,'Tunisia','TN'),(227,'Turkey','TR'),(228,'Turkmenistan','TM'),(229,'Turks and Caicos Islands','TC'),(230,'Tuvalu','TV'),(231,'U.S. Minor Outlying Islands','UM'),(232,'U.S. Virgin Islands','VI'),(233,'Uganda','UG'),(234,'Ukraine','UA'),(235,'United Arab Emirates','AE'),(236,'United Kingdom','GB'),(237,'United States','US'),(238,'Unknown or Invalid Region','ZZ'),(239,'Uruguay','UY'),(240,'Uzbekistan','UZ'),(241,'Vanuatu','VU'),(242,'Vatican City','VA'),(243,'Venezuela','VE'),(244,'Vietnam','VN'),(245,'Wallis and Futuna','WF'),(246,'Western Sahara','EH'),(247,'Yemen','YE'),(248,'Zambia','ZM'),(249,'Zimbabwe','ZW'),(250,'Åland Islands','AX');
/*!40000 ALTER TABLE `countries` ENABLE KEYS */;
UNLOCK TABLES;

--
-- Table structure for table `craft_assetfiles`
--

DROP TABLE IF EXISTS `craft_assetfiles`;
/*!40101 SET @saved_cs_client     = @@character_set_client */;
/*!40101 SET character_set_client = utf8 */;
CREATE TABLE `craft_assetfiles` (
  `id` int(11) NOT NULL,
  `sourceId` int(11) DEFAULT NULL,
  `folderId` int(11) NOT NULL,
  `filename` varchar(255) COLLATE utf8_unicode_ci NOT NULL,
  `kind` varchar(50) COLLATE utf8_unicode_ci NOT NULL DEFAULT 'unknown',
  `width` int(11) unsigned DEFAULT NULL,
  `height` int(11) unsigned DEFAULT NULL,
  `size` bigint(20) unsigned DEFAULT NULL,
  `dateModified` datetime DEFAULT NULL,
  `dateCreated` datetime NOT NULL,
  `dateUpdated` datetime NOT NULL,
  `uid` char(36) COLLATE utf8_unicode_ci NOT NULL DEFAULT '0',
  PRIMARY KEY (`id`),
  UNIQUE KEY `craft_assetfiles_filename_folderId_unq_idx` (`filename`,`folderId`),
  KEY `craft_assetfiles_sourceId_fk` (`sourceId`),
  KEY `craft_assetfiles_folderId_fk` (`folderId`),
  CONSTRAINT `craft_assetfiles_folderId_fk` FOREIGN KEY (`folderId`) REFERENCES `craft_assetfolders` (`id`) ON DELETE CASCADE,
  CONSTRAINT `craft_assetfiles_id_fk` FOREIGN KEY (`id`) REFERENCES `craft_elements` (`id`) ON DELETE CASCADE,
  CONSTRAINT `craft_assetfiles_sourceId_fk` FOREIGN KEY (`sourceId`) REFERENCES `craft_assetsources` (`id`) ON DELETE CASCADE
) ENGINE=InnoDB DEFAULT CHARSET=utf8 COLLATE=utf8_unicode_ci;
/*!40101 SET character_set_client = @saved_cs_client */;

--
-- Dumping data for table `craft_assetfiles`
--

LOCK TABLES `craft_assetfiles` WRITE;
/*!40000 ALTER TABLE `craft_assetfiles` DISABLE KEYS */;
INSERT INTO `craft_assetfiles` VALUES (4,1,1,'lorem-3.jpg','image',1920,1080,45437,'2015-10-24 09:10:59','2015-10-24 09:10:59','2016-09-02 13:31:19','f8ab70bd-461c-4ded-b612-f66a88b1fae5'),(6,1,1,'lorem-1.jpg','image',1920,1080,135306,'2016-09-02 12:06:33','2015-10-24 09:11:07','2016-09-02 13:31:18','53761767-f13e-4a5c-b98a-803473dbb43b'),(28,1,1,'500x500.png','image',500,500,1002177,'2015-11-07 15:17:56','2015-10-25 09:00:10','2016-09-02 13:31:18','59473bbe-4fb6-4405-95af-c7d1e9e519ab'),(64,1,1,'lorem-2.jpg','image',1920,1080,206613,'2016-09-02 12:06:33','2015-11-14 18:25:19','2016-09-02 13:31:19','05fc81fc-c4dd-4180-a46c-7f48707dd2ab'),(78,1,1,'default-logo.jpg','image',600,300,12295,'2015-11-29 11:51:16','2015-11-29 11:51:16','2016-09-02 13:31:18','9a2a6275-c311-4f75-97c5-0f2715deab13'),(100,1,1,'Screen-Shot-2016-01-22-at-1.31.05-PM.png','image',100,69,27773,'2016-01-22 11:31:41','2016-09-02 13:31:18','2016-09-02 13:31:18','d2642db8-6689-4910-b4ed-e3cecf01ad39'),(101,1,1,'lorem-4-portrait.jpg','image',1080,1920,56358,'2015-11-08 10:34:54','2016-09-02 13:31:19','2016-09-02 13:31:19','a2fcc43b-b1e2-4a89-8554-8df2fcb18817'),(105,1,1,'logo.png','image',597,159,18616,'2017-02-02 16:43:52','2017-02-02 16:43:53','2017-02-02 16:43:53','c49d9fcc-d835-488a-84a4-a96cdd0a91cf'),(106,1,1,'cape-town-1562907_1920.jpg','image',1920,1080,774976,'2017-02-02 18:17:25','2017-02-02 18:17:26','2017-02-02 18:17:26','70f35e41-e1c8-495d-b270-e9766c6bb577'),(107,1,1,'south-africa-207799_1920.jpg','image',1920,1275,913122,'2017-02-02 18:17:58','2017-02-02 18:17:58','2017-02-02 18:17:58','7d5781a2-3583-4e80-9166-e3edcd5fb752'),(108,1,1,'beautiful-1214780_1920.jpg','image',1920,1280,1208936,'2017-02-02 18:18:34','2017-02-02 18:18:35','2017-02-02 18:18:35','b00f8634-2275-4133-97cd-7069d45ac630'),(121,1,1,'image_place_holder.png','image',315,315,9302,'2017-02-04 16:45:40','2017-02-04 16:45:41','2017-02-04 16:45:41','6a410da2-6d35-4c15-bd00-322df6b108c5'),(122,1,1,'gray_right_arrow.png','image',177,177,2291,'2017-02-04 16:45:52','2017-02-04 16:45:52','2017-02-04 16:45:52','2994b027-1328-4b57-ba22-7bfb98adee7a'),(130,1,1,'19891560543_00424eb5d6_k_620_400_80auto_s_c1_center_top.jpg','image',620,400,54403,'2017-02-11 18:28:26','2017-02-04 17:02:05','2017-02-11 18:28:31','ba094b15-9628-46c8-b846-3ff1a14b3c5b'),(131,1,1,'SAT_LIM_Rain_Dance_2_RET_lr_RGB_620_400_80auto_s_c1_center_top.jpg','image',620,400,102515,'2017-02-04 17:03:42','2017-02-04 17:03:42','2017-02-04 17:03:42','f914f2d4-d495-4d0f-a4a1-02f733aeb04e'),(132,1,1,'SAT_CT_Penguins_RET_lr_RGB_640_317_80auto_s.jpg','image',640,317,42135,'2017-02-04 17:08:24','2017-02-04 17:08:24','2017-02-04 17:08:24','8936231a-4902-49ac-8883-ccb7e9806834'),(133,1,1,'SAT_KZN_Sardine_Run_1_RET_lr_RGB_620_400_80auto_s_c1_center_top.jpg','image',620,400,28631,'2017-02-04 17:12:17','2017-02-04 17:12:18','2017-02-04 17:12:18','4047ec41-8e81-4fea-ba2d-8a69260d12e6'),(134,1,1,'Keep-It-Local-Website-AssetsAsset-2@3x.png','image',230,242,6879,'2017-02-07 16:21:11','2017-02-07 16:21:13','2017-02-07 16:21:13','b69469f8-f221-408b-9847-bab18d0dcd5f'),(135,1,1,'Keep-It-Local-Website-AssetsAsset-1.png','image',409,95,6024,'2017-02-07 16:22:43','2017-02-07 16:22:43','2017-02-07 16:22:43','40183d73-ec0f-4b4b-9659-279b1e72356f'),(137,1,1,'avatar075.jpg','image',150,150,3791,'2017-02-07 18:43:52','2017-02-07 18:43:53','2017-02-07 18:43:53','96b52927-79a9-47e2-af7e-78c629e8bacb'),(140,1,1,'enjoy-image.1AQwhgp.jpg','image',150,150,8300,'2017-02-08 11:20:33','2017-02-08 11:20:35','2017-02-08 11:20:35','71f27d38-8ded-469f-8f46-8b0cb10106c4'),(141,1,1,'book-image.1aIkOyB.jpg','image',150,150,7385,'2017-02-08 11:20:36','2017-02-08 11:20:36','2017-02-08 11:20:36','028ea612-acef-4d92-9c86-3e8376bebc15'),(142,1,1,'find-image.14aZVCU.jpg','image',150,150,7551,'2017-02-08 11:20:36','2017-02-08 11:20:37','2017-02-08 11:20:37','b3a66ab2-8706-4ddf-a847-2a7d2094b3ef'),(186,1,1,'IMG_20161224_005149.jpg','image',4160,2336,683965,'2017-02-09 15:51:02','2017-02-09 15:51:02','2017-02-09 15:51:02','8de1df85-6641-47f8-afce-200785c03924'),(187,1,1,'153169_640_367_80auto_s.jpg','image',640,367,72918,'2017-02-11 18:24:19','2017-02-11 18:24:21','2017-02-11 18:24:21','2c4f488e-54c0-49ed-89f3-a28a5934a941'),(188,1,1,'marb_640_427_80auto_s.jpg','image',640,427,66619,'2017-02-11 18:24:22','2017-02-11 18:24:23','2017-02-11 18:24:23','5582dc4f-0a2f-4a52-98be-99a3abcb4e30'),(189,1,1,'JHB-1024x767_640_479_80auto_s.jpg','image',640,479,72459,'2017-02-11 18:24:23','2017-02-11 18:24:23','2017-02-11 18:24:23','e235ab02-29c1-4fb1-b4c8-2f02a3c4fdbb'),(190,1,1,'poster.jpg','image',899,600,158875,'2017-02-11 18:24:24','2017-02-11 18:24:25','2017-02-11 18:24:25','ee5a505a-7aca-4c16-afeb-9ffaeab1f93e'),(191,1,1,'bathurst_640_413_80auto_s.jpg','image',640,413,37026,'2017-02-11 18:27:55','2017-02-11 18:24:26','2017-02-11 18:27:58','95911c81-ffb9-41f3-9fc7-0676302a2b4f'),(192,1,1,'19891560543_00424eb5d6_k.jpg','image',2048,1205,733585,'2017-02-11 18:24:28','2017-02-11 18:24:29','2017-02-11 18:24:29','63d63bff-508a-45fa-8e4a-d43026165330'),(202,1,1,'gray_image_place_holder.png','image',315,315,9157,'2017-02-12 20:05:40','2017-02-12 20:05:44','2017-02-12 20:05:44','39500af9-69d7-4de1-912a-0fb7a4ff9547'),(213,1,1,'advice1.jpg','image',269,268,11739,'2017-02-12 21:44:40','2017-02-12 21:44:41','2017-02-12 21:44:41','7c6e0f4e-9abf-49d0-a729-d4a6cc7254a4'),(214,1,1,'advice2.jpg','image',268,268,8606,'2017-02-12 21:45:03','2017-02-12 21:45:04','2017-02-12 21:45:04','24c18d5e-d26d-4246-9ea2-c8ed7fb10047'),(215,1,1,'advice3.jpg','image',268,268,12310,'2017-02-12 21:45:24','2017-02-12 21:45:24','2017-02-12 21:45:24','10461fcf-9d8d-4cbf-a645-c339e53d33ca'),(247,1,1,'host1.png','image',363,363,17848,'2017-02-17 08:49:35','2017-02-17 08:49:36','2017-02-17 08:49:36','ac3374d4-a256-4d8c-9154-6cd4b994cc32'),(249,1,1,'host2.png','image',363,363,26006,'2017-02-17 08:50:35','2017-02-17 08:50:35','2017-02-17 08:50:35','1f9e91e6-ee78-4151-99ca-355a33424cbf'),(251,1,1,'host3.png','image',363,363,18468,'2017-02-17 08:52:04','2017-02-17 08:52:04','2017-02-17 08:52:04','e3dbcd93-79bc-4cda-a531-41892c73ef9c'),(271,1,1,'local.png','image',102,102,2236,'2017-02-17 12:08:21','2017-02-17 12:08:22','2017-02-17 12:08:22','c6a726d5-fd3c-489e-b87a-5c7c9b9af391'),(283,1,1,'Table-Mountain-Aerial-Cableway-in-Cape-Town-South-Africa.jpg','image',900,600,227732,'2017-03-18 12:47:53','2017-03-18 12:47:53','2017-03-18 12:47:53','95efabf6-9237-43e5-bea1-728cb4b036c3'),(284,1,1,'Hot-air-baloon-Cape-Town-Tourism.jpg','image',842,468,107932,'2017-03-18 12:48:32','2017-03-18 12:48:32','2017-03-18 12:48:32','162edddd-afe9-49cc-aed0-fe40e99de412'),(285,1,1,'3.jpg','image',650,450,91706,'2017-03-18 12:49:32','2017-03-18 12:49:32','2017-03-18 12:49:32','dbc795a3-1eed-4997-b7dd-febf1625c1c8'),(286,1,1,'die-word-rol-food-truck.jpg','image',632,423,225772,'2017-03-18 12:51:15','2017-03-18 12:51:15','2017-03-18 12:51:15','2e801a9e-a6a0-4719-8c40-078416b22233'),(287,1,1,'playground1.jpeg','image',1125,750,200467,'2017-03-18 12:55:04','2017-03-18 12:55:04','2017-03-18 12:55:04','ab1ba4eb-17e7-41f8-8de5-651566cab206'),(288,1,1,'TAble-Mountain-600x356.jpg','image',600,356,71754,'2017-03-18 12:55:33','2017-03-18 12:55:33','2017-03-18 12:55:33','07ee84cb-da62-4995-a8c2-5617a2e45730'),(289,1,1,'david-making-pap-good-shot.jpg','image',850,1134,216357,'2017-03-18 12:55:45','2017-03-18 12:55:45','2017-03-18 12:55:45','9c592507-fbb7-4802-aead-c4bbad7fd199');
/*!40000 ALTER TABLE `craft_assetfiles` ENABLE KEYS */;
UNLOCK TABLES;

--
-- Table structure for table `craft_assetfolders`
--

DROP TABLE IF EXISTS `craft_assetfolders`;
/*!40101 SET @saved_cs_client     = @@character_set_client */;
/*!40101 SET character_set_client = utf8 */;
CREATE TABLE `craft_assetfolders` (
  `id` int(11) NOT NULL AUTO_INCREMENT,
  `parentId` int(11) DEFAULT NULL,
  `sourceId` int(11) DEFAULT NULL,
  `name` varchar(255) COLLATE utf8_unicode_ci NOT NULL,
  `path` varchar(255) COLLATE utf8_unicode_ci DEFAULT NULL,
  `dateCreated` datetime NOT NULL,
  `dateUpdated` datetime NOT NULL,
  `uid` char(36) COLLATE utf8_unicode_ci NOT NULL DEFAULT '0',
  PRIMARY KEY (`id`),
  UNIQUE KEY `craft_assetfolders_name_parentId_sourceId_unq_idx` (`name`,`parentId`,`sourceId`),
  KEY `craft_assetfolders_parentId_fk` (`parentId`),
  KEY `craft_assetfolders_sourceId_fk` (`sourceId`),
  CONSTRAINT `craft_assetfolders_parentId_fk` FOREIGN KEY (`parentId`) REFERENCES `craft_assetfolders` (`id`) ON DELETE CASCADE,
  CONSTRAINT `craft_assetfolders_sourceId_fk` FOREIGN KEY (`sourceId`) REFERENCES `craft_assetsources` (`id`) ON DELETE CASCADE
) ENGINE=InnoDB AUTO_INCREMENT=2 DEFAULT CHARSET=utf8 COLLATE=utf8_unicode_ci;
/*!40101 SET character_set_client = @saved_cs_client */;

--
-- Dumping data for table `craft_assetfolders`
--

LOCK TABLES `craft_assetfolders` WRITE;
/*!40000 ALTER TABLE `craft_assetfolders` DISABLE KEYS */;
INSERT INTO `craft_assetfolders` VALUES (1,NULL,1,'Files','','2015-10-24 09:03:29','2016-09-02 13:30:57','c8055bb1-1dbb-47c0-a7b9-ef31f2ae6eaf');
/*!40000 ALTER TABLE `craft_assetfolders` ENABLE KEYS */;
UNLOCK TABLES;

--
-- Table structure for table `craft_assetindexdata`
--

DROP TABLE IF EXISTS `craft_assetindexdata`;
/*!40101 SET @saved_cs_client     = @@character_set_client */;
/*!40101 SET character_set_client = utf8 */;
CREATE TABLE `craft_assetindexdata` (
  `id` int(11) NOT NULL AUTO_INCREMENT,
  `sessionId` varchar(36) COLLATE utf8_unicode_ci NOT NULL DEFAULT '',
  `sourceId` int(10) NOT NULL,
  `offset` int(10) NOT NULL,
  `uri` text COLLATE utf8_unicode_ci,
  `size` bigint(20) unsigned DEFAULT NULL,
  `recordId` int(10) DEFAULT NULL,
  `dateCreated` datetime NOT NULL,
  `dateUpdated` datetime NOT NULL,
  `uid` char(36) COLLATE utf8_unicode_ci NOT NULL DEFAULT '0',
  PRIMARY KEY (`id`),
  UNIQUE KEY `craft_assetindexdata_sessionId_sourceId_offset_unq_idx` (`sessionId`,`sourceId`,`offset`),
  KEY `craft_assetindexdata_sourceId_fk` (`sourceId`),
  CONSTRAINT `craft_assetindexdata_sourceId_fk` FOREIGN KEY (`sourceId`) REFERENCES `craft_assetsources` (`id`) ON DELETE CASCADE
) ENGINE=InnoDB DEFAULT CHARSET=utf8 COLLATE=utf8_unicode_ci;
/*!40101 SET character_set_client = @saved_cs_client */;

--
-- Dumping data for table `craft_assetindexdata`
--

LOCK TABLES `craft_assetindexdata` WRITE;
/*!40000 ALTER TABLE `craft_assetindexdata` DISABLE KEYS */;
/*!40000 ALTER TABLE `craft_assetindexdata` ENABLE KEYS */;
UNLOCK TABLES;

--
-- Table structure for table `craft_assetsources`
--

DROP TABLE IF EXISTS `craft_assetsources`;
/*!40101 SET @saved_cs_client     = @@character_set_client */;
/*!40101 SET character_set_client = utf8 */;
CREATE TABLE `craft_assetsources` (
  `id` int(11) NOT NULL AUTO_INCREMENT,
  `name` varchar(255) COLLATE utf8_unicode_ci NOT NULL,
  `handle` varchar(255) COLLATE utf8_unicode_ci NOT NULL,
  `type` varchar(150) COLLATE utf8_unicode_ci NOT NULL,
  `settings` text COLLATE utf8_unicode_ci,
  `sortOrder` smallint(6) unsigned DEFAULT NULL,
  `fieldLayoutId` int(10) DEFAULT NULL,
  `dateCreated` datetime NOT NULL,
  `dateUpdated` datetime NOT NULL,
  `uid` char(36) COLLATE utf8_unicode_ci NOT NULL DEFAULT '0',
  PRIMARY KEY (`id`),
  UNIQUE KEY `craft_assetsources_name_unq_idx` (`name`),
  UNIQUE KEY `craft_assetsources_handle_unq_idx` (`handle`),
  KEY `craft_assetsources_fieldLayoutId_fk` (`fieldLayoutId`),
  CONSTRAINT `craft_assetsources_fieldLayoutId_fk` FOREIGN KEY (`fieldLayoutId`) REFERENCES `craft_fieldlayouts` (`id`) ON DELETE SET NULL
) ENGINE=InnoDB AUTO_INCREMENT=2 DEFAULT CHARSET=utf8 COLLATE=utf8_unicode_ci;
/*!40101 SET character_set_client = @saved_cs_client */;

--
-- Dumping data for table `craft_assetsources`
--

LOCK TABLES `craft_assetsources` WRITE;
/*!40000 ALTER TABLE `craft_assetsources` DISABLE KEYS */;
INSERT INTO `craft_assetsources` VALUES (1,'Files','files','Local','{\"path\":\"{assetPath}files\\/\",\"publicURLs\":\"1\",\"url\":\"{assetUrl}files\\/\"}',1,199,'2015-10-24 09:03:29','2016-09-02 13:31:11','c99ad3ba-ce06-4638-953f-6723cc4ab85d');
/*!40000 ALTER TABLE `craft_assetsources` ENABLE KEYS */;
UNLOCK TABLES;

--
-- Table structure for table `craft_assettransformindex`
--

DROP TABLE IF EXISTS `craft_assettransformindex`;
/*!40101 SET @saved_cs_client     = @@character_set_client */;
/*!40101 SET character_set_client = utf8 */;
CREATE TABLE `craft_assettransformindex` (
  `id` int(11) NOT NULL AUTO_INCREMENT,
  `fileId` int(11) NOT NULL,
  `filename` varchar(255) COLLATE utf8_unicode_ci DEFAULT NULL,
  `format` varchar(255) COLLATE utf8_unicode_ci DEFAULT NULL,
  `location` varchar(255) COLLATE utf8_unicode_ci NOT NULL,
  `sourceId` int(11) DEFAULT NULL,
  `fileExists` tinyint(1) DEFAULT NULL,
  `inProgress` tinyint(1) DEFAULT NULL,
  `dateIndexed` datetime DEFAULT NULL,
  `dateCreated` datetime NOT NULL,
  `dateUpdated` datetime NOT NULL,
  `uid` char(36) COLLATE utf8_unicode_ci NOT NULL DEFAULT '0',
  PRIMARY KEY (`id`),
  KEY `craft_assettransformindex_sourceId_fileId_location_idx` (`sourceId`,`fileId`,`location`)
) ENGINE=InnoDB AUTO_INCREMENT=60 DEFAULT CHARSET=utf8 COLLATE=utf8_unicode_ci;
/*!40101 SET character_set_client = @saved_cs_client */;

--
-- Dumping data for table `craft_assettransformindex`
--

LOCK TABLES `craft_assettransformindex` WRITE;
/*!40000 ALTER TABLE `craft_assettransformindex` DISABLE KEYS */;
INSERT INTO `craft_assettransformindex` VALUES (1,6,'lorem-1.jpg',NULL,'_300xAUTO_crop_center-center',1,1,0,'2016-09-02 13:32:22','2016-09-02 13:32:22','2016-09-02 13:32:22','2bd80d3f-6946-42f8-83f9-17fb88cd0409'),(2,28,'500x500.png',NULL,'_600xAUTO_crop_center-center',1,1,0,'2016-09-02 13:32:30','2016-09-02 13:32:30','2016-09-02 13:45:24','1567c6a8-1050-4fcc-9e64-667fdc110f4e'),(3,78,'default-logo.jpg',NULL,'_AUTOx52_crop_center-center',1,1,0,'2016-09-02 13:32:30','2016-09-02 13:32:30','2016-09-02 13:32:32','74442bf9-9dae-4851-8833-18cdb44e90e1'),(4,78,'default-logo.jpg',NULL,'_500xAUTO_crop_center-center',1,1,0,'2016-09-02 13:32:32','2016-09-02 13:32:32','2016-09-02 13:45:24','b466f585-596c-4c15-b575-b2fd70ecffbc'),(5,6,'lorem-1.jpg',NULL,'_600xAUTO_crop_center-center',1,1,0,'2016-09-02 13:33:05','2016-09-02 13:33:05','2016-09-02 13:33:07','ec4084ed-288b-497d-9636-9c30ae6979de'),(6,6,'lorem-1.jpg',NULL,'_1200xAUTO_crop_center-center',1,1,0,'2016-09-02 13:33:05','2016-09-02 13:33:05','2016-09-02 13:33:07','0ef55316-1fb3-4347-8f55-59d62555633c'),(7,64,'lorem-2.jpg',NULL,'_600xAUTO_crop_center-center',1,1,0,'2016-09-02 13:33:05','2016-09-02 13:33:05','2016-09-02 13:33:07','ed4e80d3-25db-4b85-b4a5-daa66aba59b4'),(8,4,'lorem-3.jpg',NULL,'_600xAUTO_crop_center-center',1,1,0,'2016-09-02 13:33:05','2016-09-02 13:33:05','2016-09-02 13:33:07','33ce61d8-31be-4dcc-bbde-c140e66fa9fa'),(9,6,'lorem-1.jpg',NULL,'_800xAUTO_crop_center-center_80',1,1,0,'2016-09-02 13:49:30','2016-09-02 13:49:30','2016-09-02 13:49:31','9b00701b-c91a-4106-981a-c85c150aab69'),(10,4,'lorem-3.jpg',NULL,'_800xAUTO_crop_center-center_80',1,1,0,'2016-09-02 13:49:33','2016-09-02 13:49:33','2016-09-02 13:49:33','260748a7-12c5-40b7-b76d-dbe20959db6a'),(11,78,'default-logo.jpg',NULL,'_AUTOx100_crop_center-center',1,1,0,'2016-09-03 14:30:22','2016-09-03 14:30:22','2016-09-03 14:30:23','4c4ff23e-97a0-4eb3-93a6-3310239db098'),(12,105,'logo.png',NULL,'_AUTOx52_crop_center-center',1,1,0,'2017-02-02 16:47:45','2017-02-02 16:47:45','2017-02-02 16:47:49','0007820e-5459-481a-94eb-fa2cfed980b9'),(13,105,'logo.png',NULL,'_500xAUTO_crop_center-center',1,1,0,'2017-02-02 16:47:46','2017-02-02 16:47:46','2017-02-02 16:54:10','da3e883e-b9d0-4516-b6a1-736a28f092ed'),(14,4,'lorem-3.jpg',NULL,'_300xAUTO_crop_center-center',1,1,0,'2017-02-02 18:15:54','2017-02-02 18:15:54','2017-02-02 18:15:56','7b863bae-dbce-47bd-9f40-18ec94b254b3'),(15,134,'Keep-It-Local-Website-AssetsAsset-2@3x.png',NULL,'_600xAUTO_crop_center-center',1,1,0,'2017-02-07 16:23:00','2017-02-07 16:23:00','2017-02-07 16:23:07','4216ee51-1e61-4bb0-8945-7ffb7bd373de'),(16,135,'Keep-It-Local-Website-AssetsAsset-1.png',NULL,'_AUTOx52_crop_center-center',1,1,0,'2017-02-07 16:23:01','2017-02-07 16:23:01','2017-02-07 16:23:03','9af2a886-74c4-454a-85b7-d3d6b3635306'),(17,135,'Keep-It-Local-Website-AssetsAsset-1.png',NULL,'_500xAUTO_crop_center-center',1,1,0,'2017-02-07 16:23:01','2017-02-07 16:23:01','2017-02-07 16:23:07','b77fa529-ed28-4f05-b3e6-e92ee9873dbc'),(18,132,'SAT_CT_Penguins_RET_lr_RGB_640_317_80auto_s.jpg',NULL,'_600xAUTO_crop_center-center',1,1,0,'2017-02-07 17:41:27','2017-02-07 17:41:27','2017-02-07 17:41:38','b06200bf-9806-402b-864b-5a2afd4bd1ee'),(19,121,'image_place_holder.png',NULL,'_600xAUTO_crop_center-center',1,1,0,'2017-02-07 19:18:45','2017-02-07 19:18:45','2017-02-07 19:18:58','aa9a1fa0-69b9-47e7-80bf-5a726b185b0c'),(20,137,'avatar075.jpg',NULL,'_600xAUTO_crop_center-center',1,1,0,'2017-02-07 19:18:48','2017-02-07 19:18:48','2017-02-07 19:18:59','c9eb1bdd-ab02-43b8-91b0-76a4710b16d7'),(21,121,'image_place_holder.png',NULL,'_AUTOx720_crop_center-center_80',1,1,0,'2017-02-07 19:35:11','2017-02-07 19:35:11','2017-02-07 19:35:19','034c8cb1-02aa-42b9-ba05-1c378b928597'),(22,137,'avatar075.jpg',NULL,'_AUTOx720_crop_center-center_80',1,1,0,'2017-02-07 19:35:12','2017-02-07 19:35:12','2017-02-07 19:35:18','61063ed0-04c1-4ad1-a36c-b46bf5752959'),(23,121,'image_place_holder.png',NULL,'_AUTOx100_crop_center-center_80',1,1,0,'2017-02-07 19:40:16','2017-02-07 19:40:16','2017-02-07 19:40:24','adfe475e-0670-4c37-8960-d8f5a07d6388'),(24,137,'avatar075.jpg',NULL,'_AUTOx100_crop_center-center_80',1,1,0,'2017-02-07 19:40:17','2017-02-07 19:40:17','2017-02-07 19:40:24','449cf6d7-b272-42fb-b69d-9f08eec065e9'),(25,141,'book-image.1aIkOyB.jpg',NULL,'_AUTOx100_crop_center-center_80',1,1,0,'2017-02-08 11:30:56','2017-02-08 11:30:56','2017-02-08 11:31:09','0426c7f2-754c-4bc9-9e43-3ae125d1df0b'),(26,140,'enjoy-image.1AQwhgp.jpg',NULL,'_AUTOx100_crop_center-center_80',1,1,0,'2017-02-08 11:30:57','2017-02-08 11:30:57','2017-02-08 11:31:09','1526af3c-6042-4797-b5e0-519d723e41c4'),(27,142,'find-image.14aZVCU.jpg',NULL,'_AUTOx100_crop_center-center_80',1,1,0,'2017-02-08 11:30:57','2017-02-08 11:30:57','2017-02-08 11:31:09','225f1e00-4ab0-4155-8499-ecd875e4e653'),(29,121,'image_place_holder.png',NULL,'_300xAUTO_crop_center-center',1,1,0,'2017-02-09 15:50:20','2017-02-09 15:50:20','2017-02-09 15:50:21','d4bd7efb-6e68-4a40-bd53-0eadd0bfc5c6'),(30,186,'IMG_20161224_005149.jpg',NULL,'_AUTOx100_crop_center-center_80',1,1,0,'2017-02-09 15:51:15','2017-02-09 15:51:15','2017-02-09 15:51:23','4ed9601f-ff71-41ff-a8bf-9d4c9d632041'),(31,130,'19891560543_00424eb5d6_k_620_400_80auto_s_c1_center_top.jpg',NULL,'_600xAUTO_crop_center-center',1,1,0,'2017-02-11 18:29:43','2017-02-11 18:29:43','2017-02-11 18:30:15','2d53017b-6b7a-4a3d-ad95-dfcd75919fb2'),(32,186,'IMG_20161224_005149.jpg',NULL,'_AUTOx160_crop_center-center_80',1,1,0,'2017-02-12 19:26:52','2017-02-12 19:26:52','2017-02-12 19:27:13','b80cdbf3-374e-4c35-b335-f5cb4f14aa22'),(33,121,'image_place_holder.png',NULL,'_AUTOx160_crop_center-center_80',1,1,0,'2017-02-12 19:26:53','2017-02-12 19:26:53','2017-02-12 19:27:09','cd7fd257-9f0e-4dd3-af71-72749b26dd3f'),(34,141,'book-image.1aIkOyB.jpg',NULL,'_AUTOx160_crop_center-center_80',1,1,0,'2017-02-12 19:26:54','2017-02-12 19:26:54','2017-02-12 19:27:11','ac7c1a8e-9bce-4da5-90e5-0733ecdf2871'),(35,140,'enjoy-image.1AQwhgp.jpg',NULL,'_AUTOx160_crop_center-center_80',1,1,0,'2017-02-12 19:26:54','2017-02-12 19:26:54','2017-02-12 19:27:12','b4acfc06-8ba8-48b7-b31d-781dbb5a9ba1'),(36,142,'find-image.14aZVCU.jpg',NULL,'_AUTOx160_crop_center-center_80',1,1,0,'2017-02-12 19:26:54','2017-02-12 19:26:54','2017-02-12 19:27:12','f5b20d7d-158d-4ef4-a27b-e15b3c95022a'),(37,137,'avatar075.jpg',NULL,'_AUTOx160_crop_center-center_80',1,1,0,'2017-02-12 19:26:54','2017-02-12 19:26:54','2017-02-12 19:27:09','f597bc72-921c-4671-8f27-c303fb241d48'),(38,202,'gray_image_place_holder.png',NULL,'_AUTOx100_crop_center-center_80',1,1,0,'2017-02-12 20:51:24','2017-02-12 20:51:24','2017-02-12 20:51:28','dfc3a3fb-cfa3-4b04-a776-ccc8feb9347f'),(39,213,'advice1.jpg',NULL,'_AUTOx100_crop_center-center_80',1,1,0,'2017-02-12 21:47:52','2017-02-12 21:47:52','2017-02-12 21:47:59','2e39cc4d-f882-404a-a074-26c7ce9e212a'),(40,214,'advice2.jpg',NULL,'_AUTOx100_crop_center-center_80',1,1,0,'2017-02-12 21:47:53','2017-02-12 21:47:53','2017-02-12 21:47:59','d63baa58-f967-46c2-b4a7-37b42519b700'),(41,215,'advice3.jpg',NULL,'_AUTOx100_crop_center-center_80',1,1,0,'2017-02-12 21:47:53','2017-02-12 21:47:53','2017-02-12 21:47:58','03f2043f-2ed7-46cb-9dec-1e87cd3df80c'),(42,202,'gray_image_place_holder.png',NULL,'_AUTOx160_crop_center-center_80',1,1,0,'2017-02-12 22:46:33','2017-02-12 22:46:33','2017-02-12 22:46:39','36b012a1-48ca-460b-847f-25cca7c70dc7'),(43,213,'advice1.jpg',NULL,'_AUTOx160_crop_center-center_80',1,1,0,'2017-02-12 23:01:34','2017-02-12 23:01:34','2017-02-12 23:01:40','69b57c2f-8557-498a-baf3-010e1287af4e'),(44,214,'advice2.jpg',NULL,'_AUTOx160_crop_center-center_80',1,1,0,'2017-02-12 23:01:35','2017-02-12 23:01:35','2017-02-12 23:01:40','4db48fe9-20bd-49c7-9bc2-1c10a97d2ef3'),(45,215,'advice3.jpg',NULL,'_AUTOx160_crop_center-center_80',1,1,0,'2017-02-12 23:01:35','2017-02-12 23:01:35','2017-02-12 23:01:40','2e26232c-9162-448d-bbfb-1f727667df37'),(46,247,'host1.png',NULL,'_AUTOx160_crop_center-center_80',1,1,0,'2017-02-17 09:12:42','2017-02-17 09:12:42','2017-02-17 09:12:48','f11276b1-7cc3-4ff2-96ad-59e85c6c9e0c'),(47,249,'host2.png',NULL,'_AUTOx160_crop_center-center_80',1,1,0,'2017-02-17 09:12:42','2017-02-17 09:12:42','2017-02-17 09:12:48','a979a2dc-650d-4a27-b4a5-87c64f5a53ae'),(48,251,'host3.png',NULL,'_AUTOx160_crop_center-center_80',1,1,0,'2017-02-17 09:12:42','2017-02-17 09:12:42','2017-02-17 09:12:48','07f61d1d-4513-4335-bae9-3abb52ae4dfa'),(49,271,'local.png',NULL,'_AUTOx160_crop_center-center_80',1,1,0,'2017-02-17 12:19:32','2017-02-17 12:19:33','2017-02-17 12:19:37','6cc4c831-c7a9-4eb5-9caa-63bc1732eb9b'),(50,271,'local.png',NULL,'_AUTOx40_crop_center-center_80',1,1,0,'2017-02-17 12:54:45','2017-02-17 12:54:45','2017-02-17 12:54:54','51f773fb-7117-4b36-94ca-8d2a24011145'),(51,271,'local.png',NULL,'_AUTOx50_crop_center-center_80',1,1,0,'2017-02-17 13:10:40','2017-02-17 13:10:40','2017-02-17 13:10:47','2792b5e5-3b54-4e7c-b91b-6b287dafa957'),(52,133,'SAT_KZN_Sardine_Run_1_RET_lr_RGB_620_400_80auto_s_c1_center_top.jpg',NULL,'_600xAUTO_crop_center-center',1,1,0,'2017-02-20 09:22:28','2017-02-20 09:22:28','2017-02-20 09:22:35','fa6b1d9d-6db5-4c38-8c0e-806c9c04a3ea'),(53,283,'Table-Mountain-Aerial-Cableway-in-Cape-Town-South-Africa.jpg',NULL,'_AUTOx160_crop_center-center_80',1,1,0,'2017-03-18 12:49:42','2017-03-18 12:49:42','2017-03-18 12:49:43','2dc0e5c1-9cf3-489e-9af9-e63014a5e301'),(54,284,'Hot-air-baloon-Cape-Town-Tourism.jpg',NULL,'_AUTOx160_crop_center-center_80',1,1,0,'2017-03-18 12:49:42','2017-03-18 12:49:42','2017-03-18 12:49:43','a740fbe7-8508-4a7a-96f1-808d66da0eaf'),(55,285,'3.jpg',NULL,'_AUTOx160_crop_center-center_80',1,1,0,'2017-03-18 12:49:42','2017-03-18 12:49:42','2017-03-18 12:49:43','8264d097-8424-4dbc-8de0-e8ebb4bffab4'),(56,286,'die-word-rol-food-truck.jpg',NULL,'_AUTOx160_crop_center-center_80',1,1,0,'2017-03-18 12:51:23','2017-03-18 12:51:23','2017-03-18 12:51:25','46da7ae3-78b5-483c-9b2d-25665db2e11a'),(57,287,'playground1.jpeg',NULL,'_AUTOx160_crop_center-center_80',1,1,0,'2017-03-18 12:56:02','2017-03-18 12:56:02','2017-03-18 12:56:04','037fdc7c-6fbc-4cfd-bdd0-1a3002a32aed'),(58,288,'TAble-Mountain-600x356.jpg',NULL,'_AUTOx160_crop_center-center_80',1,1,0,'2017-03-18 12:56:02','2017-03-18 12:56:02','2017-03-18 12:56:04','c63aa6d3-34dc-4887-a51a-afd11e5b5086'),(59,289,'david-making-pap-good-shot.jpg',NULL,'_AUTOx160_crop_center-center_80',1,1,0,'2017-03-18 12:56:03','2017-03-18 12:56:03','2017-03-18 12:56:04','a3e7e157-abab-492c-a7b5-87ef9101e197');
/*!40000 ALTER TABLE `craft_assettransformindex` ENABLE KEYS */;
UNLOCK TABLES;

--
-- Table structure for table `craft_assettransforms`
--

DROP TABLE IF EXISTS `craft_assettransforms`;
/*!40101 SET @saved_cs_client     = @@character_set_client */;
/*!40101 SET character_set_client = utf8 */;
CREATE TABLE `craft_assettransforms` (
  `id` int(11) NOT NULL AUTO_INCREMENT,
  `name` varchar(255) COLLATE utf8_unicode_ci NOT NULL,
  `handle` varchar(255) COLLATE utf8_unicode_ci NOT NULL,
  `mode` enum('stretch','fit','crop') COLLATE utf8_unicode_ci NOT NULL DEFAULT 'crop',
  `position` enum('top-left','top-center','top-right','center-left','center-center','center-right','bottom-left','bottom-center','bottom-right') COLLATE utf8_unicode_ci NOT NULL DEFAULT 'center-center',
  `height` int(10) DEFAULT NULL,
  `width` int(10) DEFAULT NULL,
  `format` varchar(255) COLLATE utf8_unicode_ci DEFAULT NULL,
  `quality` int(10) DEFAULT NULL,
  `dimensionChangeTime` datetime DEFAULT NULL,
  `dateCreated` datetime NOT NULL,
  `dateUpdated` datetime NOT NULL,
  `uid` char(36) COLLATE utf8_unicode_ci NOT NULL DEFAULT '0',
  PRIMARY KEY (`id`),
  UNIQUE KEY `craft_assettransforms_name_unq_idx` (`name`),
  UNIQUE KEY `craft_assettransforms_handle_unq_idx` (`handle`)
) ENGINE=InnoDB DEFAULT CHARSET=utf8 COLLATE=utf8_unicode_ci;
/*!40101 SET character_set_client = @saved_cs_client */;

--
-- Dumping data for table `craft_assettransforms`
--

LOCK TABLES `craft_assettransforms` WRITE;
/*!40000 ALTER TABLE `craft_assettransforms` DISABLE KEYS */;
/*!40000 ALTER TABLE `craft_assettransforms` ENABLE KEYS */;
UNLOCK TABLES;

--
-- Table structure for table `craft_categories`
--

DROP TABLE IF EXISTS `craft_categories`;
/*!40101 SET @saved_cs_client     = @@character_set_client */;
/*!40101 SET character_set_client = utf8 */;
CREATE TABLE `craft_categories` (
  `id` int(11) NOT NULL,
  `groupId` int(11) NOT NULL,
  `dateCreated` datetime NOT NULL,
  `dateUpdated` datetime NOT NULL,
  `uid` char(36) COLLATE utf8_unicode_ci NOT NULL DEFAULT '0',
  PRIMARY KEY (`id`),
  KEY `craft_categories_groupId_fk` (`groupId`),
  CONSTRAINT `craft_categories_groupId_fk` FOREIGN KEY (`groupId`) REFERENCES `craft_categorygroups` (`id`) ON DELETE CASCADE,
  CONSTRAINT `craft_categories_id_fk` FOREIGN KEY (`id`) REFERENCES `craft_elements` (`id`) ON DELETE CASCADE
) ENGINE=InnoDB DEFAULT CHARSET=utf8 COLLATE=utf8_unicode_ci;
/*!40101 SET character_set_client = @saved_cs_client */;

--
-- Dumping data for table `craft_categories`
--

LOCK TABLES `craft_categories` WRITE;
/*!40000 ALTER TABLE `craft_categories` DISABLE KEYS */;
/*!40000 ALTER TABLE `craft_categories` ENABLE KEYS */;
UNLOCK TABLES;

--
-- Table structure for table `craft_categorygroups`
--

DROP TABLE IF EXISTS `craft_categorygroups`;
/*!40101 SET @saved_cs_client     = @@character_set_client */;
/*!40101 SET character_set_client = utf8 */;
CREATE TABLE `craft_categorygroups` (
  `id` int(11) NOT NULL AUTO_INCREMENT,
  `structureId` int(11) NOT NULL,
  `fieldLayoutId` int(11) DEFAULT NULL,
  `name` varchar(255) COLLATE utf8_unicode_ci NOT NULL,
  `handle` varchar(255) COLLATE utf8_unicode_ci NOT NULL,
  `hasUrls` tinyint(1) unsigned NOT NULL DEFAULT '1',
  `template` varchar(500) COLLATE utf8_unicode_ci DEFAULT NULL,
  `dateCreated` datetime NOT NULL,
  `dateUpdated` datetime NOT NULL,
  `uid` char(36) COLLATE utf8_unicode_ci NOT NULL DEFAULT '0',
  PRIMARY KEY (`id`),
  UNIQUE KEY `craft_categorygroups_name_unq_idx` (`name`),
  UNIQUE KEY `craft_categorygroups_handle_unq_idx` (`handle`),
  KEY `craft_categorygroups_structureId_fk` (`structureId`),
  KEY `craft_categorygroups_fieldLayoutId_fk` (`fieldLayoutId`),
  CONSTRAINT `craft_categorygroups_fieldLayoutId_fk` FOREIGN KEY (`fieldLayoutId`) REFERENCES `craft_fieldlayouts` (`id`) ON DELETE SET NULL,
  CONSTRAINT `craft_categorygroups_structureId_fk` FOREIGN KEY (`structureId`) REFERENCES `craft_structures` (`id`) ON DELETE CASCADE
) ENGINE=InnoDB DEFAULT CHARSET=utf8 COLLATE=utf8_unicode_ci;
/*!40101 SET character_set_client = @saved_cs_client */;

--
-- Dumping data for table `craft_categorygroups`
--

LOCK TABLES `craft_categorygroups` WRITE;
/*!40000 ALTER TABLE `craft_categorygroups` DISABLE KEYS */;
/*!40000 ALTER TABLE `craft_categorygroups` ENABLE KEYS */;
UNLOCK TABLES;

--
-- Table structure for table `craft_categorygroups_i18n`
--

DROP TABLE IF EXISTS `craft_categorygroups_i18n`;
/*!40101 SET @saved_cs_client     = @@character_set_client */;
/*!40101 SET character_set_client = utf8 */;
CREATE TABLE `craft_categorygroups_i18n` (
  `id` int(11) NOT NULL AUTO_INCREMENT,
  `groupId` int(11) NOT NULL,
  `locale` char(12) COLLATE utf8_unicode_ci NOT NULL,
  `urlFormat` text COLLATE utf8_unicode_ci,
  `nestedUrlFormat` text COLLATE utf8_unicode_ci,
  `dateCreated` datetime NOT NULL,
  `dateUpdated` datetime NOT NULL,
  `uid` char(36) COLLATE utf8_unicode_ci NOT NULL DEFAULT '0',
  PRIMARY KEY (`id`),
  UNIQUE KEY `craft_categorygroups_i18n_groupId_locale_unq_idx` (`groupId`,`locale`),
  KEY `craft_categorygroups_i18n_locale_fk` (`locale`),
  CONSTRAINT `craft_categorygroups_i18n_groupId_fk` FOREIGN KEY (`groupId`) REFERENCES `craft_categorygroups` (`id`) ON DELETE CASCADE,
  CONSTRAINT `craft_categorygroups_i18n_locale_fk` FOREIGN KEY (`locale`) REFERENCES `craft_locales` (`locale`) ON DELETE CASCADE ON UPDATE CASCADE
) ENGINE=InnoDB DEFAULT CHARSET=utf8 COLLATE=utf8_unicode_ci;
/*!40101 SET character_set_client = @saved_cs_client */;

--
-- Dumping data for table `craft_categorygroups_i18n`
--

LOCK TABLES `craft_categorygroups_i18n` WRITE;
/*!40000 ALTER TABLE `craft_categorygroups_i18n` DISABLE KEYS */;
/*!40000 ALTER TABLE `craft_categorygroups_i18n` ENABLE KEYS */;
UNLOCK TABLES;

--
-- Table structure for table `craft_content`
--

DROP TABLE IF EXISTS `craft_content`;
/*!40101 SET @saved_cs_client     = @@character_set_client */;
/*!40101 SET character_set_client = utf8 */;
CREATE TABLE `craft_content` (
  `id` int(11) NOT NULL AUTO_INCREMENT,
  `elementId` int(11) NOT NULL,
  `locale` char(12) COLLATE utf8_unicode_ci NOT NULL,
  `title` varchar(255) COLLATE utf8_unicode_ci DEFAULT NULL,
  `field_displayTitle` text COLLATE utf8_unicode_ci,
  `field_byline` text COLLATE utf8_unicode_ci,
  `field_attribution` text COLLATE utf8_unicode_ci,
  `field_attributionUrl` text COLLATE utf8_unicode_ci,
  `field_metaTitle` text COLLATE utf8_unicode_ci,
  `field_metaDescription` text COLLATE utf8_unicode_ci,
  `field_summary` text COLLATE utf8_unicode_ci,
  `field_linkUrl` text COLLATE utf8_unicode_ci,
  `field_siteDescription` text COLLATE utf8_unicode_ci,
  `field_siteType` varchar(255) COLLATE utf8_unicode_ci DEFAULT NULL,
  `field_twitterHandle` text COLLATE utf8_unicode_ci,
  `field_facebookHandle` text COLLATE utf8_unicode_ci,
  `field_googleHandle` text COLLATE utf8_unicode_ci,
  `field_pinterestHandle` text COLLATE utf8_unicode_ci,
  `field_youtubeHandle` text COLLATE utf8_unicode_ci,
  `field_successMessage` text COLLATE utf8_unicode_ci,
  `field_associatedForm` varchar(255) COLLATE utf8_unicode_ci DEFAULT NULL,
  `field_redirectPage` text COLLATE utf8_unicode_ci,
  `field_submitButtonText` text COLLATE utf8_unicode_ci,
  `field_fromEmail` varchar(255) COLLATE utf8_unicode_ci DEFAULT NULL,
  `field_fullName` text COLLATE utf8_unicode_ci,
  `field_formBody` text COLLATE utf8_unicode_ci,
  `field_siteHeaderScriptTags` text COLLATE utf8_unicode_ci,
  `field_siteFooterScriptTags` text COLLATE utf8_unicode_ci,
  `field_siteWebmasterTag` text COLLATE utf8_unicode_ci,
  `field_siteGoogleTagManagerId` text COLLATE utf8_unicode_ci,
  `field_video` varchar(255) COLLATE utf8_unicode_ci DEFAULT NULL,
  `field_focalPoint` varchar(255) COLLATE utf8_unicode_ci DEFAULT NULL,
  `field_failedMessage` text COLLATE utf8_unicode_ci,
  `field_group` varchar(255) COLLATE utf8_unicode_ci DEFAULT NULL,
  `dateCreated` datetime NOT NULL,
  `dateUpdated` datetime NOT NULL,
  `uid` char(36) COLLATE utf8_unicode_ci NOT NULL DEFAULT '0',
  PRIMARY KEY (`id`),
  UNIQUE KEY `craft_content_elementId_locale_unq_idx` (`elementId`,`locale`),
  KEY `craft_content_title_idx` (`title`),
  KEY `craft_content_locale_fk` (`locale`),
  CONSTRAINT `craft_content_elementId_fk` FOREIGN KEY (`elementId`) REFERENCES `craft_elements` (`id`) ON DELETE CASCADE,
  CONSTRAINT `craft_content_locale_fk` FOREIGN KEY (`locale`) REFERENCES `craft_locales` (`locale`) ON DELETE CASCADE ON UPDATE CASCADE
) ENGINE=InnoDB AUTO_INCREMENT=152 DEFAULT CHARSET=utf8 COLLATE=utf8_unicode_ci;
/*!40101 SET character_set_client = @saved_cs_client */;

--
-- Dumping data for table `craft_content`
--

LOCK TABLES `craft_content` WRITE;
/*!40000 ALTER TABLE `craft_content` DISABLE KEYS */;
INSERT INTO `craft_content` VALUES (1,1,'en_us',NULL,NULL,NULL,NULL,NULL,NULL,NULL,NULL,NULL,NULL,NULL,NULL,NULL,NULL,NULL,NULL,NULL,NULL,NULL,NULL,NULL,NULL,NULL,NULL,NULL,NULL,NULL,NULL,NULL,NULL,NULL,'2015-10-24 08:36:37','2017-02-11 17:40:27','13eea2e9-8962-4357-a7a5-3225da11c8a3'),(2,2,'en_us','Home Page',NULL,NULL,NULL,NULL,NULL,NULL,NULL,NULL,NULL,NULL,NULL,NULL,NULL,NULL,NULL,NULL,NULL,NULL,NULL,NULL,NULL,NULL,NULL,NULL,NULL,NULL,NULL,NULL,NULL,NULL,'2015-10-24 08:36:38','2017-02-13 00:04:40','95133e88-1514-4c95-8a0f-6d051a0dce02'),(3,3,'en_us','Let the waves lift your soul along South Africa\'s sun-soaked coast','Let the waves lift your soul along South Africa\'s sun-soaked coast','John Smith',NULL,NULL,'','','<p>With close to 2700km of coastline, South Africa is an ocean-side lover’s dream. From the golden beaches of KwaZulu-Natal to the marine life wonderlands of the Western Cape there’s no shortage of fun to be had on South Africa’s sun-soaked coasts.</p>',NULL,NULL,NULL,NULL,NULL,NULL,NULL,NULL,NULL,NULL,NULL,NULL,NULL,NULL,NULL,NULL,NULL,NULL,NULL,NULL,NULL,NULL,NULL,'2015-10-24 08:36:38','2017-02-04 17:11:35','49747035-d277-4d4c-a6b7-501ab9bac7c8'),(4,4,'en_us','Lorem image 3',NULL,NULL,NULL,NULL,NULL,NULL,NULL,NULL,NULL,NULL,NULL,NULL,NULL,NULL,NULL,NULL,NULL,NULL,NULL,NULL,NULL,NULL,NULL,NULL,NULL,NULL,NULL,NULL,NULL,NULL,'2015-10-24 09:10:59','2016-09-02 13:31:19','41e0e2cb-e8d9-42d8-884c-5419a8d2f8ef'),(6,6,'en_us','Lorem image 1',NULL,NULL,'Joe Smith','http://www.google.com',NULL,NULL,NULL,NULL,NULL,NULL,NULL,NULL,NULL,NULL,NULL,NULL,NULL,NULL,NULL,NULL,NULL,NULL,NULL,NULL,NULL,NULL,NULL,'96.85% 91.57%',NULL,NULL,'2015-10-24 09:11:07','2016-09-02 13:31:18','b22d0605-288d-40bc-99c8-f3f299497d47'),(7,20,'en_us','About Keep it Local','About Keep it Local',NULL,NULL,NULL,'','',NULL,NULL,NULL,NULL,NULL,NULL,NULL,NULL,NULL,NULL,NULL,NULL,NULL,NULL,NULL,NULL,NULL,NULL,NULL,NULL,NULL,NULL,NULL,NULL,'2015-10-24 10:47:23','2017-03-18 13:04:24','a0548660-83db-4ff4-84ac-ee1d3a97ec82'),(8,24,'en_us','About Us',NULL,NULL,NULL,NULL,NULL,NULL,NULL,'about-us',NULL,NULL,NULL,NULL,NULL,NULL,NULL,NULL,NULL,NULL,NULL,NULL,NULL,NULL,NULL,NULL,NULL,NULL,NULL,NULL,NULL,NULL,'2015-10-24 11:48:02','2017-02-11 14:29:12','3a498f34-8fff-4ca8-ae57-2d06ae9e0056'),(9,25,'en_us','Become a Local',NULL,NULL,NULL,NULL,NULL,NULL,NULL,'/become-a-local',NULL,NULL,NULL,NULL,NULL,NULL,NULL,NULL,NULL,NULL,NULL,NULL,NULL,NULL,NULL,NULL,NULL,NULL,NULL,NULL,NULL,NULL,'2015-10-24 11:48:14','2017-03-26 19:56:25','a663dde9-71a3-47f3-83ea-b759d5541adf'),(10,26,'en_us','How It Works',NULL,NULL,NULL,NULL,NULL,NULL,NULL,'',NULL,NULL,NULL,NULL,NULL,NULL,NULL,NULL,NULL,NULL,NULL,NULL,NULL,NULL,NULL,NULL,NULL,NULL,NULL,NULL,NULL,NULL,'2015-10-24 12:01:35','2017-02-09 14:11:12','d08be34b-4eab-4577-afb0-a7a0eb215209'),(11,27,'en_us',NULL,NULL,NULL,NULL,NULL,NULL,NULL,NULL,NULL,'','Organization',NULL,NULL,NULL,NULL,NULL,NULL,NULL,NULL,NULL,NULL,NULL,NULL,'<!-- Header tags -->','<!-- Footer tags -->','','',NULL,NULL,NULL,NULL,'2015-10-25 08:20:15','2017-03-28 22:09:44','c0b48595-aab4-4377-8fe2-8583b625d590'),(12,28,'en_us','500x500',NULL,NULL,NULL,NULL,NULL,NULL,NULL,NULL,NULL,NULL,NULL,NULL,NULL,NULL,NULL,NULL,NULL,NULL,NULL,NULL,NULL,NULL,NULL,NULL,NULL,NULL,NULL,NULL,NULL,NULL,'2015-10-25 09:00:10','2016-09-02 13:31:18','be29640e-7d93-41b0-b585-74f1f7d561a5'),(13,32,'en_us','From the roots of all humanity to a human story that inspired the world.','From the roots of all humanity to a human story that inspired the world.','John Smith',NULL,NULL,'','','<p>It was here that the world’s human story first began, a staggering four million years ago. Today a World Heritage Site, South Africa’s Cradle of Humankind stands as humbling evidence of the earliest origin of modern humans, who lived and evolved here at the tip of the continent before spreading to the rest of the world.&nbsp;</p>',NULL,NULL,NULL,NULL,NULL,NULL,NULL,NULL,NULL,NULL,NULL,NULL,NULL,NULL,NULL,NULL,NULL,NULL,NULL,NULL,NULL,NULL,NULL,'2015-10-25 10:08:24','2017-02-04 17:12:23','1cc03e05-6dd4-4192-aa0c-23f6dfd53a7f'),(16,47,'en_us','Home Page Slideshow',NULL,NULL,NULL,NULL,NULL,NULL,NULL,NULL,NULL,NULL,NULL,NULL,NULL,NULL,NULL,NULL,NULL,NULL,NULL,NULL,NULL,NULL,NULL,NULL,NULL,NULL,NULL,NULL,NULL,NULL,'2015-10-25 14:10:04','2017-02-07 16:24:38','44395df7-1dc6-4bb7-ae65-d3dbfc96234a'),(17,52,'en_us',NULL,NULL,NULL,NULL,NULL,NULL,NULL,NULL,NULL,NULL,NULL,'','','','','',NULL,NULL,NULL,NULL,NULL,NULL,NULL,NULL,NULL,NULL,NULL,NULL,NULL,NULL,NULL,'2015-11-08 08:45:30','2017-02-02 16:44:35','1ac6115b-b015-47de-80c9-7aaeb69bdd65'),(18,53,'en_us','Home Page Banners','First gallery entry',NULL,NULL,NULL,NULL,NULL,NULL,NULL,NULL,NULL,NULL,NULL,NULL,NULL,NULL,NULL,NULL,NULL,NULL,NULL,NULL,NULL,NULL,NULL,NULL,NULL,NULL,NULL,NULL,NULL,'2015-11-08 10:10:03','2017-02-02 18:19:07','ef1590f2-34c3-4523-a6e9-cdb253bdd06c'),(20,58,'en_us','Contact Form','Contact us',NULL,NULL,NULL,NULL,NULL,NULL,NULL,NULL,NULL,NULL,NULL,NULL,NULL,NULL,'Thank you! We  will contact you soon','enquiry','pages/contact-us','Send',NULL,NULL,NULL,NULL,NULL,NULL,NULL,NULL,NULL,'Your enquiry could not be sent',NULL,'2015-11-14 09:59:50','2016-09-03 14:55:02','164705f1-6b0e-4d2c-b557-cdc9e9476c6f'),(22,60,'en_us','Contact',NULL,NULL,NULL,NULL,NULL,NULL,NULL,'/local/contact-us/create',NULL,NULL,NULL,NULL,NULL,NULL,NULL,NULL,NULL,NULL,NULL,NULL,NULL,NULL,NULL,NULL,NULL,NULL,NULL,NULL,NULL,NULL,'2015-11-14 10:49:28','2017-04-02 12:04:09','cce177d4-4552-4745-acb4-018010f7a79d'),(25,64,'en_us','lorem-2',NULL,NULL,NULL,NULL,NULL,NULL,NULL,NULL,NULL,NULL,NULL,NULL,NULL,NULL,NULL,NULL,NULL,NULL,NULL,NULL,NULL,NULL,NULL,NULL,NULL,NULL,NULL,NULL,NULL,NULL,'2015-11-14 18:25:19','2016-09-02 13:31:19','4968e039-f065-4298-b7f1-5449b000da5d'),(26,65,'en_us',NULL,NULL,NULL,NULL,NULL,NULL,NULL,NULL,NULL,NULL,NULL,NULL,NULL,NULL,NULL,NULL,NULL,NULL,NULL,NULL,NULL,NULL,NULL,NULL,NULL,NULL,NULL,NULL,NULL,NULL,NULL,'2015-11-14 19:52:28','2015-11-14 19:53:43','f32627fb-373f-4266-ae7d-e8a9bc2df71c'),(30,70,'en_us','Contact Us','Contact Us',NULL,NULL,NULL,'','',NULL,NULL,NULL,NULL,NULL,NULL,NULL,NULL,NULL,NULL,NULL,NULL,NULL,NULL,NULL,NULL,NULL,NULL,NULL,NULL,NULL,NULL,NULL,NULL,'2015-11-29 10:35:19','2015-11-29 12:02:27','612b33aa-c455-42fe-b84d-15dec1ec9534'),(35,77,'en_us','Enquiry: Stephen stephen@keepitlocalsa.com Sun, 29 Nov 2015 11:27:26',NULL,NULL,NULL,NULL,NULL,NULL,NULL,NULL,NULL,NULL,NULL,NULL,NULL,NULL,NULL,NULL,NULL,NULL,NULL,'stephen@keepitlocalsa.com','Stephen','test\r\n',NULL,NULL,NULL,NULL,NULL,NULL,NULL,NULL,'2015-11-29 11:27:26','2015-11-29 11:27:26','fb89a6fc-fb52-4294-ab46-5b523798e180'),(36,78,'en_us','default-logo',NULL,NULL,NULL,NULL,NULL,NULL,NULL,NULL,NULL,NULL,NULL,NULL,NULL,NULL,NULL,NULL,NULL,NULL,NULL,NULL,NULL,NULL,NULL,NULL,NULL,NULL,NULL,NULL,NULL,NULL,'2015-11-29 11:51:16','2016-09-02 13:31:18','7b2cbbef-2a6f-48d4-a8e8-ed3fa63d22c5'),(37,79,'en_us','Enquiry: Test test@example.com Sun, 29 Nov 2015 12:03:08',NULL,NULL,NULL,NULL,NULL,NULL,NULL,NULL,NULL,NULL,NULL,NULL,NULL,NULL,NULL,NULL,NULL,NULL,NULL,'test@example.com','Test','Test',NULL,NULL,NULL,NULL,NULL,NULL,NULL,NULL,'2015-11-29 12:03:08','2015-11-29 12:03:08','aea3cbbd-93f1-4d94-99a8-41a9f3c2a5d5'),(38,80,'en_us','Enquiry: Test test@test.com Sun, 29 Nov 2015 12:06:32',NULL,NULL,NULL,NULL,NULL,NULL,NULL,NULL,NULL,NULL,NULL,NULL,NULL,NULL,NULL,NULL,NULL,NULL,NULL,'test@test.com','Test','qweqwe\r\n',NULL,NULL,NULL,NULL,NULL,NULL,NULL,NULL,'2015-11-29 12:06:32','2015-11-29 12:06:32','fe1f0d6a-c86b-42ab-841f-6d662e3ec64f'),(39,81,'en_us','Enquiry: Test test@example.com Sun, 29 Nov 2015 12:07:52',NULL,NULL,NULL,NULL,NULL,NULL,NULL,NULL,NULL,NULL,NULL,NULL,NULL,NULL,NULL,NULL,NULL,NULL,NULL,'test@example.com','Test','test',NULL,NULL,NULL,NULL,NULL,NULL,NULL,NULL,'2015-11-29 12:07:52','2015-11-29 12:07:52','7ba03d41-a3e0-49f1-b9ba-586d6c7e2cb7'),(40,82,'en_us','Enquiry: Stephen stephen@keepitlocalsa.com Sun, 29 Nov 2015 12:11:10',NULL,NULL,NULL,NULL,NULL,NULL,NULL,NULL,NULL,NULL,NULL,NULL,NULL,NULL,NULL,NULL,NULL,NULL,NULL,'stephen@keepitlocalsa.com','Stephen','test\r\n',NULL,NULL,NULL,NULL,NULL,NULL,NULL,NULL,'2015-11-29 12:11:10','2015-11-29 12:11:10','40c01e69-30d9-494e-bad7-88a1e005aa72'),(41,84,'en_us','Enquiry: Stephen stephen@keepitlocalsa.com Mon, 30 Nov 2015 09:38:04',NULL,NULL,NULL,NULL,NULL,NULL,NULL,NULL,NULL,NULL,NULL,NULL,NULL,NULL,NULL,NULL,NULL,NULL,NULL,'stephen@keepitlocalsa.com','Stephen','asdf',NULL,NULL,NULL,NULL,NULL,NULL,NULL,NULL,'2015-11-30 09:38:04','2015-11-30 09:38:04','a1253101-8c40-4f83-8cd3-34d042e188c5'),(46,92,'en_us','Finding a local','Finding a local',NULL,NULL,NULL,'','',NULL,NULL,NULL,NULL,NULL,NULL,NULL,NULL,NULL,NULL,NULL,NULL,NULL,NULL,NULL,NULL,NULL,NULL,NULL,NULL,NULL,NULL,NULL,NULL,'2016-02-08 15:42:43','2017-03-18 13:08:08','c4255603-0cea-41d1-a699-6e545ee9c6e5'),(47,95,'en_us','Find a Host',NULL,NULL,NULL,NULL,NULL,NULL,NULL,'/local/search',NULL,NULL,NULL,NULL,NULL,NULL,NULL,NULL,NULL,NULL,NULL,NULL,NULL,NULL,NULL,NULL,NULL,NULL,NULL,NULL,NULL,NULL,'2016-02-08 19:51:05','2017-03-26 19:36:29','7165af1f-90dc-44cc-a114-a42b47389563'),(48,96,'en_us','Brilliant Backpacking along the Garden Route','Brilliant Backpacking along the Garden Route','Someone',NULL,NULL,'','','<p>South Africa is the ultimate destination for wanderlusters looking to backpack their way through the adventure of a lifetime. The country is renowned for scenic beauty, friendly people and sun-soaked coastlines. What better place to set off on a backpacking adventure than the spectacular Garden Route in the Western Cape.</p>',NULL,NULL,NULL,NULL,NULL,NULL,NULL,NULL,NULL,NULL,NULL,NULL,NULL,NULL,NULL,NULL,NULL,NULL,NULL,NULL,NULL,NULL,NULL,'2016-05-05 13:27:17','2017-02-11 18:29:34','bec00920-b446-40e5-b344-4556c9630a29'),(49,98,'en_us','Video panel on home page',NULL,NULL,NULL,NULL,NULL,NULL,NULL,NULL,NULL,NULL,NULL,NULL,NULL,NULL,NULL,NULL,NULL,NULL,NULL,NULL,NULL,NULL,NULL,NULL,NULL,NULL,'https://www.youtube.com/watch?v=C0DPdy98e4c',NULL,NULL,NULL,'2016-05-05 14:49:31','2016-09-02 13:45:54','73f2090f-10d8-4f25-ae08-09a6a98520b1'),(50,100,'en_us','Screen  Shot 2016 01 22 At 1 31 05  Pm',NULL,NULL,NULL,NULL,NULL,NULL,NULL,NULL,NULL,NULL,NULL,NULL,NULL,NULL,NULL,NULL,NULL,NULL,NULL,NULL,NULL,NULL,NULL,NULL,NULL,NULL,NULL,NULL,NULL,NULL,'2016-09-02 13:31:18','2016-09-02 13:31:18','d11683bb-9eb4-490b-a1d9-f84370d8377f'),(51,101,'en_us','Lorem 4 Portrait',NULL,NULL,NULL,NULL,NULL,NULL,NULL,NULL,NULL,NULL,NULL,NULL,NULL,NULL,NULL,NULL,NULL,NULL,NULL,NULL,NULL,NULL,NULL,NULL,NULL,NULL,NULL,NULL,NULL,NULL,'2016-09-02 13:31:19','2016-09-02 13:31:19','4829ba7a-29d4-4c6d-bd3c-b497dd8e63b8'),(52,102,'en_us','Enquiry: stephen stephen@keepitlocalsa.com Sat, 03 Sep 2016 14:30:21',NULL,NULL,NULL,NULL,NULL,NULL,NULL,NULL,NULL,NULL,NULL,NULL,NULL,NULL,NULL,NULL,NULL,NULL,NULL,'stephen@keepitlocalsa.com','stephen','qwe',NULL,NULL,NULL,NULL,NULL,NULL,NULL,NULL,'2016-09-03 14:30:22','2016-09-03 14:30:22','7af9f657-4572-423a-9d8e-0d04ab027636'),(53,103,'en_us','Enquiry: Stephen stephen@keepitlocalsa.com Sat, 03 Sep 2016 14:55:33',NULL,NULL,NULL,NULL,NULL,NULL,NULL,NULL,NULL,NULL,NULL,NULL,NULL,NULL,NULL,NULL,NULL,NULL,NULL,'stephen@keepitlocalsa.com','Stephen','asdf',NULL,NULL,NULL,NULL,NULL,NULL,NULL,NULL,'2016-09-03 14:55:34','2016-09-03 14:55:34','c6a62805-2b77-487d-9755-00bdd10b4ea6'),(54,104,'en_us','Enquiry: dfh tina@keepitlocalsa.com Mon, 07 Nov 2016 06:46:48',NULL,NULL,NULL,NULL,NULL,NULL,NULL,NULL,NULL,NULL,NULL,NULL,NULL,NULL,NULL,NULL,NULL,NULL,NULL,'tina@keepitlocalsa.com','dfh','hghfas',NULL,NULL,NULL,NULL,NULL,NULL,NULL,NULL,'2016-11-07 06:46:49','2016-11-07 06:46:49','c6f6b34b-3aec-4303-924b-f50b07015beb'),(55,105,'en_us','Logo',NULL,NULL,NULL,NULL,NULL,NULL,NULL,NULL,NULL,NULL,NULL,NULL,NULL,NULL,NULL,NULL,NULL,NULL,NULL,NULL,NULL,NULL,NULL,NULL,NULL,NULL,NULL,NULL,NULL,NULL,'2017-02-02 16:43:53','2017-02-02 16:43:53','0ee7db91-a1ef-42ee-829d-35ee96fdbcab'),(56,106,'en_us','Cape Town 1562907 1920',NULL,NULL,NULL,NULL,NULL,NULL,NULL,NULL,NULL,NULL,NULL,NULL,NULL,NULL,NULL,NULL,NULL,NULL,NULL,NULL,NULL,NULL,NULL,NULL,NULL,NULL,NULL,NULL,NULL,NULL,'2017-02-02 18:17:26','2017-02-02 18:17:26','f666beb1-4539-4111-8604-8c9cbb717105'),(57,107,'en_us','South Africa 207799 1920',NULL,NULL,NULL,NULL,NULL,NULL,NULL,NULL,NULL,NULL,NULL,NULL,NULL,NULL,NULL,NULL,NULL,NULL,NULL,NULL,NULL,NULL,NULL,NULL,NULL,NULL,NULL,NULL,NULL,NULL,'2017-02-02 18:17:58','2017-02-02 18:17:58','6d1056e9-1191-4957-8aaf-56d438b43792'),(58,108,'en_us','Beautiful 1214780 1920',NULL,NULL,NULL,NULL,NULL,NULL,NULL,NULL,NULL,NULL,NULL,NULL,NULL,NULL,NULL,NULL,NULL,NULL,NULL,NULL,NULL,NULL,NULL,NULL,NULL,NULL,NULL,NULL,NULL,NULL,'2017-02-02 18:18:35','2017-02-02 18:18:35','36d96845-f63c-48da-b1e9-827193bbfaea'),(59,113,'en_us','Booking advice','Booking advice',NULL,NULL,NULL,'','',NULL,NULL,NULL,NULL,NULL,NULL,NULL,NULL,NULL,NULL,NULL,NULL,NULL,NULL,NULL,NULL,NULL,NULL,NULL,NULL,NULL,NULL,NULL,NULL,'2017-02-04 16:14:44','2017-03-18 13:10:53','5b974226-56ad-4821-be32-df43f90ae0dd'),(60,115,'en_us','FAQ','Frequently asked questions',NULL,NULL,NULL,'','',NULL,NULL,NULL,NULL,NULL,NULL,NULL,NULL,NULL,NULL,NULL,NULL,NULL,NULL,NULL,NULL,NULL,NULL,NULL,NULL,NULL,NULL,NULL,NULL,'2017-02-04 16:17:41','2017-03-25 13:45:01','320f065c-2a3f-416e-aca5-4315037a9c1b'),(61,119,'en_us','Privacy Policy','Privacy Policy',NULL,NULL,NULL,'','',NULL,NULL,NULL,NULL,NULL,NULL,NULL,NULL,NULL,NULL,NULL,NULL,NULL,NULL,NULL,NULL,NULL,NULL,NULL,NULL,NULL,NULL,NULL,NULL,'2017-02-04 16:18:52','2017-02-04 16:19:49','97f346d2-faac-4bef-9411-603b45f24e85'),(62,121,'en_us','Image Place Holder',NULL,NULL,NULL,NULL,NULL,NULL,NULL,NULL,NULL,NULL,NULL,NULL,NULL,NULL,NULL,NULL,NULL,NULL,NULL,NULL,NULL,NULL,NULL,NULL,NULL,NULL,NULL,NULL,NULL,NULL,'2017-02-04 16:45:40','2017-02-04 16:45:40','50301fb7-2515-4fa7-96e6-f73d76ff4629'),(63,122,'en_us','Gray Right Arrow',NULL,NULL,NULL,NULL,NULL,NULL,NULL,NULL,NULL,NULL,NULL,NULL,NULL,NULL,NULL,NULL,NULL,NULL,NULL,NULL,NULL,NULL,NULL,NULL,NULL,NULL,NULL,NULL,NULL,NULL,'2017-02-04 16:45:52','2017-02-04 16:45:52','71c26a01-6df1-4602-9f72-f187e0bbe950'),(64,123,'en_us','Bill',NULL,NULL,NULL,NULL,NULL,NULL,NULL,'https://www.withlocals.com/experience/the-real-bangkok-bike-tour-3a91c6f1',NULL,NULL,NULL,NULL,NULL,NULL,NULL,NULL,NULL,NULL,NULL,NULL,NULL,NULL,NULL,NULL,NULL,NULL,NULL,NULL,NULL,NULL,'2017-02-04 16:49:58','2017-02-04 16:49:58','43956507-299d-45a9-9b2c-df86b2767a11'),(65,125,'en_us','Kinky',NULL,NULL,NULL,NULL,NULL,NULL,NULL,'https://www.withlocals.com/experience/local-food-tour-by-night-a51660a0',NULL,NULL,NULL,NULL,NULL,NULL,NULL,NULL,NULL,NULL,NULL,NULL,NULL,NULL,NULL,NULL,NULL,NULL,NULL,NULL,NULL,NULL,'2017-02-04 16:51:28','2017-02-04 16:51:28','898c91c6-9784-4cbf-8cc9-24071e01c3fd'),(66,127,'en_us','Olivia',NULL,NULL,NULL,NULL,NULL,NULL,NULL,'https://www.withlocals.com/experience/2h-walking-tour-see-the-best-of-madrid-95877c58',NULL,NULL,NULL,NULL,NULL,NULL,NULL,NULL,NULL,NULL,NULL,NULL,NULL,NULL,NULL,NULL,NULL,NULL,NULL,NULL,NULL,NULL,'2017-02-04 16:53:04','2017-02-04 16:53:04','2faaaea9-6020-48d0-aa18-6bbcb99fa389'),(67,130,'en_us','19891560543 00424Eb5D6 K 620 400 80Auto S C1 Center Top',NULL,NULL,NULL,NULL,NULL,NULL,NULL,NULL,NULL,NULL,NULL,NULL,NULL,NULL,NULL,NULL,NULL,NULL,NULL,NULL,NULL,NULL,NULL,NULL,NULL,NULL,NULL,NULL,NULL,NULL,'2017-02-04 17:02:04','2017-02-11 18:28:31','6f3e9511-b5a4-4865-a21d-b888f07588a3'),(68,131,'en_us','Sat Lim Rain Dance 2 Ret Lr Rgb 620 400 80Auto S C1 Center Top',NULL,NULL,NULL,NULL,NULL,NULL,NULL,NULL,NULL,NULL,NULL,NULL,NULL,NULL,NULL,NULL,NULL,NULL,NULL,NULL,NULL,NULL,NULL,NULL,NULL,NULL,NULL,NULL,NULL,NULL,'2017-02-04 17:03:42','2017-02-04 17:03:42','e987f7f7-64c7-4766-8227-247adb35b156'),(69,132,'en_us','Sat Ct Penguins Ret Lr Rgb 640 317 80Auto S',NULL,NULL,NULL,NULL,NULL,NULL,NULL,NULL,NULL,NULL,NULL,NULL,NULL,NULL,NULL,NULL,NULL,NULL,NULL,NULL,NULL,NULL,NULL,NULL,NULL,NULL,NULL,NULL,NULL,NULL,'2017-02-04 17:08:24','2017-02-04 17:08:24','d4b5b476-fe64-437b-826e-84a0b1f229cb'),(70,133,'en_us','Sat Kzn Sardine Run 1 Ret Lr Rgb 620 400 80Auto S C1 Center Top',NULL,NULL,NULL,NULL,NULL,NULL,NULL,NULL,NULL,NULL,NULL,NULL,NULL,NULL,NULL,NULL,NULL,NULL,NULL,NULL,NULL,NULL,NULL,NULL,NULL,NULL,NULL,NULL,NULL,NULL,'2017-02-04 17:12:18','2017-02-04 17:12:18','15c2441b-e6b2-474e-95a6-a9ef50116bbf'),(71,134,'en_us','Keep It Local Website Assets Asset 2@3X',NULL,NULL,NULL,NULL,NULL,NULL,NULL,NULL,NULL,NULL,NULL,NULL,NULL,NULL,NULL,NULL,NULL,NULL,NULL,NULL,NULL,NULL,NULL,NULL,NULL,NULL,NULL,NULL,NULL,NULL,'2017-02-07 16:21:11','2017-02-07 16:21:11','2736af23-2668-483a-90da-411b93a40434'),(72,135,'en_us','Keep It Local Website Assets Asset 1',NULL,NULL,NULL,NULL,NULL,NULL,NULL,NULL,NULL,NULL,NULL,NULL,NULL,NULL,NULL,NULL,NULL,NULL,NULL,NULL,NULL,NULL,NULL,NULL,NULL,NULL,NULL,NULL,NULL,NULL,'2017-02-07 16:22:43','2017-02-07 16:22:43','8f99a6e7-a8f9-4c51-bfd4-84f01bb19966'),(73,136,'en_us','Incredible experience!','','Ford Harrison',NULL,NULL,NULL,NULL,'<p>I\'ve a marvellous time in Cape Town. My local took me to so many beautiful places that I wouldn\'t have dared to alone.</p>',NULL,NULL,NULL,NULL,NULL,NULL,NULL,NULL,NULL,NULL,NULL,NULL,NULL,NULL,NULL,NULL,NULL,NULL,NULL,NULL,NULL,NULL,NULL,'2017-02-07 18:26:06','2017-02-07 18:26:06','b2aa0ba2-40e1-4345-90a1-4f7beb033988'),(74,137,'en_us','Avatar075',NULL,NULL,NULL,NULL,NULL,NULL,NULL,NULL,NULL,NULL,NULL,NULL,NULL,NULL,NULL,NULL,NULL,NULL,NULL,NULL,NULL,NULL,NULL,NULL,NULL,NULL,NULL,NULL,NULL,NULL,'2017-02-07 18:43:52','2017-02-07 18:43:52','32ae3328-81b2-459a-9bed-fa236f3e96f7'),(75,138,'en_us','Charming','','RobertMPerth',NULL,NULL,NULL,NULL,'<p>We\'ve just returned from a fantastic stay at the Milestone. If you\'re looking for a large, contemporary hotel, this is not for you. But if you\'re looking for somewhere which is full of history and character, where you will be looked after wonderfully, then look no further. The staff could not have been nicer - special mention to the lady.</p>',NULL,NULL,NULL,NULL,NULL,NULL,NULL,NULL,NULL,NULL,NULL,NULL,NULL,NULL,NULL,NULL,NULL,NULL,NULL,NULL,NULL,NULL,NULL,'2017-02-07 18:44:19','2017-02-07 18:44:19','9c09f097-2f24-4904-8135-013f9701a2f2'),(76,139,'en_us','2nd Great Stay','','Bill Gates',NULL,NULL,NULL,NULL,'<p>This hotel is just divine. Everything we could have hoped for. The most comfortable bed, amazing food and first class service-nothing was too much trouble. We had candles, rose petals and champagne in our room and tea snuggled by the fire after dinner-it was perfect. We can\'t wait to come back.</p>',NULL,NULL,NULL,NULL,NULL,NULL,NULL,NULL,NULL,NULL,NULL,NULL,NULL,NULL,NULL,NULL,NULL,NULL,NULL,NULL,NULL,NULL,NULL,'2017-02-07 18:49:58','2017-02-07 18:49:58','74530e50-0419-4ef8-bb3b-796152f143f5'),(77,140,'en_us','Enjoy Image 1 Aqwhgp',NULL,NULL,NULL,NULL,NULL,NULL,NULL,NULL,NULL,NULL,NULL,NULL,NULL,NULL,NULL,NULL,NULL,NULL,NULL,NULL,NULL,NULL,NULL,NULL,NULL,NULL,NULL,NULL,NULL,NULL,'2017-02-08 11:20:33','2017-02-08 11:20:33','b9c835e9-a153-4b1f-b7c1-c716c17fc035'),(78,141,'en_us','Book Image 1A Ik Oy B',NULL,NULL,NULL,NULL,NULL,NULL,NULL,NULL,NULL,NULL,NULL,NULL,NULL,NULL,NULL,NULL,NULL,NULL,NULL,NULL,NULL,NULL,NULL,NULL,NULL,NULL,NULL,NULL,NULL,NULL,'2017-02-08 11:20:36','2017-02-08 11:20:36','d76de84b-9c96-411e-8908-3e66d1b2ecb4'),(79,142,'en_us','Find Image 14A Zvcu',NULL,NULL,NULL,NULL,NULL,NULL,NULL,NULL,NULL,NULL,NULL,NULL,NULL,NULL,NULL,NULL,NULL,NULL,NULL,NULL,NULL,NULL,NULL,NULL,NULL,NULL,NULL,NULL,NULL,NULL,'2017-02-08 11:20:36','2017-02-08 11:20:36','57676541-848c-4d42-bcb4-ffe4bf777584'),(80,143,'en_us','Step 1','',NULL,NULL,NULL,NULL,NULL,'<p>Our hosts share with you the best their city has to offer. From highlights to hidden gems, from street food to home dinners, find them here.</p>',NULL,NULL,NULL,NULL,NULL,NULL,NULL,NULL,NULL,NULL,NULL,NULL,NULL,NULL,NULL,NULL,NULL,NULL,NULL,NULL,NULL,NULL,NULL,'2017-02-08 11:21:04','2017-02-08 11:21:04','b9311fc7-a74e-47dc-ac1a-a64c203a9468'),(81,144,'en_us','Step 2','',NULL,NULL,NULL,NULL,NULL,'<p>You found the host you want? Book directly or contact the host to get a 100% personalised offer. Just as you wish.</p>',NULL,NULL,NULL,NULL,NULL,NULL,NULL,NULL,NULL,NULL,NULL,NULL,NULL,NULL,NULL,NULL,NULL,NULL,NULL,NULL,NULL,NULL,NULL,'2017-02-08 11:21:49','2017-02-08 11:21:49','03414942-0da7-4452-8b47-9524d7c962d6'),(82,145,'en_us','Step 3','',NULL,NULL,NULL,NULL,NULL,'<p>You\'re there! Your host welcomes you. Enjoy this memorable experience together :)</p>',NULL,NULL,NULL,NULL,NULL,NULL,NULL,NULL,NULL,NULL,NULL,NULL,NULL,NULL,NULL,NULL,NULL,NULL,NULL,NULL,NULL,NULL,NULL,'2017-02-08 11:22:30','2017-02-08 11:22:30','1a24bca5-48da-482c-bb54-a773a1304621'),(83,146,'en_us','Experiences',NULL,NULL,NULL,NULL,NULL,NULL,NULL,NULL,NULL,NULL,NULL,NULL,NULL,NULL,NULL,NULL,NULL,NULL,NULL,NULL,NULL,NULL,NULL,NULL,NULL,NULL,NULL,NULL,NULL,NULL,'2017-02-08 15:07:48','2017-02-08 15:10:36','95a243c2-c7ef-4a11-a9da-c848d9970e2d'),(84,152,'en_us','PLAY with locals',NULL,NULL,NULL,NULL,NULL,NULL,'<p>From\r\nwine farms to kite surfing – we’ll show you how-to Cape Town</p>',NULL,NULL,NULL,NULL,NULL,NULL,NULL,NULL,NULL,NULL,NULL,NULL,NULL,NULL,NULL,NULL,NULL,NULL,NULL,NULL,NULL,NULL,NULL,'2017-02-09 11:15:21','2017-03-18 12:49:38','e6791a13-e08e-4701-a277-4aa8fc710157'),(85,153,'en_us','TOUR with locals',NULL,NULL,NULL,NULL,NULL,NULL,'<p>Get\r\nacquainted with Cape Town through the eyes of a local</p>',NULL,NULL,NULL,NULL,NULL,NULL,NULL,NULL,NULL,NULL,NULL,NULL,NULL,NULL,NULL,NULL,NULL,NULL,NULL,NULL,NULL,NULL,NULL,'2017-02-09 11:16:19','2017-03-18 12:48:49','94827db7-08b3-44c5-ac69-2e94054e2542'),(86,154,'en_us','EAT with locals',NULL,NULL,NULL,NULL,NULL,NULL,'<p>Experience\r\nCape town cuisine in the home of a local.</p>',NULL,NULL,NULL,NULL,NULL,NULL,NULL,NULL,NULL,NULL,NULL,NULL,NULL,NULL,NULL,NULL,NULL,NULL,NULL,NULL,NULL,NULL,NULL,'2017-02-09 11:17:16','2017-03-18 12:51:18','606ec6b4-e96a-42ff-95fa-8f87a5f1602c'),(87,155,'en_us','How it works','How it works',NULL,NULL,NULL,'','',NULL,NULL,NULL,NULL,NULL,NULL,NULL,NULL,NULL,NULL,NULL,NULL,NULL,NULL,NULL,NULL,NULL,NULL,NULL,NULL,NULL,NULL,NULL,NULL,'2017-02-09 11:40:34','2017-02-12 23:11:01','f3e72af9-d404-4ac7-b52d-24a0a5053286'),(88,157,'en_us','About Keep it Local',NULL,NULL,NULL,NULL,NULL,NULL,NULL,'/pages/about-keep-it-local',NULL,NULL,NULL,NULL,NULL,NULL,NULL,NULL,NULL,NULL,NULL,NULL,NULL,NULL,NULL,NULL,NULL,NULL,NULL,NULL,NULL,'letsStart','2017-02-09 12:01:26','2017-02-11 14:34:09','95f39022-7e05-41fe-b3a1-84ed13f4d52e'),(89,158,'en_us','How it works',NULL,NULL,NULL,NULL,NULL,NULL,NULL,'/pages/how-it-works',NULL,NULL,NULL,NULL,NULL,NULL,NULL,NULL,NULL,NULL,NULL,NULL,NULL,NULL,NULL,NULL,NULL,NULL,NULL,NULL,NULL,'letsStart','2017-02-09 12:02:06','2017-02-09 12:02:06','c088a3ce-0d3d-4968-8acf-bc9e2ecf3e7e'),(90,159,'en_us','Becoming a local',NULL,NULL,NULL,NULL,NULL,NULL,NULL,'/pages/becoming-a-local',NULL,NULL,NULL,NULL,NULL,NULL,NULL,NULL,NULL,NULL,NULL,NULL,NULL,NULL,NULL,NULL,NULL,NULL,NULL,NULL,NULL,'letsStart','2017-02-09 12:02:41','2017-02-11 14:50:31','6a009edd-31ac-4bba-9b3f-e895272470c8'),(91,160,'en_us','Finding a local',NULL,NULL,NULL,NULL,NULL,NULL,NULL,'/pages/finding-a-local',NULL,NULL,NULL,NULL,NULL,NULL,NULL,NULL,NULL,NULL,NULL,NULL,NULL,NULL,NULL,NULL,NULL,NULL,NULL,NULL,NULL,'letsStart','2017-02-09 12:03:24','2017-02-09 12:03:24','2aec69a4-ef89-4d16-ae0f-2524730562a8'),(92,161,'en_us','Booking advice',NULL,NULL,NULL,NULL,NULL,NULL,NULL,'/pages/booking-advice',NULL,NULL,NULL,NULL,NULL,NULL,NULL,NULL,NULL,NULL,NULL,NULL,NULL,NULL,NULL,NULL,NULL,NULL,NULL,NULL,NULL,'letsStart','2017-02-09 12:03:55','2017-02-09 12:03:55','a5275557-1e27-4b2b-ab3e-94fa76994bb7'),(93,162,'en_us','Blog',NULL,NULL,NULL,NULL,NULL,NULL,NULL,'/blog',NULL,NULL,NULL,NULL,NULL,NULL,NULL,NULL,NULL,NULL,NULL,NULL,NULL,NULL,NULL,NULL,NULL,NULL,NULL,NULL,NULL,'letsStart','2017-02-09 12:04:26','2017-02-09 12:04:26','f87e0244-7691-43b4-ab20-0820728b5723'),(94,163,'en_us','Gallery',NULL,NULL,NULL,NULL,NULL,NULL,NULL,'/gallery',NULL,NULL,NULL,NULL,NULL,NULL,NULL,NULL,NULL,NULL,NULL,NULL,NULL,NULL,NULL,NULL,NULL,NULL,NULL,NULL,NULL,'letsStart','2017-02-09 12:05:02','2017-02-09 12:05:02','df2d046c-af2b-4ed1-839a-69a3f9fea54f'),(95,164,'en_us','FAQ',NULL,NULL,NULL,NULL,NULL,NULL,NULL,'/pages/faq',NULL,NULL,NULL,NULL,NULL,NULL,NULL,NULL,NULL,NULL,NULL,NULL,NULL,NULL,NULL,NULL,NULL,NULL,NULL,NULL,NULL,'letsStart','2017-02-09 12:06:08','2017-02-09 12:06:08','b476b124-444a-443b-8971-fdd3076c76b4'),(96,165,'en_us','Privacy policy',NULL,NULL,NULL,NULL,NULL,NULL,NULL,'/pages/privacy-policy',NULL,NULL,NULL,NULL,NULL,NULL,NULL,NULL,NULL,NULL,NULL,NULL,NULL,NULL,NULL,NULL,NULL,NULL,NULL,NULL,NULL,'letsStart','2017-02-09 12:08:17','2017-02-09 12:08:17','e1f932d7-a8aa-4347-8ac4-977545459cc6'),(97,166,'en_us','Meet the team','Meet the team',NULL,NULL,NULL,'','',NULL,NULL,NULL,NULL,NULL,NULL,NULL,NULL,NULL,NULL,NULL,NULL,NULL,NULL,NULL,NULL,NULL,NULL,NULL,NULL,NULL,NULL,NULL,NULL,'2017-02-09 12:10:34','2017-03-28 22:02:44','e2566201-24ec-4e8b-9dc8-91a8d2854731'),(98,168,'en_us','Terms & conditions','Terms & conditions',NULL,NULL,NULL,'','',NULL,NULL,NULL,NULL,NULL,NULL,NULL,NULL,NULL,NULL,NULL,NULL,NULL,NULL,NULL,NULL,NULL,NULL,NULL,NULL,NULL,NULL,NULL,NULL,'2017-02-09 12:11:34','2017-02-09 12:11:34','fc88324d-dedd-48a0-9337-ee4407bbd46d'),(99,170,'en_us','Payments & pricing','Payments & pricing',NULL,NULL,NULL,'','',NULL,NULL,NULL,NULL,NULL,NULL,NULL,NULL,NULL,NULL,NULL,NULL,NULL,NULL,NULL,NULL,NULL,NULL,NULL,NULL,NULL,NULL,NULL,NULL,'2017-02-09 12:12:56','2017-03-28 23:34:03','ae0f8522-ecd1-4c28-befa-a0d3e0d635f5'),(100,172,'en_us','Cancellation & refunds','Cancellation & refunds',NULL,NULL,NULL,'','',NULL,NULL,NULL,NULL,NULL,NULL,NULL,NULL,NULL,NULL,NULL,NULL,NULL,NULL,NULL,NULL,NULL,NULL,NULL,NULL,NULL,NULL,NULL,NULL,'2017-02-09 12:13:53','2017-03-28 22:04:50','3479e321-b26a-4f05-a1c4-0ca072372d37'),(101,174,'en_us','Security','Security',NULL,NULL,NULL,'','',NULL,NULL,NULL,NULL,NULL,NULL,NULL,NULL,NULL,NULL,NULL,NULL,NULL,NULL,NULL,NULL,NULL,NULL,NULL,NULL,NULL,NULL,NULL,NULL,'2017-02-09 12:14:31','2017-03-28 22:06:09','871b4fb5-5d74-4d46-a93a-b7b5fc2629b9'),(102,176,'en_us','Reviews & ratings','Reviews & ratings',NULL,NULL,NULL,'','',NULL,NULL,NULL,NULL,NULL,NULL,NULL,NULL,NULL,NULL,NULL,NULL,NULL,NULL,NULL,NULL,NULL,NULL,NULL,NULL,NULL,NULL,NULL,NULL,'2017-02-09 12:15:11','2017-03-28 22:08:00','3ec388c0-78c8-4872-8b91-acd85dbdcbb2'),(104,179,'en_us','Terms & conditions',NULL,NULL,NULL,NULL,NULL,NULL,NULL,'/pages/terms-conditions',NULL,NULL,NULL,NULL,NULL,NULL,NULL,NULL,NULL,NULL,NULL,NULL,NULL,NULL,NULL,NULL,NULL,NULL,NULL,NULL,NULL,'other','2017-02-09 12:19:13','2017-02-09 12:19:13','6ae420e3-ac39-48e7-a899-3a73df08c461'),(105,180,'en_us','Payments & pricing',NULL,NULL,NULL,NULL,NULL,NULL,NULL,'/pages/payments-pricing',NULL,NULL,NULL,NULL,NULL,NULL,NULL,NULL,NULL,NULL,NULL,NULL,NULL,NULL,NULL,NULL,NULL,NULL,NULL,NULL,NULL,'other','2017-02-09 12:19:49','2017-02-09 12:19:49','743bc856-fa89-4c30-becd-3e354834ea4a'),(106,181,'en_us','Cancellation & refunds',NULL,NULL,NULL,NULL,NULL,NULL,NULL,'/pages/cancellation-refunds',NULL,NULL,NULL,NULL,NULL,NULL,NULL,NULL,NULL,NULL,NULL,NULL,NULL,NULL,NULL,NULL,NULL,NULL,NULL,NULL,NULL,'other','2017-02-09 12:20:42','2017-02-09 12:21:08','4ac48998-58e8-4749-b006-7b5618f3fb58'),(107,182,'en_us','Security',NULL,NULL,NULL,NULL,NULL,NULL,NULL,'/pages/security',NULL,NULL,NULL,NULL,NULL,NULL,NULL,NULL,NULL,NULL,NULL,NULL,NULL,NULL,NULL,NULL,NULL,NULL,NULL,NULL,NULL,'other','2017-02-09 12:22:37','2017-02-09 12:23:46','e263ac9b-8f53-4e27-97a1-7345deead143'),(108,183,'en_us','Reviews & ratings',NULL,NULL,NULL,NULL,NULL,NULL,NULL,'/pages/reviews-ratings',NULL,NULL,NULL,NULL,NULL,NULL,NULL,NULL,NULL,NULL,NULL,NULL,NULL,NULL,NULL,NULL,NULL,NULL,NULL,NULL,NULL,'other','2017-02-09 12:23:27','2017-02-09 12:23:27','df793886-55e3-41dd-838c-2ac04e3abf67'),(109,184,'en_us','Becoming a Local','Becoming a Local',NULL,NULL,NULL,'','',NULL,NULL,NULL,NULL,NULL,NULL,NULL,NULL,NULL,NULL,NULL,NULL,NULL,NULL,NULL,NULL,NULL,NULL,NULL,NULL,NULL,NULL,NULL,NULL,'2017-02-09 14:12:37','2017-03-18 13:06:50','97366bba-0a05-4f2a-9d2c-4124abd52c54'),(110,186,'en_us','Img 20161224 005149',NULL,NULL,NULL,NULL,NULL,NULL,NULL,NULL,NULL,NULL,NULL,NULL,NULL,NULL,NULL,NULL,NULL,NULL,NULL,NULL,NULL,NULL,NULL,NULL,NULL,NULL,NULL,NULL,NULL,NULL,'2017-02-09 15:51:02','2017-02-09 15:51:02','06cc8df7-50ff-413a-843e-51b2983050e4'),(111,187,'en_us','153169 640 367 80Auto S',NULL,NULL,NULL,NULL,NULL,NULL,NULL,NULL,NULL,NULL,NULL,NULL,NULL,NULL,NULL,NULL,NULL,NULL,NULL,NULL,NULL,NULL,NULL,NULL,NULL,NULL,NULL,NULL,NULL,NULL,'2017-02-11 18:24:20','2017-02-11 18:24:20','82b01561-7acb-47c5-a407-17d51837e0a2'),(112,188,'en_us','Marb 640 427 80Auto S',NULL,NULL,NULL,NULL,NULL,NULL,NULL,NULL,NULL,NULL,NULL,NULL,NULL,NULL,NULL,NULL,NULL,NULL,NULL,NULL,NULL,NULL,NULL,NULL,NULL,NULL,NULL,NULL,NULL,NULL,'2017-02-11 18:24:23','2017-02-11 18:24:23','fd4f919f-a531-49c4-8f52-f336909f959a'),(113,189,'en_us','Jhb 1024X767 640 479 80Auto S',NULL,NULL,NULL,NULL,NULL,NULL,NULL,NULL,NULL,NULL,NULL,NULL,NULL,NULL,NULL,NULL,NULL,NULL,NULL,NULL,NULL,NULL,NULL,NULL,NULL,NULL,NULL,NULL,NULL,NULL,'2017-02-11 18:24:23','2017-02-11 18:24:23','a4555cfa-2f35-4cda-b897-836a8b5b46b6'),(114,190,'en_us','Poster',NULL,NULL,NULL,NULL,NULL,NULL,NULL,NULL,NULL,NULL,NULL,NULL,NULL,NULL,NULL,NULL,NULL,NULL,NULL,NULL,NULL,NULL,NULL,NULL,NULL,NULL,NULL,NULL,NULL,NULL,'2017-02-11 18:24:24','2017-02-11 18:24:24','3a10cc1f-31b6-440d-854e-a389385d87b6'),(115,191,'en_us','Bathurst 640 413 80Auto S',NULL,NULL,NULL,NULL,NULL,NULL,NULL,NULL,NULL,NULL,NULL,NULL,NULL,NULL,NULL,NULL,NULL,NULL,NULL,NULL,NULL,NULL,NULL,NULL,NULL,NULL,NULL,NULL,NULL,NULL,'2017-02-11 18:24:26','2017-02-11 18:27:58','cf89f261-950a-45a8-b7ba-1c283e0b5989'),(116,192,'en_us','19891560543 00424Eb5D6 K',NULL,NULL,NULL,NULL,NULL,NULL,NULL,NULL,NULL,NULL,NULL,NULL,NULL,NULL,NULL,NULL,NULL,NULL,NULL,NULL,NULL,NULL,NULL,NULL,NULL,NULL,NULL,NULL,NULL,NULL,'2017-02-11 18:24:29','2017-02-11 18:24:29','5379eea9-eb35-42fa-8674-f0734c8d8f0b'),(120,196,'en_us','Blog Images',NULL,NULL,NULL,NULL,NULL,NULL,NULL,NULL,NULL,NULL,NULL,NULL,NULL,NULL,NULL,NULL,NULL,NULL,NULL,NULL,NULL,NULL,NULL,NULL,NULL,NULL,NULL,NULL,NULL,NULL,'2017-02-11 18:28:49','2017-02-11 18:28:49','8620e85c-c0e6-48b9-a610-0ad815d5ecec'),(121,202,'en_us','Gray Image Place Holder',NULL,NULL,NULL,NULL,NULL,NULL,NULL,NULL,NULL,NULL,NULL,NULL,NULL,NULL,NULL,NULL,NULL,NULL,NULL,NULL,NULL,NULL,NULL,NULL,NULL,NULL,NULL,NULL,NULL,NULL,'2017-02-12 20:05:41','2017-02-12 20:05:41','71a5abde-333b-4e68-8e45-71ab181c08fd'),(123,205,'en_us','Team',NULL,NULL,NULL,NULL,NULL,NULL,NULL,NULL,NULL,NULL,NULL,NULL,NULL,NULL,NULL,NULL,NULL,NULL,NULL,NULL,NULL,NULL,NULL,NULL,NULL,NULL,NULL,NULL,NULL,NULL,'2017-02-12 20:44:33','2017-03-28 22:02:41','b968b30e-109f-4084-b779-a0434eb0dbde'),(124,213,'en_us','Advice1',NULL,NULL,NULL,NULL,NULL,NULL,NULL,NULL,NULL,NULL,NULL,NULL,NULL,NULL,NULL,NULL,NULL,NULL,NULL,NULL,NULL,NULL,NULL,NULL,NULL,NULL,NULL,NULL,NULL,NULL,'2017-02-12 21:44:40','2017-02-12 21:44:40','1d638d4a-d5f2-4943-86ac-eda52b35bde4'),(125,214,'en_us','Advice2',NULL,NULL,NULL,NULL,NULL,NULL,NULL,NULL,NULL,NULL,NULL,NULL,NULL,NULL,NULL,NULL,NULL,NULL,NULL,NULL,NULL,NULL,NULL,NULL,NULL,NULL,NULL,NULL,NULL,NULL,'2017-02-12 21:45:03','2017-02-12 21:45:03','f0e2e0dc-3c3f-4de3-80da-e0146c033050'),(126,215,'en_us','Advice3',NULL,NULL,NULL,NULL,NULL,NULL,NULL,NULL,NULL,NULL,NULL,NULL,NULL,NULL,NULL,NULL,NULL,NULL,NULL,NULL,NULL,NULL,NULL,NULL,NULL,NULL,NULL,NULL,NULL,NULL,'2017-02-12 21:45:24','2017-02-12 21:45:24','5f1f3737-2780-4369-87a4-12b92f963608'),(127,216,'en_us','Booking advice',NULL,NULL,NULL,NULL,NULL,NULL,NULL,NULL,NULL,NULL,NULL,NULL,NULL,NULL,NULL,NULL,NULL,NULL,NULL,NULL,NULL,NULL,NULL,NULL,NULL,NULL,NULL,NULL,NULL,NULL,'2017-02-12 21:46:08','2017-02-12 22:59:30','553b7246-b8e9-4545-86fb-80e044d003af'),(128,221,'en_us','Becoming a Local',NULL,NULL,NULL,NULL,NULL,NULL,NULL,NULL,NULL,NULL,NULL,NULL,NULL,NULL,NULL,NULL,NULL,NULL,NULL,NULL,NULL,NULL,NULL,NULL,NULL,NULL,NULL,NULL,NULL,NULL,'2017-02-12 22:36:41','2017-03-18 13:06:48','9c55afd6-a4f5-4724-bf6e-67775c3b13f6'),(129,233,'en_us','How it works',NULL,NULL,NULL,NULL,NULL,NULL,NULL,NULL,NULL,NULL,NULL,NULL,NULL,NULL,NULL,NULL,NULL,NULL,NULL,NULL,NULL,NULL,NULL,NULL,NULL,NULL,NULL,NULL,NULL,NULL,'2017-02-12 23:10:06','2017-03-18 12:55:58','98a71b87-6d12-4817-8627-a43cea33dd20'),(130,239,'en_us','Find a local',NULL,NULL,NULL,NULL,NULL,NULL,NULL,NULL,NULL,NULL,NULL,NULL,NULL,NULL,NULL,NULL,NULL,NULL,NULL,NULL,NULL,NULL,NULL,NULL,NULL,NULL,NULL,NULL,NULL,NULL,'2017-02-13 01:20:22','2017-02-13 01:20:22','fd9c6063-06f3-4d89-b68e-8c85cbb5bd7d'),(131,242,'en_us','Become a local','','',NULL,NULL,'','','',NULL,NULL,NULL,NULL,NULL,NULL,NULL,NULL,NULL,NULL,NULL,NULL,NULL,NULL,NULL,NULL,NULL,NULL,NULL,'',NULL,NULL,NULL,'2017-02-17 08:31:32','2017-03-28 22:29:48','261dc6b8-e0d5-4f4d-8b91-682ec4bd14ad'),(132,245,'en_us','Find a host','Find a host',NULL,NULL,NULL,'','',NULL,NULL,NULL,NULL,NULL,NULL,NULL,NULL,NULL,NULL,NULL,NULL,NULL,NULL,NULL,NULL,NULL,NULL,NULL,NULL,NULL,NULL,NULL,NULL,'2017-02-17 08:35:56','2017-02-17 08:35:56','56cc842d-cc3e-43a3-85e6-149a6ffcb3d8'),(133,247,'en_us','Host1',NULL,NULL,NULL,NULL,NULL,NULL,NULL,NULL,NULL,NULL,NULL,NULL,NULL,NULL,NULL,NULL,NULL,NULL,NULL,NULL,NULL,NULL,NULL,NULL,NULL,NULL,NULL,NULL,NULL,NULL,'2017-02-17 08:49:35','2017-02-17 08:49:35','43043a11-528a-4a83-bb36-446fed828cd5'),(134,248,'en_us','Key point 1 header','Key point 1 header',NULL,NULL,NULL,NULL,NULL,'<p>A short blurb on key point 1.&nbsp;Great for solidifying premium&nbsp;services which are backed by<br>reliability and security.</p>',NULL,NULL,NULL,NULL,NULL,NULL,NULL,NULL,NULL,NULL,NULL,NULL,NULL,NULL,NULL,NULL,NULL,NULL,NULL,NULL,NULL,NULL,NULL,'2017-02-17 08:50:02','2017-02-17 08:50:02','eb66e428-a3e7-4984-b861-5fd2d03ba6ea'),(135,249,'en_us','Host2',NULL,NULL,NULL,NULL,NULL,NULL,NULL,NULL,NULL,NULL,NULL,NULL,NULL,NULL,NULL,NULL,NULL,NULL,NULL,NULL,NULL,NULL,NULL,NULL,NULL,NULL,NULL,NULL,NULL,NULL,'2017-02-17 08:50:35','2017-02-17 08:50:35','55023e7b-a859-4e6b-9e03-2b06bacf41ed'),(136,250,'en_us','Key point 2 header','Key point 2 header',NULL,NULL,NULL,NULL,NULL,'<p>A short blurb on key point 2.&nbsp;Great for solidifying premium&nbsp;services which are backed by&nbsp;reliability and security.</p>',NULL,NULL,NULL,NULL,NULL,NULL,NULL,NULL,NULL,NULL,NULL,NULL,NULL,NULL,NULL,NULL,NULL,NULL,NULL,NULL,NULL,NULL,NULL,'2017-02-17 08:51:11','2017-02-17 08:51:11','c23eed4d-7688-4866-98a2-19296c707b18'),(137,251,'en_us','Host3',NULL,NULL,NULL,NULL,NULL,NULL,NULL,NULL,NULL,NULL,NULL,NULL,NULL,NULL,NULL,NULL,NULL,NULL,NULL,NULL,NULL,NULL,NULL,NULL,NULL,NULL,NULL,NULL,NULL,NULL,'2017-02-17 08:52:04','2017-02-17 08:52:04','d8aa00f4-f638-459a-98a0-8e14ffce10d6'),(138,252,'en_us','Key point 3 header','Key point 3 header',NULL,NULL,NULL,NULL,NULL,'<p>A short blurb on key point 3. Great for solidifying premium&nbsp;services which are backed by&nbsp;reliability and security.</p>',NULL,NULL,NULL,NULL,NULL,NULL,NULL,NULL,NULL,NULL,NULL,NULL,NULL,NULL,NULL,NULL,NULL,NULL,NULL,NULL,NULL,NULL,NULL,'2017-02-17 08:52:10','2017-02-17 08:52:10','ed1c4d0e-473a-4b7f-8690-6a5d9b8361f3'),(140,260,'en_us','Find a host steps',NULL,NULL,NULL,NULL,NULL,NULL,NULL,NULL,NULL,NULL,NULL,NULL,NULL,NULL,NULL,NULL,NULL,NULL,NULL,NULL,NULL,NULL,NULL,NULL,NULL,NULL,NULL,NULL,NULL,NULL,'2017-02-17 09:03:42','2017-03-28 22:14:24','1fda5a08-2f03-4e67-a8c5-1e176b3f8fbe'),(141,264,'en_us','Find a host slideshow',NULL,NULL,NULL,NULL,NULL,NULL,NULL,NULL,NULL,NULL,NULL,NULL,NULL,NULL,NULL,NULL,NULL,NULL,NULL,NULL,NULL,NULL,NULL,NULL,NULL,NULL,NULL,NULL,NULL,NULL,'2017-02-17 09:06:02','2017-03-28 22:29:44','d9ddc6ed-a254-41ac-961f-db97dd458b47'),(142,267,'en_us','Steps - Becoming a local',NULL,NULL,NULL,NULL,NULL,NULL,NULL,NULL,NULL,NULL,NULL,NULL,NULL,NULL,NULL,NULL,NULL,NULL,NULL,NULL,NULL,NULL,NULL,NULL,NULL,NULL,NULL,NULL,NULL,NULL,'2017-02-17 12:04:36','2017-03-28 22:17:48','6e89c10e-0933-4815-a14b-5cb3b11213df'),(143,271,'en_us','Local',NULL,NULL,NULL,NULL,NULL,NULL,NULL,NULL,NULL,NULL,NULL,NULL,NULL,NULL,NULL,NULL,NULL,NULL,NULL,NULL,NULL,NULL,NULL,NULL,NULL,NULL,NULL,NULL,NULL,NULL,'2017-02-17 12:08:22','2017-02-17 12:08:22','c99141a4-56c6-434f-90c0-1e918a33db4e'),(144,272,'en_us','Perks - Becoming a local',NULL,NULL,NULL,NULL,NULL,NULL,NULL,NULL,NULL,NULL,NULL,NULL,NULL,NULL,NULL,NULL,NULL,NULL,NULL,NULL,NULL,NULL,NULL,NULL,NULL,NULL,NULL,NULL,NULL,NULL,'2017-02-17 12:10:26','2017-03-28 22:16:24','60fbd59a-5d24-4aae-8334-a433f1ec3672'),(145,283,'en_us','Table Mountain Aerial Cableway In Cape Town South Africa',NULL,NULL,NULL,NULL,NULL,NULL,NULL,NULL,NULL,NULL,NULL,NULL,NULL,NULL,NULL,NULL,NULL,NULL,NULL,NULL,NULL,NULL,NULL,NULL,NULL,NULL,NULL,NULL,NULL,NULL,'2017-03-18 12:47:53','2017-03-18 12:47:53','424945cb-29b6-4423-bfd2-029ad184d69b'),(146,284,'en_us','Hot Air Baloon Cape Town Tourism',NULL,NULL,NULL,NULL,NULL,NULL,NULL,NULL,NULL,NULL,NULL,NULL,NULL,NULL,NULL,NULL,NULL,NULL,NULL,NULL,NULL,NULL,NULL,NULL,NULL,NULL,NULL,NULL,NULL,NULL,'2017-03-18 12:48:32','2017-03-18 12:48:32','a7563995-83cd-4128-8de0-a0583957654e'),(147,285,'en_us','3',NULL,NULL,NULL,NULL,NULL,NULL,NULL,NULL,NULL,NULL,NULL,NULL,NULL,NULL,NULL,NULL,NULL,NULL,NULL,NULL,NULL,NULL,NULL,NULL,NULL,NULL,NULL,NULL,NULL,NULL,'2017-03-18 12:49:32','2017-03-18 12:49:32','27820eb6-2ec3-487b-be1a-4cd430dae82b'),(148,286,'en_us','Die Word Rol Food Truck',NULL,NULL,NULL,NULL,NULL,NULL,NULL,NULL,NULL,NULL,NULL,NULL,NULL,NULL,NULL,NULL,NULL,NULL,NULL,NULL,NULL,NULL,NULL,NULL,NULL,NULL,NULL,NULL,NULL,NULL,'2017-03-18 12:51:15','2017-03-18 12:51:15','1b9b6eec-3bbf-4146-9344-7ce41b076ffa'),(149,287,'en_us','Playground1',NULL,NULL,NULL,NULL,NULL,NULL,NULL,NULL,NULL,NULL,NULL,NULL,NULL,NULL,NULL,NULL,NULL,NULL,NULL,NULL,NULL,NULL,NULL,NULL,NULL,NULL,NULL,NULL,NULL,NULL,'2017-03-18 12:55:04','2017-03-18 12:55:04','3386af89-dbf0-44cb-a397-9b10ae74d692'),(150,288,'en_us','Table Mountain 600X356',NULL,NULL,NULL,NULL,NULL,NULL,NULL,NULL,NULL,NULL,NULL,NULL,NULL,NULL,NULL,NULL,NULL,NULL,NULL,NULL,NULL,NULL,NULL,NULL,NULL,NULL,NULL,NULL,NULL,NULL,'2017-03-18 12:55:33','2017-03-18 12:55:33','88925809-9784-4c1a-bfbe-ab8825890017'),(151,289,'en_us','David Making Pap Good Shot',NULL,NULL,NULL,NULL,NULL,NULL,NULL,NULL,NULL,NULL,NULL,NULL,NULL,NULL,NULL,NULL,NULL,NULL,NULL,NULL,NULL,NULL,NULL,NULL,NULL,NULL,NULL,NULL,NULL,NULL,'2017-03-18 12:55:45','2017-03-18 12:55:45','47b9eafa-6150-4971-bd5b-4eb8233ce8c9');
/*!40000 ALTER TABLE `craft_content` ENABLE KEYS */;
UNLOCK TABLES;

--
-- Table structure for table `craft_deprecationerrors`
--

DROP TABLE IF EXISTS `craft_deprecationerrors`;
/*!40101 SET @saved_cs_client     = @@character_set_client */;
/*!40101 SET character_set_client = utf8 */;
CREATE TABLE `craft_deprecationerrors` (
  `id` int(11) NOT NULL AUTO_INCREMENT,
  `key` varchar(255) COLLATE utf8_unicode_ci NOT NULL,
  `fingerprint` varchar(255) COLLATE utf8_unicode_ci NOT NULL,
  `lastOccurrence` datetime NOT NULL,
  `file` varchar(255) COLLATE utf8_unicode_ci NOT NULL,
  `line` smallint(6) unsigned NOT NULL,
  `class` varchar(255) COLLATE utf8_unicode_ci DEFAULT NULL,
  `method` varchar(255) COLLATE utf8_unicode_ci DEFAULT NULL,
  `template` varchar(255) COLLATE utf8_unicode_ci DEFAULT NULL,
  `templateLine` smallint(6) unsigned DEFAULT NULL,
  `message` varchar(255) COLLATE utf8_unicode_ci DEFAULT NULL,
  `traces` text COLLATE utf8_unicode_ci,
  `dateCreated` datetime NOT NULL,
  `dateUpdated` datetime NOT NULL,
  `uid` char(36) COLLATE utf8_unicode_ci NOT NULL DEFAULT '0',
  PRIMARY KEY (`id`),
  UNIQUE KEY `craft_deprecationerrors_key_fingerprint_unq_idx` (`key`,`fingerprint`)
) ENGINE=InnoDB AUTO_INCREMENT=4 DEFAULT CHARSET=utf8 COLLATE=utf8_unicode_ci;
/*!40101 SET character_set_client = @saved_cs_client */;

--
-- Dumping data for table `craft_deprecationerrors`
--

LOCK TABLES `craft_deprecationerrors` WRITE;
/*!40000 ALTER TABLE `craft_deprecationerrors` DISABLE KEYS */;
INSERT INTO `craft_deprecationerrors` VALUES (3,'{% endpaginate %}','/Users/tinashegunda/webserver/www/default2016/dev/craft/templates/galleries/index.twig','2016-05-05 11:23:09','/Users/tinashegunda/webserver/www/default2016/dev/craft/app/etc/templating/twigextensions/DeprecatedTag_TokenParser.php',60,'Craft\\DeprecatedTag_TokenParser','parse','/Users/tinashegunda/webserver/www/default2016/dev/craft/templates/galleries/index.twig',NULL,'The {% endpaginate %} tag is no longer necessary. You can remove it from your ‘galleries’ template on line 32.','[{\"objectClass\":\"Craft\\\\DeprecatorService\",\"file\":\"\\/Users\\/tinashegunda\\/webserver\\/www\\/default2016\\/dev\\/craft\\/app\\/etc\\/templating\\/twigextensions\\/DeprecatedTag_TokenParser.php\",\"line\":60,\"class\":\"Craft\\\\DeprecatorService\",\"method\":\"log\",\"args\":\"\\\"{% endpaginate %}\\\", \\\"The {% endpaginate %} tag is no longer necessary. You can remove...\\\"\"},{\"objectClass\":\"Craft\\\\DeprecatedTag_TokenParser\",\"file\":\"\\/Users\\/tinashegunda\\/webserver\\/www\\/default2016\\/dev\\/craft\\/app\\/vendor\\/twig\\/twig\\/lib\\/Twig\\/Parser.php\",\"line\":187,\"class\":\"Craft\\\\DeprecatedTag_TokenParser\",\"method\":\"parse\",\"args\":\"Twig_Token\"},{\"objectClass\":\"Craft\\\\TwigParser\",\"file\":\"\\/Users\\/tinashegunda\\/webserver\\/www\\/default2016\\/dev\\/craft\\/app\\/vendor\\/twig\\/twig\\/lib\\/Twig\\/TokenParser\\/Block.php\",\"line\":38,\"class\":\"Twig_Parser\",\"method\":\"subparse\",\"args\":\"array(Twig_TokenParser_Block, \\\"decideBlockEnd\\\"), true\"},{\"objectClass\":\"Twig_TokenParser_Block\",\"file\":\"\\/Users\\/tinashegunda\\/webserver\\/www\\/default2016\\/dev\\/craft\\/app\\/vendor\\/twig\\/twig\\/lib\\/Twig\\/Parser.php\",\"line\":187,\"class\":\"Twig_TokenParser_Block\",\"method\":\"parse\",\"args\":\"Twig_Token\"},{\"objectClass\":\"Craft\\\\TwigParser\",\"file\":\"\\/Users\\/tinashegunda\\/webserver\\/www\\/default2016\\/dev\\/craft\\/app\\/vendor\\/twig\\/twig\\/lib\\/Twig\\/Parser.php\",\"line\":100,\"class\":\"Twig_Parser\",\"method\":\"subparse\",\"args\":\"null, false\"},{\"objectClass\":\"Craft\\\\TwigParser\",\"file\":\"\\/Users\\/tinashegunda\\/webserver\\/www\\/default2016\\/dev\\/craft\\/app\\/vendor\\/twig\\/twig\\/lib\\/Twig\\/Environment.php\",\"line\":615,\"class\":\"Twig_Parser\",\"method\":\"parse\",\"args\":\"Twig_TokenStream\"},{\"objectClass\":\"Craft\\\\TwigEnvironment\",\"file\":\"\\/Users\\/tinashegunda\\/webserver\\/www\\/default2016\\/dev\\/craft\\/app\\/vendor\\/twig\\/twig\\/lib\\/Twig\\/Environment.php\",\"line\":667,\"class\":\"Twig_Environment\",\"method\":\"parse\",\"args\":\"Twig_TokenStream\"},{\"objectClass\":\"Craft\\\\TwigEnvironment\",\"file\":\"\\/Users\\/tinashegunda\\/webserver\\/www\\/default2016\\/dev\\/craft\\/app\\/vendor\\/twig\\/twig\\/lib\\/Twig\\/Environment.php\",\"line\":396,\"class\":\"Twig_Environment\",\"method\":\"compileSource\",\"args\":\"\\\"{% extends \\\"_layouts\\/master\\\" %}\\n{% set currentMenuNode = craft.e...\\\", \\\"galleries\\\"\"},{\"objectClass\":\"Craft\\\\TwigEnvironment\",\"file\":\"\\/Users\\/tinashegunda\\/webserver\\/www\\/default2016\\/dev\\/craft\\/app\\/etc\\/templating\\/TwigEnvironment.php\",\"line\":23,\"class\":\"Twig_Environment\",\"method\":\"loadTemplate\",\"args\":\"\\\"galleries\\\", null\"},{\"objectClass\":\"Craft\\\\TwigEnvironment\",\"file\":\"\\/Users\\/tinashegunda\\/webserver\\/www\\/default2016\\/dev\\/craft\\/app\\/vendor\\/twig\\/twig\\/lib\\/Twig\\/Environment.php\",\"line\":347,\"class\":\"Craft\\\\TwigEnvironment\",\"method\":\"loadTemplate\",\"args\":\"\\\"galleries\\\"\"},{\"objectClass\":\"Craft\\\\TwigEnvironment\",\"file\":\"\\/Users\\/tinashegunda\\/webserver\\/www\\/default2016\\/dev\\/craft\\/app\\/services\\/TemplatesService.php\",\"line\":246,\"class\":\"Twig_Environment\",\"method\":\"render\",\"args\":\"\\\"galleries\\\", array()\"},{\"objectClass\":\"Craft\\\\TemplatesService\",\"file\":\"\\/Users\\/tinashegunda\\/webserver\\/www\\/default2016\\/dev\\/craft\\/app\\/controllers\\/BaseController.php\",\"line\":74,\"class\":\"Craft\\\\TemplatesService\",\"method\":\"render\",\"args\":\"\\\"galleries\\\", array()\"},{\"objectClass\":\"Craft\\\\TemplatesController\",\"file\":\"\\/Users\\/tinashegunda\\/webserver\\/www\\/default2016\\/dev\\/craft\\/app\\/controllers\\/TemplatesController.php\",\"line\":55,\"class\":\"Craft\\\\BaseController\",\"method\":\"renderTemplate\",\"args\":\"\\\"galleries\\\", array()\"},{\"objectClass\":\"Craft\\\\TemplatesController\",\"file\":null,\"line\":null,\"class\":\"Craft\\\\TemplatesController\",\"method\":\"actionRender\",\"args\":\"\\\"galleries\\\", array()\"},{\"objectClass\":\"ReflectionMethod\",\"file\":\"\\/Users\\/tinashegunda\\/webserver\\/www\\/default2016\\/dev\\/craft\\/app\\/framework\\/web\\/actions\\/CAction.php\",\"line\":109,\"class\":\"ReflectionMethod\",\"method\":\"invokeArgs\",\"args\":\"Craft\\\\TemplatesController, array(\\\"galleries\\\", array())\"},{\"objectClass\":\"CInlineAction\",\"file\":\"\\/Users\\/tinashegunda\\/webserver\\/www\\/default2016\\/dev\\/craft\\/app\\/framework\\/web\\/actions\\/CInlineAction.php\",\"line\":47,\"class\":\"CAction\",\"method\":\"runWithParamsInternal\",\"args\":\"Craft\\\\TemplatesController, ReflectionMethod, array(\\\"p\\\" => \\\"galleries\\\", \\\"variables\\\" => array(), \\\"template\\\" => \\\"galleries\\\")\"},{\"objectClass\":\"CInlineAction\",\"file\":\"\\/Users\\/tinashegunda\\/webserver\\/www\\/default2016\\/dev\\/craft\\/app\\/framework\\/web\\/CController.php\",\"line\":308,\"class\":\"CInlineAction\",\"method\":\"runWithParams\",\"args\":\"array(\\\"p\\\" => \\\"galleries\\\", \\\"variables\\\" => array(), \\\"template\\\" => \\\"galleries\\\")\"},{\"objectClass\":\"Craft\\\\TemplatesController\",\"file\":\"\\/Users\\/tinashegunda\\/webserver\\/www\\/default2016\\/dev\\/craft\\/app\\/framework\\/web\\/CController.php\",\"line\":286,\"class\":\"CController\",\"method\":\"runAction\",\"args\":\"CInlineAction\"},{\"objectClass\":\"Craft\\\\TemplatesController\",\"file\":\"\\/Users\\/tinashegunda\\/webserver\\/www\\/default2016\\/dev\\/craft\\/app\\/framework\\/web\\/CController.php\",\"line\":265,\"class\":\"CController\",\"method\":\"runActionWithFilters\",\"args\":\"CInlineAction, array()\"},{\"objectClass\":\"Craft\\\\TemplatesController\",\"file\":\"\\/Users\\/tinashegunda\\/webserver\\/www\\/default2016\\/dev\\/craft\\/app\\/framework\\/web\\/CWebApplication.php\",\"line\":282,\"class\":\"CController\",\"method\":\"run\",\"args\":\"\\\"render\\\"\"},{\"objectClass\":\"Craft\\\\WebApp\",\"file\":\"\\/Users\\/tinashegunda\\/webserver\\/www\\/default2016\\/dev\\/craft\\/app\\/framework\\/web\\/CWebApplication.php\",\"line\":141,\"class\":\"CWebApplication\",\"method\":\"runController\",\"args\":\"\\\"templates\\/render\\\"\"},{\"objectClass\":\"Craft\\\\WebApp\",\"file\":\"\\/Users\\/tinashegunda\\/webserver\\/www\\/default2016\\/dev\\/craft\\/app\\/etc\\/web\\/WebApp.php\",\"line\":288,\"class\":\"CWebApplication\",\"method\":\"processRequest\",\"args\":null},{\"objectClass\":\"Craft\\\\WebApp\",\"file\":\"\\/Users\\/tinashegunda\\/webserver\\/www\\/default2016\\/dev\\/craft\\/app\\/framework\\/base\\/CApplication.php\",\"line\":185,\"class\":\"Craft\\\\WebApp\",\"method\":\"processRequest\",\"args\":null},{\"objectClass\":\"Craft\\\\WebApp\",\"file\":\"\\/Users\\/tinashegunda\\/webserver\\/www\\/default2016\\/dev\\/craft\\/app\\/index.php\",\"line\":62,\"class\":\"CApplication\",\"method\":\"run\",\"args\":null},{\"objectClass\":null,\"file\":\"\\/Users\\/tinashegunda\\/webserver\\/www\\/default2016\\/dev\\/public\\/index.php\",\"line\":20,\"class\":null,\"method\":\"require_once\",\"args\":\"\\\"\\/Users\\/tinashegunda\\/webserver\\/www\\/default2016\\/dev\\/craft\\/app\\/inde...\\\"\"}]','2016-05-05 11:23:09','2016-05-05 11:23:09','9aea5c21-7415-41ad-81a3-f33517691046');
/*!40000 ALTER TABLE `craft_deprecationerrors` ENABLE KEYS */;
UNLOCK TABLES;

--
-- Table structure for table `craft_elementindexsettings`
--

DROP TABLE IF EXISTS `craft_elementindexsettings`;
/*!40101 SET @saved_cs_client     = @@character_set_client */;
/*!40101 SET character_set_client = utf8 */;
CREATE TABLE `craft_elementindexsettings` (
  `id` int(11) NOT NULL AUTO_INCREMENT,
  `type` varchar(150) COLLATE utf8_unicode_ci NOT NULL,
  `settings` text COLLATE utf8_unicode_ci,
  `dateCreated` datetime NOT NULL,
  `dateUpdated` datetime NOT NULL,
  `uid` char(36) COLLATE utf8_unicode_ci NOT NULL DEFAULT '0',
  PRIMARY KEY (`id`),
  UNIQUE KEY `craft_elementindexsettings_type_unq_idx` (`type`)
) ENGINE=InnoDB AUTO_INCREMENT=4 DEFAULT CHARSET=utf8 COLLATE=utf8_unicode_ci;
/*!40101 SET character_set_client = @saved_cs_client */;

--
-- Dumping data for table `craft_elementindexsettings`
--

LOCK TABLES `craft_elementindexsettings` WRITE;
/*!40000 ALTER TABLE `craft_elementindexsettings` DISABLE KEYS */;
INSERT INTO `craft_elementindexsettings` VALUES (1,'Entry','{\"sourceOrder\":[[\"key\",\"*\"],[\"key\",\"singles\"],[\"heading\",\"Channels\"],[\"key\",\"section:6\"],[\"key\",\"section:2\"],[\"heading\",\"Pages\"],[\"key\",\"section:3\"],[\"key\",\"section:4\"],[\"heading\",\"Menus\"],[\"key\",\"section:5\"],[\"heading\",\"Forms\"],[\"key\",\"section:8\"],[\"key\",\"section:7\"],[\"heading\",\"\"],[\"key\",\"section:12\"],[\"key\",\"section:10\"],[\"key\",\"section:11\"],[\"key\",\"section:13\"]],\"sources\":{\"*\":{\"tableAttributes\":{\"1\":\"section\",\"2\":\"postDate\",\"3\":\"expiryDate\",\"4\":\"author\",\"5\":\"link\"}},\"section:6\":{\"tableAttributes\":{\"1\":\"postDate\",\"2\":\"author\",\"3\":\"link\"}},\"section:2\":{\"tableAttributes\":{\"1\":\"postDate\",\"2\":\"author\",\"3\":\"link\"}},\"section:4\":{\"tableAttributes\":{\"1\":\"type\",\"2\":\"dateUpdated\"}},\"section:3\":{\"tableAttributes\":{\"1\":\"postDate\",\"2\":\"author\",\"3\":\"link\"}},\"singles\":{\"tableAttributes\":{\"1\":\"author\",\"2\":\"link\",\"3\":\"uri\",\"4\":\"field:26\"}}}}','2016-01-22 03:30:09','2017-03-26 19:47:06','bbb2138e-f8c3-49d9-87b5-9425128ec5c2'),(3,'Asset','{\"sources\":{\"folder:1\":{\"tableAttributes\":{\"1\":\"filename\",\"2\":\"size\",\"3\":\"field:16\",\"4\":\"field:17\"}}}}','2016-01-22 03:44:16','2016-01-22 03:44:16','0bb95660-ffa2-4ca1-bb60-12e77383548c');
/*!40000 ALTER TABLE `craft_elementindexsettings` ENABLE KEYS */;
UNLOCK TABLES;

--
-- Table structure for table `craft_elements`
--

DROP TABLE IF EXISTS `craft_elements`;
/*!40101 SET @saved_cs_client     = @@character_set_client */;
/*!40101 SET character_set_client = utf8 */;
CREATE TABLE `craft_elements` (
  `id` int(11) NOT NULL AUTO_INCREMENT,
  `type` varchar(150) COLLATE utf8_unicode_ci NOT NULL,
  `enabled` tinyint(1) unsigned NOT NULL DEFAULT '1',
  `archived` tinyint(1) unsigned NOT NULL DEFAULT '0',
  `dateCreated` datetime NOT NULL,
  `dateUpdated` datetime NOT NULL,
  `uid` char(36) COLLATE utf8_unicode_ci NOT NULL DEFAULT '0',
  PRIMARY KEY (`id`),
  KEY `craft_elements_type_idx` (`type`),
  KEY `craft_elements_enabled_idx` (`enabled`),
  KEY `craft_elements_archived_dateCreated_idx` (`archived`,`dateCreated`)
) ENGINE=InnoDB AUTO_INCREMENT=309 DEFAULT CHARSET=utf8 COLLATE=utf8_unicode_ci;
/*!40101 SET character_set_client = @saved_cs_client */;

--
-- Dumping data for table `craft_elements`
--

LOCK TABLES `craft_elements` WRITE;
/*!40000 ALTER TABLE `craft_elements` DISABLE KEYS */;
INSERT INTO `craft_elements` VALUES (1,'User',1,0,'2015-10-24 08:36:37','2017-02-11 17:40:27','67519194-bf99-47b3-bbc4-9d382552886e'),(2,'Entry',1,0,'2015-10-24 08:36:38','2017-02-13 00:04:40','204126d8-cc1b-4a47-ab52-ab90d8290cb9'),(3,'Entry',1,0,'2015-10-24 08:36:38','2017-02-04 17:11:35','af9baa80-8abd-4be5-a63c-542a02f1aa00'),(4,'Asset',1,0,'2015-10-24 09:10:59','2016-09-02 13:31:19','2394590d-70f5-4803-ada9-fd73be7ce8f6'),(6,'Asset',1,0,'2015-10-24 09:11:07','2016-09-02 13:31:18','fb8e5825-fd05-4dd9-8261-a616720d1b71'),(8,'MatrixBlock',1,0,'2015-10-24 09:11:24','2017-02-04 17:11:35','42a4872b-2838-4b38-90b6-aaf9ddb35cbe'),(20,'Entry',1,0,'2015-10-24 10:47:23','2017-03-18 13:04:24','db250424-72f5-4433-bf3a-153be21d8477'),(21,'MatrixBlock',1,0,'2015-10-24 10:47:23','2017-03-18 13:04:24','882f2aaa-5c54-460a-8f1d-3133717cbf9b'),(22,'MatrixBlock',1,0,'2015-10-24 10:50:39','2017-02-13 00:04:40','1d0560a1-275c-4627-ad1b-e00d2e44d13b'),(23,'MatrixBlock',1,0,'2015-10-24 10:50:39','2017-02-13 00:04:41','07a06e1a-fe95-4a93-88fa-5ee95c9db938'),(24,'Entry',1,0,'2015-10-24 11:48:02','2017-02-11 14:29:12','7e5b363f-2db3-4da1-aad2-212f4bb907b8'),(25,'Entry',1,0,'2015-10-24 11:48:14','2017-03-26 19:56:25','b72a8a46-c1a6-457b-a3ac-861d3b7b6518'),(26,'Entry',1,0,'2015-10-24 12:01:35','2017-02-09 14:11:12','15dcf2fb-0502-47eb-9f61-1b9dd2756d13'),(27,'GlobalSet',1,0,'2015-10-25 08:20:15','2017-03-28 22:09:44','8c44ef58-e6d9-4915-a8b7-079183114e5c'),(28,'Asset',1,0,'2015-10-25 09:00:10','2016-09-02 13:31:18','d832456d-390d-411a-8e59-ce1439ad094a'),(29,'MatrixBlock',1,0,'2015-10-25 09:01:26','2017-03-28 22:09:44','88e9927a-1ce7-47d1-8bcd-8f7ef5b2c896'),(30,'MatrixBlock',1,0,'2015-10-25 09:01:26','2017-03-28 22:09:44','81271d22-b999-40d0-b4a6-0f084578c811'),(31,'MatrixBlock',1,0,'2015-10-25 09:01:26','2017-03-28 22:09:44','1516e45b-b77c-40cf-8f32-87705e82d4e9'),(32,'Entry',1,0,'2015-10-25 10:08:24','2017-02-04 17:12:23','0646a107-4452-444f-8137-72ba4099aab7'),(34,'MatrixBlock',1,0,'2015-10-25 10:08:24','2017-02-04 17:12:24','197791a0-b15d-4dad-92ca-2e97f4bf245d'),(47,'Entry',1,0,'2015-10-25 14:10:04','2017-02-07 16:24:38','91117c82-de3a-499e-b5ef-1ad19874d6f0'),(52,'GlobalSet',1,0,'2015-11-08 08:45:30','2017-02-02 16:44:35','1714b948-6c6d-4937-b100-ed92ae0568b2'),(53,'Entry',1,0,'2015-11-08 10:10:03','2017-02-02 18:19:07','83bee524-f521-41d2-9618-ca36c579971a'),(54,'MatrixBlock',1,0,'2015-11-08 10:10:03','2017-02-02 18:19:07','9dde1364-b10d-4c58-b332-b88827a2c8d4'),(55,'MatrixBlock',1,0,'2015-11-08 10:10:03','2017-02-02 18:19:08','432544c6-aa35-4c8a-8001-4f5444898fe3'),(57,'MatrixBlock',1,0,'2015-11-08 10:35:08','2017-02-02 18:19:08','8b9060a1-d8cb-4998-8791-f8b485025709'),(58,'Entry',1,0,'2015-11-14 09:59:50','2016-09-03 14:55:02','556f8da8-165d-4311-ac4c-9a0f742e28b8'),(60,'Entry',1,0,'2015-11-14 10:49:28','2017-04-02 12:04:09','fe3bfbec-d63e-4cd0-9d62-b750c9d086a6'),(64,'Asset',1,0,'2015-11-14 18:25:19','2016-09-02 13:31:19','ce293025-1490-4493-be29-5e3f49d6ef6d'),(65,'User',1,0,'2015-11-14 19:52:28','2015-11-14 19:53:43','234d0bde-e88c-4b7e-aa34-db8d000a7c97'),(70,'Entry',1,0,'2015-11-29 10:35:19','2015-11-29 12:02:27','54291c32-4311-4013-8fbb-18907147cafe'),(71,'MatrixBlock',1,0,'2015-11-29 10:35:19','2015-11-29 12:02:27','d1bb5e25-b6e4-40ea-a8f1-4d8111e4f8c3'),(72,'MatrixBlock',1,0,'2015-11-29 10:37:48','2015-11-29 12:02:27','c5eb1ca2-2720-432d-8230-48539c9793c0'),(77,'Entry',1,0,'2015-11-29 11:27:26','2015-11-29 11:27:26','49d25899-f800-4029-8d69-4b8ea02ba3c8'),(78,'Asset',1,0,'2015-11-29 11:51:16','2016-09-02 13:31:18','adec9fd7-3cea-42c6-83b3-e944fe127d6d'),(79,'Entry',1,0,'2015-11-29 12:03:08','2015-11-29 12:03:08','e179963f-80cb-489e-aa2c-1b8ab12e8734'),(80,'Entry',1,0,'2015-11-29 12:06:32','2015-11-29 12:06:32','66140c4c-1bfe-4f42-9fe7-0ea73f772b9c'),(81,'Entry',1,0,'2015-11-29 12:07:52','2015-11-29 12:07:52','c1cba232-e944-4e82-adf4-8515d6d9d69f'),(82,'Entry',1,0,'2015-11-29 12:11:10','2015-11-29 12:11:10','058f437d-1095-460c-a69a-28934e3b0597'),(84,'Entry',1,0,'2015-11-30 09:38:04','2015-11-30 09:38:04','1652fd5a-74b5-49c3-b12d-f6594a9a90d5'),(92,'Entry',1,0,'2016-02-08 15:42:43','2017-03-18 13:08:08','596bda27-5331-4666-bbb6-89775deed5f0'),(93,'MatrixBlock',1,0,'2016-02-08 15:53:33','2017-03-18 13:08:08','0908b96f-1a2c-4435-8e0f-361114242551'),(95,'Entry',1,0,'2016-02-08 19:51:05','2017-03-26 19:36:29','cddd38e1-acd0-4c2f-bbd8-6e64ed3a6903'),(96,'Entry',1,0,'2016-05-05 13:27:17','2017-02-11 18:29:34','dc800ce0-8a25-4aa4-bfc2-f417e38e9a2d'),(98,'Entry',1,0,'2016-05-05 14:49:31','2016-09-02 13:45:54','efda8a40-a903-46dd-958e-5764c22fd71d'),(100,'Asset',1,0,'2016-09-02 13:31:18','2016-09-02 13:31:18','da0b00f4-60b3-4805-a9c1-a61d11a3d53b'),(101,'Asset',1,0,'2016-09-02 13:31:19','2016-09-02 13:31:19','0214edfd-2b1e-4366-a723-541115b2913b'),(102,'Entry',1,0,'2016-09-03 14:30:22','2016-09-03 14:30:22','e15f53df-1d34-4b18-90c0-f457bf8a1ae9'),(103,'Entry',1,0,'2016-09-03 14:55:34','2016-09-03 14:55:34','678e209d-6402-4917-8f95-848b8659a50e'),(104,'Entry',1,0,'2016-11-07 06:46:49','2016-11-07 06:46:49','45baadce-d74c-4ff9-bda0-c6930287ee25'),(105,'Asset',1,0,'2017-02-02 16:43:53','2017-02-02 16:43:53','1472d5a4-8ac3-45b8-a8b2-89314633d09b'),(106,'Asset',1,0,'2017-02-02 18:17:25','2017-02-02 18:17:25','b61f28dc-d90d-478d-8e01-7c714f430718'),(107,'Asset',1,0,'2017-02-02 18:17:58','2017-02-02 18:17:58','4089cd81-5f9e-4eb8-a025-402cffbba17d'),(108,'Asset',1,0,'2017-02-02 18:18:35','2017-02-02 18:18:35','d1503922-1857-4c16-a072-ac92b97d58cc'),(109,'MatrixBlock',1,0,'2017-02-02 18:21:09','2017-02-07 16:24:38','275b2f44-44c6-4829-b3a9-2d6cdd35e70f'),(110,'MatrixBlock',1,0,'2017-02-02 18:21:09','2017-02-07 16:24:38','31521f18-80f8-4763-8405-82cab8523d80'),(111,'MatrixBlock',1,0,'2017-02-02 18:21:09','2017-02-07 16:24:38','ffcf6952-1be3-4765-a299-823352dfac24'),(113,'Entry',1,0,'2017-02-04 16:14:44','2017-03-18 13:10:53','fd2ed5d5-0cae-4e95-9b23-08bf4cb68298'),(115,'Entry',1,0,'2017-02-04 16:17:41','2017-03-25 13:45:01','73d44eff-42dd-420f-a992-2e83c5463813'),(116,'MatrixBlock',1,0,'2017-02-04 16:17:41','2017-03-25 13:45:01','c6de7a86-e5b0-4b80-af76-0f6d45f658fa'),(117,'MatrixBlock',1,0,'2017-02-04 16:17:42','2017-03-25 13:45:01','815c0fb6-d76e-49ee-afd1-f00822a550e0'),(118,'MatrixBlock',1,0,'2017-02-04 16:17:42','2017-03-25 13:45:01','dc23c9d6-f2bc-4f33-b7df-906b3e328ada'),(119,'Entry',1,0,'2017-02-04 16:18:52','2017-02-04 16:19:49','80ce1972-b1fa-4823-9158-993547e46908'),(120,'MatrixBlock',1,0,'2017-02-04 16:18:52','2017-02-04 16:19:49','213036d4-8052-4528-a67f-33d7788a4c78'),(121,'Asset',1,0,'2017-02-04 16:45:40','2017-02-04 16:45:40','1c2dba6e-fb77-45ca-bf15-8963323c5c4c'),(122,'Asset',1,0,'2017-02-04 16:45:52','2017-02-04 16:45:52','bbbd3528-e1c7-442c-9e1f-e14fec7f046f'),(123,'Entry',1,0,'2017-02-04 16:49:58','2017-02-04 16:49:58','d9e39b4e-a78b-45c1-9116-53285687ecb8'),(124,'MatrixBlock',1,0,'2017-02-04 16:49:58','2017-02-04 16:49:58','a923e47a-0413-46d6-b1c8-630f8b6e3bf9'),(125,'Entry',1,0,'2017-02-04 16:51:28','2017-02-04 16:51:28','e3630fe2-5ba5-42ab-aa65-3f8766abac86'),(126,'MatrixBlock',1,0,'2017-02-04 16:51:29','2017-02-04 16:51:29','05279cc6-708a-4f96-a5bb-8852f2d06cc5'),(127,'Entry',1,0,'2017-02-04 16:53:04','2017-02-04 16:53:04','cc08114e-9ec9-49b2-9744-afadccc540b2'),(128,'MatrixBlock',1,0,'2017-02-04 16:53:04','2017-02-04 16:53:04','e07c960c-4cc6-41ed-a234-a7608bb5cd39'),(129,'MatrixBlock',1,0,'2017-02-04 16:59:51','2017-02-11 18:29:35','c1d4c01d-5551-4c43-b861-4c8feeab6f3e'),(130,'Asset',1,0,'2017-02-04 17:02:04','2017-02-11 18:28:31','a2fa7b11-1346-44b4-adb6-f3406565e1c6'),(131,'Asset',1,0,'2017-02-04 17:03:42','2017-02-04 17:03:42','78c4e98a-485b-4835-b3a2-3ca0f0ca264a'),(132,'Asset',1,0,'2017-02-04 17:08:24','2017-02-04 17:08:24','cf26669f-81d6-432c-9eea-32f52e7fe10a'),(133,'Asset',1,0,'2017-02-04 17:12:18','2017-02-04 17:12:18','51455f9c-c413-46e8-893a-53e7db0c8ff4'),(134,'Asset',1,0,'2017-02-07 16:21:11','2017-02-07 16:21:11','b86659b5-bcb3-4603-b987-a4b1dcff62c4'),(135,'Asset',1,0,'2017-02-07 16:22:43','2017-02-07 16:22:43','8ffc7518-8a0c-4042-9295-a8266b4bd7a1'),(136,'Entry',1,0,'2017-02-07 18:26:06','2017-02-07 18:26:06','54f4721e-4f78-4782-a646-651068063081'),(137,'Asset',1,0,'2017-02-07 18:43:52','2017-02-07 18:43:52','3762699e-90dc-4260-bdbc-f2fbcdbb743d'),(138,'Entry',1,0,'2017-02-07 18:44:19','2017-02-07 18:44:19','05e760f0-4c8c-4750-9161-4c747dacc44e'),(139,'Entry',1,0,'2017-02-07 18:49:58','2017-02-07 18:49:58','a7c9aac3-8983-4148-99c4-83ab97f315e7'),(140,'Asset',1,0,'2017-02-08 11:20:33','2017-02-08 11:20:33','f2b3badf-33e1-40d4-812c-0a0d59ce743a'),(141,'Asset',1,0,'2017-02-08 11:20:36','2017-02-08 11:20:36','03901d49-0bea-47a4-bed8-3641e5b6ce0e'),(142,'Asset',1,0,'2017-02-08 11:20:36','2017-02-08 11:20:36','e9f2f33f-719c-43b3-96e7-d1b35b31265a'),(143,'Entry',1,0,'2017-02-08 11:21:04','2017-02-08 11:21:04','1bc5cbc0-4a2f-4bf5-a7c1-9e6497b62361'),(144,'Entry',1,0,'2017-02-08 11:21:49','2017-02-08 11:21:49','81b3f3b0-52ea-4687-8edb-f17c3e788e64'),(145,'Entry',1,0,'2017-02-08 11:22:30','2017-02-08 11:22:30','aabb0dca-576a-4a46-91dd-d6f94ae6440a'),(146,'Entry',1,0,'2017-02-08 15:07:48','2017-02-08 15:10:36','812c336c-23c0-4723-bb4a-85b34b5184a4'),(147,'MatrixBlock',1,0,'2017-02-08 15:07:48','2017-02-08 15:10:36','570d79b5-ac2c-4b1d-bf9e-530469b753ca'),(148,'MatrixBlock',1,0,'2017-02-08 15:10:36','2017-02-08 15:10:36','08be4030-066e-432e-8d31-6c15327312d5'),(149,'MatrixBlock',1,0,'2017-02-08 15:10:36','2017-02-08 15:10:36','8991b816-2e38-4340-bdcf-e9f084060076'),(150,'MatrixBlock',1,0,'2017-02-08 15:13:24','2017-02-13 00:04:41','7e785163-39ac-4552-a19b-9a19de0ed42c'),(152,'Entry',1,0,'2017-02-09 11:15:21','2017-03-18 12:49:38','85f74e3f-2b31-451a-ae0c-2431daa46bb1'),(153,'Entry',1,0,'2017-02-09 11:16:19','2017-03-18 12:48:49','8ecf32e5-ecbb-40ab-a69d-e73f4877f010'),(154,'Entry',1,0,'2017-02-09 11:17:16','2017-03-18 12:51:18','56357089-5296-4ebc-8eb7-923e05ba90a7'),(155,'Entry',1,0,'2017-02-09 11:40:34','2017-02-12 23:11:01','317b934d-4b03-4968-a44a-e8bcea47bf98'),(156,'MatrixBlock',1,0,'2017-02-09 11:40:34','2017-02-12 23:11:02','44d881d3-b63c-4cc5-a340-3551c28156b3'),(157,'Entry',1,0,'2017-02-09 12:01:26','2017-02-11 14:34:09','59c31ed5-e982-4445-8b49-b416a23d4852'),(158,'Entry',1,0,'2017-02-09 12:02:06','2017-02-09 12:02:06','341455ef-b561-40c6-84b1-7136e462dc6d'),(159,'Entry',1,0,'2017-02-09 12:02:41','2017-02-11 14:50:31','9c54c110-4786-430c-96ab-988a9e7089e2'),(160,'Entry',1,0,'2017-02-09 12:03:24','2017-02-09 12:03:24','29b2f874-886d-4d71-b2a8-dfdf609b31cd'),(161,'Entry',1,0,'2017-02-09 12:03:55','2017-02-09 12:03:55','f3ac2635-5626-4987-bff8-32f3989e0586'),(162,'Entry',1,0,'2017-02-09 12:04:26','2017-02-09 12:04:26','a2a6b8e0-a386-4db8-841a-f8b350c31754'),(163,'Entry',1,0,'2017-02-09 12:05:02','2017-02-09 12:05:02','3f8f22c5-93c5-43eb-9452-fe6aa0a97925'),(164,'Entry',1,0,'2017-02-09 12:06:08','2017-02-09 12:06:08','ad62e78c-9d4e-4ffb-94f5-704339657a5b'),(165,'Entry',1,0,'2017-02-09 12:08:17','2017-02-09 12:08:17','ca56eb46-3e3f-4e68-ae1a-1ff51f7f2dae'),(166,'Entry',1,0,'2017-02-09 12:10:34','2017-03-28 22:02:44','f7015d03-ab94-4d7b-ac3d-781d2db862f4'),(168,'Entry',1,0,'2017-02-09 12:11:34','2017-02-09 12:11:34','208a4800-ea0f-4521-a0c7-ee2e5ca29400'),(169,'MatrixBlock',1,0,'2017-02-09 12:11:34','2017-02-09 12:11:34','49f001ed-e3c6-4195-aac8-fb1b245d04d5'),(170,'Entry',1,0,'2017-02-09 12:12:56','2017-03-28 23:34:03','041bfbf5-00aa-460d-9ebb-dd01b052d04a'),(171,'MatrixBlock',1,0,'2017-02-09 12:12:56','2017-03-28 23:34:03','4f34c200-8c08-44ab-93aa-1fa6f5deef98'),(172,'Entry',1,0,'2017-02-09 12:13:53','2017-03-28 22:04:50','2a09837c-3a04-46c3-ab25-39404ff670ea'),(173,'MatrixBlock',1,0,'2017-02-09 12:13:53','2017-03-28 22:04:50','1d5e605e-b326-4c6c-a9b1-7a42e53a40a0'),(174,'Entry',1,0,'2017-02-09 12:14:31','2017-03-28 22:06:09','3a76081d-0c49-4453-b8fe-28315866a6b8'),(175,'MatrixBlock',1,0,'2017-02-09 12:14:31','2017-03-28 22:06:09','bc6977c9-3003-42d7-a221-809ad1213cdb'),(176,'Entry',1,0,'2017-02-09 12:15:11','2017-03-28 22:08:00','797b9586-4b72-4d95-8f52-283712ee286e'),(177,'MatrixBlock',1,0,'2017-02-09 12:15:11','2017-03-28 22:08:00','77f81855-608d-40a8-b3a3-28cedc8a9e70'),(179,'Entry',1,0,'2017-02-09 12:19:13','2017-02-09 12:19:13','8f364c95-07e0-4bda-90a2-767354a3f3fc'),(180,'Entry',1,0,'2017-02-09 12:19:49','2017-02-09 12:19:49','0b17dde4-749c-4e4c-852c-c6cfb083b04b'),(181,'Entry',1,0,'2017-02-09 12:20:42','2017-02-09 12:21:08','acbe1144-71e8-4ef8-a42d-223e18d82d69'),(182,'Entry',1,0,'2017-02-09 12:22:37','2017-02-09 12:23:46','978d6a1e-1e5b-46ce-9a5e-3ba9a2405854'),(183,'Entry',1,0,'2017-02-09 12:23:27','2017-02-09 12:23:27','9851ef56-7dde-477f-8ae4-fa98d1112943'),(184,'Entry',1,0,'2017-02-09 14:12:37','2017-03-18 13:06:50','7c012ef3-a4c1-4ef7-9224-0ec53d1fe35e'),(185,'MatrixBlock',1,0,'2017-02-09 14:12:38','2017-03-18 13:06:50','cb1a2425-3044-49b4-ac32-c7fb6181cb5a'),(186,'Asset',1,0,'2017-02-09 15:51:02','2017-02-09 15:51:02','49eb27e4-1298-4b75-80be-90946112f2de'),(187,'Asset',1,0,'2017-02-11 18:24:20','2017-02-11 18:24:20','f1d1dc13-516f-4e6a-b192-ede9d711f81d'),(188,'Asset',1,0,'2017-02-11 18:24:23','2017-02-11 18:24:23','5cf98d7d-050c-43d7-8ed3-5577b79aa7d8'),(189,'Asset',1,0,'2017-02-11 18:24:23','2017-02-11 18:24:23','b82da5f8-1de5-4e4c-820a-d01dd8c3c660'),(190,'Asset',1,0,'2017-02-11 18:24:24','2017-02-11 18:24:24','3c7689a8-0088-417f-a32a-e105fb9f8316'),(191,'Asset',1,0,'2017-02-11 18:24:26','2017-02-11 18:27:58','c5d7b416-2ef6-4028-8f37-e24ea8d48498'),(192,'Asset',1,0,'2017-02-11 18:24:28','2017-02-11 18:24:28','b86eb335-92d6-457b-abb4-6aff6cc22f43'),(196,'Entry',1,0,'2017-02-11 18:28:49','2017-02-11 18:28:49','9c7622af-155e-47bc-9173-d1f0c255ba37'),(197,'MatrixBlock',1,0,'2017-02-11 18:28:49','2017-02-11 18:28:49','8418f3d7-b8d2-4aeb-bf46-df9fa0983e56'),(198,'MatrixBlock',1,0,'2017-02-11 18:28:49','2017-02-11 18:28:49','7b377e67-f51d-499b-9b47-4808a7ab8619'),(199,'MatrixBlock',1,0,'2017-02-11 18:28:49','2017-02-11 18:28:49','069d91ef-7b06-4bce-bd1b-6d999ab1a395'),(200,'MatrixBlock',1,0,'2017-02-11 18:28:49','2017-02-11 18:28:49','f2d8e2eb-f53d-4e9e-8e34-da614b0502c6'),(201,'MatrixBlock',1,0,'2017-02-11 18:29:35','2017-02-11 18:29:35','19fae9e7-7a45-4125-a7e1-c1d55b3bab6e'),(202,'Asset',1,0,'2017-02-12 20:05:40','2017-02-12 20:05:40','eb01d295-672b-4921-bd50-e80396e717de'),(204,'MatrixBlock',1,0,'2017-02-12 20:08:16','2017-03-28 22:02:44','0c78c2e4-c85e-4584-9361-a74298ba9f05'),(205,'Entry',1,0,'2017-02-12 20:44:33','2017-03-28 22:02:41','973f8b41-02b0-4de1-b43a-b1427d509680'),(206,'MatrixBlock',1,0,'2017-02-12 20:44:33','2017-03-28 22:02:41','12774763-29dc-4c54-8d2e-31d5c6293daa'),(213,'Asset',1,0,'2017-02-12 21:44:40','2017-02-12 21:44:40','2a126348-abd2-4987-9a99-a5acf5624c27'),(214,'Asset',1,0,'2017-02-12 21:45:03','2017-02-12 21:45:03','b34e1d81-241f-4b86-9030-4b6f3ec2f17c'),(215,'Asset',1,0,'2017-02-12 21:45:24','2017-02-12 21:45:24','b1e97e87-be6f-4506-90bb-f6d5d160b56f'),(216,'Entry',1,0,'2017-02-12 21:46:08','2017-02-12 22:59:30','05fa3463-d563-4b1c-9986-9a79ffa286aa'),(217,'MatrixBlock',1,0,'2017-02-12 21:46:08','2017-02-12 21:46:08','508ab394-5217-4027-becf-847fc6a5b869'),(218,'MatrixBlock',1,0,'2017-02-12 21:46:08','2017-02-12 21:46:08','61db9dc3-e976-4cc3-afd9-4cd8172a9a40'),(219,'MatrixBlock',1,0,'2017-02-12 21:46:08','2017-02-12 21:46:08','97122954-216a-466c-bd52-8afbd7803867'),(220,'MatrixBlock',1,0,'2017-02-12 21:47:44','2017-03-18 13:10:53','768af6c0-3397-4055-9c9c-7f0c93f10455'),(221,'Entry',1,0,'2017-02-12 22:36:41','2017-03-18 13:06:48','0623fd21-a2ce-4ded-96a5-3a5e3d9fedec'),(225,'MatrixBlock',1,0,'2017-02-12 22:43:45','2017-03-18 13:06:48','0f2a8d42-0e47-49e3-8bab-8d707f91ed38'),(226,'MatrixBlock',1,0,'2017-02-12 22:43:45','2017-03-18 13:06:48','9521d41b-ffa9-451e-8081-8254159d6dc6'),(227,'MatrixBlock',1,0,'2017-02-12 22:43:46','2017-03-18 13:06:48','c6bc7f6b-5e19-4e6a-9ff6-615e71c30a7a'),(228,'MatrixBlock',1,0,'2017-02-12 22:45:48','2017-03-18 13:06:51','86fa834e-f8ad-498c-b6a8-d8901e4468e3'),(229,'MatrixBlock',1,0,'2017-02-12 22:58:54','2017-02-12 22:59:31','29b279cb-e9ee-4084-aa04-f9862deae699'),(230,'MatrixBlock',1,0,'2017-02-12 22:58:55','2017-02-12 22:59:31','d8a9ba8f-ba8f-4e52-ad16-e9764a8ed429'),(231,'MatrixBlock',1,0,'2017-02-12 22:58:55','2017-02-12 22:59:31','1d728391-66b9-4dad-a8a9-adfe091f8b77'),(232,'MatrixBlock',1,0,'2017-02-12 23:03:05','2017-03-18 13:10:53','59e98471-0219-4f6a-8dc6-5f9f769a2499'),(233,'Entry',1,0,'2017-02-12 23:10:06','2017-03-18 12:55:58','01c949c7-0a52-4144-999e-34c0c2d23c9c'),(234,'MatrixBlock',1,0,'2017-02-12 23:10:06','2017-03-18 12:55:58','a3538580-a98b-4257-9685-f5fe9b08c2ac'),(235,'MatrixBlock',1,0,'2017-02-12 23:10:06','2017-03-18 12:55:59','4a8347b4-8a91-44ee-bfb3-f4d69b5af3e8'),(236,'MatrixBlock',1,0,'2017-02-12 23:10:06','2017-03-18 12:55:59','006c0c65-8f9b-4b57-b907-f4e126587f9c'),(237,'MatrixBlock',1,0,'2017-02-12 23:11:01','2017-02-12 23:11:01','2b61fbe4-b116-43b6-bca0-e3bab498ba10'),(238,'MatrixBlock',1,0,'2017-02-12 23:52:35','2017-02-13 00:04:40','e27e22c9-dade-4fbb-b5af-5dae23ee108a'),(239,'Entry',1,0,'2017-02-13 01:20:21','2017-02-13 01:20:21','6e626115-70bd-46cd-b436-80a0075c342f'),(240,'MatrixBlock',1,0,'2017-02-13 01:20:22','2017-02-13 01:20:22','83760901-3eea-4b71-8fcf-f138a211cd6f'),(241,'MatrixBlock',1,0,'2017-02-13 01:28:43','2017-03-18 13:08:08','59da35bf-8b7e-4cd6-b40e-f61af5d3b0fc'),(242,'Entry',1,0,'2017-02-17 08:31:32','2017-03-28 22:29:48','af94c895-7da9-4c84-b456-47e1bfc1e05c'),(243,'MatrixBlock',1,0,'2017-02-17 08:34:26','2017-03-28 22:29:48','7b71a139-c580-402d-8be6-d602c470baef'),(244,'MatrixBlock',1,0,'2017-02-17 08:34:26','2017-03-28 22:29:48','dc7143a1-c756-4112-b603-1dacdde639c2'),(245,'Entry',1,0,'2017-02-17 08:35:56','2017-02-17 08:35:56','cb497f0e-c312-4290-b9fe-39887355b4ff'),(246,'MatrixBlock',1,0,'2017-02-17 08:35:56','2017-02-17 08:35:56','51c193ad-2925-4319-bdc8-879df1569de6'),(247,'Asset',1,0,'2017-02-17 08:49:35','2017-02-17 08:49:35','0b494da7-5bb1-4d1d-87d8-05587587ee83'),(248,'Entry',1,0,'2017-02-17 08:50:02','2017-02-17 08:50:02','08f7a9dc-59e8-4ba1-87b0-528efcba05c9'),(249,'Asset',1,0,'2017-02-17 08:50:35','2017-02-17 08:50:35','f59ac232-229f-4735-8441-ffde60fdf1b2'),(250,'Entry',1,0,'2017-02-17 08:51:11','2017-02-17 08:51:11','d54b5154-9e3f-4555-b927-1e5ce8c3ee1a'),(251,'Asset',1,0,'2017-02-17 08:52:04','2017-02-17 08:52:04','dfa20811-e513-4a3a-a374-aaf32d4ba77a'),(252,'Entry',1,0,'2017-02-17 08:52:09','2017-02-17 08:52:09','c0d5ac28-f7f2-4865-996f-d731c17efd60'),(260,'Entry',1,0,'2017-02-17 09:03:42','2017-03-28 22:14:24','0ccd5249-ee9f-4dc4-b430-8ed3da204ab0'),(261,'MatrixBlock',1,0,'2017-02-17 09:03:42','2017-03-28 22:14:24','d73af6a9-31da-453a-94d5-62f4489a3110'),(262,'MatrixBlock',1,0,'2017-02-17 09:03:42','2017-03-28 22:14:24','f4532baf-c441-456f-a133-40df7bac3d3c'),(263,'MatrixBlock',1,0,'2017-02-17 09:03:42','2017-03-28 22:14:24','bd23acf1-bc3d-446d-bb20-18dfcc04b76e'),(264,'Entry',1,0,'2017-02-17 09:06:02','2017-03-28 22:29:44','cdfd0257-adf2-4f1a-a272-f128602183d7'),(265,'MatrixBlock',1,0,'2017-02-17 09:06:02','2017-03-28 22:29:44','bc06d12d-8385-450e-8043-09ceb9ce30e5'),(266,'MatrixBlock',1,0,'2017-02-17 09:07:18','2017-03-28 22:29:48','4841125f-ccec-40be-b958-b2ce9d9a165f'),(267,'Entry',1,0,'2017-02-17 12:04:36','2017-03-28 22:17:48','32c5b11a-3aef-4ab8-ba6f-070367d2aeb4'),(268,'MatrixBlock',1,0,'2017-02-17 12:04:36','2017-03-28 22:17:48','010644a3-420d-43c0-bac6-753259872044'),(269,'MatrixBlock',1,0,'2017-02-17 12:04:37','2017-03-28 22:17:48','05771b34-bbb3-4f93-9f8b-4a58f2567f4f'),(270,'MatrixBlock',1,0,'2017-02-17 12:04:37','2017-03-28 22:17:48','566fed18-03e3-4591-a377-aef2ff96df0d'),(271,'Asset',1,0,'2017-02-17 12:08:21','2017-02-17 12:08:21','11aee95e-3340-420a-97f2-1fcd5a61852d'),(272,'Entry',1,0,'2017-02-17 12:10:26','2017-03-28 22:16:24','4e4a9627-094b-4c8a-baaa-38ba349592fe'),(273,'MatrixBlock',1,0,'2017-02-17 12:10:26','2017-03-28 22:16:24','4290a810-0f8e-4493-a1ac-cf780868c004'),(274,'MatrixBlock',1,0,'2017-02-17 12:10:26','2017-03-28 22:16:24','6a69da62-dc3e-42ff-bb69-ad35b71644ba'),(275,'MatrixBlock',1,0,'2017-02-17 12:10:27','2017-03-28 22:16:24','8e83d06a-6d29-480e-be62-3b20258c6fc1'),(276,'MatrixBlock',1,0,'2017-02-17 12:10:27','2017-03-28 22:16:24','02d4bb29-d5a2-428d-b59d-ec75fc1d9027'),(277,'MatrixBlock',1,0,'2017-02-17 12:10:27','2017-03-28 22:16:24','0607e201-3ae1-40bd-9706-a0b1834c3ad2'),(278,'MatrixBlock',1,0,'2017-02-17 12:10:27','2017-03-28 22:16:24','f2d28675-c243-4765-a901-fecdbf5035fe'),(279,'MatrixBlock',1,0,'2017-02-17 12:19:12','2017-03-28 22:29:48','1c5a5550-2076-46f1-ab4e-c9fd89bca57d'),(280,'MatrixBlock',1,0,'2017-02-17 12:19:12','2017-03-28 22:29:48','ccd5c12d-22dc-47d8-a8f5-b98d32673800'),(281,'MatrixBlock',1,0,'2017-02-17 12:19:12','2017-03-28 22:29:48','9121b581-f607-4ec5-95fa-b3caeffaaf2c'),(282,'MatrixBlock',1,0,'2017-02-17 12:19:12','2017-03-28 22:29:48','48c3b43b-361e-4804-85e5-86d9956418ac'),(283,'Asset',1,0,'2017-03-18 12:47:53','2017-03-18 12:47:53','24fa298f-4400-41b6-ade2-9fdf45ef446c'),(284,'Asset',1,0,'2017-03-18 12:48:32','2017-03-18 12:48:32','46943bb7-1cdc-49c1-863b-215ed5cec59a'),(285,'Asset',1,0,'2017-03-18 12:49:32','2017-03-18 12:49:32','59524af1-e5bd-44c9-91b4-7665f7e66a9b'),(286,'Asset',1,0,'2017-03-18 12:51:15','2017-03-18 12:51:15','f5d69cb9-d135-4802-af99-f614ad4aa713'),(287,'Asset',1,0,'2017-03-18 12:55:04','2017-03-18 12:55:04','dfecabe8-a4d7-4136-a5fb-e1cdd06760c7'),(288,'Asset',1,0,'2017-03-18 12:55:33','2017-03-18 12:55:33','fe021ae3-ecf1-455f-ba5e-223c3e6b8abb'),(289,'Asset',1,0,'2017-03-18 12:55:45','2017-03-18 12:55:45','b3b0077b-7430-4949-9143-aa87cc303528'),(290,'MatrixBlock',1,0,'2017-03-25 13:45:01','2017-03-25 13:45:01','1fe66c5b-af51-4532-ac58-05d86f86dca7'),(291,'MatrixBlock',1,0,'2017-03-25 13:45:01','2017-03-25 13:45:01','ef202ec3-c87d-4e15-9611-508513df492a'),(292,'MatrixBlock',1,0,'2017-03-25 13:45:01','2017-03-25 13:45:01','05d13b37-8ff6-4404-aaae-6c8989d78226'),(293,'MatrixBlock',1,0,'2017-03-25 13:45:01','2017-03-25 13:45:01','ca156912-be3f-4703-aa4c-4e5d1dd2e592'),(294,'MatrixBlock',1,0,'2017-03-25 13:45:01','2017-03-25 13:45:01','c740a76a-ec99-483c-9f9e-775f29ac036a'),(295,'MatrixBlock',1,0,'2017-03-25 13:45:01','2017-03-25 13:45:01','2f0233ed-21ab-4c35-b3f5-74630ce1fe72'),(296,'MatrixBlock',1,0,'2017-03-25 13:45:01','2017-03-25 13:45:01','c14194d5-8c4e-481a-ad17-52494b1385da'),(297,'MatrixBlock',1,0,'2017-03-25 13:45:01','2017-03-25 13:45:01','cfefcad1-49f2-4ef3-adaf-baa512b79a49'),(298,'MatrixBlock',1,0,'2017-03-25 13:45:01','2017-03-25 13:45:01','9a829c0a-de7a-4bcf-a07f-94759150f164'),(299,'MatrixBlock',1,0,'2017-03-25 13:45:01','2017-03-25 13:45:01','599cc782-88bb-4b6a-a589-2e56c41732da'),(300,'MatrixBlock',1,0,'2017-03-25 13:45:01','2017-03-25 13:45:01','44ea180b-e746-4700-82b1-28b82f067e39'),(301,'MatrixBlock',1,0,'2017-03-25 13:45:01','2017-03-25 13:45:01','cd3690ee-ce3b-49c5-83e1-4961a0721e75'),(302,'MatrixBlock',1,0,'2017-03-25 13:45:01','2017-03-25 13:45:01','fe69f082-3c02-4fa6-9a5b-66463800b481'),(303,'MatrixBlock',1,0,'2017-03-25 13:45:01','2017-03-25 13:45:01','2e236eda-6a35-43f8-9c11-3a0d8cfa73cc'),(304,'MatrixBlock',1,0,'2017-03-25 13:45:01','2017-03-25 13:45:01','c87741b6-78f7-4fe0-84cf-0e9b5bf7cca5'),(305,'MatrixBlock',1,0,'2017-03-25 13:45:01','2017-03-25 13:45:01','58811cad-83e6-4056-afee-e9251c4b0cb0'),(306,'MatrixBlock',1,0,'2017-03-25 13:45:01','2017-03-25 13:45:01','7434ccab-d6a4-48e5-bac7-eede9b7f1cbc'),(307,'MatrixBlock',1,0,'2017-03-25 13:45:01','2017-03-25 13:45:01','bb50dc8d-7c1a-4089-b4d6-b6bb3bb80d04'),(308,'MatrixBlock',1,0,'2017-03-25 13:45:01','2017-03-25 13:45:01','8542e5d5-cd73-4193-8c00-7bca9350ad86');
/*!40000 ALTER TABLE `craft_elements` ENABLE KEYS */;
UNLOCK TABLES;

--
-- Table structure for table `craft_elements_i18n`
--

DROP TABLE IF EXISTS `craft_elements_i18n`;
/*!40101 SET @saved_cs_client     = @@character_set_client */;
/*!40101 SET character_set_client = utf8 */;
CREATE TABLE `craft_elements_i18n` (
  `id` int(11) NOT NULL AUTO_INCREMENT,
  `elementId` int(11) NOT NULL,
  `locale` char(12) COLLATE utf8_unicode_ci NOT NULL,
  `slug` varchar(255) COLLATE utf8_unicode_ci DEFAULT NULL,
  `uri` varchar(255) COLLATE utf8_unicode_ci DEFAULT NULL,
  `enabled` tinyint(1) unsigned NOT NULL DEFAULT '1',
  `dateCreated` datetime NOT NULL,
  `dateUpdated` datetime NOT NULL,
  `uid` char(36) COLLATE utf8_unicode_ci NOT NULL DEFAULT '0',
  PRIMARY KEY (`id`),
  UNIQUE KEY `craft_elements_i18n_elementId_locale_unq_idx` (`elementId`,`locale`),
  UNIQUE KEY `craft_elements_i18n_uri_locale_unq_idx` (`uri`,`locale`),
  KEY `craft_elements_i18n_slug_locale_idx` (`slug`,`locale`),
  KEY `craft_elements_i18n_enabled_idx` (`enabled`),
  KEY `craft_elements_i18n_locale_fk` (`locale`),
  CONSTRAINT `craft_elements_i18n_elementId_fk` FOREIGN KEY (`elementId`) REFERENCES `craft_elements` (`id`) ON DELETE CASCADE,
  CONSTRAINT `craft_elements_i18n_locale_fk` FOREIGN KEY (`locale`) REFERENCES `craft_locales` (`locale`) ON DELETE CASCADE ON UPDATE CASCADE
) ENGINE=InnoDB AUTO_INCREMENT=309 DEFAULT CHARSET=utf8 COLLATE=utf8_unicode_ci;
/*!40101 SET character_set_client = @saved_cs_client */;

--
-- Dumping data for table `craft_elements_i18n`
--

LOCK TABLES `craft_elements_i18n` WRITE;
/*!40000 ALTER TABLE `craft_elements_i18n` DISABLE KEYS */;
INSERT INTO `craft_elements_i18n` VALUES (1,1,'en_us','',NULL,1,'2015-10-24 08:36:37','2017-02-11 17:40:27','8b891f5b-315b-49fb-b279-32637e8c8f68'),(2,2,'en_us','homepage','__home__',1,'2015-10-24 08:36:38','2017-02-13 00:04:40','022cf441-c7be-4f46-abea-43166f339277'),(3,3,'en_us','let-the-waves-lift-your-soul-along-south-africas-sun-soaked-coast','blog/2017/let-the-waves-lift-your-soul-along-south-africas-sun-soaked-coast',1,'2015-10-24 08:36:38','2017-02-04 17:11:35','b81a1e6c-66a0-4975-b793-a84a06cd62e2'),(4,4,'en_us','lorem-3',NULL,1,'2015-10-24 09:10:59','2016-09-02 13:31:19','a925d05c-a140-42e3-9fdd-612e3468c4c5'),(6,6,'en_us','lorem-1',NULL,1,'2015-10-24 09:11:07','2016-09-02 13:31:18','600e14b4-56da-4447-952e-80639ee1f3c9'),(8,8,'en_us','',NULL,1,'2015-10-24 09:11:24','2017-02-04 17:11:35','735c00d0-72a7-46cf-b1e3-21e98a457e74'),(20,20,'en_us','about-keep-it-local','pages/about-keep-it-local',1,'2015-10-24 10:47:23','2017-03-18 13:04:24','e0c66e72-e356-4ad5-8775-be80b4eb46d1'),(21,21,'en_us','',NULL,1,'2015-10-24 10:47:23','2017-03-18 13:04:24','eb0d19d3-6583-48dd-aff0-c26562d2758a'),(22,22,'en_us','',NULL,1,'2015-10-24 10:50:39','2017-02-13 00:04:40','5b5bef09-a027-414d-98a6-9e64322f7776'),(23,23,'en_us','',NULL,1,'2015-10-24 10:50:39','2017-02-13 00:04:41','5d63ad98-4193-48e2-ad00-480522063415'),(24,24,'en_us','about-keep-it-local','main-navigation/about-keep-it-local',1,'2015-10-24 11:48:02','2017-02-11 14:29:12','52885ee3-626d-40eb-86c1-0e79ec8847fa'),(25,25,'en_us','become-a-local','main-navigation/become-a-local',1,'2015-10-24 11:48:14','2017-03-26 19:56:25','dacb83af-f25b-4c03-a8eb-e421140de3a2'),(26,26,'en_us','how-it-works','main-navigation/how-it-works',1,'2015-10-24 12:01:35','2017-02-09 14:11:12','9bd4fd87-e614-4562-a03d-f8fec59dc146'),(27,27,'en_us','',NULL,1,'2015-10-25 08:20:15','2017-03-28 22:09:44','1ef36641-7d19-4e02-bd16-ad7eaa4dee25'),(28,28,'en_us','500x500',NULL,1,'2015-10-25 09:00:10','2016-09-02 13:31:18','0db37049-2f44-4c2c-86a0-f3b9ccbc71a2'),(29,29,'en_us','',NULL,1,'2015-10-25 09:01:26','2017-03-28 22:09:44','6075669a-7216-466e-be3a-3548a48a24cf'),(30,30,'en_us','',NULL,1,'2015-10-25 09:01:26','2017-03-28 22:09:44','acf3a721-4ada-4826-af0e-bc599b145ccd'),(31,31,'en_us','',NULL,1,'2015-10-25 09:01:26','2017-03-28 22:09:44','102a16f1-9a3f-47e5-a4c2-16cf0497c163'),(32,32,'en_us','from-the-roots-of-all-humanity-to-a-human-story-that-inspired-the-world','blog/2015/from-the-roots-of-all-humanity-to-a-human-story-that-inspired-the-world',1,'2015-10-25 10:08:24','2017-02-04 17:12:24','1e37ac43-2365-422e-b34c-730f0eeb9157'),(34,34,'en_us','',NULL,1,'2015-10-25 10:08:24','2017-02-04 17:12:24','635ffbd3-08b8-4a5b-aa92-50230d98a1eb'),(47,47,'en_us','home-page-slideshow','panels/home-page-slideshow',1,'2015-10-25 14:10:04','2017-02-07 16:24:38','343e1fea-b9fe-41fa-a63d-eea4cc64cc8d'),(52,52,'en_us','',NULL,1,'2015-11-08 08:45:30','2017-02-02 16:44:35','c2c5c154-4097-4d6d-94ab-903880c0da60'),(53,53,'en_us','first-gallery-entry','galleries/first-gallery-entry',1,'2015-11-08 10:10:03','2017-02-02 18:19:07','c5201909-92dd-43e0-89ae-ebf0d80d9f43'),(54,54,'en_us','',NULL,1,'2015-11-08 10:10:03','2017-02-02 18:19:08','3a37c0cb-13f6-49c4-9634-b44d25abb0c5'),(55,55,'en_us','',NULL,1,'2015-11-08 10:10:03','2017-02-02 18:19:08','87ec946e-1c92-4d31-a06e-732ef16a2e77'),(57,57,'en_us','',NULL,1,'2015-11-08 10:35:08','2017-02-02 18:19:08','4c0ac1d9-b523-4aa8-85e2-07dc6ccfe78b'),(58,58,'en_us','contact',NULL,1,'2015-11-14 09:59:50','2016-09-03 14:55:02','e528890f-88b3-4a2a-8460-519c17ac0507'),(60,60,'en_us','contact','main-navigation/contact',1,'2015-11-14 10:49:28','2017-04-02 12:04:09','8f481766-46ea-479b-b235-7d452ddd20ae'),(64,64,'en_us','lorem-2',NULL,1,'2015-11-14 18:25:19','2016-09-02 13:31:19','0b5ba054-21e8-40eb-8c9a-9b8dbb2328a0'),(65,65,'en_us','',NULL,1,'2015-11-14 19:52:28','2015-11-14 19:53:43','41c1e731-da44-4837-be48-80be6eb246ff'),(70,70,'en_us','contact-us','pages/contact-us',1,'2015-11-29 10:35:19','2015-11-29 12:02:27','7d00f36b-bdb5-4885-9225-0a07e6d71154'),(71,71,'en_us','',NULL,1,'2015-11-29 10:35:19','2015-11-29 12:02:27','bfa93577-ffba-403b-9991-04284296cd21'),(72,72,'en_us','',NULL,1,'2015-11-29 10:37:48','2015-11-29 12:02:27','becb7cb3-7550-4797-8afe-5fed30e9ea1b'),(77,77,'en_us','enquiry-stephen-stephen-keepitlocalsa-com-sun-29-nov-2015-112726',NULL,1,'2015-11-29 11:27:26','2015-11-29 11:27:26','28f10c1c-5597-4998-a3f9-35cdb4ba3b08'),(78,78,'en_us','default-logo',NULL,1,'2015-11-29 11:51:16','2016-09-02 13:31:18','ed58898a-d1a3-404f-b15e-1d82c8ed376f'),(79,79,'en_us','enquiry-test-test-example-com-sun-29-nov-2015-120308',NULL,1,'2015-11-29 12:03:08','2015-11-29 12:03:08','018c541d-1a8f-4a1a-8b3e-3422fade0d6d'),(80,80,'en_us','enquiry-test-test-test-com-sun-29-nov-2015-120632',NULL,1,'2015-11-29 12:06:32','2015-11-29 12:06:32','520d67fe-0e29-4544-958a-c353965b284d'),(81,81,'en_us','enquiry-test-test-example-com-sun-29-nov-2015-120752',NULL,1,'2015-11-29 12:07:52','2015-11-29 12:07:52','9b1094ad-0023-40f5-986f-09cec186f6c0'),(82,82,'en_us','enquiry-stephen-stephen-keepitlocalsa-com-sun-29-nov-2015-121110',NULL,1,'2015-11-29 12:11:10','2015-11-29 12:11:10','43e9dca9-635b-4101-8ffd-9f813b384216'),(84,84,'en_us','enquiry-stephen-stephen-keepitlocalsa-com-mon-30-nov-2015-093804',NULL,1,'2015-11-30 09:38:04','2015-11-30 09:38:04','05f529df-9d6a-46bb-aad1-8441d325d25c'),(92,92,'en_us','finding-a-local','pages/finding-a-local',1,'2016-02-08 15:42:43','2017-03-18 13:08:08','d67af019-cb62-4d6e-a277-995e54069839'),(93,93,'en_us','',NULL,1,'2016-02-08 15:53:33','2017-03-18 13:08:08','ce7e6863-5b56-42de-b0d2-7ebe2b68f5f6'),(95,95,'en_us','become-a-host','main-navigation/become-a-host',1,'2016-02-08 19:51:05','2017-03-26 19:36:29','fc5a9f6d-fcc8-4812-bb47-f3ba787b8aa3'),(96,96,'en_us','brilliant-backpacking-along-the-garden-route','blog/2016/brilliant-backpacking-along-the-garden-route',1,'2016-05-05 13:27:17','2017-02-11 18:29:34','04a8ebd6-4ab3-4310-bbd6-fa4278a3bba6'),(98,98,'en_us','video-panel-on-home-page','panels/video-panel-on-home-page',1,'2016-05-05 14:49:31','2016-09-02 13:45:54','2d66ce0f-1ed4-4dd9-953f-91b70f1107f5'),(100,100,'en_us','screen-shot-2016-01-22-at-1-31-05-pm',NULL,1,'2016-09-02 13:31:18','2016-09-02 13:31:18','0974d6f6-f0c3-4217-a270-5441022e78fd'),(101,101,'en_us','lorem-4-portrait',NULL,1,'2016-09-02 13:31:19','2016-09-02 13:31:19','93314679-755b-4b38-93ae-4f04491f5ec6'),(102,102,'en_us','enquiry-stephen-stephen-keepitlocalsa-com-sat-03-sep-2016-143021',NULL,1,'2016-09-03 14:30:22','2016-09-03 14:30:22','521e0c6b-4cd5-4d41-bb93-142bfa896ee3'),(103,103,'en_us','enquiry-stephen-stephen-keepitlocalsa-com-sat-03-sep-2016-145533',NULL,1,'2016-09-03 14:55:34','2016-09-03 14:55:34','26305b0b-0d9d-45b5-86c4-5da80d85730d'),(104,104,'en_us','enquiry-dfh-tina-keepitlocalsa-com-mon-07-nov-2016-064648',NULL,1,'2016-11-07 06:46:49','2016-11-07 06:46:49','32bd4f4b-d680-4926-a56c-de4cba541fa8'),(105,105,'en_us','logo',NULL,1,'2017-02-02 16:43:53','2017-02-02 16:43:53','958769a3-2691-4ef9-a396-2de9cb7d1909'),(106,106,'en_us','cape-town-1562907-1920',NULL,1,'2017-02-02 18:17:26','2017-02-02 18:17:26','1ee3ad65-ae28-40e4-a4d1-853c1df3d79d'),(107,107,'en_us','south-africa-207799-1920',NULL,1,'2017-02-02 18:17:58','2017-02-02 18:17:58','48706a50-8155-4744-9002-0fa927c8ff21'),(108,108,'en_us','beautiful-1214780-1920',NULL,1,'2017-02-02 18:18:35','2017-02-02 18:18:35','e19ae6fe-7074-4118-b536-d6319f7b3041'),(109,109,'en_us','',NULL,1,'2017-02-02 18:21:09','2017-02-07 16:24:38','4d349cc7-6339-47db-a327-3e7de1b425d3'),(110,110,'en_us','',NULL,1,'2017-02-02 18:21:09','2017-02-07 16:24:38','f0ea539f-e5e9-4bb9-9872-fcb25061bff7'),(111,111,'en_us','',NULL,1,'2017-02-02 18:21:09','2017-02-07 16:24:38','512d797c-863a-4c48-92ed-6a412a522fcb'),(113,113,'en_us','booking-advice','pages/booking-advice',1,'2017-02-04 16:14:44','2017-03-18 13:10:53','898ca307-2553-4507-baa3-723fd42150fe'),(115,115,'en_us','faq','pages/faq',1,'2017-02-04 16:17:41','2017-03-25 13:45:01','60f9b9ed-7679-4425-9ed9-aa9aebbcf207'),(116,116,'en_us','',NULL,1,'2017-02-04 16:17:41','2017-03-25 13:45:01','10e51f2c-46ed-4119-a8dc-c7ba5fa4f058'),(117,117,'en_us','',NULL,1,'2017-02-04 16:17:42','2017-03-25 13:45:01','3894bda3-b901-4f5e-b7cb-6e1e0569ad76'),(118,118,'en_us','',NULL,1,'2017-02-04 16:17:42','2017-03-25 13:45:01','aa0a7de8-23fb-4ce4-be6a-a9fc634da377'),(119,119,'en_us','privacy-policy','pages/privacy-policy',1,'2017-02-04 16:18:52','2017-02-04 16:19:49','3a7d4227-c7c5-495f-b770-54535a32fb01'),(120,120,'en_us','',NULL,1,'2017-02-04 16:18:52','2017-02-04 16:19:49','2a1b24ea-4765-4615-b63e-5405de932960'),(121,121,'en_us','image-place-holder',NULL,1,'2017-02-04 16:45:41','2017-02-04 16:45:41','4827fc8b-8651-495e-961c-cdd9bc8e20a4'),(122,122,'en_us','gray-right-arrow',NULL,1,'2017-02-04 16:45:52','2017-02-04 16:45:52','f1c2aef3-fc2f-4c35-998d-ea7bcb9007bd'),(123,123,'en_us','bill','panels/bill',1,'2017-02-04 16:49:58','2017-02-04 16:49:58','fd44f98c-889e-4b77-8976-2bd1cf83e426'),(124,124,'en_us','',NULL,1,'2017-02-04 16:49:58','2017-02-04 16:49:58','f3495a2a-8938-4c80-a903-9e672d95e54d'),(125,125,'en_us','kinky','panels/kinky',1,'2017-02-04 16:51:29','2017-02-04 16:51:29','ae7d11cb-a56d-433d-aab2-3c565c1d40b6'),(126,126,'en_us','',NULL,1,'2017-02-04 16:51:29','2017-02-04 16:51:29','687ec8f8-f8ef-4596-8d31-6a17813a857e'),(127,127,'en_us','olivia','panels/olivia',1,'2017-02-04 16:53:04','2017-02-04 16:53:04','138d048b-0787-4a0b-9eac-a773f738d36b'),(128,128,'en_us','',NULL,1,'2017-02-04 16:53:05','2017-02-04 16:53:05','3fea75de-5f52-41c7-aaa0-453b95f42f82'),(129,129,'en_us','',NULL,1,'2017-02-04 16:59:51','2017-02-11 18:29:35','5d0cb8c1-3678-4fb2-a7a5-13b41e19af71'),(130,130,'en_us','19891560543-00424eb5d6-k-620-400-80auto-s-c1-center-top',NULL,1,'2017-02-04 17:02:04','2017-02-11 18:28:31','335c1306-6c02-4ba3-b74c-9f7b52629642'),(131,131,'en_us','sat-lim-rain-dance-2-ret-lr-rgb-620-400-80auto-s-c1-center-top',NULL,1,'2017-02-04 17:03:42','2017-02-04 17:03:42','fd0b169f-7065-455f-9d16-f3efcd3d18b3'),(132,132,'en_us','sat-ct-penguins-ret-lr-rgb-640-317-80auto-s',NULL,1,'2017-02-04 17:08:24','2017-02-04 17:08:24','63f1e080-4344-40dd-8a1c-3caf871cd021'),(133,133,'en_us','sat-kzn-sardine-run-1-ret-lr-rgb-620-400-80auto-s-c1-center-top',NULL,1,'2017-02-04 17:12:18','2017-02-04 17:12:18','49fca145-977b-4cbb-a25c-753b37984c83'),(134,134,'en_us','keep-it-local-website-assets-asset-2-3x',NULL,1,'2017-02-07 16:21:12','2017-02-07 16:21:12','ab7849ba-73ac-4fdf-aabc-e40c2d3be661'),(135,135,'en_us','keep-it-local-website-assets-asset-1',NULL,1,'2017-02-07 16:22:43','2017-02-07 16:22:43','0d341e74-f528-49d4-831f-b1c8c5c8abb0'),(136,136,'en_us','incredible-experience',NULL,1,'2017-02-07 18:26:07','2017-02-07 18:26:07','d52ff30a-ae69-4ddc-ba33-182bd02888f3'),(137,137,'en_us','avatar075',NULL,1,'2017-02-07 18:43:53','2017-02-07 18:43:53','7b7ea6ed-c778-49ca-8ad4-21cd72f67bff'),(138,138,'en_us','charming',NULL,1,'2017-02-07 18:44:19','2017-02-07 18:44:19','2bb03715-0127-4324-a3ff-3b75bcb67f1d'),(139,139,'en_us','2nd-great-stay',NULL,1,'2017-02-07 18:49:59','2017-02-07 18:49:59','06766f1c-49e1-4f57-b246-596bb55fff42'),(140,140,'en_us','enjoy-image-1-aqwhgp',NULL,1,'2017-02-08 11:20:34','2017-02-08 11:20:34','7fa9540b-b1da-4c7f-bbec-fbf1d9f276eb'),(141,141,'en_us','book-image-1a-ik-oy-b',NULL,1,'2017-02-08 11:20:36','2017-02-08 11:20:36','b42d73cf-cd1c-4a8e-9469-823f05617bda'),(142,142,'en_us','find-image-14a-zvcu',NULL,1,'2017-02-08 11:20:37','2017-02-08 11:20:37','c88445b1-948d-427b-a8be-519f6799363a'),(143,143,'en_us','step-1',NULL,1,'2017-02-08 11:21:04','2017-02-08 11:21:04','df501964-ce78-4579-a6d4-38e19132add8'),(144,144,'en_us','step-2',NULL,1,'2017-02-08 11:21:49','2017-02-08 11:21:49','5249d37c-1bb8-4031-8b9f-de4cc65ad442'),(145,145,'en_us','step-3',NULL,1,'2017-02-08 11:22:30','2017-02-08 11:22:30','fb3486a2-cd12-48ee-a748-2460444cb30a'),(146,146,'en_us','experiences','panels/experiences',1,'2017-02-08 15:07:48','2017-02-08 15:10:36','3d6c837c-402c-40b4-a157-9a99f2fbe405'),(147,147,'en_us','',NULL,1,'2017-02-08 15:07:48','2017-02-08 15:10:36','869758ef-6f3d-401c-acf4-6766276f34fd'),(148,148,'en_us','',NULL,1,'2017-02-08 15:10:36','2017-02-08 15:10:36','c8411abb-3eea-43fe-9464-b868a4a6b356'),(149,149,'en_us','',NULL,1,'2017-02-08 15:10:36','2017-02-08 15:10:36','6ec44c6c-0925-492d-849a-8bf44ea5c142'),(150,150,'en_us','',NULL,1,'2017-02-08 15:13:24','2017-02-13 00:04:41','e85e77f2-7570-4092-a1f4-e31792df4df5'),(152,152,'en_us','keep-it-local',NULL,1,'2017-02-09 11:15:22','2017-03-18 12:49:38','60e6a3ca-219e-48a1-b607-6dfce473c3ff'),(153,153,'en_us','100-private',NULL,1,'2017-02-09 11:16:19','2017-03-18 12:48:49','89386b68-dd38-4272-9122-effd4d37ee5b'),(154,154,'en_us','a-100-taste-of-the-city',NULL,1,'2017-02-09 11:17:16','2017-03-18 12:51:18','1e8da8ab-705b-47c9-a16d-d714099326dd'),(155,155,'en_us','how-it-works','pages/how-it-works',1,'2017-02-09 11:40:34','2017-02-12 23:11:01','561918e1-9239-413b-a60f-80ec9b3b04ac'),(156,156,'en_us','',NULL,1,'2017-02-09 11:40:34','2017-02-12 23:11:02','2574fab3-ab05-4dae-8eb7-d55b00e739db'),(157,157,'en_us','about-keep-it-local',NULL,1,'2017-02-09 12:01:26','2017-02-11 14:34:09','917d1975-67e4-4a15-942b-8c5adfd0c77d'),(158,158,'en_us','how-it-works',NULL,1,'2017-02-09 12:02:06','2017-02-09 12:02:07','04dd2dcd-ad88-432e-9a59-72ca1c51a14e'),(159,159,'en_us','becoming-a-local',NULL,1,'2017-02-09 12:02:42','2017-02-11 14:50:31','6214d3ee-1760-46ad-b65d-59f54ea126fb'),(160,160,'en_us','finding-a-local',NULL,1,'2017-02-09 12:03:24','2017-02-09 12:03:25','5eb04f8a-a3d7-4db1-94a1-4ad250649337'),(161,161,'en_us','booking-advice',NULL,1,'2017-02-09 12:03:55','2017-02-09 12:03:55','4e5b5975-597e-479f-8e40-2ee43051013e'),(162,162,'en_us','blog',NULL,1,'2017-02-09 12:04:26','2017-02-09 12:04:27','220df0da-c4e7-4f57-bd15-f05b11ada2d5'),(163,163,'en_us','gallery',NULL,1,'2017-02-09 12:05:02','2017-02-09 12:05:02','0605369c-73c6-4ebd-9a29-7a6874f9a4f0'),(164,164,'en_us','faq',NULL,1,'2017-02-09 12:06:08','2017-02-09 12:06:09','502a8eb9-53bf-444b-85bb-653680aa0d52'),(165,165,'en_us','privacy-policy',NULL,1,'2017-02-09 12:08:17','2017-02-09 12:08:17','60b74da0-d8b4-4afe-881d-d6def57f5930'),(166,166,'en_us','meet-the-team','pages/meet-the-team',1,'2017-02-09 12:10:34','2017-03-28 22:02:44','0a303ab1-f0e3-437f-a701-789c4f5f1712'),(168,168,'en_us','terms-conditions','pages/terms-conditions',1,'2017-02-09 12:11:34','2017-02-09 12:11:34','4decbcb4-80c3-4f6f-b8ca-a9fa6b4a72c1'),(169,169,'en_us','',NULL,1,'2017-02-09 12:11:34','2017-02-09 12:11:34','d2e79e99-eaac-487a-af4b-e24f17d99ee9'),(170,170,'en_us','payments-pricing','pages/payments-pricing',1,'2017-02-09 12:12:56','2017-03-28 23:34:03','2c178b4d-41c2-41f6-b3cb-e22167c0e166'),(171,171,'en_us','',NULL,1,'2017-02-09 12:12:56','2017-03-28 23:34:03','c793c492-faea-4aeb-8779-dbbaaaaa74d5'),(172,172,'en_us','cancellation-refunds','pages/cancellation-refunds',1,'2017-02-09 12:13:53','2017-03-28 22:04:50','f0565a70-9614-4b89-8f5d-8d9985c32a4d'),(173,173,'en_us','',NULL,1,'2017-02-09 12:13:53','2017-03-28 22:04:50','0efa6f28-eb93-455e-8fb8-a4f2b5d4e3e5'),(174,174,'en_us','security','pages/security',1,'2017-02-09 12:14:31','2017-03-28 22:06:09','44b29e83-1d27-43ba-b006-6b0761268f98'),(175,175,'en_us','',NULL,1,'2017-02-09 12:14:32','2017-03-28 22:06:09','93e16aa3-da81-4433-ba7a-37f396f5f754'),(176,176,'en_us','reviews-ratings','pages/reviews-ratings',1,'2017-02-09 12:15:11','2017-03-28 22:08:00','189610ee-e69a-4695-8fa2-e47063492402'),(177,177,'en_us','',NULL,1,'2017-02-09 12:15:11','2017-03-28 22:08:00','997bef0d-7dd2-4c3b-914b-471105340928'),(179,179,'en_us','terms-conditions',NULL,1,'2017-02-09 12:19:13','2017-02-09 12:19:14','6e14f0d4-3ff9-4183-b8ce-16cb12a2abd0'),(180,180,'en_us','payments-pricing',NULL,1,'2017-02-09 12:19:49','2017-02-09 12:19:50','0565a9f9-712b-4876-95f6-cdce132fb95d'),(181,181,'en_us','cancellation-refunds',NULL,1,'2017-02-09 12:20:42','2017-02-09 12:21:08','b4a2e0b9-aa3f-4c77-8373-5a860445c7da'),(182,182,'en_us','security',NULL,1,'2017-02-09 12:22:37','2017-02-09 12:23:46','15703742-e2ec-4954-8645-7caf8969898f'),(183,183,'en_us','reviews-ratings',NULL,1,'2017-02-09 12:23:27','2017-02-09 12:23:28','a6889329-c092-4659-9fc3-2f1e970f3457'),(184,184,'en_us','becoming-a-local','pages/becoming-a-local',1,'2017-02-09 14:12:38','2017-03-18 13:06:50','136ea6bc-86e9-4a73-940d-54c76ddd91a5'),(185,185,'en_us','',NULL,1,'2017-02-09 14:12:38','2017-03-18 13:06:50','81a6b65a-50a4-44eb-ba7b-d0855f0da601'),(186,186,'en_us','img-20161224-005149',NULL,1,'2017-02-09 15:51:02','2017-02-09 15:51:02','58a5fcad-7dde-425f-9cdf-cc411906833e'),(187,187,'en_us','153169-640-367-80auto-s',NULL,1,'2017-02-11 18:24:21','2017-02-11 18:24:21','8e95454d-bfdd-44e4-b3f7-8631c1e0cb8c'),(188,188,'en_us','marb-640-427-80auto-s',NULL,1,'2017-02-11 18:24:23','2017-02-11 18:24:23','3d309418-3406-4679-9848-e839a994fab6'),(189,189,'en_us','jhb-1024x767-640-479-80auto-s',NULL,1,'2017-02-11 18:24:23','2017-02-11 18:24:23','427e107c-5d2e-40d9-b94c-db8148c1f0c8'),(190,190,'en_us','poster',NULL,1,'2017-02-11 18:24:25','2017-02-11 18:24:25','59151042-5b3e-438a-b268-16a4ffce0ced'),(191,191,'en_us','bathurst-640-413-80auto-s',NULL,1,'2017-02-11 18:24:26','2017-02-11 18:27:58','e2545be9-f6e3-4326-b96d-3e2054db03b8'),(192,192,'en_us','19891560543-00424eb5d6-k',NULL,1,'2017-02-11 18:24:29','2017-02-11 18:24:29','9f0ff930-60b3-43a6-a821-c692279043c6'),(196,196,'en_us','blog-images','panels/blog-images',1,'2017-02-11 18:28:49','2017-02-11 18:28:49','342b0331-d14b-40ba-843f-6da01d06f290'),(197,197,'en_us','',NULL,1,'2017-02-11 18:28:49','2017-02-11 18:28:49','d2ea167a-2aab-448c-8fa9-979cf6b9df6c'),(198,198,'en_us','',NULL,1,'2017-02-11 18:28:49','2017-02-11 18:28:49','328cd632-8d3d-4869-a6b2-35dc3fdada28'),(199,199,'en_us','',NULL,1,'2017-02-11 18:28:49','2017-02-11 18:28:49','cc3d643e-afcc-453b-954c-51d771e786a9'),(200,200,'en_us','',NULL,1,'2017-02-11 18:28:49','2017-02-11 18:28:49','b46aec3f-5499-42a9-b8f1-d76f38e5011f'),(201,201,'en_us','',NULL,1,'2017-02-11 18:29:35','2017-02-11 18:29:35','3d7f2293-6025-4cd6-b310-1d9efb04549b'),(202,202,'en_us','gray-image-place-holder',NULL,1,'2017-02-12 20:05:42','2017-02-12 20:05:42','6e79ae84-92fc-404c-871b-bf5284952503'),(204,204,'en_us','',NULL,1,'2017-02-12 20:08:16','2017-03-28 22:02:44','23dd3ef0-a0ce-484d-9b3d-1f1fc99ab5f9'),(205,205,'en_us','team','panels/team',1,'2017-02-12 20:44:33','2017-03-28 22:02:41','b6019a06-8bfa-494d-8846-db45e113d04d'),(206,206,'en_us','',NULL,1,'2017-02-12 20:44:33','2017-03-28 22:02:41','44caf160-453b-4349-9dd4-6c55f53b2f87'),(213,213,'en_us','advice1',NULL,1,'2017-02-12 21:44:41','2017-02-12 21:44:41','cc02a3bb-47e0-4ca8-8081-2f68a26126f2'),(214,214,'en_us','advice2',NULL,1,'2017-02-12 21:45:03','2017-02-12 21:45:03','3d2789d3-0170-4ab9-a2b7-282d8468321c'),(215,215,'en_us','advice3',NULL,1,'2017-02-12 21:45:24','2017-02-12 21:45:24','8f75f29c-cb6d-4666-89be-e383ffea7743'),(216,216,'en_us','booking-advice','panels/booking-advice',1,'2017-02-12 21:46:08','2017-02-12 22:59:31','5026d966-11ce-48d1-964f-30c3d8e991d7'),(217,217,'en_us','',NULL,1,'2017-02-12 21:46:08','2017-02-12 21:46:08','1a37340e-0d73-4139-9a73-dea830a7c65c'),(218,218,'en_us','',NULL,1,'2017-02-12 21:46:08','2017-02-12 21:46:08','01ca7cea-5d7e-4426-913e-5ca79681aaf2'),(219,219,'en_us','',NULL,1,'2017-02-12 21:46:08','2017-02-12 21:46:08','204ec47c-a7ac-469c-846d-cdf879a77092'),(220,220,'en_us','',NULL,1,'2017-02-12 21:47:44','2017-03-18 13:10:53','49cd2b22-2a83-466e-82f2-5f304494836f'),(221,221,'en_us','becoming-a-local','panels/becoming-a-local',1,'2017-02-12 22:36:42','2017-03-18 13:06:48','11152d90-9611-4f84-86cf-6b953732870d'),(225,225,'en_us','',NULL,1,'2017-02-12 22:43:45','2017-03-18 13:06:48','dfbe428e-2ca3-47e0-9f74-89923f57b695'),(226,226,'en_us','',NULL,1,'2017-02-12 22:43:45','2017-03-18 13:06:48','81bc1184-c1c7-4327-b945-bf6d5d0c72df'),(227,227,'en_us','',NULL,1,'2017-02-12 22:43:46','2017-03-18 13:06:48','358ffd0d-9e1d-4080-8f83-991d107fb11d'),(228,228,'en_us','',NULL,1,'2017-02-12 22:45:48','2017-03-18 13:06:51','fdc41964-e5c3-4206-aa71-0e5c5c438495'),(229,229,'en_us','',NULL,1,'2017-02-12 22:58:54','2017-02-12 22:59:31','550a564b-1674-4e4d-acf7-752f1fd485e8'),(230,230,'en_us','',NULL,1,'2017-02-12 22:58:55','2017-02-12 22:59:31','15c7cac9-e218-4475-be63-5dc1f7888bbe'),(231,231,'en_us','',NULL,1,'2017-02-12 22:58:55','2017-02-12 22:59:31','ffb06527-2589-46fb-8201-b74f44844adc'),(232,232,'en_us','',NULL,1,'2017-02-12 23:03:05','2017-03-18 13:10:53','ab9d1c89-ff46-4567-8a84-b51cc7fd38bd'),(233,233,'en_us','how-it-works','panels/how-it-works',1,'2017-02-12 23:10:06','2017-03-18 12:55:58','8ca239d2-7b8c-4e00-a1ee-0a9d5743d111'),(234,234,'en_us','',NULL,1,'2017-02-12 23:10:06','2017-03-18 12:55:58','758c57c1-a4e1-406b-b70d-b215ee0f45e2'),(235,235,'en_us','',NULL,1,'2017-02-12 23:10:06','2017-03-18 12:55:59','84972038-6b64-49ae-b62a-19c92cd5118e'),(236,236,'en_us','',NULL,1,'2017-02-12 23:10:06','2017-03-18 12:55:59','3bbe7700-f559-4f97-a6a2-6fdf23837e1d'),(237,237,'en_us','',NULL,1,'2017-02-12 23:11:01','2017-02-12 23:11:01','447d7335-6329-456b-a80b-51488ae00c3c'),(238,238,'en_us','',NULL,1,'2017-02-12 23:52:35','2017-02-13 00:04:40','70d37325-44d6-4c3c-a0ac-6befab1dc14f'),(239,239,'en_us','find-a-local','panels/find-a-local',1,'2017-02-13 01:20:22','2017-02-13 01:20:22','e062e69a-2eda-44ba-b0b7-2f3dac5e196e'),(240,240,'en_us','',NULL,1,'2017-02-13 01:20:22','2017-02-13 01:20:22','5985c9e1-49c7-45eb-b665-61e138e6f6cf'),(241,241,'en_us','',NULL,1,'2017-02-13 01:28:43','2017-03-18 13:08:08','7a4b0c44-e2b8-47b2-8b5a-db584a001d56'),(242,242,'en_us','landing','become-a-local',1,'2017-02-17 08:31:32','2017-03-28 22:29:48','a19ffcb3-117b-4ad5-b6d8-764022e85ae7'),(243,243,'en_us','',NULL,1,'2017-02-17 08:34:26','2017-03-28 22:29:48','6599096b-32a8-47cf-811f-18ae738ae059'),(244,244,'en_us','',NULL,1,'2017-02-17 08:34:26','2017-03-28 22:29:48','083ca4df-70f6-472b-bd80-1f80aa6da209'),(245,245,'en_us','become-a-host','pages/become-a-local',1,'2017-02-17 08:35:56','2017-02-17 08:35:56','52870099-077f-4522-b5b3-dd60961e520a'),(246,246,'en_us','',NULL,1,'2017-02-17 08:35:56','2017-02-17 08:35:56','9becf0c4-f5cf-4d9b-90d1-d2da6a00c1d5'),(247,247,'en_us','host1',NULL,1,'2017-02-17 08:49:36','2017-02-17 08:49:36','a05cdb59-0284-4511-b642-32a4233940ff'),(248,248,'en_us','key-point-1-header',NULL,1,'2017-02-17 08:50:02','2017-02-17 08:50:02','3c5bbabb-9551-4c81-a383-49c36af621ee'),(249,249,'en_us','host2',NULL,1,'2017-02-17 08:50:35','2017-02-17 08:50:35','e5090802-2b88-4355-946f-20fc42369122'),(250,250,'en_us','key-point-2-header',NULL,1,'2017-02-17 08:51:11','2017-02-17 08:51:11','723e40d4-e3f3-4017-aacf-bd389089d107'),(251,251,'en_us','host3',NULL,1,'2017-02-17 08:52:04','2017-02-17 08:52:04','31d6e7b8-3228-4b66-906f-939736036ef9'),(252,252,'en_us','key-point-3-header',NULL,1,'2017-02-17 08:52:10','2017-02-17 08:52:10','c6d8f388-f5c1-4108-a586-8783a3b5c220'),(260,260,'en_us','become-a-local','panels/become-a-local',1,'2017-02-17 09:03:42','2017-03-28 22:14:24','31908748-9a7f-4e15-960c-2fc6b078e370'),(261,261,'en_us','',NULL,1,'2017-02-17 09:03:42','2017-03-28 22:14:24','c93a41b0-0687-491d-ac06-09e4cffbf88c'),(262,262,'en_us','',NULL,1,'2017-02-17 09:03:42','2017-03-28 22:14:24','c9080279-c87d-486b-bee9-7f5c4e56529c'),(263,263,'en_us','',NULL,1,'2017-02-17 09:03:42','2017-03-28 22:14:24','03321faa-1f6d-4252-ab73-b5482ef2e60a'),(264,264,'en_us','become-a-local-slideshow','panels/become-a-local-slideshow',1,'2017-02-17 09:06:02','2017-03-28 22:29:44','69297f03-d6ae-48db-a0d2-c8edffd764fb'),(265,265,'en_us','',NULL,1,'2017-02-17 09:06:02','2017-03-28 22:29:44','9e86fecd-2808-425c-87bc-2ff12b54b0a6'),(266,266,'en_us','',NULL,1,'2017-02-17 09:07:18','2017-03-28 22:29:48','405ed08b-86dd-4789-a7be-2143b77e5089'),(267,267,'en_us','steps-becoming-a-local','panels/steps-becoming-a-local',1,'2017-02-17 12:04:36','2017-03-28 22:17:48','faf62427-0cbb-4582-8c42-ecccc9c5b2db'),(268,268,'en_us','',NULL,1,'2017-02-17 12:04:36','2017-03-28 22:17:48','a0d015e0-e780-405c-96e5-65a65503df0e'),(269,269,'en_us','',NULL,1,'2017-02-17 12:04:37','2017-03-28 22:17:48','09cced4a-bbce-473c-b94b-8e7cfc3e367f'),(270,270,'en_us','',NULL,1,'2017-02-17 12:04:37','2017-03-28 22:17:48','4d998a59-10ab-4be4-bae3-1a65b5bbcb6f'),(271,271,'en_us','local',NULL,1,'2017-02-17 12:08:22','2017-02-17 12:08:22','0856be03-88a3-4291-9895-915b5c5c46f1'),(272,272,'en_us','perks-becoming-a-local','panels/perks-becoming-a-local',1,'2017-02-17 12:10:26','2017-03-28 22:16:24','eeb366d8-e531-41de-8497-a6098f8c2b2e'),(273,273,'en_us','',NULL,1,'2017-02-17 12:10:26','2017-03-28 22:16:24','f9f58520-331d-4d73-b1b9-8bd92b80bedc'),(274,274,'en_us','',NULL,1,'2017-02-17 12:10:26','2017-03-28 22:16:24','0aaf466e-2da2-47eb-add4-ce89c4e8ccf1'),(275,275,'en_us','',NULL,1,'2017-02-17 12:10:27','2017-03-28 22:16:24','dfb85d7f-2ab5-46a2-97fd-3f458a28d1d9'),(276,276,'en_us','',NULL,1,'2017-02-17 12:10:27','2017-03-28 22:16:24','8d578f22-8a78-4ea2-9289-22658d41a709'),(277,277,'en_us','',NULL,1,'2017-02-17 12:10:27','2017-03-28 22:16:24','01ba22ac-dc5c-4bdd-8652-9463e5a8257f'),(278,278,'en_us','',NULL,1,'2017-02-17 12:10:27','2017-03-28 22:16:24','af314848-330c-4ce1-ac00-80220ed803ec'),(279,279,'en_us','',NULL,1,'2017-02-17 12:19:12','2017-03-28 22:29:48','87f1e584-7367-47dd-aa89-2e74169d3a07'),(280,280,'en_us','',NULL,1,'2017-02-17 12:19:12','2017-03-28 22:29:48','229299fd-4e50-4e5c-8ce0-b0bff7e10b85'),(281,281,'en_us','',NULL,1,'2017-02-17 12:19:12','2017-03-28 22:29:48','8182d7bb-0c09-4159-ac95-8bbe6cf5c22f'),(282,282,'en_us','',NULL,1,'2017-02-17 12:19:12','2017-03-28 22:29:48','f81a0fa1-bb3b-484e-af97-62570e12782f'),(283,283,'en_us','table-mountain-aerial-cableway-in-cape-town-south-africa',NULL,1,'2017-03-18 12:47:53','2017-03-18 12:47:53','8c01d54a-2067-4944-8821-14428d5e6696'),(284,284,'en_us','hot-air-baloon-cape-town-tourism',NULL,1,'2017-03-18 12:48:32','2017-03-18 12:48:32','22aed61a-da95-4553-84fc-c667aa1febf2'),(285,285,'en_us','3',NULL,1,'2017-03-18 12:49:32','2017-03-18 12:49:32','2e1f9dff-bb6c-441f-b80e-8b3c1509d90b'),(286,286,'en_us','die-word-rol-food-truck',NULL,1,'2017-03-18 12:51:15','2017-03-18 12:51:15','c676b000-268f-4cc6-a6c1-8d41cfce3180'),(287,287,'en_us','playground1',NULL,1,'2017-03-18 12:55:04','2017-03-18 12:55:04','b2657a93-4759-470f-ace3-7071efd3e09e'),(288,288,'en_us','table-mountain-600x356',NULL,1,'2017-03-18 12:55:33','2017-03-18 12:55:33','37b1249a-5f78-47d8-8d7a-e75b29f1b7a2'),(289,289,'en_us','david-making-pap-good-shot',NULL,1,'2017-03-18 12:55:45','2017-03-18 12:55:45','a906bf0d-1dfb-42a2-a363-80402fa270d1'),(290,290,'en_us','',NULL,1,'2017-03-25 13:45:01','2017-03-25 13:45:01','f18b2e78-06ab-48c1-988c-ac3fcc30da6c'),(291,291,'en_us','',NULL,1,'2017-03-25 13:45:01','2017-03-25 13:45:01','6dc7d8ac-a214-4951-9bdf-0efccad84711'),(292,292,'en_us','',NULL,1,'2017-03-25 13:45:01','2017-03-25 13:45:01','44d23a29-48f1-4fa2-a7c2-4fb46ecf042e'),(293,293,'en_us','',NULL,1,'2017-03-25 13:45:01','2017-03-25 13:45:01','8701ef58-e831-4d5b-9eee-8d54ea74a0cf'),(294,294,'en_us','',NULL,1,'2017-03-25 13:45:01','2017-03-25 13:45:01','f4cd2217-04ac-4b17-88f2-fcbfb6600701'),(295,295,'en_us','',NULL,1,'2017-03-25 13:45:01','2017-03-25 13:45:01','814b2221-d375-4c51-b72e-170f6bd82076'),(296,296,'en_us','',NULL,1,'2017-03-25 13:45:01','2017-03-25 13:45:01','08d97bb9-4042-45e2-b55b-62e54fcb9099'),(297,297,'en_us','',NULL,1,'2017-03-25 13:45:01','2017-03-25 13:45:01','b2247371-b67a-4873-8e62-072da2286c58'),(298,298,'en_us','',NULL,1,'2017-03-25 13:45:01','2017-03-25 13:45:01','61b3c5da-cf06-4bd8-a8ff-46d65553ff67'),(299,299,'en_us','',NULL,1,'2017-03-25 13:45:01','2017-03-25 13:45:01','724fe1f0-354d-4b6f-b161-73791533631d'),(300,300,'en_us','',NULL,1,'2017-03-25 13:45:01','2017-03-25 13:45:01','8216939f-13a6-4036-92f8-a9b279a1fef4'),(301,301,'en_us','',NULL,1,'2017-03-25 13:45:01','2017-03-25 13:45:01','e55eac58-2f55-4f81-8caa-07e9eecb08ec'),(302,302,'en_us','',NULL,1,'2017-03-25 13:45:01','2017-03-25 13:45:01','2e4cdc7d-6ec4-435a-9dd9-fae69aa1bc37'),(303,303,'en_us','',NULL,1,'2017-03-25 13:45:01','2017-03-25 13:45:01','059c0877-88ec-45f8-b598-5940402a5523'),(304,304,'en_us','',NULL,1,'2017-03-25 13:45:01','2017-03-25 13:45:01','402eb21f-73e3-4099-a2f5-a947eae71fee'),(305,305,'en_us','',NULL,1,'2017-03-25 13:45:01','2017-03-25 13:45:01','fb492607-4d09-4257-99b6-3e0188180f06'),(306,306,'en_us','',NULL,1,'2017-03-25 13:45:01','2017-03-25 13:45:01','e45c5a3a-d7fb-421a-a28c-0d23dd92bdb7'),(307,307,'en_us','',NULL,1,'2017-03-25 13:45:01','2017-03-25 13:45:01','8ee5367e-fc61-483e-9670-6abe7444c072'),(308,308,'en_us','',NULL,1,'2017-03-25 13:45:01','2017-03-25 13:45:01','c8128cd5-0962-4a89-b3c1-4a5208e8ed33');
/*!40000 ALTER TABLE `craft_elements_i18n` ENABLE KEYS */;
UNLOCK TABLES;

--
-- Table structure for table `craft_emailmessages`
--

DROP TABLE IF EXISTS `craft_emailmessages`;
/*!40101 SET @saved_cs_client     = @@character_set_client */;
/*!40101 SET character_set_client = utf8 */;
CREATE TABLE `craft_emailmessages` (
  `id` int(11) NOT NULL AUTO_INCREMENT,
  `key` char(150) COLLATE utf8_unicode_ci NOT NULL,
  `locale` char(12) COLLATE utf8_unicode_ci NOT NULL,
  `subject` varchar(1000) COLLATE utf8_unicode_ci NOT NULL,
  `body` text COLLATE utf8_unicode_ci NOT NULL,
  `dateCreated` datetime NOT NULL,
  `dateUpdated` datetime NOT NULL,
  `uid` char(36) COLLATE utf8_unicode_ci NOT NULL DEFAULT '0',
  PRIMARY KEY (`id`),
  UNIQUE KEY `craft_emailmessages_key_locale_unq_idx` (`key`,`locale`),
  KEY `craft_emailmessages_locale_fk` (`locale`),
  CONSTRAINT `craft_emailmessages_locale_fk` FOREIGN KEY (`locale`) REFERENCES `craft_locales` (`locale`) ON DELETE CASCADE ON UPDATE CASCADE
) ENGINE=InnoDB DEFAULT CHARSET=utf8 COLLATE=utf8_unicode_ci;
/*!40101 SET character_set_client = @saved_cs_client */;

--
-- Dumping data for table `craft_emailmessages`
--

LOCK TABLES `craft_emailmessages` WRITE;
/*!40000 ALTER TABLE `craft_emailmessages` DISABLE KEYS */;
/*!40000 ALTER TABLE `craft_emailmessages` ENABLE KEYS */;
UNLOCK TABLES;

--
-- Table structure for table `craft_entries`
--

DROP TABLE IF EXISTS `craft_entries`;
/*!40101 SET @saved_cs_client     = @@character_set_client */;
/*!40101 SET character_set_client = utf8 */;
CREATE TABLE `craft_entries` (
  `id` int(11) NOT NULL,
  `sectionId` int(11) NOT NULL,
  `typeId` int(11) DEFAULT NULL,
  `authorId` int(11) DEFAULT NULL,
  `postDate` datetime DEFAULT NULL,
  `expiryDate` datetime DEFAULT NULL,
  `dateCreated` datetime NOT NULL,
  `dateUpdated` datetime NOT NULL,
  `uid` char(36) COLLATE utf8_unicode_ci NOT NULL DEFAULT '0',
  PRIMARY KEY (`id`),
  KEY `craft_entries_sectionId_idx` (`sectionId`),
  KEY `craft_entries_typeId_idx` (`typeId`),
  KEY `craft_entries_postDate_idx` (`postDate`),
  KEY `craft_entries_expiryDate_idx` (`expiryDate`),
  KEY `craft_entries_authorId_fk` (`authorId`),
  CONSTRAINT `craft_entries_authorId_fk` FOREIGN KEY (`authorId`) REFERENCES `craft_users` (`id`) ON DELETE CASCADE,
  CONSTRAINT `craft_entries_id_fk` FOREIGN KEY (`id`) REFERENCES `craft_elements` (`id`) ON DELETE CASCADE,
  CONSTRAINT `craft_entries_sectionId_fk` FOREIGN KEY (`sectionId`) REFERENCES `craft_sections` (`id`) ON DELETE CASCADE,
  CONSTRAINT `craft_entries_typeId_fk` FOREIGN KEY (`typeId`) REFERENCES `craft_entrytypes` (`id`) ON DELETE CASCADE
) ENGINE=InnoDB DEFAULT CHARSET=utf8 COLLATE=utf8_unicode_ci;
/*!40101 SET character_set_client = @saved_cs_client */;

--
-- Dumping data for table `craft_entries`
--

LOCK TABLES `craft_entries` WRITE;
/*!40000 ALTER TABLE `craft_entries` DISABLE KEYS */;
INSERT INTO `craft_entries` VALUES (2,1,NULL,NULL,'2015-10-24 08:36:38',NULL,'2015-10-24 08:36:38','2017-02-13 00:04:41','f5017743-f265-4505-8d1e-a7deb7c34709'),(3,2,2,1,'2017-02-04 21:30:00',NULL,'2015-10-24 08:36:38','2017-02-04 17:11:35','8243cf7b-e543-434f-9b30-aacd8e3be351'),(20,3,3,1,'2015-10-24 10:47:00',NULL,'2015-10-24 10:47:23','2017-03-18 13:04:24','cb943491-b079-4724-85de-b9695e7ec154'),(24,5,5,1,'2015-10-24 11:48:00',NULL,'2015-10-24 11:48:02','2017-02-11 14:29:12','41527316-cefb-4644-a903-4891aa7da466'),(25,5,6,1,'2015-10-24 11:48:00',NULL,'2015-10-24 11:48:14','2017-03-26 19:56:25','b77c605a-ff3b-4228-a987-23eeada10b84'),(26,5,5,1,'2015-10-24 12:01:00',NULL,'2015-10-24 12:01:35','2017-02-09 14:11:12','1065da1c-e00e-4828-a2cf-980b12451d9f'),(32,2,2,1,'2015-10-25 08:36:00',NULL,'2015-10-25 10:08:24','2017-02-04 17:12:24','46ac2d2b-7c5b-4751-a99c-31c136403a86'),(47,4,4,1,'2015-10-25 14:10:00',NULL,'2015-10-25 14:10:04','2017-02-07 16:24:39','e4e28e36-0a12-4837-97a4-6b6df99132b5'),(53,6,7,1,'2015-11-08 10:10:00',NULL,'2015-11-08 10:10:03','2017-02-02 18:19:08','960fb9a7-fd70-492e-913e-9097e438aa53'),(58,8,9,1,'2015-11-14 09:59:00',NULL,'2015-11-14 09:59:50','2016-09-03 14:55:02','55764913-09c7-4129-93dd-80713188304f'),(60,5,6,1,'2015-11-14 10:49:00',NULL,'2015-11-14 10:49:28','2017-04-02 12:04:09','a0cbd7f9-6294-4d4b-a54d-4816b646ef32'),(70,3,3,1,'2015-11-29 10:35:00',NULL,'2015-11-29 10:35:19','2015-11-29 12:02:27','0a03eedf-bc66-4e8b-bb8d-57973cbcf238'),(77,7,10,65,'2015-11-29 11:27:26',NULL,'2015-11-29 11:27:26','2015-11-29 11:27:26','456b3c8d-2ba0-498a-b751-077699a7b818'),(79,7,10,65,'2015-11-29 12:03:08',NULL,'2015-11-29 12:03:08','2015-11-29 12:03:08','1c6af7f9-9e58-46da-9fec-39cc86b488e4'),(80,7,10,65,'2015-11-29 12:06:32',NULL,'2015-11-29 12:06:33','2015-11-29 12:06:33','1262ecc1-c0e8-46bf-b258-c81aa0bdf3d0'),(81,7,10,65,'2015-11-29 12:07:52',NULL,'2015-11-29 12:07:52','2015-11-29 12:07:52','849cf2fe-391b-45fc-83c4-54ad51c2c9bf'),(82,7,10,65,'2015-11-29 12:11:10',NULL,'2015-11-29 12:11:10','2015-11-29 12:11:10','214c9c62-f773-4e08-9142-dc0af9bd92e1'),(84,7,10,65,'2015-11-30 09:38:04',NULL,'2015-11-30 09:38:04','2015-11-30 09:38:04','5b59418e-5b92-4ad5-a560-5ee216e35cc4'),(92,3,3,1,'2016-02-08 15:42:00',NULL,'2016-02-08 15:42:43','2017-03-18 13:08:08','86ecbabc-99d7-4b96-a8d6-7374544a77fc'),(95,5,6,1,'2016-02-08 19:51:00',NULL,'2016-02-08 19:51:05','2017-03-26 19:36:29','54838e4d-3fd4-4da7-86c4-c681f31e1532'),(96,2,2,1,'2016-05-05 13:27:00',NULL,'2016-05-05 13:27:17','2017-02-11 18:29:35','1d46d9c5-3f00-4de7-adc6-bec07826d074'),(98,4,11,1,'2016-05-05 14:49:31',NULL,'2016-05-05 14:49:31','2016-09-02 13:45:54','1bce4c57-97b7-4e13-9e55-5638697f494f'),(102,7,10,65,'2016-09-03 14:30:21',NULL,'2016-09-03 14:30:22','2016-09-03 14:30:22','f5fb8152-1bec-4960-8398-4aca516e27ec'),(103,7,10,65,'2016-09-03 14:55:33',NULL,'2016-09-03 14:55:34','2016-09-03 14:55:34','03f37f26-15ec-4422-81ad-600aa1f406af'),(104,7,10,65,'2016-11-07 06:46:48',NULL,'2016-11-07 06:46:49','2016-11-07 06:46:49','47506d74-f4ef-4a61-993b-dff821251839'),(113,3,3,1,'2017-02-04 16:14:00',NULL,'2017-02-04 16:14:45','2017-03-18 13:10:53','c4e84b2a-1943-4213-bb98-26305337e406'),(115,3,3,1,'2017-02-04 16:17:00',NULL,'2017-02-04 16:17:42','2017-03-25 13:45:01','dee1430c-07c1-43a1-942d-d0f993064b3b'),(119,3,3,1,'2017-02-04 16:18:00',NULL,'2017-02-04 16:18:52','2017-02-04 16:19:50','2533436c-52e7-4d33-9e90-b41e5c0522a6'),(123,4,13,1,'2017-02-04 16:49:58',NULL,'2017-02-04 16:49:58','2017-02-04 16:49:58','4afd869e-3548-4814-ba99-a64765839aed'),(125,4,13,1,'2017-02-04 16:51:28',NULL,'2017-02-04 16:51:29','2017-02-04 16:51:29','05ab9f1a-32ed-4e35-89f1-dc002c3a3d79'),(127,4,13,1,'2017-02-04 16:53:04',NULL,'2017-02-04 16:53:05','2017-02-04 16:53:05','931483a8-d9e1-46eb-8faa-21708eea76d0'),(136,10,15,1,'2017-02-07 18:26:06',NULL,'2017-02-07 18:26:07','2017-02-07 18:26:07','857a3b05-60d7-441d-9762-30eed8d54d51'),(138,10,15,1,'2017-02-07 18:44:19',NULL,'2017-02-07 18:44:20','2017-02-07 18:44:20','d3ccc960-a446-4aa8-954b-880279ec1877'),(139,10,15,1,'2017-02-07 18:49:58',NULL,'2017-02-07 18:49:59','2017-02-07 18:49:59','7438f337-b1e7-49e2-849b-53cfece91341'),(143,11,16,1,'2017-02-08 11:21:04',NULL,'2017-02-08 11:21:04','2017-02-08 11:21:04','ac130924-629e-40ce-bb24-e3f4a56e4216'),(144,11,16,1,'2017-02-08 11:21:49',NULL,'2017-02-08 11:21:49','2017-02-08 11:21:49','60a6ebfd-25ce-4ffa-b3ec-7aa62d477cd6'),(145,11,16,1,'2017-02-08 11:22:30',NULL,'2017-02-08 11:22:30','2017-02-08 11:22:30','3f609e29-3068-49f3-8187-e4bc37c9a59e'),(146,4,4,1,'2017-02-08 15:07:48',NULL,'2017-02-08 15:07:49','2017-02-08 15:10:36','bd6c67c2-06dc-407c-82aa-63dd2f1094c6'),(152,12,17,1,'2017-02-09 11:15:00',NULL,'2017-02-09 11:15:23','2017-03-18 12:49:38','5d2b9db9-4e1e-4f42-84e8-c8232370ea84'),(153,12,17,1,'2017-02-09 11:16:00',NULL,'2017-02-09 11:16:20','2017-03-18 12:48:49','02bbce1a-022d-466f-bf87-71d52b45ea32'),(154,12,17,1,'2017-02-09 11:17:00',NULL,'2017-02-09 11:17:16','2017-03-18 12:51:18','8d9c9e97-425a-4b44-8902-6e0ff2ce6dcd'),(155,3,3,1,'2017-02-09 11:40:00',NULL,'2017-02-09 11:40:34','2017-02-12 23:11:02','934bee66-d87f-4986-b90c-256b1906057c'),(157,13,18,1,'2017-02-09 12:01:00',NULL,'2017-02-09 12:01:26','2017-02-11 14:34:09','127f783f-1971-4939-aa2a-85c71b0bdbf2'),(158,13,18,1,'2017-02-09 12:02:06',NULL,'2017-02-09 12:02:06','2017-02-09 12:02:06','359046d9-45a2-4750-9532-8c3276184cbe'),(159,13,18,1,'2017-02-09 12:02:00',NULL,'2017-02-09 12:02:42','2017-02-11 14:50:31','243897e6-7c86-46dc-8c0c-cae21aaea06c'),(160,13,18,1,'2017-02-09 12:03:24',NULL,'2017-02-09 12:03:24','2017-02-09 12:03:24','739700ca-08b8-46b4-aad0-dcbc3c55644a'),(161,13,18,1,'2017-02-09 12:03:55',NULL,'2017-02-09 12:03:55','2017-02-09 12:03:55','3523d5a3-38ef-49da-ae11-65b8fbfcc535'),(162,13,18,1,'2017-02-09 12:04:26',NULL,'2017-02-09 12:04:26','2017-02-09 12:04:26','7e3064c0-276a-4d37-85e3-66232cd6ae68'),(163,13,18,1,'2017-02-09 12:05:01',NULL,'2017-02-09 12:05:02','2017-02-09 12:05:02','6012f0f1-d278-4fb3-9c80-9d812b41b737'),(164,13,18,1,'2017-02-09 12:06:08',NULL,'2017-02-09 12:06:08','2017-02-09 12:06:08','b8b53bb8-968e-4c31-9336-eed900c41f43'),(165,13,18,1,'2017-02-09 12:08:17',NULL,'2017-02-09 12:08:17','2017-02-09 12:08:17','698ce0c3-4e65-48f7-a944-6c330722f08e'),(166,3,3,1,'2017-02-09 12:10:00',NULL,'2017-02-09 12:10:34','2017-03-28 22:02:44','584d4717-fe76-4bed-90ef-75b1f3b249f6'),(168,3,3,1,'2017-02-09 12:11:34',NULL,'2017-02-09 12:11:35','2017-02-09 12:11:35','12029b89-ffa6-4495-a450-2701a336ce98'),(170,3,3,1,'2017-02-09 12:12:00',NULL,'2017-02-09 12:12:56','2017-03-28 23:34:03','3c33eca1-9ce7-41ba-96cb-1b5b953b4c3a'),(172,3,3,1,'2017-02-09 12:13:00',NULL,'2017-02-09 12:13:54','2017-03-28 22:04:50','8f000e89-d3f0-470a-be92-920c86db7fcb'),(174,3,3,1,'2017-02-09 12:14:00',NULL,'2017-02-09 12:14:32','2017-03-28 22:06:09','eedb9cf4-7a13-4db3-b938-530fc02af13b'),(176,3,3,1,'2017-02-09 12:15:00',NULL,'2017-02-09 12:15:11','2017-03-28 22:08:00','6bc2ad1d-79df-492d-9477-2600902a9ffc'),(179,13,18,1,'2017-02-09 12:19:13',NULL,'2017-02-09 12:19:14','2017-02-09 12:19:14','138993df-135b-4411-8126-a450249033df'),(180,13,18,1,'2017-02-09 12:19:49',NULL,'2017-02-09 12:19:49','2017-02-09 12:19:49','5299fd3a-9e2d-4972-80b5-aee6052b9845'),(181,13,18,1,'2017-02-09 12:20:00',NULL,'2017-02-09 12:20:42','2017-02-09 12:21:08','cd749266-07ca-473f-b898-9f01f5373659'),(182,13,18,1,'2017-02-09 12:22:00',NULL,'2017-02-09 12:22:37','2017-02-09 12:23:46','82f55185-3211-4147-8d31-a3495052bf0b'),(183,13,18,1,'2017-02-09 12:23:27',NULL,'2017-02-09 12:23:28','2017-02-09 12:23:28','02e7463c-c3ad-4b97-96e2-ccb2acecebf8'),(184,3,3,1,'2017-02-09 14:12:00',NULL,'2017-02-09 14:12:38','2017-03-18 13:06:51','073fe05e-ea00-4be3-83f7-54e0629a106f'),(196,4,4,1,'2017-02-11 18:28:49',NULL,'2017-02-11 18:28:50','2017-02-11 18:28:50','cc0b3ba3-fce6-41bb-8d5d-c9e0d36c4181'),(205,4,19,1,'2017-02-12 20:44:33',NULL,'2017-02-12 20:44:34','2017-03-28 22:02:41','1f9dfd52-69df-4e36-947e-4c1fbe274226'),(216,4,21,1,'2017-02-12 21:46:00',NULL,'2017-02-12 21:46:08','2017-02-12 22:59:31','50c45b11-6aed-437d-9754-10440a0ee8ca'),(221,4,21,1,'2017-02-12 22:36:00',NULL,'2017-02-12 22:36:42','2017-03-18 13:06:48','841bbcad-4858-43f5-a553-a12ec9911d56'),(233,4,21,1,'2017-02-12 23:10:00',NULL,'2017-02-12 23:10:06','2017-03-18 12:55:59','022e7ac5-75e9-4378-9acb-a9da02a1f71a'),(239,4,22,1,'2017-02-13 01:20:21',NULL,'2017-02-13 01:20:22','2017-02-13 01:20:22','1d4cd09a-5a38-49d8-9abe-3b228b2133ec'),(242,14,23,NULL,'2017-02-17 08:39:20',NULL,'2017-02-17 08:31:32','2017-03-28 22:29:48','8f910f35-0c8c-4d27-8f61-0776c107a367'),(245,3,3,1,'2017-02-17 08:35:56',NULL,'2017-02-17 08:35:56','2017-02-17 08:35:56','006cf6a1-1ce6-4d33-8f3b-171d557193e4'),(248,11,16,1,'2017-02-17 08:50:02',NULL,'2017-02-17 08:50:03','2017-02-17 08:50:03','d6348c60-5ed7-4894-bce5-8c4e9343eb03'),(250,11,16,1,'2017-02-17 08:51:11',NULL,'2017-02-17 08:51:12','2017-02-17 08:51:12','dfcac2a1-b320-4c6f-8a25-60604c67d666'),(252,11,16,1,'2017-02-17 08:52:09',NULL,'2017-02-17 08:52:10','2017-02-17 08:52:10','4876d6fc-1fb4-41ea-ae32-0535ea84ceae'),(260,4,21,1,'2017-02-17 09:03:00',NULL,'2017-02-17 09:03:42','2017-03-28 22:14:24','55382f51-b262-4246-abc4-2de69202cb73'),(264,4,4,1,'2017-02-17 09:06:00',NULL,'2017-02-17 09:06:02','2017-03-28 22:29:44','7961c7ec-3594-4fa5-92a4-6e41c1f3b5c9'),(267,4,21,1,'2017-02-17 12:04:36',NULL,'2017-02-17 12:04:37','2017-03-28 22:17:48','ab9ce9de-57ef-482b-97be-c64a3dc8b909'),(272,4,21,1,'2017-02-17 12:10:26',NULL,'2017-02-17 12:10:27','2017-03-28 22:16:24','48aefef0-3bb8-46a9-8eb7-89fe6e3ac76a');
/*!40000 ALTER TABLE `craft_entries` ENABLE KEYS */;
UNLOCK TABLES;

--
-- Table structure for table `craft_entrydrafts`
--

DROP TABLE IF EXISTS `craft_entrydrafts`;
/*!40101 SET @saved_cs_client     = @@character_set_client */;
/*!40101 SET character_set_client = utf8 */;
CREATE TABLE `craft_entrydrafts` (
  `id` int(11) NOT NULL AUTO_INCREMENT,
  `entryId` int(11) NOT NULL,
  `sectionId` int(11) NOT NULL,
  `creatorId` int(11) NOT NULL,
  `locale` char(12) COLLATE utf8_unicode_ci NOT NULL,
  `name` varchar(255) COLLATE utf8_unicode_ci NOT NULL,
  `notes` tinytext COLLATE utf8_unicode_ci,
  `data` mediumtext COLLATE utf8_unicode_ci NOT NULL,
  `dateCreated` datetime NOT NULL,
  `dateUpdated` datetime NOT NULL,
  `uid` char(36) COLLATE utf8_unicode_ci NOT NULL DEFAULT '0',
  PRIMARY KEY (`id`),
  KEY `craft_entrydrafts_entryId_locale_idx` (`entryId`,`locale`),
  KEY `craft_entrydrafts_sectionId_fk` (`sectionId`),
  KEY `craft_entrydrafts_creatorId_fk` (`creatorId`),
  KEY `craft_entrydrafts_locale_fk` (`locale`),
  CONSTRAINT `craft_entrydrafts_creatorId_fk` FOREIGN KEY (`creatorId`) REFERENCES `craft_users` (`id`) ON DELETE CASCADE,
  CONSTRAINT `craft_entrydrafts_entryId_fk` FOREIGN KEY (`entryId`) REFERENCES `craft_entries` (`id`) ON DELETE CASCADE,
  CONSTRAINT `craft_entrydrafts_locale_fk` FOREIGN KEY (`locale`) REFERENCES `craft_locales` (`locale`) ON DELETE CASCADE ON UPDATE CASCADE,
  CONSTRAINT `craft_entrydrafts_sectionId_fk` FOREIGN KEY (`sectionId`) REFERENCES `craft_sections` (`id`) ON DELETE CASCADE
) ENGINE=InnoDB DEFAULT CHARSET=utf8 COLLATE=utf8_unicode_ci;
/*!40101 SET character_set_client = @saved_cs_client */;

--
-- Dumping data for table `craft_entrydrafts`
--

LOCK TABLES `craft_entrydrafts` WRITE;
/*!40000 ALTER TABLE `craft_entrydrafts` DISABLE KEYS */;
/*!40000 ALTER TABLE `craft_entrydrafts` ENABLE KEYS */;
UNLOCK TABLES;

--
-- Table structure for table `craft_entrytypes`
--

DROP TABLE IF EXISTS `craft_entrytypes`;
/*!40101 SET @saved_cs_client     = @@character_set_client */;
/*!40101 SET character_set_client = utf8 */;
CREATE TABLE `craft_entrytypes` (
  `id` int(11) NOT NULL AUTO_INCREMENT,
  `sectionId` int(11) NOT NULL,
  `fieldLayoutId` int(11) DEFAULT NULL,
  `name` varchar(255) COLLATE utf8_unicode_ci NOT NULL,
  `handle` varchar(255) COLLATE utf8_unicode_ci NOT NULL,
  `hasTitleField` tinyint(1) unsigned NOT NULL DEFAULT '1',
  `titleLabel` varchar(255) COLLATE utf8_unicode_ci DEFAULT 'Title',
  `titleFormat` varchar(255) COLLATE utf8_unicode_ci DEFAULT NULL,
  `sortOrder` smallint(6) unsigned DEFAULT NULL,
  `dateCreated` datetime NOT NULL,
  `dateUpdated` datetime NOT NULL,
  `uid` char(36) COLLATE utf8_unicode_ci NOT NULL DEFAULT '0',
  PRIMARY KEY (`id`),
  UNIQUE KEY `craft_entrytypes_name_sectionId_unq_idx` (`name`,`sectionId`),
  UNIQUE KEY `craft_entrytypes_handle_sectionId_unq_idx` (`handle`,`sectionId`),
  KEY `craft_entrytypes_sectionId_fk` (`sectionId`),
  KEY `craft_entrytypes_fieldLayoutId_fk` (`fieldLayoutId`),
  CONSTRAINT `craft_entrytypes_fieldLayoutId_fk` FOREIGN KEY (`fieldLayoutId`) REFERENCES `craft_fieldlayouts` (`id`) ON DELETE SET NULL,
  CONSTRAINT `craft_entrytypes_sectionId_fk` FOREIGN KEY (`sectionId`) REFERENCES `craft_sections` (`id`) ON DELETE CASCADE
) ENGINE=InnoDB AUTO_INCREMENT=24 DEFAULT CHARSET=utf8 COLLATE=utf8_unicode_ci;
/*!40101 SET character_set_client = @saved_cs_client */;

--
-- Dumping data for table `craft_entrytypes`
--

LOCK TABLES `craft_entrytypes` WRITE;
/*!40000 ALTER TABLE `craft_entrytypes` DISABLE KEYS */;
INSERT INTO `craft_entrytypes` VALUES (1,1,3,'Homepage','homepage',1,'Title',NULL,NULL,'2015-10-24 08:36:38','2015-10-24 08:36:38','a56a1d65-55f2-4899-a403-d98ef6550794'),(2,2,82,'News','news',1,'Title',NULL,NULL,'2015-10-24 08:36:38','2015-10-24 11:33:41','2e92bcc7-2351-4b03-8dd9-7d177ed89c77'),(3,3,240,'Pages','pages',1,'Title',NULL,NULL,'2015-10-24 10:44:10','2017-02-13 01:14:33','2ba7d67b-28a6-4efa-a835-e6819d0aaf79'),(4,4,206,'Slideshow','slideshow',1,'Title',NULL,NULL,'2015-10-24 10:48:41','2017-02-04 16:33:22','ab31f1f3-b67d-4e7c-9eb6-ca6fdc4ca9fa'),(5,5,87,'Entry link','entryLink',1,'Link Title',NULL,NULL,'2015-10-24 11:43:10','2015-10-24 11:47:23','3a16b8b9-788b-47d9-88b2-fcc32eb1cba1'),(6,5,89,'Custom Link','customLink',1,'Link Title',NULL,NULL,'2015-10-24 11:46:58','2015-10-24 11:47:46','82e34c35-9bc3-4c09-b6c9-2b97f599ca0b'),(7,6,111,'Galleries','galleries',1,'Title',NULL,NULL,'2015-11-08 10:03:56','2015-11-08 10:08:03','2de40aac-ea0f-48c6-8cf9-84aa215771ee'),(9,8,201,'Forms','forms',1,'Title',NULL,NULL,'2015-11-14 09:39:32','2016-09-03 14:49:44','a648dd6c-d7bf-43db-b73f-aac68b943711'),(10,7,200,'Contact Form','enquiry',0,NULL,'Enquiry: {fullName} {fromEmail} {dateCreated|date(\'D, d M Y H:i:s\')}',NULL,'2015-11-14 10:26:41','2016-09-03 13:57:24','6f202295-3e62-447a-8889-22c15776e567'),(11,4,187,'Video','video',1,'Title',NULL,NULL,'2016-05-05 14:47:51','2016-05-05 14:47:51','86138acc-7f28-4c7d-ab25-8d1e84b67901'),(13,4,210,'Review','review',1,'Guest',NULL,1,'2017-02-04 16:32:52','2017-02-04 16:47:56','098c4f3f-c590-4521-9b18-20ca79bb7013'),(14,4,207,'Step','step',1,'Title',NULL,2,'2017-02-04 16:35:00','2017-02-04 16:35:00','c13b0694-b5d7-475a-bff6-ed6ab4ef7b5e'),(15,10,213,'Reviews','reviews',1,'Title',NULL,1,'2017-02-07 17:54:08','2017-02-07 19:34:56','a25b215d-8f3f-4ba1-a2e9-5b101ad9bb2b'),(16,11,215,'Steps','steps',1,'Title',NULL,1,'2017-02-08 11:15:28','2017-02-08 11:16:34','51e1223e-d1e0-4951-945a-e24abd625c1d'),(17,12,219,'Points','Points',1,'Step',NULL,1,'2017-02-09 11:11:42','2017-02-09 11:13:42','944968bd-d128-4992-86a6-840e4f242bf8'),(18,13,224,'Sidebar','sidebar',1,'Title',NULL,1,'2017-02-09 11:34:16','2017-02-09 11:51:12','f69c96dd-04c5-4d17-8569-67a71d87f627'),(19,4,228,'Team','team',1,'Team',NULL,3,'2017-02-12 19:53:11','2017-02-12 20:53:35','1bf7834a-4a75-496f-b272-4afd1dfafecb'),(20,4,232,'Advice','advice',1,'Title',NULL,4,'2017-02-12 21:37:05','2017-02-12 21:43:32','1450ca92-cd0e-4f5c-87a2-4be883cdd163'),(21,4,235,'Steps','steps',1,'Title',NULL,5,'2017-02-12 22:32:33','2017-02-12 22:33:31','82c0e8dc-979e-4378-ac91-f62a6dc28bf4'),(22,4,242,'Buttons','buttons',1,'Title',NULL,6,'2017-02-13 01:19:18','2017-02-13 01:19:18','87893a7a-3134-4b9f-b396-93231ea7564a'),(23,14,244,'Landing','landing',1,'Title',NULL,1,'2017-02-17 08:31:00','2017-02-17 08:32:48','68b7ebe1-2d58-4375-9395-722a4930f0d6');
/*!40000 ALTER TABLE `craft_entrytypes` ENABLE KEYS */;
UNLOCK TABLES;

--
-- Table structure for table `craft_entryversions`
--

DROP TABLE IF EXISTS `craft_entryversions`;
/*!40101 SET @saved_cs_client     = @@character_set_client */;
/*!40101 SET character_set_client = utf8 */;
CREATE TABLE `craft_entryversions` (
  `id` int(11) NOT NULL AUTO_INCREMENT,
  `entryId` int(11) NOT NULL,
  `sectionId` int(11) NOT NULL,
  `creatorId` int(11) DEFAULT NULL,
  `locale` char(12) COLLATE utf8_unicode_ci NOT NULL,
  `num` smallint(6) unsigned NOT NULL,
  `notes` tinytext COLLATE utf8_unicode_ci,
  `data` mediumtext COLLATE utf8_unicode_ci NOT NULL,
  `dateCreated` datetime NOT NULL,
  `dateUpdated` datetime NOT NULL,
  `uid` char(36) COLLATE utf8_unicode_ci NOT NULL DEFAULT '0',
  PRIMARY KEY (`id`),
  KEY `craft_entryversions_entryId_locale_idx` (`entryId`,`locale`),
  KEY `craft_entryversions_sectionId_fk` (`sectionId`),
  KEY `craft_entryversions_creatorId_fk` (`creatorId`),
  KEY `craft_entryversions_locale_fk` (`locale`),
  CONSTRAINT `craft_entryversions_creatorId_fk` FOREIGN KEY (`creatorId`) REFERENCES `craft_users` (`id`) ON DELETE SET NULL,
  CONSTRAINT `craft_entryversions_entryId_fk` FOREIGN KEY (`entryId`) REFERENCES `craft_entries` (`id`) ON DELETE CASCADE,
  CONSTRAINT `craft_entryversions_locale_fk` FOREIGN KEY (`locale`) REFERENCES `craft_locales` (`locale`) ON DELETE CASCADE ON UPDATE CASCADE,
  CONSTRAINT `craft_entryversions_sectionId_fk` FOREIGN KEY (`sectionId`) REFERENCES `craft_sections` (`id`) ON DELETE CASCADE
) ENGINE=InnoDB AUTO_INCREMENT=286 DEFAULT CHARSET=utf8 COLLATE=utf8_unicode_ci;
/*!40101 SET character_set_client = @saved_cs_client */;

--
-- Dumping data for table `craft_entryversions`
--

LOCK TABLES `craft_entryversions` WRITE;
/*!40000 ALTER TABLE `craft_entryversions` DISABLE KEYS */;
INSERT INTO `craft_entryversions` VALUES (1,3,2,1,'en_us',1,'','{\"typeId\":\"2\",\"authorId\":\"1\",\"title\":\"Welcome to Default2016\",\"slug\":\"welcome-to-default-2016\",\"postDate\":1445675760,\"expiryDate\":null,\"enabled\":1,\"fields\":{\"1\":{\"new1\":{\"type\":\"heading\",\"enabled\":\"1\",\"fields\":{\"heading\":\"What\'s not to love?\",\"headingType\":\"h2\"}},\"new2\":{\"type\":\"text\",\"enabled\":\"1\",\"fields\":{\"text\":\"<p>Lorem ipsum dolor sit amet, consectetur adipiscing elit, sed do eiusmod tempor incididunt ut labore et dolore magna aliqua. Ut enim ad minim veniam, quis nostrud exercitation ullamco laboris nisi ut aliquip ex ea commodo consequat. Duis aute irure dolor in reprehenderit in voluptate velit esse cillum dolore eu fugiat nulla pariatur. Excepteur sint occaecat cupidatat non proident, sunt in culpa qui officia deserunt mollit anim id est laborum.\\\"<\\/p>\"}},\"new3\":{\"type\":\"image\",\"enabled\":\"1\",\"fields\":{\"image\":[\"6\"],\"alignment\":\"full\"}}},\"13\":\"Welcome to Default2016 - titles with <em>emphasis<\\/em> and quotes &ldquo;&rsquo;&rdquo;\",\"2\":\"\"}}','2015-10-24 09:11:24','2015-10-24 09:11:24','bdc9796a-108a-4b4c-b3f2-f101930f7531'),(2,3,2,1,'en_us',2,'','{\"typeId\":\"2\",\"authorId\":\"1\",\"title\":\"Welcome to Default2016\",\"slug\":\"welcome-to-default-2016\",\"postDate\":1445675760,\"expiryDate\":null,\"enabled\":1,\"fields\":{\"1\":{\"7\":{\"type\":\"heading\",\"enabled\":\"1\",\"fields\":{\"heading\":\"What\'s not to love?\",\"headingType\":\"h2\"}},\"8\":{\"type\":\"text\",\"enabled\":\"1\",\"fields\":{\"text\":\"<p>Lorem <strong>ipsum dolor sit amet<\\/strong>, consectetur adipiscing elit, sed do eiusmod tempor incididunt ut labore et dolore magna aliqua. Ut enim ad minim veniam, quis nostrud exercitation ullamco laboris nisi ut aliquip ex ea commodo consequat. Duis aute irure dolor in reprehenderit in voluptate velit esse cillum dolore eu fugiat nulla pariatur. Excepteur sint occaecat cupidatat non proident, sunt in culpa qui officia deserunt mollit anim id est laborum.\\\"<\\/p>\"}},\"9\":{\"type\":\"image\",\"enabled\":\"1\",\"fields\":{\"image\":[\"6\"],\"alignment\":\"full\"}}},\"13\":\"Welcome to Default2016 - titles with <em>emphasis<\\/em> and quotes &ldquo;&rsquo;&rdquo;\",\"2\":\"\"}}','2015-10-24 09:11:35','2015-10-24 09:11:35','3a8abe28-0c27-4bd3-93f0-3767a4bd72b1'),(3,3,2,1,'en_us',3,'','{\"typeId\":\"2\",\"authorId\":\"1\",\"title\":\"Welcome to Default2016\",\"slug\":\"welcome-to-default-2016\",\"postDate\":1445675760,\"expiryDate\":null,\"enabled\":1,\"fields\":{\"1\":{\"7\":{\"type\":\"heading\",\"enabled\":\"1\",\"fields\":{\"heading\":\"What\'s not to love?\",\"headingType\":\"h2\"}},\"8\":{\"type\":\"text\",\"enabled\":\"1\",\"fields\":{\"text\":\"<p>Lorem <strong>ipsum dolor sit amet<\\/strong>, consectetur adipiscing elit, sed do eiusmod tempor incididunt ut labore et dolore magna aliqua. Ut enim ad minim veniam, quis nostrud exercitation ullamco laboris nisi ut aliquip ex ea commodo consequat. Duis aute irure dolor in reprehenderit in voluptate velit esse cillum dolore eu fugiat nulla pariatur. Excepteur sint occaecat cupidatat non proident, sunt in culpa qui officia deserunt mollit anim id est laborum.\\\"<\\/p>\"}},\"9\":{\"type\":\"image\",\"enabled\":\"1\",\"fields\":{\"image\":[\"6\"],\"alignment\":\"full\",\"clear\":\"Both\"}},\"new2\":{\"type\":\"image\",\"enabled\":\"1\",\"fields\":{\"image\":[\"5\"],\"alignment\":\"right\",\"clear\":\"Both\"}},\"new1\":{\"type\":\"text\",\"enabled\":\"1\",\"fields\":{\"text\":\"<p>Lorem <strong>ipsum dolor sit amet<\\/strong>, consectetur adipiscing elit, sed do eiusmod tempor incididunt ut labore et dolore magna aliqua. Ut enim ad minim veniam, quis nostrud exercitation ullamco laboris nisi ut aliquip ex ea commodo consequat. Duis aute irure dolor in reprehenderit in voluptate velit esse cillum dolore eu fugiat nulla pariatur. Excepteur sint occaecat cupidatat non proident, sunt in culpa qui officia deserunt mollit anim id est laborum.\\\"<\\/p>\"}}},\"13\":\"Welcome to Default2016 - titles with <em>emphasis<\\/em> and quotes &ldquo;&rsquo;&rdquo;\",\"2\":\"\"}}','2015-10-24 09:47:04','2015-10-24 09:47:04','1db25a2d-4a76-4ab4-84ae-73f09f3a8b86'),(4,3,2,1,'en_us',4,'','{\"typeId\":\"2\",\"authorId\":\"1\",\"title\":\"Welcome to Default2016\",\"slug\":\"welcome-to-default-2016\",\"postDate\":1445675760,\"expiryDate\":null,\"enabled\":1,\"fields\":{\"1\":{\"7\":{\"type\":\"heading\",\"enabled\":\"1\",\"fields\":{\"heading\":\"What\'s not to love?\",\"headingType\":\"h2\"}},\"9\":{\"type\":\"image\",\"enabled\":\"1\",\"fields\":{\"image\":[\"6\"],\"alignment\":\"full\",\"clear\":\"none\"}},\"8\":{\"type\":\"text\",\"enabled\":\"1\",\"fields\":{\"text\":\"<p>Lorem <strong>ipsum dolor sit amet<\\/strong>, consectetur adipiscing elit, sed do eiusmod tempor incididunt ut labore et dolore magna aliqua. Ut enim ad minim veniam, quis nostrud exercitation ullamco laboris nisi ut aliquip ex ea commodo consequat. Duis aute irure dolor in reprehenderit in voluptate velit esse cillum dolore eu fugiat nulla pariatur. Excepteur sint occaecat cupidatat non proident, sunt in culpa qui officia deserunt mollit anim id est laborum.\\\"<\\/p>\"}},\"10\":{\"type\":\"image\",\"enabled\":\"1\",\"fields\":{\"image\":[\"5\"],\"alignment\":\"right\",\"clear\":\"none\"}},\"11\":{\"type\":\"text\",\"enabled\":\"1\",\"fields\":{\"text\":\"<p>Lorem <strong>ipsum dolor sit amet<\\/strong>, consectetur adipiscing elit, sed do eiusmod tempor incididunt ut labore et dolore magna aliqua. Ut enim ad minim veniam, quis nostrud exercitation ullamco laboris nisi ut aliquip ex ea commodo consequat. Duis aute irure dolor in reprehenderit in voluptate velit esse cillum dolore eu fugiat nulla pariatur. Excepteur sint occaecat cupidatat non proident, sunt in culpa qui officia deserunt mollit anim id est laborum.\\\"<\\/p>\"}}},\"13\":\"Welcome to Default2016 - titles with <em>emphasis<\\/em> and quotes &ldquo;&rsquo;&rdquo;\",\"2\":\"\"}}','2015-10-24 09:47:21','2015-10-24 09:47:21','6ad35a0a-3649-40a4-9154-d45c28b27323'),(5,3,2,1,'en_us',5,'','{\"typeId\":\"2\",\"authorId\":\"1\",\"title\":\"Welcome to Default2016\",\"slug\":\"welcome-to-default-2016\",\"postDate\":1445675760,\"expiryDate\":null,\"enabled\":1,\"fields\":{\"1\":{\"7\":{\"type\":\"heading\",\"enabled\":\"1\",\"fields\":{\"heading\":\"What\'s not to love?\",\"headingType\":\"h2\"}},\"9\":{\"type\":\"image\",\"enabled\":\"1\",\"fields\":{\"image\":[\"6\"],\"alignment\":\"full\",\"clear\":\"none\",\"caption\":\"\"}},\"8\":{\"type\":\"text\",\"enabled\":\"1\",\"fields\":{\"text\":\"<p>Lorem <strong>ipsum dolor sit amet<\\/strong>, consectetur adipiscing elit, sed do eiusmod tempor incididunt ut labore et dolore magna aliqua. Ut enim ad minim veniam, quis nostrud exercitation ullamco laboris nisi ut aliquip ex ea commodo consequat. Duis aute irure dolor in reprehenderit in voluptate velit esse cillum dolore eu fugiat nulla pariatur. Excepteur sint occaecat cupidatat non proident, sunt in culpa qui officia deserunt mollit anim id est laborum.\\\"<\\/p>\"}},\"10\":{\"type\":\"image\",\"enabled\":\"1\",\"fields\":{\"image\":[\"5\"],\"alignment\":\"right\",\"clear\":\"none\",\"caption\":\"Fancy little image\"}},\"11\":{\"type\":\"text\",\"enabled\":\"1\",\"fields\":{\"text\":\"<p>Lorem <strong>ipsum dolor sit amet<\\/strong>, consectetur adipiscing elit, sed do eiusmod tempor incididunt ut labore et dolore magna aliqua. Ut enim ad minim veniam, quis nostrud exercitation ullamco laboris nisi ut aliquip ex ea commodo consequat. Duis aute irure dolor in reprehenderit in voluptate velit esse cillum dolore eu fugiat nulla pariatur. Excepteur sint occaecat cupidatat non proident, sunt in culpa qui officia deserunt mollit anim id est laborum.\\\"<\\/p>\"}}},\"13\":\"Welcome to Default2016 - titles with <em>emphasis<\\/em> and quotes &ldquo;&rsquo;&rdquo;\",\"2\":\"\"}}','2015-10-24 09:53:58','2015-10-24 09:53:58','4755b245-56c2-4a5b-99a6-4e898fca347e'),(6,3,2,1,'en_us',6,'','{\"typeId\":\"2\",\"authorId\":\"1\",\"title\":\"Welcome to Default2016\",\"slug\":\"welcome-to-default-2016\",\"postDate\":1445675760,\"expiryDate\":null,\"enabled\":1,\"fields\":{\"1\":{\"7\":{\"type\":\"heading\",\"enabled\":\"1\",\"fields\":{\"heading\":\"What\'s not to love?\",\"headingType\":\"h2\"}},\"9\":{\"type\":\"image\",\"enabled\":\"1\",\"fields\":{\"image\":[\"6\"],\"alignment\":\"full\",\"clear\":\"none\",\"caption\":\"\"}},\"8\":{\"type\":\"text\",\"enabled\":\"1\",\"fields\":{\"text\":\"<p>Lorem <strong>ipsum dolor sit amet<\\/strong>, consectetur adipiscing elit, sed do eiusmod tempor incididunt ut labore et dolore magna aliqua. Ut enim ad minim veniam, quis nostrud exercitation ullamco laboris nisi ut aliquip ex ea commodo consequat. Duis aute irure dolor in reprehenderit in voluptate velit esse cillum dolore eu fugiat nulla pariatur. Excepteur sint occaecat cupidatat non proident, sunt in culpa qui officia deserunt mollit anim id est laborum.\\\"<\\/p>\"}},\"10\":{\"type\":\"image\",\"enabled\":\"1\",\"fields\":{\"image\":[\"5\"],\"alignment\":\"right\",\"clear\":\"none\",\"caption\":\"Fancy little image\"}},\"11\":{\"type\":\"text\",\"enabled\":\"1\",\"fields\":{\"text\":\"<p>Lorem <strong>ipsum dolor sit amet<\\/strong>, consectetur adipiscing elit, sed do eiusmod tempor incididunt ut labore et dolore magna aliqua. Ut enim ad minim veniam, quis nostrud exercitation ullamco laboris nisi ut aliquip ex ea commodo consequat. Duis aute irure dolor in reprehenderit in voluptate velit esse cillum dolore eu fugiat nulla pariatur. Excepteur sint occaecat cupidatat non proident, sunt in culpa qui officia deserunt mollit anim id est laborum.\\\"<\\/p><p>Lorem <strong>ipsum dolor sit amet<\\/strong>, consectetur adipiscing elit, sed do eiusmod tempor incididunt ut labore et dolore magna aliqua. Ut enim ad minim veniam, quis nostrud exercitation ullamco laboris nisi ut aliquip ex ea commodo consequat. Duis aute irure dolor in reprehenderit in voluptate velit esse cillum dolore eu fugiat nulla pariatur. Excepteur sint occaecat cupidatat non proident, sunt in culpa qui officia deserunt mollit anim id est laborum.\\\"<br><\\/p>\"}}},\"13\":\"Welcome to Default2016 - titles with <em>emphasis<\\/em> and quotes &ldquo;&rsquo;&rdquo;\",\"2\":\"\"}}','2015-10-24 09:56:01','2015-10-24 09:56:01','392facbf-fc33-41fe-98ec-35dd9b55c5c2'),(7,3,2,1,'en_us',7,'','{\"typeId\":\"2\",\"authorId\":\"1\",\"title\":\"Welcome to Default2016\",\"slug\":\"welcome-to-default-2016\",\"postDate\":1445675760,\"expiryDate\":null,\"enabled\":1,\"fields\":{\"1\":{\"7\":{\"type\":\"heading\",\"enabled\":\"1\",\"fields\":{\"heading\":\"What\'s not to love?\",\"headingType\":\"h2\"}},\"9\":{\"type\":\"image\",\"enabled\":\"1\",\"fields\":{\"image\":[\"6\"],\"alignment\":\"full\",\"clear\":\"none\",\"caption\":\"\"}},\"8\":{\"type\":\"text\",\"enabled\":\"1\",\"fields\":{\"text\":\"<p>Lorem <strong>ipsum dolor sit amet<\\/strong>, consectetur adipiscing elit, sed do eiusmod tempor incididunt ut labore et dolore magna aliqua. Ut enim ad minim veniam, quis nostrud exercitation ullamco laboris nisi ut aliquip ex ea commodo consequat. Duis aute irure dolor in reprehenderit in voluptate velit esse cillum dolore eu fugiat nulla pariatur. Excepteur sint occaecat cupidatat non proident, sunt in culpa qui officia deserunt mollit anim id est laborum.\\\"<\\/p>\"}},\"10\":{\"type\":\"image\",\"enabled\":\"1\",\"fields\":{\"image\":[\"5\"],\"alignment\":\"right\",\"clear\":\"none\",\"caption\":\"Fancy little image\"}},\"11\":{\"type\":\"text\",\"enabled\":\"1\",\"fields\":{\"text\":\"<p>Lorem <strong>ipsum dolor sit amet<\\/strong>, consectetur adipiscing elit, sed do eiusmod tempor incididunt ut labore et dolore magna aliqua. Ut enim ad minim veniam, quis nostrud exercitation ullamco laboris nisi ut aliquip ex ea commodo consequat. Duis aute irure dolor in reprehenderit in voluptate velit esse cillum dolore eu fugiat nulla pariatur. Excepteur sint occaecat cupidatat non proident, sunt in culpa qui officia deserunt mollit anim id est laborum.\\\"<\\/p><p>Lorem <strong>ipsum dolor sit amet<\\/strong>, consectetur adipiscing elit, sed do eiusmod tempor incididunt ut labore et dolore magna aliqua. Ut enim ad minim veniam, quis nostrud exercitation ullamco laboris nisi ut aliquip ex ea commodo consequat. Duis aute irure dolor in reprehenderit in voluptate velit esse cillum dolore eu fugiat nulla pariatur. Excepteur sint occaecat cupidatat non proident, sunt in culpa qui officia deserunt mollit anim id est laborum.\\\" Lorem <strong>ipsum dolor sit amet<\\/strong>, consectetur adipiscing elit, sed do eiusmod tempor incididunt ut labore et dolore magna aliqua. Ut enim ad minim veniam, quis nostrud exercitation ullamco laboris nisi ut aliquip ex ea commodo consequat. Duis aute irure dolor in reprehenderit in voluptate velit esse cillum dolore eu fugiat nulla pariatur. Excepteur sint occaecat cupidatat non proident, sunt in culpa qui officia deserunt mollit anim id est laborum.\\\"<br><\\/p>\"}}},\"13\":\"Welcome to Default2016 - titles with <em>emphasis<\\/em> and quotes &ldquo;&rsquo;&rdquo;\",\"2\":\"\"}}','2015-10-24 09:56:16','2015-10-24 09:56:16','ba4316a1-a659-433e-8526-89a5aefd1640'),(8,3,2,1,'en_us',8,'','{\"typeId\":\"2\",\"authorId\":\"1\",\"title\":\"Welcome to Default2016\",\"slug\":\"welcome-to-default-2016\",\"postDate\":1445675760,\"expiryDate\":null,\"enabled\":1,\"fields\":{\"1\":{\"7\":{\"type\":\"heading\",\"enabled\":\"1\",\"fields\":{\"heading\":\"What\'s not to love?\",\"headingType\":\"h2\"}},\"9\":{\"type\":\"image\",\"enabled\":\"1\",\"fields\":{\"image\":[\"6\"],\"alignment\":\"full\",\"clear\":\"none\",\"caption\":\"\"}},\"8\":{\"type\":\"text\",\"enabled\":\"1\",\"fields\":{\"text\":\"<p>Lorem <strong>ipsum dolor sit amet<\\/strong>, consectetur adipiscing elit, sed do eiusmod tempor incididunt ut labore et dolore magna aliqua. Ut enim ad minim veniam, quis nostrud exercitation ullamco laboris nisi ut aliquip ex ea commodo consequat. Duis aute irure dolor in reprehenderit in voluptate velit esse cillum dolore eu fugiat nulla pariatur. Excepteur sint occaecat cupidatat non proident, sunt in culpa qui officia deserunt mollit anim id est laborum.\\\"<\\/p>\"}},\"10\":{\"type\":\"image\",\"enabled\":\"1\",\"fields\":{\"image\":[\"5\"],\"alignment\":\"right\",\"clear\":\"none\",\"caption\":\"Fancy little image\"}},\"11\":{\"type\":\"text\",\"enabled\":\"1\",\"fields\":{\"text\":\"<p>Lorem <strong>ipsum dolor sit amet<\\/strong>, consectetur adipiscing elit, sed do eiusmod tempor incididunt ut labore et dolore magna aliqua. Ut enim ad minim veniam, quis nostrud exercitation ullamco laboris nisi ut aliquip ex ea commodo consequat. Duis aute irure dolor in reprehenderit in voluptate velit esse cillum dolore eu fugiat nulla pariatur. Excepteur sint occaecat cupidatat non proident, sunt in culpa qui officia deserunt mollit anim id est laborum.\\\"<\\/p><p>Lorem <strong>ipsum dolor sit amet<\\/strong>, consectetur adipiscing elit, sed do eiusmod tempor incididunt ut labore et dolore magna aliqua. Ut enim ad minim veniam, quis nostrud exercitation ullamco laboris nisi ut aliquip ex ea commodo consequat. Duis aute irure dolor in reprehenderit in voluptate velit esse cillum dolore eu fugiat nulla pariatur. Excepteur sint occaecat cupidatat non proident, sunt in culpa qui officia deserunt mollit anim id est laborum.\\\" Lorem <strong>ipsum dolor sit amet<\\/strong>, consectetur adipiscing elit, sed do eiusmod tempor incididunt ut labore et dolore magna aliqua. Ut enim ad minim veniam, quis nostrud exercitation ullamco laboris nisi ut aliquip ex ea commodo consequat. Duis aute irure dolor in reprehenderit in voluptate velit esse cillum dolore eu fugiat nulla pariatur. Excepteur sint occaecat cupidatat non proident, sunt in culpa qui officia deserunt mollit anim id est laborum.\\\"<br><\\/p>\"}},\"new1\":{\"type\":\"image\",\"enabled\":\"1\",\"fields\":{\"image\":[\"4\"],\"alignment\":\"left\",\"clear\":\"none\",\"caption\":\"\"}},\"new2\":{\"type\":\"image\",\"enabled\":\"1\",\"fields\":{\"image\":[\"6\"],\"alignment\":\"left\",\"clear\":\"none\",\"caption\":\"\"}},\"new3\":{\"type\":\"text\",\"enabled\":\"1\",\"fields\":{\"text\":\"<p>Lorem <strong>ipsum dolor sit amet<\\/strong>, consectetur adipiscing elit, sed do eiusmod tempor incididunt ut labore et dolore magna aliqua. Ut enim ad minim veniam, quis nostrud exercitation ullamco laboris nisi ut aliquip ex ea commodo consequat. Duis aute irure dolor in reprehenderit in voluptate velit esse cillum dolore eu fugiat nulla pariatur. Excepteur sint occaecat cupidatat non proident, sunt in culpa qui officia deserunt mollit anim id est laborum.\\\"<\\/p>\"}}},\"13\":\"Welcome to Default2016 - titles with <em>emphasis<\\/em> and quotes &ldquo;&rsquo;&rdquo;\",\"2\":\"\"}}','2015-10-24 09:56:52','2015-10-24 09:56:52','7dff6a45-1624-4f39-a348-8e8206a4c0c7'),(9,3,2,1,'en_us',9,'','{\"typeId\":\"2\",\"authorId\":\"1\",\"title\":\"Welcome to Default2016\",\"slug\":\"welcome-to-default-2016\",\"postDate\":1445675760,\"expiryDate\":null,\"enabled\":1,\"fields\":{\"1\":{\"7\":{\"type\":\"heading\",\"enabled\":\"1\",\"fields\":{\"heading\":\"What\'s not to love?\",\"headingType\":\"h2\"}},\"9\":{\"type\":\"image\",\"enabled\":\"1\",\"fields\":{\"image\":[\"6\"],\"alignment\":\"full\",\"clear\":\"none\",\"caption\":\"\"}},\"8\":{\"type\":\"text\",\"enabled\":\"1\",\"fields\":{\"text\":\"<p>Lorem <strong>ipsum dolor sit amet<\\/strong>, consectetur adipiscing elit, sed do eiusmod tempor incididunt ut labore et dolore magna aliqua. Ut enim ad minim veniam, quis nostrud exercitation ullamco laboris nisi ut aliquip ex ea commodo consequat. Duis aute irure dolor in reprehenderit in voluptate velit esse cillum dolore eu fugiat nulla pariatur. Excepteur sint occaecat cupidatat non proident, sunt in culpa qui officia deserunt mollit anim id est laborum.\\\"<\\/p>\"}},\"10\":{\"type\":\"image\",\"enabled\":\"1\",\"fields\":{\"image\":[\"5\"],\"alignment\":\"right\",\"clear\":\"none\",\"caption\":\"Fancy little image\"}},\"11\":{\"type\":\"text\",\"enabled\":\"1\",\"fields\":{\"text\":\"<p>Lorem <strong>ipsum dolor sit amet<\\/strong>, consectetur adipiscing elit, sed do eiusmod tempor incididunt ut labore et dolore magna aliqua. Ut enim ad minim veniam, quis nostrud exercitation ullamco laboris nisi ut aliquip ex ea commodo consequat. Duis aute irure dolor in reprehenderit in voluptate velit esse cillum dolore eu fugiat nulla pariatur. Excepteur sint occaecat cupidatat non proident, sunt in culpa qui officia deserunt mollit anim id est laborum.\\\"<\\/p><p>Lorem <strong>ipsum dolor sit amet<\\/strong>, consectetur adipiscing elit, sed do eiusmod tempor incididunt ut labore et dolore magna aliqua. Ut enim ad minim veniam, quis nostrud exercitation ullamco laboris nisi ut aliquip ex ea commodo consequat. Duis aute irure dolor in reprehenderit in voluptate velit esse cillum dolore eu fugiat nulla pariatur. Excepteur sint occaecat cupidatat non proident, sunt in culpa qui officia deserunt mollit anim id est laborum.\\\" Lorem <strong>ipsum dolor sit amet<\\/strong>, consectetur adipiscing elit, sed do eiusmod tempor incididunt ut labore et dolore magna aliqua. Ut enim ad minim veniam, quis nostrud exercitation ullamco laboris nisi ut aliquip ex ea commodo consequat. Duis aute irure dolor in reprehenderit in voluptate velit esse cillum dolore eu fugiat nulla pariatur. Excepteur sint occaecat cupidatat non proident, sunt in culpa qui officia deserunt mollit anim id est laborum.\\\"<br><\\/p>\"}},\"12\":{\"type\":\"image\",\"enabled\":\"1\",\"fields\":{\"image\":[\"4\"],\"alignment\":\"left\",\"clear\":\"none\",\"caption\":\"\"}},\"new1\":{\"type\":\"text\",\"enabled\":\"1\",\"fields\":{\"text\":\"<p>Lorem <strong>ipsum dolor sit amet<\\/strong>, consectetur adipiscing elit, sed do eiusmod tempor incididunt ut labore et dolore magna aliqua. Ut enim ad minim veniam, quis nostrud exercitation ullamco laboris nisi ut aliquip ex ea commodo consequat. Duis aute irure dolor in reprehenderit in voluptate velit esse cillum dolore eu fugiat nulla pariatur.<\\/p>\"}},\"13\":{\"type\":\"image\",\"enabled\":\"1\",\"fields\":{\"image\":[\"6\"],\"alignment\":\"left\",\"clear\":\"none\",\"caption\":\"\"}},\"14\":{\"type\":\"text\",\"enabled\":\"1\",\"fields\":{\"text\":\"<p>Lorem <strong>ipsum dolor sit amet<\\/strong>, consectetur adipiscing elit, sed do eiusmod tempor incididunt ut labore et dolore magna aliqua. Ut enim ad minim veniam, quis nostrud exercitation ullamco laboris nisi ut aliquip ex ea commodo consequat. Duis aute irure dolor in reprehenderit in voluptate velit esse cillum dolore eu fugiat nulla pariatur. Excepteur sint occaecat cupidatat non proident, sunt in culpa qui officia deserunt mollit anim id est laborum.\\\"<\\/p>\"}}},\"13\":\"Welcome to Default2016 - titles with <em>emphasis<\\/em> and quotes &ldquo;&rsquo;&rdquo;\",\"2\":\"\"}}','2015-10-24 10:00:03','2015-10-24 10:00:03','6eeeafd3-d52b-4ffd-91c6-39ed7e38db3e'),(10,3,2,1,'en_us',10,'','{\"typeId\":\"2\",\"authorId\":\"1\",\"title\":\"Welcome to Default2016\",\"slug\":\"welcome-to-default-2016\",\"postDate\":1445675760,\"expiryDate\":null,\"enabled\":1,\"fields\":{\"1\":{\"7\":{\"type\":\"heading\",\"enabled\":\"1\",\"fields\":{\"heading\":\"What\'s not to love?\",\"headingType\":\"h2\"}},\"9\":{\"type\":\"image\",\"enabled\":\"1\",\"fields\":{\"image\":[\"6\"],\"alignment\":\"full\",\"clear\":\"none\",\"caption\":\"\"}},\"8\":{\"type\":\"text\",\"enabled\":\"1\",\"fields\":{\"text\":\"<p>Lorem <strong>ipsum dolor sit amet<\\/strong>, consectetur adipiscing elit, sed do eiusmod tempor incididunt ut labore et dolore magna aliqua. Ut enim ad minim veniam, quis nostrud exercitation ullamco laboris nisi ut aliquip ex ea commodo consequat. Duis aute irure dolor in reprehenderit in voluptate velit esse cillum dolore eu fugiat nulla pariatur. Excepteur sint occaecat cupidatat non proident, sunt in culpa qui officia deserunt mollit anim id est laborum.\\\"<\\/p>\"}},\"10\":{\"type\":\"image\",\"enabled\":\"1\",\"fields\":{\"image\":[\"5\"],\"alignment\":\"right\",\"clear\":\"none\",\"caption\":\"Fancy little image\"}},\"11\":{\"type\":\"text\",\"enabled\":\"1\",\"fields\":{\"text\":\"<p>Lorem <strong>ipsum dolor sit amet<\\/strong>, consectetur adipiscing elit, sed do eiusmod tempor incididunt ut labore et dolore magna aliqua. Ut enim ad minim veniam, quis nostrud exercitation ullamco laboris nisi ut aliquip ex ea commodo consequat. Duis aute irure dolor in reprehenderit in voluptate velit esse cillum dolore eu fugiat nulla pariatur. Excepteur sint occaecat cupidatat non proident, sunt in culpa qui officia deserunt mollit anim id est laborum.\\\"<\\/p><p>Lorem <strong>ipsum dolor sit amet<\\/strong>, consectetur adipiscing elit, sed do eiusmod tempor incididunt ut labore et dolore magna aliqua. Ut enim ad minim veniam, quis nostrud exercitation ullamco laboris nisi ut aliquip ex ea commodo consequat. Duis aute irure dolor in reprehenderit in voluptate velit esse cillum dolore eu fugiat nulla pariatur. Excepteur sint occaecat cupidatat non proident, sunt in culpa qui officia deserunt mollit anim id est laborum.\\\" Lorem <strong>ipsum dolor sit amet<\\/strong>, consectetur adipiscing elit, sed do eiusmod tempor incididunt ut labore et dolore magna aliqua. Ut enim ad minim veniam, quis nostrud exercitation ullamco laboris nisi ut aliquip ex ea commodo consequat. Duis aute irure dolor in reprehenderit in voluptate velit esse cillum dolore eu fugiat nulla pariatur. Excepteur sint occaecat cupidatat non proident, sunt in culpa qui officia deserunt mollit anim id est laborum.\\\"<br><\\/p>\"}},\"12\":{\"type\":\"image\",\"enabled\":\"1\",\"fields\":{\"image\":[\"4\"],\"alignment\":\"left\",\"clear\":\"none\",\"caption\":\"\"}},\"15\":{\"type\":\"text\",\"enabled\":\"1\",\"fields\":{\"text\":\"<p>Lorem <strong>ipsum dolor sit amet<\\/strong>, consectetur adipiscing elit, sed do eiusmod tempor incididunt ut labore et dolore magna aliqua. Ut enim ad minim veniam, quis nostrud exercitation ullamco laboris nisi ut aliquip ex ea commodo consequat. Duis aute irure dolor in reprehenderit in voluptate velit esse cillum dolore eu fugiat nulla pariatur.<\\/p>\"}},\"13\":{\"type\":\"image\",\"enabled\":\"1\",\"fields\":{\"image\":[\"6\"],\"alignment\":\"left\",\"clear\":\"both\",\"caption\":\"\"}},\"14\":{\"type\":\"text\",\"enabled\":\"1\",\"fields\":{\"text\":\"<p>Lorem <strong>ipsum dolor sit amet<\\/strong>, consectetur adipiscing elit, sed do eiusmod tempor incididunt ut labore et dolore magna aliqua. Ut enim ad minim veniam, quis nostrud exercitation ullamco laboris nisi ut aliquip ex ea commodo consequat. Duis aute irure dolor in reprehenderit in voluptate velit esse cillum dolore eu fugiat nulla pariatur. Excepteur sint occaecat cupidatat non proident, sunt in culpa qui officia deserunt mollit anim id est laborum.\\\"<\\/p>\"}}},\"13\":\"Welcome to Default2016 - titles with <em>emphasis<\\/em> and quotes &ldquo;&rsquo;&rdquo;\",\"2\":\"\"}}','2015-10-24 10:00:27','2015-10-24 10:00:27','7482674d-d94e-4a32-ab1e-c6b44a155c69'),(11,3,2,1,'en_us',11,'','{\"typeId\":\"2\",\"authorId\":\"1\",\"title\":\"Welcome to Default2016\",\"slug\":\"welcome-to-default-2016\",\"postDate\":1445675760,\"expiryDate\":null,\"enabled\":1,\"fields\":{\"1\":{\"7\":{\"type\":\"heading\",\"enabled\":\"1\",\"fields\":{\"heading\":\"What\'s not to love?\",\"headingType\":\"h2\"}},\"9\":{\"type\":\"image\",\"enabled\":\"1\",\"fields\":{\"image\":[\"6\"],\"alignment\":\"full\",\"clear\":\"none\",\"caption\":\"\"}},\"8\":{\"type\":\"text\",\"enabled\":\"1\",\"fields\":{\"text\":\"<p>Lorem <strong>ipsum dolor sit amet<\\/strong>, consectetur adipiscing elit, sed do eiusmod tempor incididunt ut labore et dolore magna aliqua. Ut enim ad minim veniam, quis nostrud exercitation ullamco laboris nisi ut aliquip ex ea commodo consequat. Duis aute irure dolor in reprehenderit in voluptate velit esse cillum dolore eu fugiat nulla pariatur. Excepteur sint occaecat cupidatat non proident, sunt in culpa qui officia deserunt mollit anim id est laborum.\\\"<\\/p>\"}},\"10\":{\"type\":\"image\",\"enabled\":\"1\",\"fields\":{\"image\":[\"5\"],\"alignment\":\"right\",\"clear\":\"none\",\"caption\":\"Fancy little image\"}},\"11\":{\"type\":\"text\",\"enabled\":\"1\",\"fields\":{\"text\":\"<p>Lorem <strong>ipsum dolor sit amet<\\/strong>, consectetur adipiscing elit, sed do eiusmod tempor incididunt ut labore et dolore magna aliqua. Ut enim ad minim veniam, quis nostrud exercitation ullamco laboris nisi ut aliquip ex ea commodo consequat. Duis aute irure dolor in reprehenderit in voluptate velit esse cillum dolore eu fugiat nulla pariatur. Excepteur sint occaecat cupidatat non proident, sunt in culpa qui officia deserunt mollit anim id est laborum.\\\"<\\/p><p>Lorem <strong>ipsum dolor sit amet<\\/strong>, consectetur adipiscing elit, sed do eiusmod tempor incididunt ut labore et dolore magna aliqua. Ut enim ad minim veniam, quis nostrud exercitation ullamco laboris nisi ut aliquip ex ea commodo consequat. Duis aute irure dolor in reprehenderit in voluptate velit esse cillum dolore eu fugiat nulla pariatur. Excepteur sint occaecat cupidatat non proident, sunt in culpa qui officia deserunt mollit anim id est laborum.\\\" Lorem <strong>ipsum dolor sit amet<\\/strong>, consectetur adipiscing elit, sed do eiusmod tempor incididunt ut labore et dolore magna aliqua. Ut enim ad minim veniam, quis nostrud exercitation ullamco laboris nisi ut aliquip ex ea commodo consequat. Duis aute irure dolor in reprehenderit in voluptate velit esse cillum dolore eu fugiat nulla pariatur. Excepteur sint occaecat cupidatat non proident, sunt in culpa qui officia deserunt mollit anim id est laborum.\\\"<br><\\/p>\"}},\"12\":{\"type\":\"image\",\"enabled\":\"1\",\"fields\":{\"image\":[\"4\"],\"alignment\":\"left\",\"clear\":\"none\",\"caption\":\"\"}},\"15\":{\"type\":\"text\",\"enabled\":\"1\",\"fields\":{\"text\":\"<h2>This heading is inline<\\/h2><p>Lorem <strong>ipsum dolor sit amet<\\/strong>, consectetur adipiscing elit, sed do eiusmod tempor incididunt ut labore et dolore magna aliqua. Ut enim ad minim veniam, quis nostrud exercitation ullamco laboris nisi ut aliquip ex ea commodo consequat. Duis aute irure dolor in reprehenderit in voluptate velit esse cillum dolore eu fugiat nulla pariatur.<\\/p>\"}},\"13\":{\"type\":\"image\",\"enabled\":\"1\",\"fields\":{\"image\":[\"6\"],\"alignment\":\"left\",\"clear\":\"both\",\"caption\":\"\"}},\"14\":{\"type\":\"text\",\"enabled\":\"1\",\"fields\":{\"text\":\"<p>Lorem <strong>ipsum dolor sit amet<\\/strong>, consectetur adipiscing elit, sed do eiusmod tempor incididunt ut labore et dolore magna aliqua. Ut enim ad minim veniam, quis nostrud exercitation ullamco laboris nisi ut aliquip ex ea commodo consequat. Duis aute irure dolor in reprehenderit in voluptate velit esse cillum dolore eu fugiat nulla pariatur. Excepteur sint occaecat cupidatat non proident, sunt in culpa qui officia deserunt mollit anim id est laborum.\\\"<\\/p>\"}}},\"13\":\"Welcome to Default2016 - titles with <em>emphasis<\\/em> and quotes &ldquo;&rsquo;&rdquo;\",\"2\":\"\"}}','2015-10-24 10:02:12','2015-10-24 10:02:12','b598e492-24d0-4806-ac91-5f83a4364b3a'),(12,3,2,1,'en_us',12,'','{\"typeId\":\"2\",\"authorId\":\"1\",\"title\":\"Welcome to Default2016\",\"slug\":\"welcome-to-default-2016\",\"postDate\":1445675760,\"expiryDate\":null,\"enabled\":1,\"fields\":{\"1\":{\"7\":{\"type\":\"heading\",\"enabled\":\"1\",\"fields\":{\"heading\":\"What\'s not to love?\",\"headingType\":\"h2\"}},\"9\":{\"type\":\"image\",\"enabled\":\"1\",\"fields\":{\"image\":[\"6\"],\"alignment\":\"full\",\"clear\":\"none\",\"caption\":\"\"}},\"8\":{\"type\":\"text\",\"enabled\":\"1\",\"fields\":{\"text\":\"<p>Lorem <strong>ipsum dolor sit amet<\\/strong>, consectetur adipiscing elit, sed do eiusmod tempor incididunt ut labore et dolore magna aliqua. Ut enim ad minim veniam, quis nostrud exercitation ullamco laboris nisi ut aliquip ex ea commodo consequat. Duis aute irure dolor in reprehenderit in voluptate velit esse cillum dolore eu fugiat nulla pariatur. Excepteur sint occaecat cupidatat non proident, sunt in culpa qui officia deserunt mollit anim id est laborum.\\\"<\\/p>\"}},\"10\":{\"type\":\"image\",\"enabled\":\"1\",\"fields\":{\"image\":[\"5\"],\"alignment\":\"right\",\"clear\":\"none\",\"caption\":\"Fancy little image\"}},\"11\":{\"type\":\"text\",\"enabled\":\"1\",\"fields\":{\"text\":\"<p>Lorem <strong>ipsum dolor sit amet<\\/strong>, consectetur adipiscing elit, sed do eiusmod tempor incididunt ut labore et dolore magna aliqua. Ut enim ad minim veniam, quis nostrud exercitation ullamco laboris nisi ut aliquip ex ea commodo consequat. Duis aute irure dolor in reprehenderit in voluptate velit esse cillum dolore eu fugiat nulla pariatur. Excepteur sint occaecat cupidatat non proident, sunt in culpa qui officia deserunt mollit anim id est laborum.\\\"<\\/p><p>Lorem <strong>ipsum dolor sit amet<\\/strong>, consectetur adipiscing elit, sed do eiusmod tempor incididunt ut labore et dolore magna aliqua. Ut enim ad minim veniam, quis nostrud exercitation ullamco laboris nisi ut aliquip ex ea commodo consequat. Duis aute irure dolor in reprehenderit in voluptate velit esse cillum dolore eu fugiat nulla pariatur. Excepteur sint occaecat cupidatat non proident, sunt in culpa qui officia deserunt mollit anim id est laborum.\\\" Lorem <strong>ipsum dolor sit amet<\\/strong>, consectetur adipiscing elit, sed do eiusmod tempor incididunt ut labore et dolore magna aliqua. Ut enim ad minim veniam, quis nostrud exercitation ullamco laboris nisi ut aliquip ex ea commodo consequat. Duis aute irure dolor in reprehenderit in voluptate velit esse cillum dolore eu fugiat nulla pariatur. Excepteur sint occaecat cupidatat non proident, sunt in culpa qui officia deserunt mollit anim id est laborum.\\\"<br><\\/p>\"}},\"12\":{\"type\":\"image\",\"enabled\":\"1\",\"fields\":{\"image\":[\"4\"],\"alignment\":\"left\",\"clear\":\"none\",\"caption\":\"\"}},\"new1\":{\"type\":\"heading\",\"enabled\":\"1\",\"fields\":{\"heading\":\"This should break up the article nicely\",\"headingType\":\"h2\"}},\"15\":{\"type\":\"text\",\"enabled\":\"1\",\"fields\":{\"text\":\"<p>Lorem <strong>ipsum dolor sit amet<\\/strong>, consectetur adipiscing elit, sed do eiusmod tempor incididunt ut labore et dolore magna aliqua. Ut enim ad minim veniam, quis nostrud exercitation ullamco laboris nisi ut aliquip ex ea commodo consequat. Duis aute irure dolor in reprehenderit in voluptate velit esse cillum dolore eu fugiat nulla pariatur.<br><\\/p>\"}},\"13\":{\"type\":\"image\",\"enabled\":\"1\",\"fields\":{\"image\":[\"6\"],\"alignment\":\"left\",\"clear\":\"both\",\"caption\":\"\"}},\"14\":{\"type\":\"text\",\"enabled\":\"1\",\"fields\":{\"text\":\"<p>Lorem <strong>ipsum dolor sit amet<\\/strong>, consectetur adipiscing elit, sed do eiusmod tempor incididunt ut labore et dolore magna aliqua. Ut enim ad minim veniam, quis nostrud exercitation ullamco laboris nisi ut aliquip ex ea commodo consequat. Duis aute irure dolor in reprehenderit in voluptate velit esse cillum dolore eu fugiat nulla pariatur. Excepteur sint occaecat cupidatat non proident, sunt in culpa qui officia deserunt mollit anim id est laborum.\\\"<\\/p>\"}}},\"13\":\"Welcome to Default2016 - titles with <em>emphasis<\\/em> and quotes &ldquo;&rsquo;&rdquo;\",\"2\":\"\"}}','2015-10-24 10:03:12','2015-10-24 10:03:12','8f553124-7b46-46b1-95c5-0a4f1ed9206a'),(13,3,2,1,'en_us',13,'','{\"typeId\":\"2\",\"authorId\":\"1\",\"title\":\"Welcome to Default2016\",\"slug\":\"welcome-to-default-2016\",\"postDate\":1445675760,\"expiryDate\":null,\"enabled\":1,\"fields\":{\"1\":{\"7\":{\"type\":\"heading\",\"enabled\":\"1\",\"fields\":{\"heading\":\"What\'s not to love?\",\"headingType\":\"h2\"}},\"9\":{\"type\":\"image\",\"enabled\":\"1\",\"fields\":{\"image\":[\"6\"],\"alignment\":\"full\",\"clear\":\"none\",\"caption\":\"\"}},\"8\":{\"type\":\"text\",\"enabled\":\"1\",\"fields\":{\"text\":\"<p>Lorem <strong>ipsum dolor sit amet<\\/strong>, consectetur adipiscing elit, sed do eiusmod tempor incididunt ut labore et dolore magna aliqua. Ut enim ad minim veniam, quis nostrud exercitation ullamco laboris nisi ut aliquip ex ea commodo consequat. Duis aute irure dolor in reprehenderit in voluptate velit esse cillum dolore eu fugiat nulla pariatur. Excepteur sint occaecat cupidatat non proident, sunt in culpa qui officia deserunt mollit anim id est laborum.\\\"<\\/p>\"}},\"10\":{\"type\":\"image\",\"enabled\":\"1\",\"fields\":{\"image\":[\"5\"],\"alignment\":\"right\",\"clear\":\"none\",\"caption\":\"Fancy little image\"}},\"11\":{\"type\":\"text\",\"enabled\":\"1\",\"fields\":{\"text\":\"<p>Lorem <strong>ipsum dolor sit amet<\\/strong>, consectetur adipiscing elit, sed do eiusmod tempor incididunt ut labore et dolore magna aliqua. Ut enim ad minim veniam, quis nostrud exercitation ullamco laboris nisi ut aliquip ex ea commodo consequat. Duis aute irure dolor in reprehenderit in voluptate velit esse cillum dolore eu fugiat nulla pariatur. Excepteur sint occaecat cupidatat non proident, sunt in culpa qui officia deserunt mollit anim id est laborum.\\\"<\\/p><p>Lorem <strong>ipsum dolor sit amet<\\/strong>, consectetur adipiscing elit, sed do eiusmod tempor incididunt ut labore et dolore magna aliqua. Ut enim ad minim veniam, quis nostrud exercitation ullamco laboris nisi ut aliquip ex ea commodo consequat. Duis aute irure dolor in reprehenderit in voluptate velit esse cillum dolore eu fugiat nulla pariatur. Excepteur sint occaecat cupidatat non proident, sunt in culpa qui officia deserunt mollit anim id est laborum.\\\" Lorem <strong>ipsum dolor sit amet<\\/strong>, consectetur adipiscing elit, sed do eiusmod tempor incididunt ut labore et dolore magna aliqua. Ut enim ad minim veniam, quis nostrud exercitation ullamco laboris nisi ut aliquip ex ea commodo consequat. Duis aute irure dolor in reprehenderit in voluptate velit esse cillum dolore eu fugiat nulla pariatur. Excepteur sint occaecat cupidatat non proident, sunt in culpa qui officia deserunt mollit anim id est laborum.\\\"<br><\\/p>\"}},\"16\":{\"type\":\"heading\",\"enabled\":\"1\",\"fields\":{\"heading\":\"This should break up the article nicely\",\"headingType\":\"h2\"}},\"12\":{\"type\":\"image\",\"enabled\":\"1\",\"fields\":{\"image\":[\"4\"],\"alignment\":\"left\",\"clear\":\"none\",\"caption\":\"\"}},\"15\":{\"type\":\"text\",\"enabled\":\"1\",\"fields\":{\"text\":\"<p>Lorem <strong>ipsum dolor sit amet<\\/strong>, consectetur adipiscing elit, sed do eiusmod tempor incididunt ut labore et dolore magna aliqua. Ut enim ad minim veniam, quis nostrud exercitation ullamco laboris nisi ut aliquip ex ea commodo consequat. Duis aute irure dolor in reprehenderit in voluptate velit esse cillum dolore eu fugiat nulla pariatur.<br><\\/p>\"}},\"13\":{\"type\":\"image\",\"enabled\":\"1\",\"fields\":{\"image\":[\"6\"],\"alignment\":\"left\",\"clear\":\"both\",\"caption\":\"\"}},\"14\":{\"type\":\"text\",\"enabled\":\"1\",\"fields\":{\"text\":\"<p>Lorem <strong>ipsum dolor sit amet<\\/strong>, consectetur adipiscing elit, sed do eiusmod tempor incididunt ut labore et dolore magna aliqua. Ut enim ad minim veniam, quis nostrud exercitation ullamco laboris nisi ut aliquip ex ea commodo consequat. Duis aute irure dolor in reprehenderit in voluptate velit esse cillum dolore eu fugiat nulla pariatur. Excepteur sint occaecat cupidatat non proident, sunt in culpa qui officia deserunt mollit anim id est laborum.\\\"<\\/p>\"}}},\"13\":\"Welcome to Default2016 - titles with <em>emphasis<\\/em> and quotes &ldquo;&rsquo;&rdquo;\",\"2\":\"\"}}','2015-10-24 10:03:38','2015-10-24 10:03:38','b9ba1175-52ad-4a8d-966a-e4a864f1c510'),(14,3,2,1,'en_us',14,'','{\"typeId\":\"2\",\"authorId\":\"1\",\"title\":\"Welcome to Default2016\",\"slug\":\"welcome-to-default-2016\",\"postDate\":1445675760,\"expiryDate\":null,\"enabled\":1,\"fields\":{\"1\":{\"7\":{\"type\":\"heading\",\"enabled\":\"1\",\"fields\":{\"heading\":\"What\'s not to love?\",\"headingType\":\"h2\"}},\"9\":{\"type\":\"image\",\"enabled\":\"1\",\"fields\":{\"image\":[\"6\"],\"alignment\":\"full\",\"clear\":\"none\",\"caption\":\"\"}},\"8\":{\"type\":\"text\",\"enabled\":\"1\",\"fields\":{\"text\":\"<p>Lorem <strong>ipsum dolor sit amet<\\/strong>, consectetur adipiscing elit, sed do eiusmod tempor incididunt ut labore et dolore magna aliqua. Ut enim ad minim veniam, quis nostrud exercitation ullamco laboris nisi ut aliquip ex ea commodo consequat. Duis aute irure dolor in reprehenderit in voluptate velit esse cillum dolore eu fugiat nulla pariatur. Excepteur sint occaecat cupidatat non proident, sunt in culpa qui officia deserunt mollit anim id est laborum.\\\"<\\/p>\"}},\"10\":{\"type\":\"image\",\"enabled\":\"1\",\"fields\":{\"image\":[\"5\"],\"alignment\":\"right\",\"clear\":\"none\",\"caption\":\"Fancy little image\"}},\"11\":{\"type\":\"text\",\"enabled\":\"1\",\"fields\":{\"text\":\"<p>Lorem <strong>ipsum dolor sit amet<\\/strong>, consectetur adipiscing elit, sed do eiusmod tempor incididunt ut labore et dolore magna aliqua. Ut enim ad minim veniam, quis nostrud exercitation ullamco laboris nisi ut aliquip ex ea commodo consequat. Duis aute irure dolor in reprehenderit in voluptate velit esse cillum dolore eu fugiat nulla pariatur. Excepteur sint occaecat cupidatat non proident, sunt in culpa qui officia deserunt mollit anim id est laborum.\\\"<\\/p><p>Lorem <strong>ipsum dolor sit amet<\\/strong>, consectetur adipiscing elit, sed do eiusmod tempor incididunt ut labore et dolore magna aliqua. Ut enim ad minim veniam, quis nostrud exercitation ullamco laboris nisi ut aliquip ex ea commodo consequat. Duis aute irure dolor in reprehenderit in voluptate velit esse cillum dolore eu fugiat nulla pariatur. Excepteur sint occaecat cupidatat non proident, sunt in culpa qui officia deserunt mollit anim id est laborum.\\\" Lorem <strong>ipsum dolor sit amet<\\/strong>, consectetur adipiscing elit, sed do eiusmod tempor incididunt ut labore et dolore magna aliqua. Ut enim ad minim veniam, quis nostrud exercitation ullamco laboris nisi ut aliquip ex ea commodo consequat. Duis aute irure dolor in reprehenderit in voluptate velit esse cillum dolore eu fugiat nulla pariatur. Excepteur sint occaecat cupidatat non proident, sunt in culpa qui officia deserunt mollit anim id est laborum.\\\"<br><\\/p>\"}},\"16\":{\"type\":\"heading\",\"enabled\":\"1\",\"fields\":{\"heading\":\"This should break up the article nicely\",\"headingType\":\"h2\"}},\"12\":{\"type\":\"image\",\"enabled\":\"1\",\"fields\":{\"image\":[\"4\"],\"alignment\":\"left\",\"clear\":\"none\",\"caption\":\"\"}},\"15\":{\"type\":\"text\",\"enabled\":\"1\",\"fields\":{\"text\":\"<p>Lorem <strong>ipsum dolor sit amet<\\/strong>, consectetur adipiscing elit, sed do eiusmod tempor incididunt ut labore et dolore magna aliqua. Ut enim ad minim veniam, quis nostrud exercitation ullamco laboris nisi ut aliquip ex ea commodo consequat. Duis aute irure dolor in reprehenderit in voluptate velit esse cillum dolore eu fugiat nulla pariatur.<br><\\/p>\"}},\"13\":{\"type\":\"image\",\"enabled\":\"1\",\"fields\":{\"image\":[\"6\"],\"alignment\":\"left\",\"clear\":\"both\",\"caption\":\"\"}},\"14\":{\"type\":\"text\",\"enabled\":\"1\",\"fields\":{\"text\":\"<p>Lorem <strong>ipsum dolor sit amet<\\/strong>, consectetur adipiscing elit, sed do eiusmod tempor incididunt ut labore et dolore magna aliqua. Ut enim ad minim veniam, quis nostrud exercitation ullamco laboris nisi ut aliquip ex ea commodo consequat. Duis aute irure dolor in reprehenderit in voluptate velit esse cillum dolore eu fugiat nulla pariatur. Excepteur sint occaecat cupidatat non proident, sunt in culpa qui officia deserunt mollit anim id est laborum.\\\"<\\/p>\"}},\"new1\":{\"type\":\"pullQuote\",\"enabled\":\"1\",\"fields\":{\"pullquote\":\"Excepteur sint occaecat cupidatat...\",\"alignment\":\"right\"}}},\"13\":\"Welcome to Default2016 - titles with <em>emphasis<\\/em> and quotes &ldquo;&rsquo;&rdquo;\",\"2\":\"\"}}','2015-10-24 10:05:22','2015-10-24 10:05:22','65ba77fd-4fbd-4eca-9dc5-d62d15443337'),(15,3,2,1,'en_us',15,'','{\"typeId\":\"2\",\"authorId\":\"1\",\"title\":\"Welcome to Default2016\",\"slug\":\"welcome-to-default-2016\",\"postDate\":1445675760,\"expiryDate\":null,\"enabled\":1,\"fields\":{\"1\":{\"7\":{\"type\":\"heading\",\"enabled\":\"1\",\"fields\":{\"heading\":\"What\'s not to love?\",\"headingType\":\"h2\"}},\"9\":{\"type\":\"image\",\"enabled\":\"1\",\"fields\":{\"image\":[\"6\"],\"alignment\":\"full\",\"clear\":\"none\",\"caption\":\"\"}},\"8\":{\"type\":\"text\",\"enabled\":\"1\",\"fields\":{\"text\":\"<p>Lorem <strong>ipsum dolor sit amet<\\/strong>, consectetur adipiscing elit, sed do eiusmod tempor incididunt ut labore et dolore magna aliqua. Ut enim ad minim veniam, quis nostrud exercitation ullamco laboris nisi ut aliquip ex ea commodo consequat. Duis aute irure dolor in reprehenderit in voluptate velit esse cillum dolore eu fugiat nulla pariatur. Excepteur sint occaecat cupidatat non proident, sunt in culpa qui officia deserunt mollit anim id est laborum.\\\"<\\/p>\"}},\"10\":{\"type\":\"image\",\"enabled\":\"1\",\"fields\":{\"image\":[\"5\"],\"alignment\":\"right\",\"clear\":\"none\",\"caption\":\"Fancy little image\"}},\"11\":{\"type\":\"text\",\"enabled\":\"1\",\"fields\":{\"text\":\"<p>Lorem <strong>ipsum dolor sit amet<\\/strong>, consectetur adipiscing elit, sed do eiusmod tempor incididunt ut labore et dolore magna aliqua. Ut enim ad minim veniam, quis nostrud exercitation ullamco laboris nisi ut aliquip ex ea commodo consequat. Duis aute irure dolor in reprehenderit in voluptate velit esse cillum dolore eu fugiat nulla pariatur. Excepteur sint occaecat cupidatat non proident, sunt in culpa qui officia deserunt mollit anim id est laborum.\\\"\\r\\n<\\/p><p>Lorem <strong>ipsum dolor sit amet<\\/strong>, consectetur adipiscing elit, sed do eiusmod tempor incididunt ut labore et dolore magna aliqua. Ut enim ad minim veniam, quis nostrud exercitation ullamco laboris nisi ut aliquip ex ea commodo consequat. Duis aute irure dolor in reprehenderit in voluptate velit esse cillum dolore eu fugiat nulla pariatur. Excepteur sint occaecat cupidatat non proident, sunt in culpa qui officia deserunt mollit anim id est laborum.\\\" Lorem <strong>ipsum dolor sit amet<\\/strong>, consectetur adipiscing elit, sed do eiusmod tempor incididunt ut labore et dolore magna aliqua. Ut enim ad minim veniam, quis nostrud exercitation ullamco laboris nisi ut aliquip ex ea commodo consequat. Duis aute irure dolor in reprehenderit in voluptate velit esse cillum dolore eu fugiat nulla pariatur. Excepteur sint occaecat cupidatat non proident, sunt in culpa qui officia deserunt mollit anim id est laborum.<br>\\r\\n<\\/p><blockquote><span style=\\\"font-family: Arial, Helvetica, Verdana, Tahoma, sans-serif; font-size: 14px; font-style: normal; font-variant: normal; font-weight: normal; line-height: 22.4px; background-color: rgb(255, 255, 255);\\\">commodo consequat. Duis aute irure dolor in reprehenderit in voluptate velit esse cillum dolore eu fugiat nulla pariatur. Excepteur sint occaecat cupidatat non proident, sunt in culpa qui officia deserunt mollit anim id est laborum<\\/span><br>\\r\\n<\\/blockquote>\"}},\"16\":{\"type\":\"heading\",\"enabled\":\"1\",\"fields\":{\"heading\":\"This should break up the article nicely\",\"headingType\":\"h2\"}},\"12\":{\"type\":\"image\",\"enabled\":\"1\",\"fields\":{\"image\":[\"4\"],\"alignment\":\"left\",\"clear\":\"none\",\"caption\":\"\"}},\"15\":{\"type\":\"text\",\"enabled\":\"1\",\"fields\":{\"text\":\"<p>Lorem <strong>ipsum dolor sit amet<\\/strong>, consectetur adipiscing elit, sed do eiusmod tempor incididunt ut labore et dolore magna aliqua. Ut enim ad minim veniam, quis nostrud exercitation ullamco laboris nisi ut aliquip ex ea commodo consequat. Duis aute irure dolor in reprehenderit in voluptate velit esse cillum dolore eu fugiat nulla pariatur.<br><\\/p>\"}},\"13\":{\"type\":\"image\",\"enabled\":\"1\",\"fields\":{\"image\":[\"6\"],\"alignment\":\"left\",\"clear\":\"both\",\"caption\":\"\"}},\"14\":{\"type\":\"text\",\"enabled\":\"1\",\"fields\":{\"text\":\"<p>Lorem <strong>ipsum dolor sit amet<\\/strong>, consectetur adipiscing elit, sed do eiusmod tempor incididunt ut labore et dolore magna aliqua. Ut enim ad minim veniam, quis nostrud exercitation ullamco laboris nisi ut aliquip ex ea commodo consequat. Duis aute irure dolor in reprehenderit in voluptate velit esse cillum dolore eu fugiat nulla pariatur. Excepteur sint occaecat cupidatat non proident, sunt in culpa qui officia deserunt mollit anim id est laborum.\\\"<\\/p>\"}},\"17\":{\"type\":\"pullQuote\",\"enabled\":\"1\",\"fields\":{\"pullquote\":\"Excepteur sint occaecat cupidatat...\",\"alignment\":\"right\"}}},\"13\":\"Welcome to Default2016 - titles with <em>emphasis<\\/em> and quotes &ldquo;&rsquo;&rdquo;\",\"2\":\"\"}}','2015-10-24 10:08:53','2015-10-24 10:08:53','2acce064-006f-4b94-a702-8066195577ad'),(16,3,2,1,'en_us',16,'','{\"typeId\":\"2\",\"authorId\":\"1\",\"title\":\"Welcome to Default2016\",\"slug\":\"welcome-to-default-2016\",\"postDate\":1445675760,\"expiryDate\":null,\"enabled\":1,\"fields\":{\"1\":{\"7\":{\"type\":\"heading\",\"enabled\":\"1\",\"fields\":{\"heading\":\"What\'s not to love?\",\"headingType\":\"h2\"}},\"9\":{\"type\":\"image\",\"enabled\":\"1\",\"fields\":{\"image\":[\"6\"],\"alignment\":\"full\",\"clear\":\"none\",\"caption\":\"\"}},\"8\":{\"type\":\"text\",\"enabled\":\"1\",\"fields\":{\"text\":\"<p>Lorem <strong>ipsum dolor sit amet<\\/strong>, consectetur adipiscing elit, sed do eiusmod tempor incididunt ut labore et dolore magna aliqua. Ut enim ad minim veniam, quis nostrud exercitation ullamco laboris nisi ut aliquip ex ea commodo consequat. Duis aute irure dolor in reprehenderit in voluptate velit esse cillum dolore eu fugiat nulla pariatur. Excepteur sint occaecat cupidatat non proident, sunt in culpa qui officia deserunt mollit anim id est laborum.\\\"<\\/p>\"}},\"10\":{\"type\":\"image\",\"enabled\":\"1\",\"fields\":{\"image\":[\"5\"],\"alignment\":\"right\",\"clear\":\"none\",\"caption\":\"Fancy little image\"}},\"11\":{\"type\":\"text\",\"enabled\":\"1\",\"fields\":{\"text\":\"<p>Lorem <strong>ipsum dolor sit amet<\\/strong>, consectetur adipiscing elit, sed do eiusmod tempor incididunt ut labore et dolore magna aliqua. Ut enim ad minim veniam, quis nostrud exercitation ullamco laboris nisi ut aliquip ex ea commodo consequat. Duis aute irure dolor in reprehenderit in voluptate velit esse cillum dolore eu fugiat nulla pariatur. Excepteur sint occaecat cupidatat non proident, sunt in culpa qui officia deserunt mollit anim id est laborum.\\\"\\r\\n<\\/p><p>Lorem <strong>ipsum dolor sit amet<\\/strong>, consectetur adipiscing elit, sed do eiusmod tempor incididunt ut labore et dolore magna aliqua. Ut enim ad minim veniam, quis nostrud exercitation ullamco laboris nisi ut aliquip ex ea commodo consequat. Duis aute irure dolor in reprehenderit in voluptate velit esse cillum dolore eu fugiat nulla pariatur. Excepteur sint occaecat cupidatat non proident, sunt in culpa qui officia deserunt mollit anim id est laborum.\\\" Lorem <strong>ipsum dolor sit amet<\\/strong>, consectetur adipiscing elit, sed do eiusmod tempor incididunt ut labore et dolore magna aliqua. Ut enim ad minim veniam, quis nostrud exercitation ullamco laboris nisi ut aliquip ex ea commodo consequat. Duis aute irure dolor in reprehenderit in voluptate velit esse cillum dolore eu fugiat nulla pariatur. Excepteur sint occaecat cupidatat non proident, sunt in culpa qui officia deserunt mollit anim id est laborum.<br>\\r\\n<\\/p><blockquote>commodo consequat. Duis aute irure dolor in reprehenderit in voluptate velit esse cillum dolore eu fugiat nulla pariatur. Excepteur sint occaecat cupidatat non proident, sunt in culpa qui officia deserunt mollit anim id est laborum<\\/blockquote>\"}},\"16\":{\"type\":\"heading\",\"enabled\":\"1\",\"fields\":{\"heading\":\"This should break up the article nicely\",\"headingType\":\"h2\"}},\"12\":{\"type\":\"image\",\"enabled\":\"1\",\"fields\":{\"image\":[\"4\"],\"alignment\":\"left\",\"clear\":\"none\",\"caption\":\"\"}},\"15\":{\"type\":\"text\",\"enabled\":\"1\",\"fields\":{\"text\":\"<p>Lorem <strong>ipsum dolor sit amet<\\/strong>, consectetur adipiscing elit, sed do eiusmod tempor incididunt ut labore et dolore magna aliqua. Ut enim ad minim veniam, quis nostrud exercitation ullamco laboris nisi ut aliquip ex ea commodo consequat. Duis aute irure dolor in reprehenderit in voluptate velit esse cillum dolore eu fugiat nulla pariatur.<br><\\/p>\"}},\"13\":{\"type\":\"image\",\"enabled\":\"1\",\"fields\":{\"image\":[\"6\"],\"alignment\":\"left\",\"clear\":\"both\",\"caption\":\"\"}},\"14\":{\"type\":\"text\",\"enabled\":\"1\",\"fields\":{\"text\":\"<p>Lorem <strong>ipsum dolor sit amet<\\/strong>, consectetur adipiscing elit, sed do eiusmod tempor incididunt ut labore et dolore magna aliqua. Ut enim ad minim veniam, quis nostrud exercitation ullamco laboris nisi ut aliquip ex ea commodo consequat. Duis aute irure dolor in reprehenderit in voluptate velit esse cillum dolore eu fugiat nulla pariatur. Excepteur sint occaecat cupidatat non proident, sunt in culpa qui officia deserunt mollit anim id est laborum.\\\"<\\/p><p>Lorem <strong>ipsum dolor sit amet<\\/strong>, consectetur adipiscing elit, sed do eiusmod tempor incididunt ut labore et dolore magna aliqua. Ut enim ad minim veniam, quis nostrud exercitation ullamco laboris nisi ut aliquip ex ea commodo consequat. Duis aute irure dolor in reprehenderit in voluptate velit esse cillum dolore eu fugiat nulla pariatur. Excepteur sint occaecat cupidatat non proident, sunt in culpa qui officia deserunt mollit anim id est laborum.\\\"<br><\\/p><p>Lorem <strong>ipsum dolor sit amet<\\/strong>, consectetur adipiscing elit, sed do eiusmod tempor incididunt ut labore et dolore magna aliqua. Ut enim ad minim veniam, quis nostrud exercitation ullamco laboris nisi ut aliquip ex ea commodo consequat. Duis aute irure dolor in reprehenderit in voluptate velit esse cillum dolore eu fugiat nulla pariatur. Excepteur sint occaecat cupidatat non proident, sunt in culpa qui officia deserunt mollit anim id est laborum.\\\"<\\/p>\"}},\"17\":{\"type\":\"pullQuote\",\"enabled\":\"1\",\"fields\":{\"pullquote\":\"Excepteur sint occaecat cupidatat...\",\"alignment\":\"right\"}},\"new1\":{\"type\":\"text\",\"enabled\":\"1\",\"fields\":{\"text\":\"<p>Lorem <strong>ipsum dolor sit amet<\\/strong>, consectetur adipiscing elit, sed do eiusmod tempor incididunt ut labore et dolore magna aliqua. Ut enim ad minim veniam, quis nostrud exercitation ullamco laboris nisi ut aliquip ex ea commodo consequat. Duis aute irure dolor in reprehenderit in voluptate velit esse cillum dolore eu fugiat nulla pariatur. Excepteur sint occaecat cupidatat non proident, sunt in culpa qui officia deserunt mollit anim id est laborum.\\\"<\\/p><p>Lorem <strong>ipsum dolor sit amet<\\/strong>, consectetur adipiscing elit, sed do eiusmod tempor incididunt ut labore et dolore magna aliqua. Ut enim ad minim veniam, quis nostrud exercitation ullamco laboris nisi ut aliquip ex ea commodo consequat. Duis aute irure dolor in reprehenderit in voluptate velit esse cillum dolore eu fugiat nulla pariatur. Excepteur sint occaecat cupidatat non proident, sunt in culpa qui officia deserunt mollit anim id est laborum.\\\"<span class=\\\"redactor-invisible-space\\\"><\\/span><\\/p>\"}}},\"13\":\"Welcome to Default2016 - titles with <em>emphasis<\\/em> and quotes &ldquo;&rsquo;&rdquo;\",\"2\":\"\"}}','2015-10-24 10:10:27','2015-10-24 10:10:27','987d388a-b727-4452-afbf-e8653bd7ceff'),(17,3,2,1,'en_us',17,'','{\"typeId\":\"2\",\"authorId\":\"1\",\"title\":\"Welcome to Default2016\",\"slug\":\"welcome-to-default-2016\",\"postDate\":1445675760,\"expiryDate\":null,\"enabled\":1,\"fields\":{\"1\":{\"7\":{\"type\":\"heading\",\"enabled\":\"1\",\"fields\":{\"heading\":\"What\'s not to love?\",\"headingType\":\"h2\"}},\"9\":{\"type\":\"image\",\"enabled\":\"1\",\"fields\":{\"image\":[\"6\"],\"alignment\":\"full\",\"clear\":\"none\",\"caption\":\"\"}},\"8\":{\"type\":\"text\",\"enabled\":\"1\",\"fields\":{\"text\":\"<p>Lorem <strong>ipsum dolor sit amet<\\/strong>, consectetur adipiscing elit, sed do eiusmod tempor incididunt ut labore et dolore magna aliqua. Ut enim ad minim veniam, quis nostrud exercitation ullamco laboris nisi ut aliquip ex ea commodo consequat. Duis aute irure dolor in reprehenderit in voluptate velit esse cillum dolore eu fugiat nulla pariatur. Excepteur sint occaecat cupidatat non proident, sunt in culpa qui officia deserunt mollit anim id est laborum.\\\"<\\/p>\"}},\"10\":{\"type\":\"image\",\"enabled\":\"1\",\"fields\":{\"image\":[\"5\"],\"alignment\":\"right\",\"clear\":\"none\",\"caption\":\"Fancy little image\"}},\"11\":{\"type\":\"text\",\"enabled\":\"1\",\"fields\":{\"text\":\"<p>Lorem <strong>ipsum dolor sit amet<\\/strong>, consectetur adipiscing elit, sed do eiusmod tempor incididunt ut labore et dolore magna aliqua. Ut enim ad minim veniam, quis nostrud exercitation ullamco laboris nisi ut aliquip ex ea commodo consequat. Duis aute irure dolor in reprehenderit in voluptate velit esse cillum dolore eu fugiat nulla pariatur. Excepteur sint occaecat cupidatat non proident, sunt in culpa qui officia deserunt mollit anim id est laborum.\\\"\\r\\n<\\/p><p>Lorem <strong>ipsum dolor sit amet<\\/strong>, consectetur adipiscing elit, sed do eiusmod tempor incididunt ut labore et dolore magna aliqua. Ut enim ad minim veniam, quis nostrud exercitation ullamco laboris nisi ut aliquip ex ea commodo consequat. Duis aute irure dolor in reprehenderit in voluptate velit esse cillum dolore eu fugiat nulla pariatur. Excepteur sint occaecat cupidatat non proident, sunt in culpa qui officia deserunt mollit anim id est laborum.\\\" Lorem <strong>ipsum dolor sit amet<\\/strong>, consectetur adipiscing elit, sed do eiusmod tempor incididunt ut labore et dolore magna aliqua. Ut enim ad minim veniam, quis nostrud exercitation ullamco laboris nisi ut aliquip ex ea commodo consequat. Duis aute irure dolor in reprehenderit in voluptate velit esse cillum dolore eu fugiat nulla pariatur. Excepteur sint occaecat cupidatat non proident, sunt in culpa qui officia deserunt mollit anim id est laborum.<br>\\r\\n<\\/p><blockquote>commodo consequat. Duis aute irure dolor in reprehenderit in voluptate velit esse cillum dolore eu fugiat nulla pariatur. Excepteur sint occaecat cupidatat non proident, sunt in culpa qui officia deserunt mollit anim id est laborum<\\/blockquote>\"}},\"16\":{\"type\":\"heading\",\"enabled\":\"1\",\"fields\":{\"heading\":\"This should break up the article nicely\",\"headingType\":\"h2\"}},\"12\":{\"type\":\"image\",\"enabled\":\"1\",\"fields\":{\"image\":[\"4\"],\"alignment\":\"left\",\"clear\":\"none\",\"caption\":\"\"}},\"15\":{\"type\":\"text\",\"enabled\":\"1\",\"fields\":{\"text\":\"<p>Lorem <strong>ipsum dolor sit amet<\\/strong>, consectetur adipiscing elit, sed do eiusmod tempor incididunt ut labore et dolore magna aliqua. Ut enim ad minim veniam, quis nostrud exercitation ullamco laboris nisi ut aliquip ex ea commodo consequat. Duis aute irure dolor in reprehenderit in voluptate velit esse cillum dolore eu fugiat nulla pariatur.<br><\\/p>\"}},\"13\":{\"type\":\"image\",\"enabled\":\"1\",\"fields\":{\"image\":[\"6\"],\"alignment\":\"left\",\"clear\":\"both\",\"caption\":\"\"}},\"14\":{\"type\":\"text\",\"enabled\":\"1\",\"fields\":{\"text\":\"<p>Lorem <strong>ipsum dolor sit amet<\\/strong>, consectetur adipiscing elit, sed do eiusmod tempor incididunt ut labore et dolore magna aliqua. Ut enim ad minim veniam, quis nostrud exercitation ullamco laboris nisi ut aliquip ex ea commodo consequat. Duis aute irure dolor in reprehenderit in voluptate velit esse cillum dolore eu fugiat nulla pariatur. Excepteur sint occaecat cupidatat non proident, sunt in culpa qui officia deserunt mollit anim id est laborum.\\\"<\\/p><p>Lorem <strong>ipsum dolor sit amet<\\/strong>, consectetur adipiscing elit, sed do eiusmod tempor incididunt ut labore et dolore magna aliqua. Ut enim ad minim veniam, quis nostrud exercitation ullamco laboris nisi ut aliquip ex ea commodo consequat. Duis aute irure dolor in reprehenderit in voluptate velit esse cillum dolore eu fugiat nulla pariatur. Excepteur sint occaecat cupidatat non proident, sunt in culpa qui officia deserunt mollit anim id est laborum.\\\"<br><\\/p><p>Lorem <strong>ipsum dolor sit amet<\\/strong>, consectetur adipiscing elit, sed do eiusmod tempor incididunt ut labore et dolore magna aliqua. Ut enim ad minim veniam, quis nostrud exercitation ullamco laboris nisi ut aliquip ex ea commodo consequat. Duis aute irure dolor in reprehenderit in voluptate velit esse cillum dolore eu fugiat nulla pariatur. Excepteur sint occaecat cupidatat non proident, sunt in culpa qui officia deserunt mollit anim id est laborum.\\\"<\\/p>\"}},\"17\":{\"type\":\"pullQuote\",\"enabled\":\"1\",\"fields\":{\"pullQuote\":\"Excepteur sint occaecat cupidatat...\",\"alignment\":\"right\"}},\"18\":{\"type\":\"text\",\"enabled\":\"1\",\"fields\":{\"text\":\"<p>Lorem <strong>ipsum dolor sit amet<\\/strong>, consectetur adipiscing elit, sed do eiusmod tempor incididunt ut labore et dolore magna aliqua. Ut enim ad minim veniam, quis nostrud exercitation ullamco laboris nisi ut aliquip ex ea commodo consequat. Duis aute irure dolor in reprehenderit in voluptate velit esse cillum dolore eu fugiat nulla pariatur. Excepteur sint occaecat cupidatat non proident, sunt in culpa qui officia deserunt mollit anim id est laborum.\\\"<\\/p><p>Lorem <strong>ipsum dolor sit amet<\\/strong>, consectetur adipiscing elit, sed do eiusmod tempor incididunt ut labore et dolore magna aliqua. Ut enim ad minim veniam, quis nostrud exercitation ullamco laboris nisi ut aliquip ex ea commodo consequat. Duis aute irure dolor in reprehenderit in voluptate velit esse cillum dolore eu fugiat nulla pariatur. Excepteur sint occaecat cupidatat non proident, sunt in culpa qui officia deserunt mollit anim id est laborum.\\\"<\\/p>\"}}},\"15\":\"John Smith\",\"13\":\"Welcome to Default2016 - titles with <em>emphasis<\\/em> and quotes &ldquo;&rsquo;&rdquo;\",\"2\":\"\"}}','2015-10-24 10:14:17','2015-10-24 10:14:17','91fa9bec-fde2-482b-aab4-93477e259bb7'),(18,3,2,1,'en_us',18,'','{\"typeId\":\"2\",\"authorId\":\"1\",\"title\":\"Welcome to Default2016\",\"slug\":\"welcome-to-default-2016\",\"postDate\":1445675760,\"expiryDate\":null,\"enabled\":1,\"fields\":{\"1\":{\"7\":{\"type\":\"heading\",\"enabled\":\"1\",\"fields\":{\"heading\":\"What\'s not to love?\",\"headingType\":\"h2\"}},\"9\":{\"type\":\"image\",\"enabled\":\"1\",\"fields\":{\"image\":[\"6\"],\"alignment\":\"full\",\"clear\":\"none\",\"caption\":\"\"}},\"8\":{\"type\":\"text\",\"enabled\":\"1\",\"fields\":{\"text\":\"<p>Lorem <strong>ipsum dolor sit amet<\\/strong>, consectetur adipiscing elit, sed do eiusmod tempor incididunt ut labore et dolore magna aliqua. Ut enim ad minim veniam, quis nostrud exercitation ullamco laboris nisi ut aliquip ex ea commodo consequat. Duis aute irure dolor in reprehenderit in voluptate velit esse cillum dolore eu fugiat nulla pariatur. Excepteur sint occaecat cupidatat non proident, sunt in culpa qui officia deserunt mollit anim id est laborum.\\\"<\\/p>\"}},\"10\":{\"type\":\"image\",\"enabled\":\"1\",\"fields\":{\"image\":[\"5\"],\"alignment\":\"right\",\"clear\":\"none\",\"caption\":\"Fancy little image\"}},\"11\":{\"type\":\"text\",\"enabled\":\"1\",\"fields\":{\"text\":\"<p>Lorem <strong>ipsum dolor sit amet<\\/strong>, consectetur adipiscing elit, sed do eiusmod tempor incididunt ut labore et dolore magna aliqua. Ut enim ad minim veniam, quis nostrud exercitation ullamco laboris nisi ut aliquip ex ea commodo consequat. Duis aute irure dolor in reprehenderit in voluptate velit esse cillum dolore eu fugiat nulla pariatur. Excepteur sint occaecat cupidatat non proident, sunt in culpa qui officia deserunt mollit anim id est laborum.\\\"\\r\\n<\\/p><p>Lorem <strong>ipsum dolor sit amet<\\/strong>, consectetur adipiscing elit, sed do eiusmod tempor incididunt ut labore et dolore magna aliqua. Ut enim ad minim veniam, quis nostrud exercitation ullamco laboris nisi ut aliquip ex ea commodo consequat. Duis aute irure dolor in reprehenderit in voluptate velit esse cillum dolore eu fugiat nulla pariatur. Excepteur sint occaecat cupidatat non proident, sunt in culpa qui officia deserunt mollit anim id est laborum.\\\" Lorem <strong>ipsum dolor sit amet<\\/strong>, consectetur adipiscing elit, sed do eiusmod tempor incididunt ut labore et dolore magna aliqua. Ut enim ad minim veniam, quis nostrud exercitation ullamco laboris nisi ut aliquip ex ea commodo consequat. Duis aute irure dolor in reprehenderit in voluptate velit esse cillum dolore eu fugiat nulla pariatur. Excepteur sint occaecat cupidatat non proident, sunt in culpa qui officia deserunt mollit anim id est laborum.<br>\\r\\n<\\/p><blockquote>commodo consequat. Duis aute irure dolor in reprehenderit in voluptate velit esse cillum dolore eu fugiat nulla pariatur. Excepteur sint occaecat cupidatat non proident, sunt in culpa qui officia deserunt mollit anim id est laborum<\\/blockquote>\"}},\"16\":{\"type\":\"heading\",\"enabled\":\"1\",\"fields\":{\"heading\":\"This should break up the article nicely\",\"headingType\":\"h2\"}},\"12\":{\"type\":\"image\",\"enabled\":\"1\",\"fields\":{\"image\":[\"4\"],\"alignment\":\"left\",\"clear\":\"none\",\"caption\":\"\"}},\"15\":{\"type\":\"text\",\"enabled\":\"1\",\"fields\":{\"text\":\"<p>Lorem <strong>ipsum dolor sit amet<\\/strong>, consectetur adipiscing elit, sed do eiusmod tempor incididunt ut labore et dolore magna aliqua. Ut enim ad minim veniam, quis nostrud exercitation ullamco laboris nisi ut aliquip ex ea commodo consequat. Duis aute irure dolor in reprehenderit in voluptate velit esse cillum dolore eu fugiat nulla pariatur.<br><\\/p>\"}},\"13\":{\"type\":\"image\",\"enabled\":\"1\",\"fields\":{\"image\":[\"6\"],\"alignment\":\"left\",\"clear\":\"both\",\"caption\":\"\"}},\"14\":{\"type\":\"text\",\"enabled\":\"1\",\"fields\":{\"text\":\"<p>Lorem <strong>ipsum dolor sit amet<\\/strong>, consectetur adipiscing elit, sed do eiusmod tempor incididunt ut labore et dolore magna aliqua. Ut enim ad minim veniam, quis nostrud exercitation ullamco laboris nisi ut aliquip ex ea commodo consequat. Duis aute irure dolor in reprehenderit in voluptate velit esse cillum dolore eu fugiat nulla pariatur. Excepteur sint occaecat cupidatat non proident, sunt in culpa qui officia deserunt mollit anim id est laborum.\\\"<\\/p><p>Lorem <strong>ipsum dolor sit amet<\\/strong>, consectetur adipiscing elit, sed do eiusmod tempor incididunt ut labore et dolore magna aliqua. Ut enim ad minim veniam, quis nostrud exercitation ullamco laboris nisi ut aliquip ex ea commodo consequat. Duis aute irure dolor in reprehenderit in voluptate velit esse cillum dolore eu fugiat nulla pariatur. Excepteur sint occaecat cupidatat non proident, sunt in culpa qui officia deserunt mollit anim id est laborum.\\\"<br><\\/p><p>Lorem <strong>ipsum dolor sit amet<\\/strong>, consectetur adipiscing elit, sed do eiusmod tempor incididunt ut labore et dolore magna aliqua. Ut enim ad minim veniam, quis nostrud exercitation ullamco laboris nisi ut aliquip ex ea commodo consequat. Duis aute irure dolor in reprehenderit in voluptate velit esse cillum dolore eu fugiat nulla pariatur. Excepteur sint occaecat cupidatat non proident, sunt in culpa qui officia deserunt mollit anim id est laborum.\\\"<\\/p>\"}},\"17\":{\"type\":\"pullQuote\",\"enabled\":\"1\",\"fields\":{\"pullQuote\":\"Excepteur sint occaecat cupidatat...\",\"alignment\":\"right\"}},\"18\":{\"type\":\"text\",\"enabled\":\"1\",\"fields\":{\"text\":\"<p>Lorem <strong>ipsum dolor sit amet<\\/strong>, consectetur adipiscing elit, sed do eiusmod tempor incididunt ut labore et dolore magna aliqua. Ut enim ad minim veniam, quis nostrud exercitation ullamco laboris nisi ut aliquip ex ea commodo consequat. Duis aute irure dolor in reprehenderit in voluptate velit esse cillum dolore eu fugiat nulla pariatur. Excepteur sint occaecat cupidatat non proident, sunt in culpa qui officia deserunt mollit anim id est laborum.\\\"<\\/p><p>Lorem <strong>ipsum dolor sit amet<\\/strong>, consectetur adipiscing elit, sed do eiusmod tempor incididunt ut labore et dolore magna aliqua. Ut enim ad minim veniam, quis nostrud exercitation ullamco laboris nisi ut aliquip ex ea commodo consequat. Duis aute irure dolor in reprehenderit in voluptate velit esse cillum dolore eu fugiat nulla pariatur. Excepteur sint occaecat cupidatat non proident, sunt in culpa qui officia deserunt mollit anim id est laborum.\\\"<\\/p>\"}},\"new1\":{\"type\":\"downloads\",\"enabled\":\"1\",\"fields\":{\"downloads\":[\"6\",\"5\",\"4\"]}}},\"15\":\"John Smith\",\"13\":\"Welcome to Default2016 - titles with <em>emphasis<\\/em> and quotes &ldquo;&rsquo;&rdquo;\",\"2\":\"\"}}','2015-10-24 10:21:40','2015-10-24 10:21:40','64ba5b23-9b15-46e4-b681-f1db895739f6'),(19,20,3,1,'en_us',1,'','{\"typeId\":null,\"authorId\":\"1\",\"title\":\"About us\",\"slug\":\"about-us\",\"postDate\":1445683643,\"expiryDate\":null,\"enabled\":1,\"fields\":{\"1\":{\"new1\":{\"type\":\"text\",\"enabled\":\"1\",\"fields\":{\"text\":\"<p>Lorem <strong>ipsum dolor sit amet<\\/strong>, consectetur adipiscing elit, sed do eiusmod tempor incididunt ut labore et dolore magna aliqua. Ut enim ad minim veniam, quis nostrud exercitation ullamco laboris nisi ut aliquip ex ea commodo consequat. Duis aute irure dolor in reprehenderit in voluptate velit esse cillum dolore eu fugiat nulla pariatur.<\\/p>\"}}},\"13\":\"About Us\"}}','2015-10-24 10:47:23','2015-10-24 10:47:23','df96a71a-cdf2-4a22-a80b-02e116421862'),(20,2,1,1,'en_us',1,'','{\"typeId\":null,\"authorId\":null,\"title\":\"Home Page\",\"slug\":\"homepage\",\"postDate\":1445675798,\"expiryDate\":null,\"enabled\":1,\"fields\":{\"1\":{\"new1\":{\"type\":\"relatedPanel\",\"enabled\":\"1\",\"fields\":{\"panel\":\"\"}},\"new2\":{\"type\":\"text\",\"enabled\":\"1\",\"fields\":{\"text\":\"<p>Some content...<\\/p>\"}}}}}','2015-10-24 10:50:39','2015-10-24 10:50:39','405c8f19-25ce-4281-8487-f2336353894e'),(21,3,2,1,'en_us',19,'','{\"typeId\":\"2\",\"authorId\":\"1\",\"title\":\"Welcome to Default2016\",\"slug\":\"welcome-to-default-2016\",\"postDate\":1445675760,\"expiryDate\":null,\"enabled\":1,\"fields\":{\"1\":{\"7\":{\"type\":\"heading\",\"enabled\":\"1\",\"fields\":{\"heading\":\"What\'s not to love?\",\"headingType\":\"h2\"}},\"9\":{\"type\":\"image\",\"enabled\":\"1\",\"fields\":{\"image\":[\"6\"],\"alignment\":\"full\",\"clear\":\"none\",\"caption\":\"\"}},\"8\":{\"type\":\"text\",\"enabled\":\"1\",\"fields\":{\"text\":\"<p>Lorem <strong>ipsum dolor sit amet<\\/strong>, consectetur adipiscing elit, sed do eiusmod tempor incididunt ut labore et dolore magna aliqua. Ut enim ad minim veniam, quis nostrud exercitation ullamco laboris nisi ut aliquip ex ea commodo consequat. Duis aute irure dolor in reprehenderit in voluptate velit esse cillum dolore eu fugiat nulla pariatur. Excepteur sint occaecat cupidatat non proident, sunt in culpa qui officia deserunt mollit anim id est laborum.\\\"<\\/p>\"}},\"10\":{\"type\":\"image\",\"enabled\":\"1\",\"fields\":{\"image\":[\"5\"],\"alignment\":\"right\",\"clear\":\"none\",\"caption\":\"Fancy little image\"}},\"11\":{\"type\":\"text\",\"enabled\":\"1\",\"fields\":{\"text\":\"<p>Lorem <strong>ipsum dolor sit amet<\\/strong>, consectetur adipiscing elit, sed do eiusmod tempor incididunt ut labore et dolore magna aliqua. Ut enim ad minim veniam, quis nostrud exercitation ullamco laboris nisi ut aliquip ex ea commodo consequat. Duis aute irure dolor in reprehenderit in voluptate velit esse cillum dolore eu fugiat nulla pariatur. Excepteur sint occaecat cupidatat non proident, sunt in culpa qui officia deserunt mollit anim id est laborum.\\\"\\r\\n<\\/p><p>Lorem <strong>ipsum dolor sit amet<\\/strong>, consectetur adipiscing elit, sed do eiusmod tempor incididunt ut labore et dolore magna aliqua. Ut enim ad minim veniam, quis nostrud exercitation ullamco laboris nisi ut aliquip ex ea commodo consequat. Duis aute irure dolor in reprehenderit in voluptate velit esse cillum dolore eu fugiat nulla pariatur. Excepteur sint occaecat cupidatat non proident, sunt in culpa qui officia deserunt mollit anim id est laborum.\\\" Lorem <strong>ipsum dolor sit amet<\\/strong>, consectetur adipiscing elit, sed do eiusmod tempor incididunt ut labore et dolore magna aliqua. Ut enim ad minim veniam, quis nostrud exercitation ullamco laboris nisi ut aliquip ex ea commodo consequat. Duis aute irure dolor in reprehenderit in voluptate velit esse cillum dolore eu fugiat nulla pariatur. Excepteur sint occaecat cupidatat non proident, sunt in culpa qui officia deserunt mollit anim id est laborum.<br>\\r\\n<\\/p><blockquote>commodo consequat. Duis aute irure dolor in reprehenderit in voluptate velit esse cillum dolore eu fugiat nulla pariatur. Excepteur sint occaecat cupidatat non proident, sunt in culpa qui officia deserunt mollit anim id est laborum<\\/blockquote>\"}},\"16\":{\"type\":\"heading\",\"enabled\":\"1\",\"fields\":{\"heading\":\"This should break up the article nicely\",\"headingType\":\"h2\"}},\"12\":{\"type\":\"image\",\"enabled\":\"1\",\"fields\":{\"image\":[\"4\"],\"alignment\":\"left\",\"clear\":\"none\",\"caption\":\"\"}},\"15\":{\"type\":\"text\",\"enabled\":\"1\",\"fields\":{\"text\":\"<p>Lorem <strong>ipsum dolor sit amet<\\/strong>, consectetur adipiscing elit, sed do eiusmod tempor incididunt ut labore et dolore magna aliqua. Ut enim ad minim veniam, quis nostrud exercitation ullamco laboris nisi ut aliquip ex ea commodo consequat. Duis aute irure dolor in reprehenderit in voluptate velit esse cillum dolore eu fugiat nulla pariatur.<br><\\/p>\"}},\"13\":{\"type\":\"image\",\"enabled\":\"1\",\"fields\":{\"image\":[\"6\"],\"alignment\":\"left\",\"clear\":\"both\",\"caption\":\"\"}},\"14\":{\"type\":\"text\",\"enabled\":\"1\",\"fields\":{\"text\":\"<p>Lorem <strong>ipsum dolor sit amet<\\/strong>, consectetur adipiscing elit, sed do eiusmod tempor incididunt ut labore et dolore magna aliqua. Ut enim ad minim veniam, quis nostrud exercitation ullamco laboris nisi ut aliquip ex ea commodo consequat. Duis aute irure dolor in reprehenderit in voluptate velit esse cillum dolore eu fugiat nulla pariatur. Excepteur sint occaecat cupidatat non proident, sunt in culpa qui officia deserunt mollit anim id est laborum.\\\"<\\/p><p>Lorem <strong>ipsum dolor sit amet<\\/strong>, consectetur adipiscing elit, sed do eiusmod tempor incididunt ut labore et dolore magna aliqua. Ut enim ad minim veniam, quis nostrud exercitation ullamco laboris nisi ut aliquip ex ea commodo consequat. Duis aute irure dolor in reprehenderit in voluptate velit esse cillum dolore eu fugiat nulla pariatur. Excepteur sint occaecat cupidatat non proident, sunt in culpa qui officia deserunt mollit anim id est laborum.\\\"<br><\\/p><p>Lorem <strong>ipsum dolor sit amet<\\/strong>, consectetur adipiscing elit, sed do eiusmod tempor incididunt ut labore et dolore magna aliqua. Ut enim ad minim veniam, quis nostrud exercitation ullamco laboris nisi ut aliquip ex ea commodo consequat. Duis aute irure dolor in reprehenderit in voluptate velit esse cillum dolore eu fugiat nulla pariatur. Excepteur sint occaecat cupidatat non proident, sunt in culpa qui officia deserunt mollit anim id est laborum.\\\"<\\/p>\"}},\"17\":{\"type\":\"pullQuote\",\"enabled\":\"1\",\"fields\":{\"pullQuote\":\"Excepteur sint occaecat cupidatat...\",\"alignment\":\"right\"}},\"18\":{\"type\":\"text\",\"enabled\":\"1\",\"fields\":{\"text\":\"<p>Lorem <strong>ipsum dolor sit amet<\\/strong>, consectetur adipiscing elit, sed do eiusmod tempor incididunt ut labore et dolore magna aliqua. Ut enim ad minim veniam, quis nostrud exercitation ullamco laboris nisi ut aliquip ex ea commodo consequat. Duis aute irure dolor in reprehenderit in voluptate velit esse cillum dolore eu fugiat nulla pariatur. Excepteur sint occaecat cupidatat non proident, sunt in culpa qui officia deserunt mollit anim id est laborum.\\\"<\\/p><p>Lorem <strong>ipsum dolor sit amet<\\/strong>, consectetur adipiscing elit, sed do eiusmod tempor incididunt ut labore et dolore magna aliqua. Ut enim ad minim veniam, quis nostrud exercitation ullamco laboris nisi ut aliquip ex ea commodo consequat. Duis aute irure dolor in reprehenderit in voluptate velit esse cillum dolore eu fugiat nulla pariatur. Excepteur sint occaecat cupidatat non proident, sunt in culpa qui officia deserunt mollit anim id est laborum.\\\"<\\/p>\"}},\"19\":{\"type\":\"downloads\",\"enabled\":\"1\",\"fields\":{\"downloads\":[\"6\",\"5\",\"4\"]}}},\"15\":\"John Smith\",\"13\":\"Welcome to Default2016 - titles with <em>emphasis<\\/em> and quotes &ldquo;&rsquo;&rdquo;\",\"21\":\"<p>Lorem ipsum dolor sit amet, consectetur adipiscing elit, sed do eiusmod tempor incididunt ut labore et dolore magna aliqua. Ut enim ad minim veniam, quis nostrud exercitation ullamco laboris nisi ut aliquip ex ea commodo consequat.<\\/p>\",\"2\":\"\"}}','2015-10-24 11:20:57','2015-10-24 11:20:57','b1f4fa4e-716b-4c8f-83d3-d675199b5ffe'),(22,3,2,1,'en_us',20,'','{\"typeId\":\"2\",\"authorId\":\"1\",\"title\":\"Welcome to Default2016\",\"slug\":\"welcome-to-default-2016\",\"postDate\":1445675760,\"expiryDate\":null,\"enabled\":1,\"fields\":{\"1\":{\"7\":{\"type\":\"heading\",\"enabled\":\"1\",\"fields\":{\"heading\":\"What\'s not to love?\",\"headingType\":\"h2\"}},\"9\":{\"type\":\"image\",\"enabled\":\"1\",\"fields\":{\"image\":[\"6\"],\"alignment\":\"full\",\"clear\":\"none\",\"caption\":\"\"}},\"8\":{\"type\":\"text\",\"enabled\":\"1\",\"fields\":{\"text\":\"<p>Lorem <strong>ipsum dolor sit amet<\\/strong>, consectetur adipiscing elit, sed do eiusmod tempor incididunt ut labore et dolore magna aliqua. Ut enim ad minim veniam, quis nostrud exercitation ullamco laboris nisi ut aliquip ex ea commodo consequat. Duis aute irure dolor in reprehenderit in voluptate velit esse cillum dolore eu fugiat nulla pariatur. Excepteur sint occaecat cupidatat non proident, sunt in culpa qui officia deserunt mollit anim id est laborum.\\\"<\\/p>\"}},\"10\":{\"type\":\"image\",\"enabled\":\"1\",\"fields\":{\"image\":[\"5\"],\"alignment\":\"right\",\"clear\":\"none\",\"caption\":\"Fancy little image\"}},\"11\":{\"type\":\"text\",\"enabled\":\"1\",\"fields\":{\"text\":\"<p>Lorem <strong>ipsum dolor sit amet<\\/strong>, consectetur adipiscing elit, sed do eiusmod tempor incididunt ut labore et dolore magna aliqua. Ut enim ad minim veniam, quis nostrud exercitation ullamco laboris nisi ut aliquip ex ea commodo consequat. Duis aute irure dolor in reprehenderit in voluptate velit esse cillum dolore eu fugiat nulla pariatur. Excepteur sint occaecat cupidatat non proident, sunt in culpa qui officia deserunt mollit anim id est laborum.\\\"\\r\\n<\\/p><p>Lorem <strong>ipsum dolor sit amet<\\/strong>, consectetur adipiscing elit, sed do eiusmod tempor incididunt ut labore et dolore magna aliqua. Ut enim ad minim veniam, quis nostrud exercitation ullamco laboris nisi ut aliquip ex ea commodo consequat. Duis aute irure dolor in reprehenderit in voluptate velit esse cillum dolore eu fugiat nulla pariatur. Excepteur sint occaecat cupidatat non proident, sunt in culpa qui officia deserunt mollit anim id est laborum.\\\" Lorem <strong>ipsum dolor sit amet<\\/strong>, consectetur adipiscing elit, sed do eiusmod tempor incididunt ut labore et dolore magna aliqua. Ut enim ad minim veniam, quis nostrud exercitation ullamco laboris nisi ut aliquip ex ea commodo consequat. Duis aute irure dolor in reprehenderit in voluptate velit esse cillum dolore eu fugiat nulla pariatur. Excepteur sint occaecat cupidatat non proident, sunt in culpa qui officia deserunt mollit anim id est laborum.<br>\\r\\n<\\/p><blockquote>commodo consequat. Duis aute irure dolor in reprehenderit in voluptate velit esse cillum dolore eu fugiat nulla pariatur. Excepteur sint occaecat cupidatat non proident, sunt in culpa qui officia deserunt mollit anim id est laborum<\\/blockquote>\"}},\"16\":{\"type\":\"heading\",\"enabled\":\"1\",\"fields\":{\"heading\":\"This should break up the article nicely\",\"headingType\":\"h2\"}},\"12\":{\"type\":\"image\",\"enabled\":\"1\",\"fields\":{\"image\":[\"4\"],\"alignment\":\"left\",\"clear\":\"none\",\"caption\":\"\"}},\"15\":{\"type\":\"text\",\"enabled\":\"1\",\"fields\":{\"text\":\"<p>Lorem <strong>ipsum dolor sit amet<\\/strong>, consectetur adipiscing elit, sed do eiusmod tempor incididunt ut labore et dolore magna aliqua. Ut enim ad minim veniam, quis nostrud exercitation ullamco laboris nisi ut aliquip ex ea commodo consequat. Duis aute irure dolor in reprehenderit in voluptate velit esse cillum dolore eu fugiat nulla pariatur.<br><\\/p>\"}},\"13\":{\"type\":\"image\",\"enabled\":\"1\",\"fields\":{\"image\":[\"6\"],\"alignment\":\"left\",\"clear\":\"both\",\"caption\":\"\"}},\"14\":{\"type\":\"text\",\"enabled\":\"1\",\"fields\":{\"text\":\"<p>Lorem <strong>ipsum dolor sit amet<\\/strong>, consectetur adipiscing elit, sed do eiusmod tempor incididunt ut labore et dolore magna aliqua. Ut enim ad minim veniam, quis nostrud exercitation ullamco laboris nisi ut aliquip ex ea commodo consequat. Duis aute irure dolor in reprehenderit in voluptate velit esse cillum dolore eu fugiat nulla pariatur. Excepteur sint occaecat cupidatat non proident, sunt in culpa qui officia deserunt mollit anim id est laborum.\\\"<\\/p><p>Lorem <strong>ipsum dolor sit amet<\\/strong>, consectetur adipiscing elit, sed do eiusmod tempor incididunt ut labore et dolore magna aliqua. Ut enim ad minim veniam, quis nostrud exercitation ullamco laboris nisi ut aliquip ex ea commodo consequat. Duis aute irure dolor in reprehenderit in voluptate velit esse cillum dolore eu fugiat nulla pariatur. Excepteur sint occaecat cupidatat non proident, sunt in culpa qui officia deserunt mollit anim id est laborum.\\\"<br><\\/p><p>Lorem <strong>ipsum dolor sit amet<\\/strong>, consectetur adipiscing elit, sed do eiusmod tempor incididunt ut labore et dolore magna aliqua. Ut enim ad minim veniam, quis nostrud exercitation ullamco laboris nisi ut aliquip ex ea commodo consequat. Duis aute irure dolor in reprehenderit in voluptate velit esse cillum dolore eu fugiat nulla pariatur. Excepteur sint occaecat cupidatat non proident, sunt in culpa qui officia deserunt mollit anim id est laborum.\\\"<\\/p>\"}},\"17\":{\"type\":\"pullQuote\",\"enabled\":\"1\",\"fields\":{\"pullQuote\":\"Excepteur sint occaecat cupidatat...\",\"alignment\":\"right\"}},\"18\":{\"type\":\"text\",\"enabled\":\"1\",\"fields\":{\"text\":\"<p>Lorem <strong>ipsum dolor sit amet<\\/strong>, consectetur adipiscing elit, sed do eiusmod tempor incididunt ut labore et dolore magna aliqua. Ut enim ad minim veniam, quis nostrud exercitation ullamco laboris nisi ut aliquip ex ea commodo consequat. Duis aute irure dolor in reprehenderit in voluptate velit esse cillum dolore eu fugiat nulla pariatur. Excepteur sint occaecat cupidatat non proident, sunt in culpa qui officia deserunt mollit anim id est laborum.\\\"<\\/p><p>Lorem <strong>ipsum dolor sit amet<\\/strong>, consectetur adipiscing elit, sed do eiusmod tempor incididunt ut labore et dolore magna aliqua. Ut enim ad minim veniam, quis nostrud exercitation ullamco laboris nisi ut aliquip ex ea commodo consequat. Duis aute irure dolor in reprehenderit in voluptate velit esse cillum dolore eu fugiat nulla pariatur. Excepteur sint occaecat cupidatat non proident, sunt in culpa qui officia deserunt mollit anim id est laborum.\\\"<\\/p>\"}},\"19\":{\"type\":\"downloads\",\"enabled\":\"1\",\"fields\":{\"downloads\":[\"6\",\"5\",\"4\"]}}},\"15\":\"John Smith\",\"13\":\"Welcome to Default2016 - titles with <em>emphasis<\\/em> and quotes &ldquo;&rsquo;&rdquo;\",\"23\":[\"6\"],\"21\":\"<p>Lorem ipsum dolor sit amet, consectetur adipiscing elit, sed do eiusmod tempor incididunt ut labore et dolore magna aliqua. Ut enim ad minim veniam, quis nostrud exercitation ullamco laboris nisi ut aliquip ex ea commodo consequat.<\\/p>\",\"2\":\"\"}}','2015-10-24 11:22:42','2015-10-24 11:22:42','8cb36ec3-35c5-42b8-a066-1d0290899f90'),(23,3,2,1,'en_us',21,'','{\"typeId\":\"2\",\"authorId\":\"1\",\"title\":\"Welcome to Default2016\",\"slug\":\"welcome-to-default-2016\",\"postDate\":1445675760,\"expiryDate\":null,\"enabled\":1,\"fields\":{\"1\":{\"7\":{\"type\":\"heading\",\"enabled\":\"1\",\"fields\":{\"heading\":\"What\'s not to love?\",\"headingType\":\"h2\"}},\"9\":{\"type\":\"image\",\"enabled\":\"1\",\"fields\":{\"image\":[\"6\"],\"alignment\":\"full\",\"clear\":\"none\",\"caption\":\"\"}},\"8\":{\"type\":\"text\",\"enabled\":\"1\",\"fields\":{\"text\":\"<p>Lorem <strong>ipsum dolor sit amet<\\/strong>, consectetur adipiscing elit, sed do eiusmod tempor incididunt ut labore et dolore magna aliqua. Ut enim ad minim veniam, quis nostrud exercitation ullamco laboris nisi ut aliquip ex ea commodo consequat. Duis aute irure dolor in reprehenderit in voluptate velit esse cillum dolore eu fugiat nulla pariatur. Excepteur sint occaecat cupidatat non proident, sunt in culpa qui officia deserunt mollit anim id est laborum.\\\"<\\/p>\"}},\"10\":{\"type\":\"image\",\"enabled\":\"1\",\"fields\":{\"image\":[\"5\"],\"alignment\":\"right\",\"clear\":\"none\",\"caption\":\"Fancy little image\"}},\"11\":{\"type\":\"text\",\"enabled\":\"1\",\"fields\":{\"text\":\"<p>Lorem <strong>ipsum dolor sit amet<\\/strong>, consectetur adipiscing elit, sed do eiusmod tempor incididunt ut labore et dolore magna aliqua. Ut enim ad minim veniam, quis nostrud exercitation ullamco laboris nisi ut aliquip ex ea commodo consequat. Duis aute irure dolor in reprehenderit in voluptate velit esse cillum dolore eu fugiat nulla pariatur. Excepteur sint occaecat cupidatat non proident, sunt in culpa qui officia deserunt mollit anim id est laborum.\\\"\\r\\n<\\/p><p>Lorem <strong>ipsum dolor sit amet<\\/strong>, consectetur adipiscing elit, sed do eiusmod tempor incididunt ut labore et dolore magna aliqua. Ut enim ad minim veniam, quis nostrud exercitation ullamco laboris nisi ut aliquip ex ea commodo consequat. Duis aute irure dolor in reprehenderit in voluptate velit esse cillum dolore eu fugiat nulla pariatur. Excepteur sint occaecat cupidatat non proident, sunt in culpa qui officia deserunt mollit anim id est laborum.\\\" Lorem <strong>ipsum dolor sit amet<\\/strong>, consectetur adipiscing elit, sed do eiusmod tempor incididunt ut labore et dolore magna aliqua. Ut enim ad minim veniam, quis nostrud exercitation ullamco laboris nisi ut aliquip ex ea commodo consequat. Duis aute irure dolor in reprehenderit in voluptate velit esse cillum dolore eu fugiat nulla pariatur. Excepteur sint occaecat cupidatat non proident, sunt in culpa qui officia deserunt mollit anim id est laborum.<br>\\r\\n<\\/p><blockquote>commodo consequat. Duis aute irure dolor in reprehenderit in voluptate velit esse cillum dolore eu fugiat nulla pariatur. Excepteur sint occaecat cupidatat non proident, sunt in culpa qui officia deserunt mollit anim id est laborum<\\/blockquote>\"}},\"16\":{\"type\":\"heading\",\"enabled\":\"1\",\"fields\":{\"heading\":\"This should break up the article nicely\",\"headingType\":\"h2\"}},\"12\":{\"type\":\"image\",\"enabled\":\"1\",\"fields\":{\"image\":[\"4\"],\"alignment\":\"left\",\"clear\":\"none\",\"caption\":\"\"}},\"15\":{\"type\":\"text\",\"enabled\":\"1\",\"fields\":{\"text\":\"<p>Lorem <strong>ipsum dolor sit amet<\\/strong>, consectetur adipiscing elit, sed do eiusmod tempor incididunt ut labore et dolore magna aliqua. Ut enim ad minim veniam, quis nostrud exercitation ullamco laboris nisi ut aliquip ex ea commodo consequat. Duis aute irure dolor in reprehenderit in voluptate velit esse cillum dolore eu fugiat nulla pariatur.<br><\\/p>\"}},\"13\":{\"type\":\"image\",\"enabled\":\"1\",\"fields\":{\"image\":[\"6\"],\"alignment\":\"left\",\"clear\":\"both\",\"caption\":\"\"}},\"14\":{\"type\":\"text\",\"enabled\":\"1\",\"fields\":{\"text\":\"<p>Lorem <strong>ipsum dolor sit amet<\\/strong>, consectetur adipiscing elit, sed do eiusmod tempor incididunt ut labore et dolore magna aliqua. Ut enim ad minim veniam, quis nostrud exercitation ullamco laboris nisi ut aliquip ex ea commodo consequat. Duis aute irure dolor in reprehenderit in voluptate velit esse cillum dolore eu fugiat nulla pariatur. Excepteur sint occaecat cupidatat non proident, sunt in culpa qui officia deserunt mollit anim id est laborum.\\\"<\\/p><p>Lorem <strong>ipsum dolor sit amet<\\/strong>, consectetur adipiscing elit, sed do eiusmod tempor incididunt ut labore et dolore magna aliqua. Ut enim ad minim veniam, quis nostrud exercitation ullamco laboris nisi ut aliquip ex ea commodo consequat. Duis aute irure dolor in reprehenderit in voluptate velit esse cillum dolore eu fugiat nulla pariatur. Excepteur sint occaecat cupidatat non proident, sunt in culpa qui officia deserunt mollit anim id est laborum.\\\"<br><\\/p><p>Lorem <strong>ipsum dolor sit amet<\\/strong>, consectetur adipiscing elit, sed do eiusmod tempor incididunt ut labore et dolore magna aliqua. Ut enim ad minim veniam, quis nostrud exercitation ullamco laboris nisi ut aliquip ex ea commodo consequat. Duis aute irure dolor in reprehenderit in voluptate velit esse cillum dolore eu fugiat nulla pariatur. Excepteur sint occaecat cupidatat non proident, sunt in culpa qui officia deserunt mollit anim id est laborum.\\\"<\\/p>\"}},\"17\":{\"type\":\"pullQuote\",\"enabled\":\"1\",\"fields\":{\"pullQuote\":\"Excepteur sint occaecat cupidatat...\",\"alignment\":\"right\"}},\"18\":{\"type\":\"text\",\"enabled\":\"1\",\"fields\":{\"text\":\"<p>Lorem <strong>ipsum dolor sit amet<\\/strong>, consectetur adipiscing elit, sed do eiusmod tempor incididunt ut labore et dolore magna aliqua. Ut enim ad minim veniam, quis nostrud exercitation ullamco laboris nisi ut aliquip ex ea commodo consequat. Duis aute irure dolor in reprehenderit in voluptate velit esse cillum dolore eu fugiat nulla pariatur. Excepteur sint occaecat cupidatat non proident, sunt in culpa qui officia deserunt mollit anim id est laborum.\\\"<\\/p><p>Lorem <strong>ipsum dolor sit amet<\\/strong>, consectetur adipiscing elit, sed do eiusmod tempor incididunt ut labore et dolore magna aliqua. Ut enim ad minim veniam, quis nostrud exercitation ullamco laboris nisi ut aliquip ex ea commodo consequat. Duis aute irure dolor in reprehenderit in voluptate velit esse cillum dolore eu fugiat nulla pariatur. Excepteur sint occaecat cupidatat non proident, sunt in culpa qui officia deserunt mollit anim id est laborum.\\\"<\\/p>\"}},\"19\":{\"type\":\"downloads\",\"enabled\":\"1\",\"fields\":{\"downloads\":[\"6\",\"5\",\"4\"]}}},\"15\":\"John Smith\",\"20\":\"Welcome to Default2016 | Wow | Such SEO | Spam! | Lorem ipsum dolor sit amet, consectetur adipiscing elit, sed do eiusmod tempor incididunt ut labore et dolore magna aliqua. Ut enim ad minim veniam, quis nostrud exercitation ullamco laboris nisi ut aliquip ex ea commodo consequat.\",\"13\":\"Welcome to Default2016 - titles with <em>emphasis<\\/em> and quotes &ldquo;&rsquo;&rdquo;\",\"23\":[\"6\"],\"21\":\"<p>Lorem ipsum dolor sit amet, consectetur adipiscing elit, sed do eiusmod tempor incididunt ut labore et dolore magna aliqua. Ut enim ad minim veniam, quis nostrud exercitation ullamco laboris nisi ut aliquip ex ea commodo consequat.<\\/p>\",\"2\":\"\",\"19\":\"Welcome to Default2016 | Wow | Such SEO | Spam!\"}}','2015-10-24 11:26:21','2015-10-24 11:26:21','920d9c62-14b1-42fe-9b18-ef08b5147520'),(24,3,2,1,'en_us',22,'','{\"typeId\":\"2\",\"authorId\":\"1\",\"title\":\"Welcome to Default2016\",\"slug\":\"welcome-to-default-2016\",\"postDate\":1445675760,\"expiryDate\":null,\"enabled\":1,\"fields\":{\"1\":{\"7\":{\"type\":\"heading\",\"enabled\":\"1\",\"fields\":{\"heading\":\"What\'s not to love?\",\"headingType\":\"h2\"}},\"9\":{\"type\":\"image\",\"enabled\":\"1\",\"fields\":{\"image\":[\"6\"],\"alignment\":\"full\",\"clear\":\"none\",\"caption\":\"\"}},\"8\":{\"type\":\"text\",\"enabled\":\"1\",\"fields\":{\"text\":\"<p>Lorem <strong>ipsum dolor sit amet<\\/strong>, consectetur adipiscing elit, sed do eiusmod tempor incididunt ut labore et dolore magna aliqua. Ut enim ad minim veniam, quis nostrud exercitation ullamco laboris nisi ut aliquip ex ea commodo consequat. Duis aute irure dolor in reprehenderit in voluptate velit esse cillum dolore eu fugiat nulla pariatur. Excepteur sint occaecat cupidatat non proident, sunt in culpa qui officia deserunt mollit anim id est laborum.\\\"<\\/p>\"}},\"10\":{\"type\":\"image\",\"enabled\":\"1\",\"fields\":{\"image\":[\"5\"],\"alignment\":\"right\",\"clear\":\"none\",\"caption\":\"Fancy little image\"}},\"11\":{\"type\":\"text\",\"enabled\":\"1\",\"fields\":{\"text\":\"<p>Lorem <strong>ipsum dolor sit amet<\\/strong>, consectetur adipiscing elit, sed do eiusmod tempor incididunt ut labore et dolore magna aliqua. Ut enim ad minim veniam, quis nostrud exercitation ullamco laboris nisi ut aliquip ex ea commodo consequat. Duis aute irure dolor in reprehenderit in voluptate velit esse cillum dolore eu fugiat nulla pariatur. Excepteur sint occaecat cupidatat non proident, sunt in culpa qui officia deserunt mollit anim id est laborum.\\\"\\r\\n<\\/p><p>Lorem <strong>ipsum dolor sit amet<\\/strong>, consectetur adipiscing elit, sed do eiusmod tempor incididunt ut labore et dolore magna aliqua. Ut enim ad minim veniam, quis nostrud exercitation ullamco laboris nisi ut aliquip ex ea commodo consequat. Duis aute irure dolor in reprehenderit in voluptate velit esse cillum dolore eu fugiat nulla pariatur. Excepteur sint occaecat cupidatat non proident, sunt in culpa qui officia deserunt mollit anim id est laborum.\\\" Lorem <strong>ipsum dolor sit amet<\\/strong>, consectetur adipiscing elit, sed do eiusmod tempor incididunt ut labore et dolore magna aliqua. Ut enim ad minim veniam, quis nostrud exercitation ullamco laboris nisi ut aliquip ex ea commodo consequat. Duis aute irure dolor in reprehenderit in voluptate velit esse cillum dolore eu fugiat nulla pariatur. Excepteur sint occaecat cupidatat non proident, sunt in culpa qui officia deserunt mollit anim id est laborum.<br>\\r\\n<\\/p><blockquote>commodo consequat. Duis aute irure dolor in reprehenderit in voluptate velit esse cillum dolore eu fugiat nulla pariatur. Excepteur sint occaecat cupidatat non proident, sunt in culpa qui officia deserunt mollit anim id est laborum<\\/blockquote>\"}},\"16\":{\"type\":\"heading\",\"enabled\":\"1\",\"fields\":{\"heading\":\"This should break up the article nicely\",\"headingType\":\"h2\"}},\"12\":{\"type\":\"image\",\"enabled\":\"1\",\"fields\":{\"image\":[\"4\"],\"alignment\":\"left\",\"clear\":\"none\",\"caption\":\"\"}},\"15\":{\"type\":\"text\",\"enabled\":\"1\",\"fields\":{\"text\":\"<p>Lorem <strong>ipsum dolor sit amet<\\/strong>, consectetur adipiscing elit, sed do eiusmod tempor incididunt ut labore et dolore magna aliqua. Ut enim ad minim veniam, quis nostrud exercitation ullamco laboris nisi ut aliquip ex ea commodo consequat. Duis aute irure dolor in reprehenderit in voluptate velit esse cillum dolore eu fugiat nulla pariatur.<br><\\/p>\"}},\"13\":{\"type\":\"image\",\"enabled\":\"1\",\"fields\":{\"image\":[\"6\"],\"alignment\":\"left\",\"clear\":\"both\",\"caption\":\"\"}},\"14\":{\"type\":\"text\",\"enabled\":\"1\",\"fields\":{\"text\":\"<p>Lorem <strong>ipsum dolor sit amet<\\/strong>, consectetur adipiscing elit, sed do eiusmod tempor incididunt ut labore et dolore magna aliqua. Ut enim ad minim veniam, quis nostrud exercitation ullamco laboris nisi ut aliquip ex ea commodo consequat. Duis aute irure dolor in reprehenderit in voluptate velit esse cillum dolore eu fugiat nulla pariatur. Excepteur sint occaecat cupidatat non proident, sunt in culpa qui officia deserunt mollit anim id est laborum.\\\"<\\/p><p>Lorem <strong>ipsum dolor sit amet<\\/strong>, consectetur adipiscing elit, sed do eiusmod tempor incididunt ut labore et dolore magna aliqua. Ut enim ad minim veniam, quis nostrud exercitation ullamco laboris nisi ut aliquip ex ea commodo consequat. Duis aute irure dolor in reprehenderit in voluptate velit esse cillum dolore eu fugiat nulla pariatur. Excepteur sint occaecat cupidatat non proident, sunt in culpa qui officia deserunt mollit anim id est laborum.\\\"<br><\\/p><p>Lorem <strong>ipsum dolor sit amet<\\/strong>, consectetur adipiscing elit, sed do eiusmod tempor incididunt ut labore et dolore magna aliqua. Ut enim ad minim veniam, quis nostrud exercitation ullamco laboris nisi ut aliquip ex ea commodo consequat. Duis aute irure dolor in reprehenderit in voluptate velit esse cillum dolore eu fugiat nulla pariatur. Excepteur sint occaecat cupidatat non proident, sunt in culpa qui officia deserunt mollit anim id est laborum.\\\"<\\/p>\"}},\"17\":{\"type\":\"pullQuote\",\"enabled\":\"1\",\"fields\":{\"pullQuote\":\"Excepteur sint occaecat cupidatat...\",\"alignment\":\"right\"}},\"18\":{\"type\":\"text\",\"enabled\":\"1\",\"fields\":{\"text\":\"<p>Lorem <strong>ipsum dolor sit amet<\\/strong>, consectetur adipiscing elit, sed do eiusmod tempor incididunt ut labore et dolore magna aliqua. Ut enim ad minim veniam, quis nostrud exercitation ullamco laboris nisi ut aliquip ex ea commodo consequat. Duis aute irure dolor in reprehenderit in voluptate velit esse cillum dolore eu fugiat nulla pariatur. Excepteur sint occaecat cupidatat non proident, sunt in culpa qui officia deserunt mollit anim id est laborum.\\\"<\\/p><p>Lorem <strong>ipsum dolor sit amet<\\/strong>, consectetur adipiscing elit, sed do eiusmod tempor incididunt ut labore et dolore magna aliqua. Ut enim ad minim veniam, quis nostrud exercitation ullamco laboris nisi ut aliquip ex ea commodo consequat. Duis aute irure dolor in reprehenderit in voluptate velit esse cillum dolore eu fugiat nulla pariatur. Excepteur sint occaecat cupidatat non proident, sunt in culpa qui officia deserunt mollit anim id est laborum.\\\"<\\/p>\"}},\"19\":{\"type\":\"downloads\",\"enabled\":\"1\",\"fields\":{\"downloads\":[\"6\",\"5\",\"4\"]}}},\"15\":\"John Smith\",\"13\":\"Welcome to Default2016 - titles with <em>emphasis<\\/em> and quotes &ldquo;&rsquo;&rdquo;\",\"23\":[\"6\"],\"21\":\"<p>Lorem ipsum dolor sit amet, consectetur adipiscing elit, sed do eiusmod tempor incididunt ut labore et dolore magna aliqua. Ut enim ad minim veniam, quis nostrud exercitation ullamco laboris nisi ut aliquip ex ea commodo consequat.<\\/p>\",\"2\":\"\"}}','2015-10-24 11:31:52','2015-10-24 11:31:52','fd927175-be81-4c88-8b91-3b4a04908fef'),(25,3,2,1,'en_us',23,'','{\"typeId\":\"2\",\"authorId\":\"1\",\"title\":\"Welcome to Default2016\",\"slug\":\"welcome-to-default-2016\",\"postDate\":1445675760,\"expiryDate\":null,\"enabled\":1,\"fields\":{\"1\":{\"7\":{\"type\":\"heading\",\"enabled\":\"1\",\"fields\":{\"heading\":\"What\'s not to love?\",\"headingType\":\"h2\"}},\"9\":{\"type\":\"image\",\"enabled\":\"1\",\"fields\":{\"image\":[\"6\"],\"alignment\":\"full\",\"clear\":\"none\",\"caption\":\"\"}},\"8\":{\"type\":\"text\",\"enabled\":\"1\",\"fields\":{\"text\":\"<p>Lorem <strong>ipsum dolor sit amet<\\/strong>, consectetur adipiscing elit, sed do eiusmod tempor incididunt ut labore et dolore magna aliqua. Ut enim ad minim veniam, quis nostrud exercitation ullamco laboris nisi ut aliquip ex ea commodo consequat. Duis aute irure dolor in reprehenderit in voluptate velit esse cillum dolore eu fugiat nulla pariatur. Excepteur sint occaecat cupidatat non proident, sunt in culpa qui officia deserunt mollit anim id est laborum.\\\"<\\/p>\"}},\"10\":{\"type\":\"image\",\"enabled\":\"1\",\"fields\":{\"image\":[\"5\"],\"alignment\":\"right\",\"clear\":\"none\",\"caption\":\"Fancy little image\"}},\"11\":{\"type\":\"text\",\"enabled\":\"1\",\"fields\":{\"text\":\"<p>Lorem <strong>ipsum dolor sit amet<\\/strong>, consectetur adipiscing elit, sed do eiusmod tempor incididunt ut labore et dolore magna aliqua. Ut enim ad minim veniam, quis nostrud exercitation ullamco laboris nisi ut aliquip ex ea commodo consequat. Duis aute irure dolor in reprehenderit in voluptate velit esse cillum dolore eu fugiat nulla pariatur. Excepteur sint occaecat cupidatat non proident, sunt in culpa qui officia deserunt mollit anim id est laborum.\\\"\\r\\n<\\/p><p>Lorem <strong>ipsum dolor sit amet<\\/strong>, consectetur adipiscing elit, sed do eiusmod tempor incididunt ut labore et dolore magna aliqua. Ut enim ad minim veniam, quis nostrud exercitation ullamco laboris nisi ut aliquip ex ea commodo consequat. Duis aute irure dolor in reprehenderit in voluptate velit esse cillum dolore eu fugiat nulla pariatur. Excepteur sint occaecat cupidatat non proident, sunt in culpa qui officia deserunt mollit anim id est laborum.\\\" Lorem <strong>ipsum dolor sit amet<\\/strong>, consectetur adipiscing elit, sed do eiusmod tempor incididunt ut labore et dolore magna aliqua. Ut enim ad minim veniam, quis nostrud exercitation ullamco laboris nisi ut aliquip ex ea commodo consequat. Duis aute irure dolor in reprehenderit in voluptate velit esse cillum dolore eu fugiat nulla pariatur. Excepteur sint occaecat cupidatat non proident, sunt in culpa qui officia deserunt mollit anim id est laborum.<br>\\r\\n<\\/p><blockquote>commodo consequat. Duis aute irure dolor in reprehenderit in voluptate velit esse cillum dolore eu fugiat nulla pariatur. Excepteur sint occaecat cupidatat non proident, sunt in culpa qui officia deserunt mollit anim id est laborum<\\/blockquote>\"}},\"16\":{\"type\":\"heading\",\"enabled\":\"1\",\"fields\":{\"heading\":\"This should break up the article nicely\",\"headingType\":\"h2\"}},\"12\":{\"type\":\"image\",\"enabled\":\"1\",\"fields\":{\"image\":[\"4\"],\"alignment\":\"left\",\"clear\":\"none\",\"caption\":\"\"}},\"15\":{\"type\":\"text\",\"enabled\":\"1\",\"fields\":{\"text\":\"<p>Lorem <strong>ipsum dolor sit amet<\\/strong>, consectetur adipiscing elit, sed do eiusmod tempor incididunt ut labore et dolore magna aliqua. Ut enim ad minim veniam, quis nostrud exercitation ullamco laboris nisi ut aliquip ex ea commodo consequat. Duis aute irure dolor in reprehenderit in voluptate velit esse cillum dolore eu fugiat nulla pariatur.<br><\\/p>\"}},\"13\":{\"type\":\"image\",\"enabled\":\"1\",\"fields\":{\"image\":[\"6\"],\"alignment\":\"left\",\"clear\":\"both\",\"caption\":\"\"}},\"14\":{\"type\":\"text\",\"enabled\":\"1\",\"fields\":{\"text\":\"<p>Lorem <strong>ipsum dolor sit amet<\\/strong>, consectetur adipiscing elit, sed do eiusmod tempor incididunt ut labore et dolore magna aliqua. Ut enim ad minim veniam, quis nostrud exercitation ullamco laboris nisi ut aliquip ex ea commodo consequat. Duis aute irure dolor in reprehenderit in voluptate velit esse cillum dolore eu fugiat nulla pariatur. Excepteur sint occaecat cupidatat non proident, sunt in culpa qui officia deserunt mollit anim id est laborum.\\\"<\\/p><p>Lorem <strong>ipsum dolor sit amet<\\/strong>, consectetur adipiscing elit, sed do eiusmod tempor incididunt ut labore et dolore magna aliqua. Ut enim ad minim veniam, quis nostrud exercitation ullamco laboris nisi ut aliquip ex ea commodo consequat. Duis aute irure dolor in reprehenderit in voluptate velit esse cillum dolore eu fugiat nulla pariatur. Excepteur sint occaecat cupidatat non proident, sunt in culpa qui officia deserunt mollit anim id est laborum.\\\"<br><\\/p><p>Lorem <strong>ipsum dolor sit amet<\\/strong>, consectetur adipiscing elit, sed do eiusmod tempor incididunt ut labore et dolore magna aliqua. Ut enim ad minim veniam, quis nostrud exercitation ullamco laboris nisi ut aliquip ex ea commodo consequat. Duis aute irure dolor in reprehenderit in voluptate velit esse cillum dolore eu fugiat nulla pariatur. Excepteur sint occaecat cupidatat non proident, sunt in culpa qui officia deserunt mollit anim id est laborum.\\\"<\\/p>\"}},\"17\":{\"type\":\"pullQuote\",\"enabled\":\"1\",\"fields\":{\"pullQuote\":\"Excepteur sint occaecat cupidatat...\",\"alignment\":\"right\"}},\"18\":{\"type\":\"text\",\"enabled\":\"1\",\"fields\":{\"text\":\"<p>Lorem <strong>ipsum dolor sit amet<\\/strong>, consectetur adipiscing elit, sed do eiusmod tempor incididunt ut labore et dolore magna aliqua. Ut enim ad minim veniam, quis nostrud exercitation ullamco laboris nisi ut aliquip ex ea commodo consequat. Duis aute irure dolor in reprehenderit in voluptate velit esse cillum dolore eu fugiat nulla pariatur. Excepteur sint occaecat cupidatat non proident, sunt in culpa qui officia deserunt mollit anim id est laborum.\\\"<\\/p><p>Lorem <strong>ipsum dolor sit amet<\\/strong>, consectetur adipiscing elit, sed do eiusmod tempor incididunt ut labore et dolore magna aliqua. Ut enim ad minim veniam, quis nostrud exercitation ullamco laboris nisi ut aliquip ex ea commodo consequat. Duis aute irure dolor in reprehenderit in voluptate velit esse cillum dolore eu fugiat nulla pariatur. Excepteur sint occaecat cupidatat non proident, sunt in culpa qui officia deserunt mollit anim id est laborum.\\\"<\\/p>\"}},\"19\":{\"type\":\"downloads\",\"enabled\":\"1\",\"fields\":{\"downloads\":[\"6\",\"5\",\"4\"]}}},\"15\":\"John Smith\",\"13\":\"Welcome to Default2016 - titles with <em>emphasis<\\/em> and quotes &ldquo;&rsquo;&rdquo;\",\"23\":[\"6\"],\"21\":\"<p>Lorem ipsum dolor sit amet, consectetur adipiscing elit, sed do eiusmod tempor incididunt ut labore et dolore magna aliqua. Ut enim ad minim veniam, quis nostrud exercitation ullamco laboris nisi ut aliquip ex ea commodo consequat.<\\/p>\",\"2\":\"\"}}','2015-10-24 11:31:52','2015-10-24 11:31:52','243fa25c-8535-4c6e-bba3-7baa04bef43a'),(26,3,2,1,'en_us',24,'','{\"typeId\":\"2\",\"authorId\":\"1\",\"title\":\"Welcome to Default2016\",\"slug\":\"welcome-to-default-2016\",\"postDate\":1445675760,\"expiryDate\":null,\"enabled\":1,\"fields\":{\"1\":{\"7\":{\"type\":\"heading\",\"enabled\":\"1\",\"fields\":{\"heading\":\"What\'s not to love?\",\"headingType\":\"h2\"}},\"9\":{\"type\":\"image\",\"enabled\":\"1\",\"fields\":{\"image\":[\"6\"],\"alignment\":\"full\",\"clear\":\"none\",\"caption\":\"\"}},\"8\":{\"type\":\"text\",\"enabled\":\"1\",\"fields\":{\"text\":\"<p>Lorem <strong>ipsum dolor sit amet<\\/strong>, consectetur adipiscing elit, sed do eiusmod tempor incididunt ut labore et dolore magna aliqua. Ut enim ad minim veniam, quis nostrud exercitation ullamco laboris nisi ut aliquip ex ea commodo consequat. Duis aute irure dolor in reprehenderit in voluptate velit esse cillum dolore eu fugiat nulla pariatur. Excepteur sint occaecat cupidatat non proident, sunt in culpa qui officia deserunt mollit anim id est laborum.\\\"<\\/p>\"}},\"10\":{\"type\":\"image\",\"enabled\":\"1\",\"fields\":{\"image\":[\"5\"],\"alignment\":\"right\",\"clear\":\"none\",\"caption\":\"Fancy little image\"}},\"11\":{\"type\":\"text\",\"enabled\":\"1\",\"fields\":{\"text\":\"<p>Lorem <strong>ipsum dolor sit amet<\\/strong>, consectetur adipiscing elit, sed do eiusmod tempor incididunt ut labore et dolore magna aliqua. Ut enim ad minim veniam, quis nostrud exercitation ullamco laboris nisi ut aliquip ex ea commodo consequat. Duis aute irure dolor in reprehenderit in voluptate velit esse cillum dolore eu fugiat nulla pariatur. Excepteur sint occaecat cupidatat non proident, sunt in culpa qui officia deserunt mollit anim id est laborum.\\\"\\r\\n<\\/p><p>Lorem <strong>ipsum dolor sit amet<\\/strong>, consectetur adipiscing elit, sed do eiusmod tempor incididunt ut labore et dolore magna aliqua. Ut enim ad minim veniam, quis nostrud exercitation ullamco laboris nisi ut aliquip ex ea commodo consequat. Duis aute irure dolor in reprehenderit in voluptate velit esse cillum dolore eu fugiat nulla pariatur. Excepteur sint occaecat cupidatat non proident, sunt in culpa qui officia deserunt mollit anim id est laborum.\\\" Lorem <strong>ipsum dolor sit amet<\\/strong>, consectetur adipiscing elit, sed do eiusmod tempor incididunt ut labore et dolore magna aliqua. Ut enim ad minim veniam, quis nostrud exercitation ullamco laboris nisi ut aliquip ex ea commodo consequat. Duis aute irure dolor in reprehenderit in voluptate velit esse cillum dolore eu fugiat nulla pariatur. Excepteur sint occaecat cupidatat non proident, sunt in culpa qui officia deserunt mollit anim id est laborum.<br>\\r\\n<\\/p><blockquote>commodo consequat. Duis aute irure dolor in reprehenderit in voluptate velit esse cillum dolore eu fugiat nulla pariatur. Excepteur sint occaecat cupidatat non proident, sunt in culpa qui officia deserunt mollit anim id est laborum<\\/blockquote>\"}},\"16\":{\"type\":\"heading\",\"enabled\":\"1\",\"fields\":{\"heading\":\"This should break up the article nicely\",\"headingType\":\"h2\"}},\"12\":{\"type\":\"image\",\"enabled\":\"1\",\"fields\":{\"image\":[\"4\"],\"alignment\":\"left\",\"clear\":\"none\",\"caption\":\"\"}},\"15\":{\"type\":\"text\",\"enabled\":\"1\",\"fields\":{\"text\":\"<p>Lorem <strong>ipsum dolor sit amet<\\/strong>, consectetur adipiscing elit, sed do eiusmod tempor incididunt ut labore et dolore magna aliqua. Ut enim ad minim veniam, quis nostrud exercitation ullamco laboris nisi ut aliquip ex ea commodo consequat. Duis aute irure dolor in reprehenderit in voluptate velit esse cillum dolore eu fugiat nulla pariatur.<br><\\/p>\"}},\"13\":{\"type\":\"image\",\"enabled\":\"1\",\"fields\":{\"image\":[\"6\"],\"alignment\":\"left\",\"clear\":\"both\",\"caption\":\"\"}},\"14\":{\"type\":\"text\",\"enabled\":\"1\",\"fields\":{\"text\":\"<p>Lorem <strong>ipsum dolor sit amet<\\/strong>, consectetur adipiscing elit, sed do eiusmod tempor incididunt ut labore et dolore magna aliqua. Ut enim ad minim veniam, quis nostrud exercitation ullamco laboris nisi ut aliquip ex ea commodo consequat. Duis aute irure dolor in reprehenderit in voluptate velit esse cillum dolore eu fugiat nulla pariatur. Excepteur sint occaecat cupidatat non proident, sunt in culpa qui officia deserunt mollit anim id est laborum.\\\"<\\/p><p>Lorem <strong>ipsum dolor sit amet<\\/strong>, consectetur adipiscing elit, sed do eiusmod tempor incididunt ut labore et dolore magna aliqua. Ut enim ad minim veniam, quis nostrud exercitation ullamco laboris nisi ut aliquip ex ea commodo consequat. Duis aute irure dolor in reprehenderit in voluptate velit esse cillum dolore eu fugiat nulla pariatur. Excepteur sint occaecat cupidatat non proident, sunt in culpa qui officia deserunt mollit anim id est laborum.\\\"<br><\\/p><p>Lorem <strong>ipsum dolor sit amet<\\/strong>, consectetur adipiscing elit, sed do eiusmod tempor incididunt ut labore et dolore magna aliqua. Ut enim ad minim veniam, quis nostrud exercitation ullamco laboris nisi ut aliquip ex ea commodo consequat. Duis aute irure dolor in reprehenderit in voluptate velit esse cillum dolore eu fugiat nulla pariatur. Excepteur sint occaecat cupidatat non proident, sunt in culpa qui officia deserunt mollit anim id est laborum.\\\"<\\/p>\"}},\"17\":{\"type\":\"pullQuote\",\"enabled\":\"1\",\"fields\":{\"pullQuote\":\"Excepteur sint occaecat cupidatat...\",\"alignment\":\"right\"}},\"18\":{\"type\":\"text\",\"enabled\":\"1\",\"fields\":{\"text\":\"<p>Lorem <strong>ipsum dolor sit amet<\\/strong>, consectetur adipiscing elit, sed do eiusmod tempor incididunt ut labore et dolore magna aliqua. Ut enim ad minim veniam, quis nostrud exercitation ullamco laboris nisi ut aliquip ex ea commodo consequat. Duis aute irure dolor in reprehenderit in voluptate velit esse cillum dolore eu fugiat nulla pariatur. Excepteur sint occaecat cupidatat non proident, sunt in culpa qui officia deserunt mollit anim id est laborum.\\\"<\\/p><p>Lorem <strong>ipsum dolor sit amet<\\/strong>, consectetur adipiscing elit, sed do eiusmod tempor incididunt ut labore et dolore magna aliqua. Ut enim ad minim veniam, quis nostrud exercitation ullamco laboris nisi ut aliquip ex ea commodo consequat. Duis aute irure dolor in reprehenderit in voluptate velit esse cillum dolore eu fugiat nulla pariatur. Excepteur sint occaecat cupidatat non proident, sunt in culpa qui officia deserunt mollit anim id est laborum.\\\"<\\/p>\"}},\"19\":{\"type\":\"downloads\",\"enabled\":\"1\",\"fields\":{\"downloads\":[\"6\",\"5\",\"4\"]}}},\"15\":\"John Smith\",\"20\":\"\",\"13\":\"Welcome to Default2016 - titles with <em>emphasis<\\/em> and quotes &ldquo;&rsquo;&rdquo;\",\"23\":[\"6\"],\"21\":\"<p>Lorem ipsum dolor sit amet, consectetur adipiscing elit, sed do eiusmod tempor incididunt ut labore et dolore magna aliqua. Ut enim ad minim veniam, quis nostrud exercitation ullamco laboris nisi ut aliquip ex ea commodo consequat.<\\/p>\",\"2\":\"\",\"19\":\"\"}}','2015-10-24 11:32:15','2015-10-24 11:32:15','f9e51a55-870f-4256-963b-2220e77a38cc'),(27,3,2,1,'en_us',25,'','{\"typeId\":\"2\",\"authorId\":\"1\",\"title\":\"Welcome to Default2016\",\"slug\":\"welcome-to-default-2016\",\"postDate\":1445675760,\"expiryDate\":null,\"enabled\":1,\"fields\":{\"1\":{\"7\":{\"type\":\"heading\",\"enabled\":\"1\",\"fields\":{\"heading\":\"What\'s not to love?\",\"headingType\":\"h2\"}},\"9\":{\"type\":\"image\",\"enabled\":\"1\",\"fields\":{\"image\":[\"6\"],\"alignment\":\"full\",\"clear\":\"none\",\"caption\":\"\"}},\"8\":{\"type\":\"text\",\"enabled\":\"1\",\"fields\":{\"text\":\"<p>Lorem <strong>ipsum dolor sit amet<\\/strong>, consectetur adipiscing elit, sed do eiusmod tempor incididunt ut labore et dolore magna aliqua. Ut enim ad minim veniam, quis nostrud exercitation ullamco laboris nisi ut aliquip ex ea commodo consequat. Duis aute irure dolor in reprehenderit in voluptate velit esse cillum dolore eu fugiat nulla pariatur. Excepteur sint occaecat cupidatat non proident, sunt in culpa qui officia deserunt mollit anim id est laborum.\\\"<\\/p>\"}},\"10\":{\"type\":\"image\",\"enabled\":\"1\",\"fields\":{\"image\":[\"5\"],\"alignment\":\"right\",\"clear\":\"none\",\"caption\":\"Fancy little image\"}},\"11\":{\"type\":\"text\",\"enabled\":\"1\",\"fields\":{\"text\":\"<p>Lorem <strong>ipsum dolor sit amet<\\/strong>, consectetur adipiscing elit, sed do eiusmod tempor incididunt ut labore et dolore magna aliqua. Ut enim ad minim veniam, quis nostrud exercitation ullamco laboris nisi ut aliquip ex ea commodo consequat. Duis aute irure dolor in reprehenderit in voluptate velit esse cillum dolore eu fugiat nulla pariatur. Excepteur sint occaecat cupidatat non proident, sunt in culpa qui officia deserunt mollit anim id est laborum.\\\"\\r\\n<\\/p><p>Lorem <strong>ipsum dolor sit amet<\\/strong>, consectetur adipiscing elit, sed do eiusmod tempor incididunt ut labore et dolore magna aliqua. Ut enim ad minim veniam, quis nostrud exercitation ullamco laboris nisi ut aliquip ex ea commodo consequat. Duis aute irure dolor in reprehenderit in voluptate velit esse cillum dolore eu fugiat nulla pariatur. Excepteur sint occaecat cupidatat non proident, sunt in culpa qui officia deserunt mollit anim id est laborum.\\\" Lorem <strong>ipsum dolor sit amet<\\/strong>, consectetur adipiscing elit, sed do eiusmod tempor incididunt ut labore et dolore magna aliqua. Ut enim ad minim veniam, quis nostrud exercitation ullamco laboris nisi ut aliquip ex ea commodo consequat. Duis aute irure dolor in reprehenderit in voluptate velit esse cillum dolore eu fugiat nulla pariatur. Excepteur sint occaecat cupidatat non proident, sunt in culpa qui officia deserunt mollit anim id est laborum.<br>\\r\\n<\\/p><blockquote>commodo consequat. Duis aute irure dolor in reprehenderit in voluptate velit esse cillum dolore eu fugiat nulla pariatur. Excepteur sint occaecat cupidatat non proident, sunt in culpa qui officia deserunt mollit anim id est laborum<\\/blockquote>\"}},\"16\":{\"type\":\"heading\",\"enabled\":\"1\",\"fields\":{\"heading\":\"This should break up the article nicely\",\"headingType\":\"h2\"}},\"12\":{\"type\":\"image\",\"enabled\":\"1\",\"fields\":{\"image\":[\"4\"],\"alignment\":\"left\",\"clear\":\"none\",\"caption\":\"\"}},\"15\":{\"type\":\"text\",\"enabled\":\"1\",\"fields\":{\"text\":\"<p>Lorem <strong>ipsum dolor sit amet<\\/strong>, consectetur adipiscing elit, sed do eiusmod tempor incididunt ut labore et dolore magna aliqua. Ut enim ad minim veniam, quis nostrud exercitation ullamco laboris nisi ut aliquip ex ea commodo consequat. Duis aute irure dolor in reprehenderit in voluptate velit esse cillum dolore eu fugiat nulla pariatur.<br><\\/p>\"}},\"13\":{\"type\":\"image\",\"enabled\":\"1\",\"fields\":{\"image\":[\"6\"],\"alignment\":\"left\",\"clear\":\"both\",\"caption\":\"\"}},\"14\":{\"type\":\"text\",\"enabled\":\"1\",\"fields\":{\"text\":\"<p>Lorem <strong>ipsum dolor sit amet<\\/strong>, consectetur adipiscing elit, sed do eiusmod tempor incididunt ut labore et dolore magna aliqua. Ut enim ad minim veniam, quis nostrud exercitation ullamco laboris nisi ut aliquip ex ea commodo consequat. Duis aute irure dolor in reprehenderit in voluptate velit esse cillum dolore eu fugiat nulla pariatur. Excepteur sint occaecat cupidatat non proident, sunt in culpa qui officia deserunt mollit anim id est laborum.\\\"<\\/p><p>Lorem <strong>ipsum dolor sit amet<\\/strong>, consectetur adipiscing elit, sed do eiusmod tempor incididunt ut labore et dolore magna aliqua. Ut enim ad minim veniam, quis nostrud exercitation ullamco laboris nisi ut aliquip ex ea commodo consequat. Duis aute irure dolor in reprehenderit in voluptate velit esse cillum dolore eu fugiat nulla pariatur. Excepteur sint occaecat cupidatat non proident, sunt in culpa qui officia deserunt mollit anim id est laborum.\\\"<br><\\/p><p>Lorem <strong>ipsum dolor sit amet<\\/strong>, consectetur adipiscing elit, sed do eiusmod tempor incididunt ut labore et dolore magna aliqua. Ut enim ad minim veniam, quis nostrud exercitation ullamco laboris nisi ut aliquip ex ea commodo consequat. Duis aute irure dolor in reprehenderit in voluptate velit esse cillum dolore eu fugiat nulla pariatur. Excepteur sint occaecat cupidatat non proident, sunt in culpa qui officia deserunt mollit anim id est laborum.\\\"<\\/p>\"}},\"17\":{\"type\":\"pullQuote\",\"enabled\":\"1\",\"fields\":{\"pullQuote\":\"Excepteur sint occaecat cupidatat...\",\"alignment\":\"right\"}},\"18\":{\"type\":\"text\",\"enabled\":\"1\",\"fields\":{\"text\":\"<p>Lorem <strong>ipsum dolor sit amet<\\/strong>, consectetur adipiscing elit, sed do eiusmod tempor incididunt ut labore et dolore magna aliqua. Ut enim ad minim veniam, quis nostrud exercitation ullamco laboris nisi ut aliquip ex ea commodo consequat. Duis aute irure dolor in reprehenderit in voluptate velit esse cillum dolore eu fugiat nulla pariatur. Excepteur sint occaecat cupidatat non proident, sunt in culpa qui officia deserunt mollit anim id est laborum.\\\"<\\/p><p>Lorem <strong>ipsum dolor sit amet<\\/strong>, consectetur adipiscing elit, sed do eiusmod tempor incididunt ut labore et dolore magna aliqua. Ut enim ad minim veniam, quis nostrud exercitation ullamco laboris nisi ut aliquip ex ea commodo consequat. Duis aute irure dolor in reprehenderit in voluptate velit esse cillum dolore eu fugiat nulla pariatur. Excepteur sint occaecat cupidatat non proident, sunt in culpa qui officia deserunt mollit anim id est laborum.\\\"<\\/p>\"}},\"19\":{\"type\":\"downloads\",\"enabled\":\"1\",\"fields\":{\"downloads\":[\"6\",\"5\",\"4\"]}}},\"15\":\"John Smith\",\"20\":\"\",\"13\":\"Welcome to Default2016 - titles with <em>emphasis<\\/em> and quotes &ldquo;&rsquo;&rdquo;\",\"23\":[\"6\"],\"24\":[\"5\"],\"21\":\"<p>Lorem ipsum dolor sit amet, consectetur adipiscing elit, sed do eiusmod tempor incididunt ut labore et dolore magna aliqua. Ut enim ad minim veniam, quis nostrud exercitation ullamco laboris nisi ut aliquip ex ea commodo consequat.<\\/p>\",\"2\":\"\",\"19\":\"\"}}','2015-10-24 11:34:05','2015-10-24 11:34:05','978212ce-6106-476a-bac8-6ee62b4b4c1a'),(28,24,5,1,'en_us',1,'','{\"typeId\":\"5\",\"authorId\":\"1\",\"title\":\"About Us\",\"slug\":\"about-us\",\"postDate\":1445687282,\"expiryDate\":null,\"enabled\":1,\"fields\":{\"25\":[\"20\"]}}','2015-10-24 11:48:02','2015-10-24 11:48:02','df6c417d-4ec0-4035-94f3-7671654e7911'),(29,25,5,1,'en_us',1,'','{\"typeId\":\"6\",\"authorId\":\"1\",\"title\":\"News\",\"slug\":\"news\",\"postDate\":1445687294,\"expiryDate\":null,\"enabled\":1,\"fields\":{\"26\":\"\\/news\"}}','2015-10-24 11:48:14','2015-10-24 11:48:14','887c2368-7ffe-47ff-a2ee-8b205dfba0f7'),(30,26,5,1,'en_us',1,'','{\"typeId\":\"6\",\"authorId\":\"1\",\"title\":\"Home\",\"slug\":\"home\",\"postDate\":1445688095,\"expiryDate\":null,\"enabled\":1,\"fields\":{\"26\":\"\\/\"}}','2015-10-24 12:01:35','2015-10-24 12:01:35','dd7234f6-dc5b-4087-acb8-22f5febc2d2e'),(31,25,5,1,'en_us',2,'','{\"typeId\":\"6\",\"authorId\":\"1\",\"title\":\"News\",\"slug\":\"news\",\"postDate\":1445687280,\"expiryDate\":null,\"enabled\":1,\"fields\":{\"26\":\"news\"}}','2015-10-24 12:19:53','2015-10-24 12:19:53','9b3f0da3-1ff3-4b9b-955a-a9616a2ff167'),(32,3,2,1,'en_us',26,'','{\"typeId\":\"2\",\"authorId\":\"1\",\"title\":\"Welcome to Default2016\",\"slug\":\"welcome-to-default-2016\",\"postDate\":1445675760,\"expiryDate\":null,\"enabled\":1,\"fields\":{\"1\":{\"7\":{\"type\":\"heading\",\"enabled\":\"1\",\"fields\":{\"heading\":\"What\'s not to love?\",\"headingType\":\"h2\"}},\"9\":{\"type\":\"image\",\"enabled\":\"1\",\"fields\":{\"image\":[\"6\"],\"alignment\":\"full\",\"clear\":\"none\",\"caption\":\"\"}},\"8\":{\"type\":\"text\",\"enabled\":\"1\",\"fields\":{\"text\":\"<p>Lorem <strong>ipsum dolor sit amet<\\/strong>, consectetur adipiscing elit, sed do eiusmod tempor incididunt ut labore et dolore magna aliqua. Ut enim ad minim veniam, quis nostrud exercitation ullamco laboris nisi ut aliquip ex ea commodo consequat. Duis aute irure dolor in reprehenderit in voluptate velit esse cillum dolore eu fugiat nulla pariatur. Excepteur sint occaecat cupidatat non proident, sunt in culpa qui officia deserunt mollit anim id est laborum.\\\"<\\/p>\"}},\"10\":{\"type\":\"image\",\"enabled\":\"1\",\"fields\":{\"image\":[\"5\"],\"alignment\":\"right\",\"clear\":\"none\",\"caption\":\"Fancy little image\"}},\"11\":{\"type\":\"text\",\"enabled\":\"1\",\"fields\":{\"text\":\"<p>Lorem <strong>ipsum dolor sit amet<\\/strong>, consectetur adipiscing elit, sed do eiusmod tempor incididunt ut labore et dolore magna aliqua. Ut enim ad minim veniam, quis nostrud exercitation ullamco laboris nisi ut aliquip ex ea commodo consequat. Duis aute irure dolor in reprehenderit in voluptate velit esse cillum dolore eu fugiat nulla pariatur. Excepteur sint occaecat cupidatat non proident, sunt in culpa qui officia deserunt mollit anim id est laborum.\\\"\\r\\n<\\/p><p>Lorem <strong>ipsum dolor sit amet<\\/strong>, consectetur adipiscing elit, sed do eiusmod tempor incididunt ut labore et dolore magna aliqua. Ut enim ad minim veniam, quis nostrud exercitation ullamco laboris nisi ut aliquip ex ea commodo consequat. Duis aute irure dolor in reprehenderit in voluptate velit esse cillum dolore eu fugiat nulla pariatur. Excepteur sint occaecat cupidatat non proident, sunt in culpa qui officia deserunt mollit anim id est laborum.\\\" Lorem <strong>ipsum dolor sit amet<\\/strong>, consectetur adipiscing elit, sed do eiusmod tempor incididunt ut labore et dolore magna aliqua. Ut enim ad minim veniam, quis nostrud exercitation ullamco laboris nisi ut aliquip ex ea commodo consequat. Duis aute irure dolor in reprehenderit in voluptate velit esse cillum dolore eu fugiat nulla pariatur. Excepteur sint occaecat cupidatat non proident, sunt in culpa qui officia deserunt mollit anim id est laborum.<br>\\r\\n<\\/p><blockquote>commodo consequat. Duis aute irure dolor in reprehenderit in voluptate velit esse cillum dolore eu fugiat nulla pariatur. Excepteur sint occaecat cupidatat non proident, sunt in culpa qui officia deserunt mollit anim id est laborum<\\/blockquote>\"}},\"16\":{\"type\":\"heading\",\"enabled\":\"1\",\"fields\":{\"heading\":\"This should break up the article nicely\",\"headingType\":\"h2\"}},\"12\":{\"type\":\"image\",\"enabled\":\"1\",\"fields\":{\"image\":[\"4\"],\"alignment\":\"left\",\"clear\":\"none\",\"caption\":\"\"}},\"15\":{\"type\":\"text\",\"enabled\":\"1\",\"fields\":{\"text\":\"<p>Lorem <strong>ipsum dolor sit amet<\\/strong>, consectetur adipiscing elit, sed do eiusmod tempor incididunt ut labore et dolore magna aliqua. Ut enim ad minim veniam, quis nostrud exercitation ullamco laboris nisi ut aliquip ex ea commodo consequat. Duis aute irure dolor in reprehenderit in voluptate velit esse cillum dolore eu fugiat nulla pariatur.<br><\\/p>\"}},\"13\":{\"type\":\"image\",\"enabled\":\"1\",\"fields\":{\"image\":[\"6\"],\"alignment\":\"left\",\"clear\":\"both\",\"caption\":\"This caption clearly describes the image in context\"}},\"14\":{\"type\":\"text\",\"enabled\":\"1\",\"fields\":{\"text\":\"<p>Lorem <strong>ipsum dolor sit amet<\\/strong>, consectetur adipiscing elit, sed do eiusmod tempor incididunt ut labore et dolore magna aliqua. Ut enim ad minim veniam, quis nostrud exercitation ullamco laboris nisi ut aliquip ex ea commodo consequat. Duis aute irure dolor in reprehenderit in voluptate velit esse cillum dolore eu fugiat nulla pariatur. Excepteur sint occaecat cupidatat non proident, sunt in culpa qui officia deserunt mollit anim id est laborum.\\\"<\\/p><p>Lorem <strong>ipsum dolor sit amet<\\/strong>, consectetur adipiscing elit, sed do eiusmod tempor incididunt ut labore et dolore magna aliqua. Ut enim ad minim veniam, quis nostrud exercitation ullamco laboris nisi ut aliquip ex ea commodo consequat. Duis aute irure dolor in reprehenderit in voluptate velit esse cillum dolore eu fugiat nulla pariatur. Excepteur sint occaecat cupidatat non proident, sunt in culpa qui officia deserunt mollit anim id est laborum.\\\"<br><\\/p><p>Lorem <strong>ipsum dolor sit amet<\\/strong>, consectetur adipiscing elit, sed do eiusmod tempor incididunt ut labore et dolore magna aliqua. Ut enim ad minim veniam, quis nostrud exercitation ullamco laboris nisi ut aliquip ex ea commodo consequat. Duis aute irure dolor in reprehenderit in voluptate velit esse cillum dolore eu fugiat nulla pariatur. Excepteur sint occaecat cupidatat non proident, sunt in culpa qui officia deserunt mollit anim id est laborum.\\\"<\\/p>\"}},\"17\":{\"type\":\"pullQuote\",\"enabled\":\"1\",\"fields\":{\"pullQuote\":\"Excepteur sint occaecat cupidatat...\",\"alignment\":\"right\"}},\"18\":{\"type\":\"text\",\"enabled\":\"1\",\"fields\":{\"text\":\"<p>Lorem <strong>ipsum dolor sit amet<\\/strong>, consectetur adipiscing elit, sed do eiusmod tempor incididunt ut labore et dolore magna aliqua. Ut enim ad minim veniam, quis nostrud exercitation ullamco laboris nisi ut aliquip ex ea commodo consequat. Duis aute irure dolor in reprehenderit in voluptate velit esse cillum dolore eu fugiat nulla pariatur. Excepteur sint occaecat cupidatat non proident, sunt in culpa qui officia deserunt mollit anim id est laborum.\\\"<\\/p><p>Lorem <strong>ipsum dolor sit amet<\\/strong>, consectetur adipiscing elit, sed do eiusmod tempor incididunt ut labore et dolore magna aliqua. Ut enim ad minim veniam, quis nostrud exercitation ullamco laboris nisi ut aliquip ex ea commodo consequat. Duis aute irure dolor in reprehenderit in voluptate velit esse cillum dolore eu fugiat nulla pariatur. Excepteur sint occaecat cupidatat non proident, sunt in culpa qui officia deserunt mollit anim id est laborum.\\\"<\\/p>\"}},\"19\":{\"type\":\"downloads\",\"enabled\":\"1\",\"fields\":{\"downloads\":[\"6\",\"5\",\"4\"]}}},\"15\":\"John Smith\",\"20\":\"\",\"13\":\"Welcome to Default2016 - titles with <em>emphasis<\\/em> and quotes &ldquo;&rsquo;&rdquo;\",\"23\":[\"6\"],\"24\":[\"5\"],\"21\":\"<p>Lorem ipsum dolor sit amet, consectetur adipiscing elit, sed do eiusmod tempor incididunt ut labore et dolore magna aliqua. Ut enim ad minim veniam, quis nostrud exercitation ullamco laboris nisi ut aliquip ex ea commodo consequat.<\\/p>\",\"2\":\"\",\"19\":\"\"}}','2015-10-24 12:37:14','2015-10-24 12:37:14','1959dbc3-4387-4598-af4d-e711692dff4b'),(33,3,2,1,'en_us',27,'','{\"typeId\":\"2\",\"authorId\":\"1\",\"title\":\"Welcome to Default2016\",\"slug\":\"welcome-to-default-2016\",\"postDate\":1445675760,\"expiryDate\":null,\"enabled\":1,\"fields\":{\"1\":{\"9\":{\"type\":\"image\",\"enabled\":\"1\",\"fields\":{\"image\":[\"6\"],\"alignment\":\"full\",\"clear\":\"none\",\"caption\":\"\"}},\"8\":{\"type\":\"text\",\"enabled\":\"1\",\"fields\":{\"text\":\"<p>Lorem <strong>ipsum dolor sit amet<\\/strong>, consectetur adipiscing elit, sed do eiusmod tempor incididunt ut labore et dolore magna aliqua. Ut enim ad minim veniam, quis nostrud exercitation ullamco laboris nisi ut aliquip ex ea commodo consequat. Duis aute irure dolor in reprehenderit in voluptate velit esse cillum dolore eu fugiat nulla pariatur. Excepteur sint occaecat cupidatat non proident, sunt in culpa qui officia deserunt mollit anim id est laborum.\\\"<\\/p>\"}},\"10\":{\"type\":\"image\",\"enabled\":\"1\",\"fields\":{\"image\":[\"5\"],\"alignment\":\"right\",\"clear\":\"none\",\"caption\":\"Fancy little image\"}},\"11\":{\"type\":\"text\",\"enabled\":\"1\",\"fields\":{\"text\":\"<p>Lorem <strong>ipsum dolor sit amet<\\/strong>, consectetur adipiscing elit, sed do eiusmod tempor incididunt ut labore et dolore magna aliqua. Ut enim ad minim veniam, quis nostrud exercitation ullamco laboris nisi ut aliquip ex ea commodo consequat. Duis aute irure dolor in reprehenderit in voluptate velit esse cillum dolore eu fugiat nulla pariatur. Excepteur sint occaecat cupidatat non proident, sunt in culpa qui officia deserunt mollit anim id est laborum.\\\"\\r\\n<\\/p><p>Lorem <strong>ipsum dolor sit amet<\\/strong>, consectetur adipiscing elit, sed do eiusmod tempor incididunt ut labore et dolore magna aliqua. Ut enim ad minim veniam, quis nostrud exercitation ullamco laboris nisi ut aliquip ex ea commodo consequat. Duis aute irure dolor in reprehenderit in voluptate velit esse cillum dolore eu fugiat nulla pariatur. Excepteur sint occaecat cupidatat non proident, sunt in culpa qui officia deserunt mollit anim id est laborum.\\\" Lorem <strong>ipsum dolor sit amet<\\/strong>, consectetur adipiscing elit, sed do eiusmod tempor incididunt ut labore et dolore magna aliqua. Ut enim ad minim veniam, quis nostrud exercitation ullamco laboris nisi ut aliquip ex ea commodo consequat. Duis aute irure dolor in reprehenderit in voluptate velit esse cillum dolore eu fugiat nulla pariatur. Excepteur sint occaecat cupidatat non proident, sunt in culpa qui officia deserunt mollit anim id est laborum.<br>\\r\\n<\\/p><blockquote>commodo consequat. Duis aute irure dolor in reprehenderit in voluptate velit esse cillum dolore eu fugiat nulla pariatur. Excepteur sint occaecat cupidatat non proident, sunt in culpa qui officia deserunt mollit anim id est laborum<\\/blockquote>\"}},\"16\":{\"type\":\"heading\",\"enabled\":\"1\",\"fields\":{\"heading\":\"This should break up the article nicely\",\"headingType\":\"h2\"}},\"12\":{\"type\":\"image\",\"enabled\":\"1\",\"fields\":{\"image\":[\"4\"],\"alignment\":\"left\",\"clear\":\"none\",\"caption\":\"\"}},\"15\":{\"type\":\"text\",\"enabled\":\"1\",\"fields\":{\"text\":\"<p>Lorem <strong>ipsum dolor sit amet<\\/strong>, consectetur adipiscing elit, sed do eiusmod tempor incididunt ut labore et dolore magna aliqua. Ut enim ad minim veniam, quis nostrud exercitation ullamco laboris nisi ut aliquip ex ea commodo consequat. Duis aute irure dolor in reprehenderit in voluptate velit esse cillum dolore eu fugiat nulla pariatur.<br><\\/p>\"}},\"13\":{\"type\":\"image\",\"enabled\":\"1\",\"fields\":{\"image\":[\"6\"],\"alignment\":\"left\",\"clear\":\"both\",\"caption\":\"This caption clearly describes the image in context\"}},\"14\":{\"type\":\"text\",\"enabled\":\"1\",\"fields\":{\"text\":\"<p>Lorem <strong>ipsum dolor sit amet<\\/strong>, consectetur adipiscing elit, sed do eiusmod tempor incididunt ut labore et dolore magna aliqua. Ut enim ad minim veniam, quis nostrud exercitation ullamco laboris nisi ut aliquip ex ea commodo consequat. Duis aute irure dolor in reprehenderit in voluptate velit esse cillum dolore eu fugiat nulla pariatur. Excepteur sint occaecat cupidatat non proident, sunt in culpa qui officia deserunt mollit anim id est laborum.\\\"<\\/p><p>Lorem <strong>ipsum dolor sit amet<\\/strong>, consectetur adipiscing elit, sed do eiusmod tempor incididunt ut labore et dolore magna aliqua. Ut enim ad minim veniam, quis nostrud exercitation ullamco laboris nisi ut aliquip ex ea commodo consequat. Duis aute irure dolor in reprehenderit in voluptate velit esse cillum dolore eu fugiat nulla pariatur. Excepteur sint occaecat cupidatat non proident, sunt in culpa qui officia deserunt mollit anim id est laborum.\\\"<br><\\/p><p>Lorem <strong>ipsum dolor sit amet<\\/strong>, consectetur adipiscing elit, sed do eiusmod tempor incididunt ut labore et dolore magna aliqua. Ut enim ad minim veniam, quis nostrud exercitation ullamco laboris nisi ut aliquip ex ea commodo consequat. Duis aute irure dolor in reprehenderit in voluptate velit esse cillum dolore eu fugiat nulla pariatur. Excepteur sint occaecat cupidatat non proident, sunt in culpa qui officia deserunt mollit anim id est laborum.\\\"<\\/p>\"}},\"17\":{\"type\":\"pullQuote\",\"enabled\":\"1\",\"fields\":{\"pullQuote\":\"Excepteur sint occaecat cupidatat...\",\"alignment\":\"right\"}},\"18\":{\"type\":\"text\",\"enabled\":\"1\",\"fields\":{\"text\":\"<p>Lorem <strong>ipsum dolor sit amet<\\/strong>, consectetur adipiscing elit, sed do eiusmod tempor incididunt ut labore et dolore magna aliqua. Ut enim ad minim veniam, quis nostrud exercitation ullamco laboris nisi ut aliquip ex ea commodo consequat. Duis aute irure dolor in reprehenderit in voluptate velit esse cillum dolore eu fugiat nulla pariatur. Excepteur sint occaecat cupidatat non proident, sunt in culpa qui officia deserunt mollit anim id est laborum.\\\"<\\/p><p>Lorem <strong>ipsum dolor sit amet<\\/strong>, consectetur adipiscing elit, sed do eiusmod tempor incididunt ut labore et dolore magna aliqua. Ut enim ad minim veniam, quis nostrud exercitation ullamco laboris nisi ut aliquip ex ea commodo consequat. Duis aute irure dolor in reprehenderit in voluptate velit esse cillum dolore eu fugiat nulla pariatur. Excepteur sint occaecat cupidatat non proident, sunt in culpa qui officia deserunt mollit anim id est laborum.\\\"<\\/p>\"}},\"19\":{\"type\":\"downloads\",\"enabled\":\"1\",\"fields\":{\"downloads\":[\"6\",\"5\",\"4\"]}}},\"15\":\"John Smith\",\"20\":\"\",\"13\":\"Welcome to Default2016 - titles with <em>emphasis<\\/em> and quotes &ldquo;&rsquo;&rdquo;\",\"23\":[\"6\"],\"24\":[\"5\"],\"21\":\"<p>Lorem ipsum dolor sit amet, consectetur adipiscing elit, sed do eiusmod tempor incididunt ut labore et dolore magna aliqua. Ut enim ad minim veniam, quis nostrud exercitation ullamco laboris nisi ut aliquip ex ea commodo consequat.<\\/p>\",\"2\":\"\",\"19\":\"\"}}','2015-10-24 12:37:50','2015-10-24 12:37:50','49175622-8e8a-4b44-a604-b6ce0a52a8d3'),(34,3,2,1,'en_us',28,'','{\"typeId\":\"2\",\"authorId\":\"1\",\"title\":\"Welcome to Default2016\",\"slug\":\"welcome-to-default-2016\",\"postDate\":1445675760,\"expiryDate\":null,\"enabled\":1,\"fields\":{\"1\":{\"9\":{\"type\":\"image\",\"enabled\":\"1\",\"fields\":{\"image\":[\"6\"],\"alignment\":\"full\",\"clear\":\"none\",\"caption\":\"\"}},\"8\":{\"type\":\"text\",\"enabled\":\"1\",\"fields\":{\"text\":\"<p>Lorem <strong>ipsum dolor sit amet<\\/strong>, consectetur adipiscing elit, sed do eiusmod tempor incididunt ut labore et dolore magna aliqua. Ut enim ad minim veniam, quis nostrud exercitation ullamco laboris nisi ut aliquip ex ea commodo consequat. Duis aute irure dolor in reprehenderit in voluptate velit esse cillum dolore eu fugiat nulla pariatur. Excepteur sint occaecat cupidatat non proident, sunt in culpa qui officia deserunt mollit anim id est laborum.\\\"<\\/p>\"}},\"10\":{\"type\":\"image\",\"enabled\":\"1\",\"fields\":{\"image\":[\"5\"],\"alignment\":\"right\",\"clear\":\"none\",\"caption\":\"Fancy little image\"}},\"11\":{\"type\":\"text\",\"enabled\":\"1\",\"fields\":{\"text\":\"<p>Lorem <strong>ipsum dolor sit amet<\\/strong>, consectetur adipiscing elit, sed do eiusmod tempor incididunt ut labore et dolore magna aliqua. Ut enim ad minim veniam, quis nostrud exercitation ullamco laboris nisi ut aliquip ex ea commodo consequat. Duis aute irure dolor in reprehenderit in voluptate velit esse cillum dolore eu fugiat nulla pariatur. Excepteur sint occaecat cupidatat non proident, sunt in culpa qui officia deserunt mollit anim id est laborum.\\\"\\r\\n<\\/p><p>Lorem <strong>ipsum dolor sit amet<\\/strong>, consectetur adipiscing elit, sed do eiusmod tempor incididunt ut labore et dolore magna aliqua. Ut enim ad minim veniam, quis nostrud exercitation ullamco laboris nisi ut aliquip ex ea commodo consequat. Duis aute irure dolor in reprehenderit in voluptate velit esse cillum dolore eu fugiat nulla pariatur. Excepteur sint occaecat cupidatat non proident, sunt in culpa qui officia deserunt mollit anim id est laborum.\\\" Lorem <strong>ipsum dolor sit amet<\\/strong>, consectetur adipiscing elit, sed do eiusmod tempor incididunt ut labore et dolore magna aliqua. Ut enim ad minim veniam, quis nostrud exercitation ullamco laboris nisi ut aliquip ex ea commodo consequat. Duis aute irure dolor in reprehenderit in voluptate velit esse cillum dolore eu fugiat nulla pariatur. Excepteur sint occaecat cupidatat non proident, sunt in culpa qui officia deserunt mollit anim id est laborum.<br>\\r\\n<\\/p><blockquote>commodo consequat. Duis aute irure dolor in reprehenderit in voluptate velit esse cillum dolore eu fugiat nulla pariatur. Excepteur sint occaecat cupidatat non proident, sunt in culpa qui officia deserunt mollit anim id est laborum<\\/blockquote>\"}},\"16\":{\"type\":\"heading\",\"enabled\":\"1\",\"fields\":{\"heading\":\"This should break up the article nicely\",\"headingType\":\"h2\"}},\"12\":{\"type\":\"image\",\"enabled\":\"1\",\"fields\":{\"image\":[\"4\"],\"alignment\":\"left\",\"clear\":\"none\",\"caption\":\"\"}},\"15\":{\"type\":\"text\",\"enabled\":\"1\",\"fields\":{\"text\":\"<p>Lorem <strong>ipsum dolor sit amet<\\/strong>, consectetur adipiscing elit, sed do eiusmod tempor incididunt ut labore et dolore magna aliqua. Ut enim ad minim veniam, quis nostrud exercitation ullamco laboris nisi ut aliquip ex ea commodo consequat. Duis aute irure dolor in reprehenderit in voluptate velit esse cillum dolore eu fugiat nulla pariatur.<br><\\/p>\"}},\"13\":{\"type\":\"image\",\"enabled\":\"1\",\"fields\":{\"image\":[\"6\"],\"alignment\":\"left\",\"clear\":\"both\",\"caption\":\"This caption clearly describes the image in context\"}},\"14\":{\"type\":\"text\",\"enabled\":\"1\",\"fields\":{\"text\":\"<p>Lorem <strong>ipsum dolor sit amet<\\/strong>, consectetur adipiscing elit, sed do eiusmod tempor incididunt ut labore et dolore magna aliqua. Ut enim ad minim veniam, quis nostrud exercitation ullamco laboris nisi ut aliquip ex ea commodo consequat. Duis aute irure dolor in reprehenderit in voluptate velit esse cillum dolore eu fugiat nulla pariatur. Excepteur sint occaecat cupidatat non proident, sunt in culpa qui officia deserunt mollit anim id est laborum.\\\"<\\/p><p>Lorem <strong>ipsum dolor sit amet<\\/strong>, consectetur adipiscing elit, sed do eiusmod tempor incididunt ut labore et dolore magna aliqua. Ut enim ad minim veniam, quis nostrud exercitation ullamco laboris nisi ut aliquip ex ea commodo consequat. Duis aute irure dolor in reprehenderit in voluptate velit esse cillum dolore eu fugiat nulla pariatur. Excepteur sint occaecat cupidatat non proident, sunt in culpa qui officia deserunt mollit anim id est laborum.\\\"<br><\\/p><p>Lorem <strong>ipsum dolor sit amet<\\/strong>, consectetur adipiscing elit, sed do eiusmod tempor incididunt ut labore et dolore magna aliqua. Ut enim ad minim veniam, quis nostrud exercitation ullamco laboris nisi ut aliquip ex ea commodo consequat. Duis aute irure dolor in reprehenderit in voluptate velit esse cillum dolore eu fugiat nulla pariatur. Excepteur sint occaecat cupidatat non proident, sunt in culpa qui officia deserunt mollit anim id est laborum.\\\"<\\/p>\"}},\"17\":{\"type\":\"pullQuote\",\"enabled\":\"1\",\"fields\":{\"pullQuote\":\"Excepteur sint occaecat cupidatat...\",\"alignment\":\"right\"}},\"18\":{\"type\":\"text\",\"enabled\":\"1\",\"fields\":{\"text\":\"<p>Lorem <strong>ipsum dolor sit amet<\\/strong>, consectetur adipiscing elit, sed do eiusmod tempor incididunt ut labore et dolore magna aliqua. Ut enim ad minim veniam, quis nostrud exercitation ullamco laboris nisi ut aliquip ex ea commodo consequat. Duis aute irure dolor in reprehenderit in voluptate velit esse cillum dolore eu fugiat nulla pariatur. Excepteur sint occaecat cupidatat non proident, sunt in culpa qui officia deserunt mollit anim id est laborum.\\\"<\\/p><p>Lorem <strong>ipsum dolor sit amet<\\/strong>, consectetur adipiscing elit, sed do eiusmod tempor incididunt ut labore et dolore magna aliqua. Ut enim ad minim veniam, quis nostrud exercitation ullamco laboris nisi ut aliquip ex ea commodo consequat. Duis aute irure dolor in reprehenderit in voluptate velit esse cillum dolore eu fugiat nulla pariatur. Excepteur sint occaecat cupidatat non proident, sunt in culpa qui officia deserunt mollit anim id est laborum.\\\"<\\/p>\"}},\"19\":{\"type\":\"downloads\",\"enabled\":\"1\",\"fields\":{\"downloads\":[\"6\",\"5\",\"4\"]}}},\"15\":\"John Smith\",\"20\":\"\",\"13\":\"Welcome to Default2016 - titles with <em>emphasis<\\/em> and quote &ldquo;marks&rdquo;\",\"23\":[\"6\"],\"24\":[\"5\"],\"21\":\"<p>Lorem ipsum dolor sit amet, consectetur adipiscing elit, sed do eiusmod tempor incididunt ut labore et dolore magna aliqua. Ut enim ad minim veniam, quis nostrud exercitation ullamco laboris nisi ut aliquip ex ea commodo consequat.<\\/p>\",\"2\":\"\",\"19\":\"\"}}','2015-10-24 12:53:54','2015-10-24 12:53:54','141b3e3f-d73d-4789-94d9-bda6d880ab93'),(35,32,2,1,'en_us',1,'','{\"typeId\":null,\"authorId\":\"1\",\"title\":\"Welcome to Default2016\",\"slug\":\"welcome-to-default-2016-1\",\"postDate\":1445675760,\"expiryDate\":null,\"enabled\":1,\"fields\":{\"1\":{\"9\":{\"type\":\"image\",\"enabled\":\"1\",\"fields\":{\"image\":[\"6\"],\"alignment\":\"full\",\"clear\":\"none\",\"caption\":\"\"}},\"8\":{\"type\":\"text\",\"enabled\":\"1\",\"fields\":{\"text\":\"<p>Lorem <strong>ipsum dolor sit amet<\\/strong>, consectetur adipiscing elit, sed do eiusmod tempor incididunt ut labore et dolore magna aliqua. Ut enim ad minim veniam, quis nostrud exercitation ullamco laboris nisi ut aliquip ex ea commodo consequat. Duis aute irure dolor in reprehenderit in voluptate velit esse cillum dolore eu fugiat nulla pariatur. Excepteur sint occaecat cupidatat non proident, sunt in culpa qui officia deserunt mollit anim id est laborum.\\\"<\\/p>\"}},\"10\":{\"type\":\"image\",\"enabled\":\"1\",\"fields\":{\"image\":[\"5\"],\"alignment\":\"right\",\"clear\":\"none\",\"caption\":\"Fancy little image\"}},\"11\":{\"type\":\"text\",\"enabled\":\"1\",\"fields\":{\"text\":\"<p>Lorem <strong>ipsum dolor sit amet<\\/strong>, consectetur adipiscing elit, sed do eiusmod tempor incididunt ut labore et dolore magna aliqua. Ut enim ad minim veniam, quis nostrud exercitation ullamco laboris nisi ut aliquip ex ea commodo consequat. Duis aute irure dolor in reprehenderit in voluptate velit esse cillum dolore eu fugiat nulla pariatur. Excepteur sint occaecat cupidatat non proident, sunt in culpa qui officia deserunt mollit anim id est laborum.\\\"\\r\\n<\\/p><p>Lorem <strong>ipsum dolor sit amet<\\/strong>, consectetur adipiscing elit, sed do eiusmod tempor incididunt ut labore et dolore magna aliqua. Ut enim ad minim veniam, quis nostrud exercitation ullamco laboris nisi ut aliquip ex ea commodo consequat. Duis aute irure dolor in reprehenderit in voluptate velit esse cillum dolore eu fugiat nulla pariatur. Excepteur sint occaecat cupidatat non proident, sunt in culpa qui officia deserunt mollit anim id est laborum.\\\" Lorem <strong>ipsum dolor sit amet<\\/strong>, consectetur adipiscing elit, sed do eiusmod tempor incididunt ut labore et dolore magna aliqua. Ut enim ad minim veniam, quis nostrud exercitation ullamco laboris nisi ut aliquip ex ea commodo consequat. Duis aute irure dolor in reprehenderit in voluptate velit esse cillum dolore eu fugiat nulla pariatur. Excepteur sint occaecat cupidatat non proident, sunt in culpa qui officia deserunt mollit anim id est laborum.<br>\\r\\n<\\/p><blockquote>commodo consequat. Duis aute irure dolor in reprehenderit in voluptate velit esse cillum dolore eu fugiat nulla pariatur. Excepteur sint occaecat cupidatat non proident, sunt in culpa qui officia deserunt mollit anim id est laborum<\\/blockquote>\"}},\"16\":{\"type\":\"heading\",\"enabled\":\"1\",\"fields\":{\"heading\":\"This should break up the article nicely\",\"headingType\":\"h2\"}},\"12\":{\"type\":\"image\",\"enabled\":\"1\",\"fields\":{\"image\":[\"4\"],\"alignment\":\"left\",\"clear\":\"none\",\"caption\":\"\"}},\"15\":{\"type\":\"text\",\"enabled\":\"1\",\"fields\":{\"text\":\"<p>Lorem <strong>ipsum dolor sit amet<\\/strong>, consectetur adipiscing elit, sed do eiusmod tempor incididunt ut labore et dolore magna aliqua. Ut enim ad minim veniam, quis nostrud exercitation ullamco laboris nisi ut aliquip ex ea commodo consequat. Duis aute irure dolor in reprehenderit in voluptate velit esse cillum dolore eu fugiat nulla pariatur.<br><\\/p>\"}},\"13\":{\"type\":\"image\",\"enabled\":\"1\",\"fields\":{\"image\":[\"6\"],\"alignment\":\"left\",\"clear\":\"both\",\"caption\":\"This caption clearly describes the image in context\"}},\"14\":{\"type\":\"text\",\"enabled\":\"1\",\"fields\":{\"text\":\"<p>Lorem <strong>ipsum dolor sit amet<\\/strong>, consectetur adipiscing elit, sed do eiusmod tempor incididunt ut labore et dolore magna aliqua. Ut enim ad minim veniam, quis nostrud exercitation ullamco laboris nisi ut aliquip ex ea commodo consequat. Duis aute irure dolor in reprehenderit in voluptate velit esse cillum dolore eu fugiat nulla pariatur. Excepteur sint occaecat cupidatat non proident, sunt in culpa qui officia deserunt mollit anim id est laborum.\\\"<\\/p><p>Lorem <strong>ipsum dolor sit amet<\\/strong>, consectetur adipiscing elit, sed do eiusmod tempor incididunt ut labore et dolore magna aliqua. Ut enim ad minim veniam, quis nostrud exercitation ullamco laboris nisi ut aliquip ex ea commodo consequat. Duis aute irure dolor in reprehenderit in voluptate velit esse cillum dolore eu fugiat nulla pariatur. Excepteur sint occaecat cupidatat non proident, sunt in culpa qui officia deserunt mollit anim id est laborum.\\\"<br><\\/p><p>Lorem <strong>ipsum dolor sit amet<\\/strong>, consectetur adipiscing elit, sed do eiusmod tempor incididunt ut labore et dolore magna aliqua. Ut enim ad minim veniam, quis nostrud exercitation ullamco laboris nisi ut aliquip ex ea commodo consequat. Duis aute irure dolor in reprehenderit in voluptate velit esse cillum dolore eu fugiat nulla pariatur. Excepteur sint occaecat cupidatat non proident, sunt in culpa qui officia deserunt mollit anim id est laborum.\\\"<\\/p>\"}},\"17\":{\"type\":\"pullQuote\",\"enabled\":\"1\",\"fields\":{\"pullQuote\":\"Excepteur sint occaecat cupidatat...\",\"alignment\":\"right\"}},\"18\":{\"type\":\"text\",\"enabled\":\"1\",\"fields\":{\"text\":\"<p>Lorem <strong>ipsum dolor sit amet<\\/strong>, consectetur adipiscing elit, sed do eiusmod tempor incididunt ut labore et dolore magna aliqua. Ut enim ad minim veniam, quis nostrud exercitation ullamco laboris nisi ut aliquip ex ea commodo consequat. Duis aute irure dolor in reprehenderit in voluptate velit esse cillum dolore eu fugiat nulla pariatur. Excepteur sint occaecat cupidatat non proident, sunt in culpa qui officia deserunt mollit anim id est laborum.\\\"<\\/p><p>Lorem <strong>ipsum dolor sit amet<\\/strong>, consectetur adipiscing elit, sed do eiusmod tempor incididunt ut labore et dolore magna aliqua. Ut enim ad minim veniam, quis nostrud exercitation ullamco laboris nisi ut aliquip ex ea commodo consequat. Duis aute irure dolor in reprehenderit in voluptate velit esse cillum dolore eu fugiat nulla pariatur. Excepteur sint occaecat cupidatat non proident, sunt in culpa qui officia deserunt mollit anim id est laborum.\\\"<\\/p>\"}},\"19\":{\"type\":\"downloads\",\"enabled\":\"1\",\"fields\":{\"downloads\":[\"6\",\"5\",\"4\"]}}},\"15\":\"John Smith\",\"20\":\"\",\"13\":\"Welcome to Default2016 - titles with <em>emphasis<\\/em> and quote &ldquo;marks&rdquo;\",\"23\":[\"6\"],\"24\":[\"5\"],\"21\":\"<p>Lorem ipsum dolor sit amet, consectetur adipiscing elit, sed do eiusmod tempor incididunt ut labore et dolore magna aliqua. Ut enim ad minim veniam, quis nostrud exercitation ullamco laboris nisi ut aliquip ex ea commodo consequat.<\\/p>\",\"2\":\"\",\"19\":\"\"}}','2015-10-25 10:08:24','2015-10-25 10:08:24','e308181e-7b15-4c21-a6cf-6611f48b7f23'),(36,32,2,1,'en_us',2,'','{\"typeId\":\"2\",\"authorId\":\"1\",\"title\":\"Welcome to Default2016 Second News Entry\",\"slug\":\"welcome-to-default-2016-1\",\"postDate\":1445675760,\"expiryDate\":null,\"enabled\":1,\"fields\":{\"1\":{\"33\":{\"type\":\"image\",\"enabled\":\"1\",\"fields\":{\"image\":[\"6\"],\"alignment\":\"full\",\"clear\":\"none\",\"caption\":\"\"}},\"34\":{\"type\":\"text\",\"enabled\":\"1\",\"fields\":{\"text\":\"<p>Lorem <strong>ipsum dolor sit amet<\\/strong>, consectetur adipiscing elit, sed do eiusmod tempor incididunt ut labore et dolore magna aliqua. Ut enim ad minim veniam, quis nostrud exercitation ullamco laboris nisi ut aliquip ex ea commodo consequat. Duis aute irure dolor in reprehenderit in voluptate velit esse cillum dolore eu fugiat nulla pariatur. Excepteur sint occaecat cupidatat non proident, sunt in culpa qui officia deserunt mollit anim id est laborum.\\\"<\\/p>\"}},\"35\":{\"type\":\"image\",\"enabled\":\"1\",\"fields\":{\"image\":[\"5\"],\"alignment\":\"right\",\"clear\":\"none\",\"caption\":\"Fancy little image\"}},\"36\":{\"type\":\"text\",\"enabled\":\"1\",\"fields\":{\"text\":\"<p>Lorem <strong>ipsum dolor sit amet<\\/strong>, consectetur adipiscing elit, sed do eiusmod tempor incididunt ut labore et dolore magna aliqua. Ut enim ad minim veniam, quis nostrud exercitation ullamco laboris nisi ut aliquip ex ea commodo consequat. Duis aute irure dolor in reprehenderit in voluptate velit esse cillum dolore eu fugiat nulla pariatur. Excepteur sint occaecat cupidatat non proident, sunt in culpa qui officia deserunt mollit anim id est laborum.\\\"\\r\\n<\\/p><p>Lorem <strong>ipsum dolor sit amet<\\/strong>, consectetur adipiscing elit, sed do eiusmod tempor incididunt ut labore et dolore magna aliqua. Ut enim ad minim veniam, quis nostrud exercitation ullamco laboris nisi ut aliquip ex ea commodo consequat. Duis aute irure dolor in reprehenderit in voluptate velit esse cillum dolore eu fugiat nulla pariatur. Excepteur sint occaecat cupidatat non proident, sunt in culpa qui officia deserunt mollit anim id est laborum.\\\" Lorem <strong>ipsum dolor sit amet<\\/strong>, consectetur adipiscing elit, sed do eiusmod tempor incididunt ut labore et dolore magna aliqua. Ut enim ad minim veniam, quis nostrud exercitation ullamco laboris nisi ut aliquip ex ea commodo consequat. Duis aute irure dolor in reprehenderit in voluptate velit esse cillum dolore eu fugiat nulla pariatur. Excepteur sint occaecat cupidatat non proident, sunt in culpa qui officia deserunt mollit anim id est laborum.<br>\\r\\n<\\/p><blockquote>commodo consequat. Duis aute irure dolor in reprehenderit in voluptate velit esse cillum dolore eu fugiat nulla pariatur. Excepteur sint occaecat cupidatat non proident, sunt in culpa qui officia deserunt mollit anim id est laborum<\\/blockquote>\"}},\"37\":{\"type\":\"heading\",\"enabled\":\"1\",\"fields\":{\"heading\":\"This should break up the article nicely\",\"headingType\":\"h2\"}},\"38\":{\"type\":\"image\",\"enabled\":\"1\",\"fields\":{\"image\":[\"4\"],\"alignment\":\"left\",\"clear\":\"none\",\"caption\":\"\"}},\"39\":{\"type\":\"text\",\"enabled\":\"1\",\"fields\":{\"text\":\"<p>Lorem <strong>ipsum dolor sit amet<\\/strong>, consectetur adipiscing elit, sed do eiusmod tempor incididunt ut labore et dolore magna aliqua. Ut enim ad minim veniam, quis nostrud exercitation ullamco laboris nisi ut aliquip ex ea commodo consequat. Duis aute irure dolor in reprehenderit in voluptate velit esse cillum dolore eu fugiat nulla pariatur.<br><\\/p>\"}},\"40\":{\"type\":\"image\",\"enabled\":\"1\",\"fields\":{\"image\":[\"6\"],\"alignment\":\"left\",\"clear\":\"both\",\"caption\":\"This caption clearly describes the image in context\"}},\"41\":{\"type\":\"text\",\"enabled\":\"1\",\"fields\":{\"text\":\"<p>Lorem <strong>ipsum dolor sit amet<\\/strong>, consectetur adipiscing elit, sed do eiusmod tempor incididunt ut labore et dolore magna aliqua. Ut enim ad minim veniam, quis nostrud exercitation ullamco laboris nisi ut aliquip ex ea commodo consequat. Duis aute irure dolor in reprehenderit in voluptate velit esse cillum dolore eu fugiat nulla pariatur. Excepteur sint occaecat cupidatat non proident, sunt in culpa qui officia deserunt mollit anim id est laborum.\\\"<\\/p><p>Lorem <strong>ipsum dolor sit amet<\\/strong>, consectetur adipiscing elit, sed do eiusmod tempor incididunt ut labore et dolore magna aliqua. Ut enim ad minim veniam, quis nostrud exercitation ullamco laboris nisi ut aliquip ex ea commodo consequat. Duis aute irure dolor in reprehenderit in voluptate velit esse cillum dolore eu fugiat nulla pariatur. Excepteur sint occaecat cupidatat non proident, sunt in culpa qui officia deserunt mollit anim id est laborum.\\\"<br><\\/p><p>Lorem <strong>ipsum dolor sit amet<\\/strong>, consectetur adipiscing elit, sed do eiusmod tempor incididunt ut labore et dolore magna aliqua. Ut enim ad minim veniam, quis nostrud exercitation ullamco laboris nisi ut aliquip ex ea commodo consequat. Duis aute irure dolor in reprehenderit in voluptate velit esse cillum dolore eu fugiat nulla pariatur. Excepteur sint occaecat cupidatat non proident, sunt in culpa qui officia deserunt mollit anim id est laborum.\\\"<\\/p>\"}},\"42\":{\"type\":\"pullQuote\",\"enabled\":\"1\",\"fields\":{\"pullQuote\":\"Excepteur sint occaecat cupidatat...\",\"alignment\":\"right\"}},\"43\":{\"type\":\"text\",\"enabled\":\"1\",\"fields\":{\"text\":\"<p>Lorem <strong>ipsum dolor sit amet<\\/strong>, consectetur adipiscing elit, sed do eiusmod tempor incididunt ut labore et dolore magna aliqua. Ut enim ad minim veniam, quis nostrud exercitation ullamco laboris nisi ut aliquip ex ea commodo consequat. Duis aute irure dolor in reprehenderit in voluptate velit esse cillum dolore eu fugiat nulla pariatur. Excepteur sint occaecat cupidatat non proident, sunt in culpa qui officia deserunt mollit anim id est laborum.\\\"<\\/p><p>Lorem <strong>ipsum dolor sit amet<\\/strong>, consectetur adipiscing elit, sed do eiusmod tempor incididunt ut labore et dolore magna aliqua. Ut enim ad minim veniam, quis nostrud exercitation ullamco laboris nisi ut aliquip ex ea commodo consequat. Duis aute irure dolor in reprehenderit in voluptate velit esse cillum dolore eu fugiat nulla pariatur. Excepteur sint occaecat cupidatat non proident, sunt in culpa qui officia deserunt mollit anim id est laborum.\\\"<\\/p>\"}},\"44\":{\"type\":\"downloads\",\"enabled\":\"1\",\"fields\":{\"downloads\":[\"6\",\"5\",\"4\"]}}},\"15\":\"John Smith\",\"20\":\"\",\"13\":\"Welcome to Default2016 - titles with <em>emphasis<\\/em> and quote &ldquo;marks&rdquo;\",\"23\":[\"6\"],\"24\":[\"5\"],\"21\":\"<p>Lorem ipsum dolor sit amet, consectetur adipiscing elit, sed do eiusmod tempor incididunt ut labore et dolore magna aliqua. Ut enim ad minim veniam, quis nostrud exercitation ullamco laboris nisi ut aliquip ex ea commodo consequat.<\\/p>\",\"2\":\"\",\"19\":\"\"}}','2015-10-25 10:08:32','2015-10-25 10:08:32','a3d201a6-a40f-48f9-803c-75e8dfd5eaab'),(37,32,2,1,'en_us',3,'','{\"typeId\":\"2\",\"authorId\":\"1\",\"title\":\"Default2016 Second News Entry\",\"slug\":\"welcome-to-default-2016-1\",\"postDate\":1445675760,\"expiryDate\":null,\"enabled\":1,\"fields\":{\"1\":{\"33\":{\"type\":\"image\",\"enabled\":\"1\",\"fields\":{\"image\":[\"6\"],\"alignment\":\"full\",\"clear\":\"none\",\"caption\":\"\"}},\"34\":{\"type\":\"text\",\"enabled\":\"1\",\"fields\":{\"text\":\"<p>Lorem <strong>ipsum dolor sit amet<\\/strong>, consectetur adipiscing elit, sed do eiusmod tempor incididunt ut labore et dolore magna aliqua. Ut enim ad minim veniam, quis nostrud exercitation ullamco laboris nisi ut aliquip ex ea commodo consequat. Duis aute irure dolor in reprehenderit in voluptate velit esse cillum dolore eu fugiat nulla pariatur. Excepteur sint occaecat cupidatat non proident, sunt in culpa qui officia deserunt mollit anim id est laborum.\\\"<\\/p>\"}},\"35\":{\"type\":\"image\",\"enabled\":\"1\",\"fields\":{\"image\":[\"5\"],\"alignment\":\"right\",\"clear\":\"none\",\"caption\":\"Fancy little image\"}},\"36\":{\"type\":\"text\",\"enabled\":\"1\",\"fields\":{\"text\":\"<p>Lorem <strong>ipsum dolor sit amet<\\/strong>, consectetur adipiscing elit, sed do eiusmod tempor incididunt ut labore et dolore magna aliqua. Ut enim ad minim veniam, quis nostrud exercitation ullamco laboris nisi ut aliquip ex ea commodo consequat. Duis aute irure dolor in reprehenderit in voluptate velit esse cillum dolore eu fugiat nulla pariatur. Excepteur sint occaecat cupidatat non proident, sunt in culpa qui officia deserunt mollit anim id est laborum.\\\"\\r\\n<\\/p><p>Lorem <strong>ipsum dolor sit amet<\\/strong>, consectetur adipiscing elit, sed do eiusmod tempor incididunt ut labore et dolore magna aliqua. Ut enim ad minim veniam, quis nostrud exercitation ullamco laboris nisi ut aliquip ex ea commodo consequat. Duis aute irure dolor in reprehenderit in voluptate velit esse cillum dolore eu fugiat nulla pariatur. Excepteur sint occaecat cupidatat non proident, sunt in culpa qui officia deserunt mollit anim id est laborum.\\\" Lorem <strong>ipsum dolor sit amet<\\/strong>, consectetur adipiscing elit, sed do eiusmod tempor incididunt ut labore et dolore magna aliqua. Ut enim ad minim veniam, quis nostrud exercitation ullamco laboris nisi ut aliquip ex ea commodo consequat. Duis aute irure dolor in reprehenderit in voluptate velit esse cillum dolore eu fugiat nulla pariatur. Excepteur sint occaecat cupidatat non proident, sunt in culpa qui officia deserunt mollit anim id est laborum.<br>\\r\\n<\\/p><blockquote>commodo consequat. Duis aute irure dolor in reprehenderit in voluptate velit esse cillum dolore eu fugiat nulla pariatur. Excepteur sint occaecat cupidatat non proident, sunt in culpa qui officia deserunt mollit anim id est laborum<\\/blockquote>\"}},\"37\":{\"type\":\"heading\",\"enabled\":\"1\",\"fields\":{\"heading\":\"This should break up the article nicely\",\"headingType\":\"h2\"}},\"38\":{\"type\":\"image\",\"enabled\":\"1\",\"fields\":{\"image\":[\"4\"],\"alignment\":\"left\",\"clear\":\"none\",\"caption\":\"\"}},\"39\":{\"type\":\"text\",\"enabled\":\"1\",\"fields\":{\"text\":\"<p>Lorem <strong>ipsum dolor sit amet<\\/strong>, consectetur adipiscing elit, sed do eiusmod tempor incididunt ut labore et dolore magna aliqua. Ut enim ad minim veniam, quis nostrud exercitation ullamco laboris nisi ut aliquip ex ea commodo consequat. Duis aute irure dolor in reprehenderit in voluptate velit esse cillum dolore eu fugiat nulla pariatur.<br><\\/p>\"}},\"40\":{\"type\":\"image\",\"enabled\":\"1\",\"fields\":{\"image\":[\"6\"],\"alignment\":\"left\",\"clear\":\"both\",\"caption\":\"This caption clearly describes the image in context\"}},\"41\":{\"type\":\"text\",\"enabled\":\"1\",\"fields\":{\"text\":\"<p>Lorem <strong>ipsum dolor sit amet<\\/strong>, consectetur adipiscing elit, sed do eiusmod tempor incididunt ut labore et dolore magna aliqua. Ut enim ad minim veniam, quis nostrud exercitation ullamco laboris nisi ut aliquip ex ea commodo consequat. Duis aute irure dolor in reprehenderit in voluptate velit esse cillum dolore eu fugiat nulla pariatur. Excepteur sint occaecat cupidatat non proident, sunt in culpa qui officia deserunt mollit anim id est laborum.\\\"<\\/p><p>Lorem <strong>ipsum dolor sit amet<\\/strong>, consectetur adipiscing elit, sed do eiusmod tempor incididunt ut labore et dolore magna aliqua. Ut enim ad minim veniam, quis nostrud exercitation ullamco laboris nisi ut aliquip ex ea commodo consequat. Duis aute irure dolor in reprehenderit in voluptate velit esse cillum dolore eu fugiat nulla pariatur. Excepteur sint occaecat cupidatat non proident, sunt in culpa qui officia deserunt mollit anim id est laborum.\\\"<br><\\/p><p>Lorem <strong>ipsum dolor sit amet<\\/strong>, consectetur adipiscing elit, sed do eiusmod tempor incididunt ut labore et dolore magna aliqua. Ut enim ad minim veniam, quis nostrud exercitation ullamco laboris nisi ut aliquip ex ea commodo consequat. Duis aute irure dolor in reprehenderit in voluptate velit esse cillum dolore eu fugiat nulla pariatur. Excepteur sint occaecat cupidatat non proident, sunt in culpa qui officia deserunt mollit anim id est laborum.\\\"<\\/p>\"}},\"42\":{\"type\":\"pullQuote\",\"enabled\":\"1\",\"fields\":{\"pullQuote\":\"Excepteur sint occaecat cupidatat...\",\"alignment\":\"right\"}},\"43\":{\"type\":\"text\",\"enabled\":\"1\",\"fields\":{\"text\":\"<p>Lorem <strong>ipsum dolor sit amet<\\/strong>, consectetur adipiscing elit, sed do eiusmod tempor incididunt ut labore et dolore magna aliqua. Ut enim ad minim veniam, quis nostrud exercitation ullamco laboris nisi ut aliquip ex ea commodo consequat. Duis aute irure dolor in reprehenderit in voluptate velit esse cillum dolore eu fugiat nulla pariatur. Excepteur sint occaecat cupidatat non proident, sunt in culpa qui officia deserunt mollit anim id est laborum.\\\"<\\/p><p>Lorem <strong>ipsum dolor sit amet<\\/strong>, consectetur adipiscing elit, sed do eiusmod tempor incididunt ut labore et dolore magna aliqua. Ut enim ad minim veniam, quis nostrud exercitation ullamco laboris nisi ut aliquip ex ea commodo consequat. Duis aute irure dolor in reprehenderit in voluptate velit esse cillum dolore eu fugiat nulla pariatur. Excepteur sint occaecat cupidatat non proident, sunt in culpa qui officia deserunt mollit anim id est laborum.\\\"<\\/p>\"}},\"44\":{\"type\":\"downloads\",\"enabled\":\"1\",\"fields\":{\"downloads\":[\"6\",\"5\",\"4\"]}}},\"15\":\"John Smith\",\"20\":\"\",\"13\":\"Default2016 Second News Entry\",\"23\":[\"6\"],\"24\":[\"5\"],\"21\":\"<p>Lorem ipsum dolor sit amet, consectetur adipiscing elit, sed do eiusmod tempor incididunt ut labore et dolore magna aliqua. Ut enim ad minim veniam, quis nostrud exercitation ullamco laboris nisi ut aliquip ex ea commodo consequat.<\\/p>\",\"2\":\"\",\"19\":\"\"}}','2015-10-25 10:08:41','2015-10-25 10:08:41','91c472af-809d-4df2-a95a-4a55c2cd7abe'),(38,32,2,1,'en_us',4,'','{\"typeId\":\"2\",\"authorId\":\"1\",\"title\":\"Default2016 Second News Entry\",\"slug\":\"welcome-to-default-2016-1\",\"postDate\":1445762160,\"expiryDate\":null,\"enabled\":1,\"fields\":{\"1\":{\"33\":{\"type\":\"image\",\"enabled\":\"1\",\"fields\":{\"image\":[\"6\"],\"alignment\":\"full\",\"clear\":\"none\",\"caption\":\"\"}},\"34\":{\"type\":\"text\",\"enabled\":\"1\",\"fields\":{\"text\":\"<p>Lorem <strong>ipsum dolor sit amet<\\/strong>, consectetur adipiscing elit, sed do eiusmod tempor incididunt ut labore et dolore magna aliqua. Ut enim ad minim veniam, quis nostrud exercitation ullamco laboris nisi ut aliquip ex ea commodo consequat. Duis aute irure dolor in reprehenderit in voluptate velit esse cillum dolore eu fugiat nulla pariatur. Excepteur sint occaecat cupidatat non proident, sunt in culpa qui officia deserunt mollit anim id est laborum.\\\"<\\/p>\"}},\"35\":{\"type\":\"image\",\"enabled\":\"1\",\"fields\":{\"image\":[\"5\"],\"alignment\":\"right\",\"clear\":\"none\",\"caption\":\"Fancy little image\"}},\"36\":{\"type\":\"text\",\"enabled\":\"1\",\"fields\":{\"text\":\"<p>Lorem <strong>ipsum dolor sit amet<\\/strong>, consectetur adipiscing elit, sed do eiusmod tempor incididunt ut labore et dolore magna aliqua. Ut enim ad minim veniam, quis nostrud exercitation ullamco laboris nisi ut aliquip ex ea commodo consequat. Duis aute irure dolor in reprehenderit in voluptate velit esse cillum dolore eu fugiat nulla pariatur. Excepteur sint occaecat cupidatat non proident, sunt in culpa qui officia deserunt mollit anim id est laborum.\\\"\\r\\n<\\/p><p>Lorem <strong>ipsum dolor sit amet<\\/strong>, consectetur adipiscing elit, sed do eiusmod tempor incididunt ut labore et dolore magna aliqua. Ut enim ad minim veniam, quis nostrud exercitation ullamco laboris nisi ut aliquip ex ea commodo consequat. Duis aute irure dolor in reprehenderit in voluptate velit esse cillum dolore eu fugiat nulla pariatur. Excepteur sint occaecat cupidatat non proident, sunt in culpa qui officia deserunt mollit anim id est laborum.\\\" Lorem <strong>ipsum dolor sit amet<\\/strong>, consectetur adipiscing elit, sed do eiusmod tempor incididunt ut labore et dolore magna aliqua. Ut enim ad minim veniam, quis nostrud exercitation ullamco laboris nisi ut aliquip ex ea commodo consequat. Duis aute irure dolor in reprehenderit in voluptate velit esse cillum dolore eu fugiat nulla pariatur. Excepteur sint occaecat cupidatat non proident, sunt in culpa qui officia deserunt mollit anim id est laborum.<br>\\r\\n<\\/p><blockquote>commodo consequat. Duis aute irure dolor in reprehenderit in voluptate velit esse cillum dolore eu fugiat nulla pariatur. Excepteur sint occaecat cupidatat non proident, sunt in culpa qui officia deserunt mollit anim id est laborum<\\/blockquote>\"}},\"37\":{\"type\":\"heading\",\"enabled\":\"1\",\"fields\":{\"heading\":\"This should break up the article nicely\",\"headingType\":\"h2\"}},\"38\":{\"type\":\"image\",\"enabled\":\"1\",\"fields\":{\"image\":[\"4\"],\"alignment\":\"left\",\"clear\":\"none\",\"caption\":\"\"}},\"39\":{\"type\":\"text\",\"enabled\":\"1\",\"fields\":{\"text\":\"<p>Lorem <strong>ipsum dolor sit amet<\\/strong>, consectetur adipiscing elit, sed do eiusmod tempor incididunt ut labore et dolore magna aliqua. Ut enim ad minim veniam, quis nostrud exercitation ullamco laboris nisi ut aliquip ex ea commodo consequat. Duis aute irure dolor in reprehenderit in voluptate velit esse cillum dolore eu fugiat nulla pariatur.<br><\\/p>\"}},\"40\":{\"type\":\"image\",\"enabled\":\"1\",\"fields\":{\"image\":[\"6\"],\"alignment\":\"left\",\"clear\":\"both\",\"caption\":\"This caption clearly describes the image in context\"}},\"41\":{\"type\":\"text\",\"enabled\":\"1\",\"fields\":{\"text\":\"<p>Lorem <strong>ipsum dolor sit amet<\\/strong>, consectetur adipiscing elit, sed do eiusmod tempor incididunt ut labore et dolore magna aliqua. Ut enim ad minim veniam, quis nostrud exercitation ullamco laboris nisi ut aliquip ex ea commodo consequat. Duis aute irure dolor in reprehenderit in voluptate velit esse cillum dolore eu fugiat nulla pariatur. Excepteur sint occaecat cupidatat non proident, sunt in culpa qui officia deserunt mollit anim id est laborum.\\\"<\\/p><p>Lorem <strong>ipsum dolor sit amet<\\/strong>, consectetur adipiscing elit, sed do eiusmod tempor incididunt ut labore et dolore magna aliqua. Ut enim ad minim veniam, quis nostrud exercitation ullamco laboris nisi ut aliquip ex ea commodo consequat. Duis aute irure dolor in reprehenderit in voluptate velit esse cillum dolore eu fugiat nulla pariatur. Excepteur sint occaecat cupidatat non proident, sunt in culpa qui officia deserunt mollit anim id est laborum.\\\"<br><\\/p><p>Lorem <strong>ipsum dolor sit amet<\\/strong>, consectetur adipiscing elit, sed do eiusmod tempor incididunt ut labore et dolore magna aliqua. Ut enim ad minim veniam, quis nostrud exercitation ullamco laboris nisi ut aliquip ex ea commodo consequat. Duis aute irure dolor in reprehenderit in voluptate velit esse cillum dolore eu fugiat nulla pariatur. Excepteur sint occaecat cupidatat non proident, sunt in culpa qui officia deserunt mollit anim id est laborum.\\\"<\\/p>\"}},\"42\":{\"type\":\"pullQuote\",\"enabled\":\"1\",\"fields\":{\"pullQuote\":\"Excepteur sint occaecat cupidatat...\",\"alignment\":\"right\"}},\"43\":{\"type\":\"text\",\"enabled\":\"1\",\"fields\":{\"text\":\"<p>Lorem <strong>ipsum dolor sit amet<\\/strong>, consectetur adipiscing elit, sed do eiusmod tempor incididunt ut labore et dolore magna aliqua. Ut enim ad minim veniam, quis nostrud exercitation ullamco laboris nisi ut aliquip ex ea commodo consequat. Duis aute irure dolor in reprehenderit in voluptate velit esse cillum dolore eu fugiat nulla pariatur. Excepteur sint occaecat cupidatat non proident, sunt in culpa qui officia deserunt mollit anim id est laborum.\\\"<\\/p><p>Lorem <strong>ipsum dolor sit amet<\\/strong>, consectetur adipiscing elit, sed do eiusmod tempor incididunt ut labore et dolore magna aliqua. Ut enim ad minim veniam, quis nostrud exercitation ullamco laboris nisi ut aliquip ex ea commodo consequat. Duis aute irure dolor in reprehenderit in voluptate velit esse cillum dolore eu fugiat nulla pariatur. Excepteur sint occaecat cupidatat non proident, sunt in culpa qui officia deserunt mollit anim id est laborum.\\\"<\\/p>\"}},\"44\":{\"type\":\"downloads\",\"enabled\":\"1\",\"fields\":{\"downloads\":[\"6\",\"5\",\"4\"]}}},\"15\":\"John Smith\",\"20\":\"\",\"13\":\"Default2016 Second News Entry\",\"23\":[\"6\"],\"24\":[\"5\"],\"21\":\"<p>Lorem ipsum dolor sit amet, consectetur adipiscing elit, sed do eiusmod tempor incididunt ut labore et dolore magna aliqua. Ut enim ad minim veniam, quis nostrud exercitation ullamco laboris nisi ut aliquip ex ea commodo consequat.<\\/p>\",\"2\":\"\",\"19\":\"\"}}','2015-10-25 10:34:58','2015-10-25 10:34:58','d0bc69ef-6eb4-42b3-891a-6691d8eca2e7'),(43,47,4,1,'en_us',1,'','{\"typeId\":null,\"authorId\":\"1\",\"title\":\"Home Page Slideshow\",\"slug\":\"home-page-slideshow\",\"postDate\":1445782204,\"expiryDate\":null,\"enabled\":1,\"fields\":{\"41\":{\"new1\":{\"type\":\"slide\",\"enabled\":\"1\",\"fields\":{\"image\":[\"6\"],\"caption\":\"The first slide\",\"linkUrl\":\"\"}},\"new2\":{\"type\":\"slide\",\"enabled\":\"1\",\"fields\":{\"image\":[\"5\"],\"caption\":\"The second slide\",\"linkUrl\":\"\"}},\"new3\":{\"type\":\"slide\",\"enabled\":\"1\",\"fields\":{\"image\":[\"4\"],\"caption\":\"The third slide\",\"linkUrl\":\"\"}}}}}','2015-10-25 14:10:04','2015-10-25 14:10:04','32de98b9-63ce-4b25-bee0-e74b83d6468d'),(44,20,3,1,'en_us',2,'','{\"typeId\":\"3\",\"authorId\":\"1\",\"title\":\"About us\",\"slug\":\"about-us\",\"postDate\":1445683620,\"expiryDate\":null,\"enabled\":1,\"fields\":{\"1\":{\"new1\":{\"type\":\"relatedPanel\",\"enabled\":\"1\",\"fields\":{\"panel\":[\"47\"]},\"collapsed\":\"\"},\"21\":{\"type\":\"text\",\"enabled\":\"1\",\"fields\":{\"text\":\"<p>Lorem <strong>ipsum dolor sit amet<\\/strong>, consectetur adipiscing elit, sed do eiusmod tempor incididunt ut labore et dolore magna aliqua. Ut enim ad minim veniam, quis nostrud exercitation ullamco laboris nisi ut aliquip ex ea commodo consequat. Duis aute irure dolor in reprehenderit in voluptate velit esse cillum dolore eu fugiat nulla pariatur.<\\/p>\"}}},\"20\":\"\",\"13\":\"About Us\",\"24\":\"\",\"19\":\"\"}}','2015-10-25 16:26:30','2015-10-25 16:26:30','e7199a78-0484-44e9-b85f-039a22fa70bb'),(45,32,2,1,'en_us',5,'','{\"typeId\":\"2\",\"authorId\":\"1\",\"title\":\"Default2016 Second News Entry\",\"slug\":\"welcome-to-default-2016-1\",\"postDate\":1445762160,\"expiryDate\":null,\"enabled\":1,\"fields\":{\"1\":{\"33\":{\"type\":\"image\",\"enabled\":\"1\",\"fields\":{\"image\":[\"6\"],\"alignment\":\"full\",\"clear\":\"none\",\"caption\":\"\"}},\"34\":{\"type\":\"text\",\"enabled\":\"1\",\"fields\":{\"text\":\"<p>Lorem <strong>ipsum dolor sit amet<\\/strong>, consectetur adipiscing elit, sed do eiusmod tempor incididunt ut labore et dolore magna aliqua. Ut enim ad minim veniam, quis nostrud exercitation ullamco laboris nisi ut aliquip ex ea commodo consequat. Duis aute irure dolor in reprehenderit in voluptate velit esse cillum dolore eu fugiat nulla pariatur. Excepteur sint occaecat cupidatat non proident, sunt in culpa qui officia deserunt mollit anim id est laborum.\\\"<\\/p>\"}},\"35\":{\"type\":\"image\",\"enabled\":\"1\",\"fields\":{\"image\":[\"5\"],\"alignment\":\"right\",\"clear\":\"none\",\"caption\":\"Fancy little image\"}},\"36\":{\"type\":\"text\",\"enabled\":\"1\",\"fields\":{\"text\":\"<p>Lorem <strong>ipsum dolor sit amet<\\/strong>, consectetur adipiscing elit, sed do eiusmod tempor incididunt ut labore et dolore magna aliqua. Ut enim ad minim veniam, quis nostrud exercitation ullamco laboris nisi ut aliquip ex ea commodo consequat. Duis aute irure dolor in reprehenderit in voluptate velit esse cillum dolore eu fugiat nulla pariatur. Excepteur sint occaecat cupidatat non proident, sunt in culpa qui officia deserunt mollit anim id est laborum.\\\"\\r\\n<\\/p><p>Lorem <strong>ipsum dolor sit amet<\\/strong>, consectetur adipiscing elit, sed do eiusmod tempor incididunt ut labore et dolore magna aliqua. Ut enim ad minim veniam, quis nostrud exercitation ullamco laboris nisi ut aliquip ex ea commodo consequat. Duis aute irure dolor in reprehenderit in voluptate velit esse cillum dolore eu fugiat nulla pariatur. Excepteur sint occaecat cupidatat non proident, sunt in culpa qui officia deserunt mollit anim id est laborum.\\\" Lorem <strong>ipsum dolor sit amet<\\/strong>, consectetur adipiscing elit, sed do eiusmod tempor incididunt ut labore et dolore magna aliqua. Ut enim ad minim veniam, quis nostrud exercitation ullamco laboris nisi ut aliquip ex ea commodo consequat. Duis aute irure dolor in reprehenderit in voluptate velit esse cillum dolore eu fugiat nulla pariatur. Excepteur sint occaecat cupidatat non proident, sunt in culpa qui officia deserunt mollit anim id est laborum.<br>\\r\\n<\\/p><blockquote>commodo consequat. Duis aute irure dolor in reprehenderit in voluptate velit esse cillum dolore eu fugiat nulla pariatur. Excepteur sint occaecat cupidatat non proident, sunt in culpa qui officia deserunt mollit anim id est laborum<\\/blockquote>\"}},\"37\":{\"type\":\"heading\",\"enabled\":\"1\",\"fields\":{\"heading\":\"This should break up the article nicely\",\"headingType\":\"h2\"}},\"38\":{\"type\":\"image\",\"enabled\":\"1\",\"fields\":{\"image\":[\"4\"],\"alignment\":\"left\",\"clear\":\"none\",\"caption\":\"\"}},\"39\":{\"type\":\"text\",\"enabled\":\"1\",\"fields\":{\"text\":\"<p>Lorem <strong>ipsum dolor sit amet<\\/strong>, consectetur adipiscing elit, sed do eiusmod tempor incididunt ut labore et dolore magna aliqua. Ut enim ad minim veniam, quis nostrud exercitation ullamco laboris nisi ut aliquip ex ea commodo consequat. Duis aute irure dolor in reprehenderit in voluptate velit esse cillum dolore eu fugiat nulla pariatur.<br><\\/p>\"}},\"40\":{\"type\":\"image\",\"enabled\":\"1\",\"fields\":{\"image\":[\"6\"],\"alignment\":\"left\",\"clear\":\"none\",\"caption\":\"This caption clearly describes the image in context\"}},\"41\":{\"type\":\"text\",\"enabled\":\"1\",\"fields\":{\"text\":\"<p>Lorem <strong>ipsum dolor sit amet<\\/strong>, consectetur adipiscing elit, sed do eiusmod tempor incididunt ut labore et dolore magna aliqua. Ut enim ad minim veniam, quis nostrud exercitation ullamco laboris nisi ut aliquip ex ea commodo consequat. Duis aute irure dolor in reprehenderit in voluptate velit esse cillum dolore eu fugiat nulla pariatur. Excepteur sint occaecat cupidatat non proident, sunt in culpa qui officia deserunt mollit anim id est laborum.\\\"<\\/p><p>Lorem <strong>ipsum dolor sit amet<\\/strong>, consectetur adipiscing elit, sed do eiusmod tempor incididunt ut labore et dolore magna aliqua. Ut enim ad minim veniam, quis nostrud exercitation ullamco laboris nisi ut aliquip ex ea commodo consequat. Duis aute irure dolor in reprehenderit in voluptate velit esse cillum dolore eu fugiat nulla pariatur. Excepteur sint occaecat cupidatat non proident, sunt in culpa qui officia deserunt mollit anim id est laborum.\\\"<br><\\/p><p>Lorem <strong>ipsum dolor sit amet<\\/strong>, consectetur adipiscing elit, sed do eiusmod tempor incididunt ut labore et dolore magna aliqua. Ut enim ad minim veniam, quis nostrud exercitation ullamco laboris nisi ut aliquip ex ea commodo consequat. Duis aute irure dolor in reprehenderit in voluptate velit esse cillum dolore eu fugiat nulla pariatur. Excepteur sint occaecat cupidatat non proident, sunt in culpa qui officia deserunt mollit anim id est laborum.\\\"<\\/p>\"}},\"42\":{\"type\":\"pullQuote\",\"enabled\":\"1\",\"fields\":{\"pullQuote\":\"Excepteur sint occaecat cupidatat...\",\"alignment\":\"right\"}},\"43\":{\"type\":\"text\",\"enabled\":\"1\",\"fields\":{\"text\":\"<p>Lorem <strong>ipsum dolor sit amet<\\/strong>, consectetur adipiscing elit, sed do eiusmod tempor incididunt ut labore et dolore magna aliqua. Ut enim ad minim veniam, quis nostrud exercitation ullamco laboris nisi ut aliquip ex ea commodo consequat. Duis aute irure dolor in reprehenderit in voluptate velit esse cillum dolore eu fugiat nulla pariatur. Excepteur sint occaecat cupidatat non proident, sunt in culpa qui officia deserunt mollit anim id est laborum.\\\"<\\/p><p>Lorem <strong>ipsum dolor sit amet<\\/strong>, consectetur adipiscing elit, sed do eiusmod tempor incididunt ut labore et dolore magna aliqua. Ut enim ad minim veniam, quis nostrud exercitation ullamco laboris nisi ut aliquip ex ea commodo consequat. Duis aute irure dolor in reprehenderit in voluptate velit esse cillum dolore eu fugiat nulla pariatur. Excepteur sint occaecat cupidatat non proident, sunt in culpa qui officia deserunt mollit anim id est laborum.\\\"<\\/p>\"}},\"44\":{\"type\":\"downloads\",\"enabled\":\"1\",\"fields\":{\"downloads\":[\"6\",\"5\",\"4\"]}}},\"15\":\"John Smith\",\"20\":\"\",\"13\":\"Default2016 Second News Entry\",\"23\":[\"6\"],\"24\":[\"5\"],\"21\":\"<p>Lorem ipsum dolor sit amet, consectetur adipiscing elit, sed do eiusmod tempor incididunt ut labore et dolore magna aliqua. Ut enim ad minim veniam, quis nostrud exercitation ullamco laboris nisi ut aliquip ex ea commodo consequat.<\\/p>\",\"19\":\"\"}}','2015-10-26 15:48:10','2015-10-26 15:48:10','6218e00d-c3e7-4400-9299-8f50e488816c'),(46,32,2,1,'en_us',6,'','{\"typeId\":\"2\",\"authorId\":\"1\",\"title\":\"Default2016 Second News Entry\",\"slug\":\"welcome-to-default-2016-1\",\"postDate\":1445762160,\"expiryDate\":null,\"enabled\":1,\"fields\":{\"1\":{\"33\":{\"type\":\"image\",\"enabled\":\"1\",\"fields\":{\"image\":[\"6\"],\"alignment\":\"full\",\"clear\":\"none\",\"caption\":\"\"}},\"34\":{\"type\":\"text\",\"enabled\":\"1\",\"fields\":{\"text\":\"<p>Lorem <strong>ipsum dolor sit amet<\\/strong>, consectetur adipiscing elit, sed do eiusmod tempor incididunt ut labore et dolore magna aliqua. Ut enim ad minim veniam, quis nostrud exercitation ullamco laboris nisi ut aliquip ex ea commodo consequat. Duis aute irure dolor in reprehenderit in voluptate velit esse cillum dolore eu fugiat nulla pariatur. Excepteur sint occaecat cupidatat non proident, sunt in culpa qui officia deserunt mollit anim id est laborum.\\\"<\\/p>\"}},\"35\":{\"type\":\"image\",\"enabled\":\"1\",\"fields\":{\"image\":[\"5\"],\"alignment\":\"right\",\"clear\":\"none\",\"caption\":\"Fancy little image\"}},\"36\":{\"type\":\"text\",\"enabled\":\"1\",\"fields\":{\"text\":\"<p>Lorem <strong>ipsum dolor sit amet<\\/strong>, consectetur adipiscing elit, sed do eiusmod tempor incididunt ut labore et dolore magna aliqua. Ut enim ad minim veniam, quis nostrud exercitation ullamco laboris nisi ut aliquip ex ea commodo consequat. Duis aute irure dolor in reprehenderit in voluptate velit esse cillum dolore eu fugiat nulla pariatur. Excepteur sint occaecat cupidatat non proident, sunt in culpa qui officia deserunt mollit anim id est laborum.\\\"\\r\\n<\\/p><p>Lorem <strong>ipsum dolor sit amet<\\/strong>, consectetur adipiscing elit, sed do eiusmod tempor incididunt ut labore et dolore magna aliqua. Ut enim ad minim veniam, quis nostrud exercitation ullamco laboris nisi ut aliquip ex ea commodo consequat. Duis aute irure dolor in reprehenderit in voluptate velit esse cillum dolore eu fugiat nulla pariatur. Excepteur sint occaecat cupidatat non proident, sunt in culpa qui officia deserunt mollit anim id est laborum.\\\" Lorem <strong>ipsum dolor sit amet<\\/strong>, consectetur adipiscing elit, sed do eiusmod tempor incididunt ut labore et dolore magna aliqua. Ut enim ad minim veniam, quis nostrud exercitation ullamco laboris nisi ut aliquip ex ea commodo consequat. Duis aute irure dolor in reprehenderit in voluptate velit esse cillum dolore eu fugiat nulla pariatur. Excepteur sint occaecat cupidatat non proident, sunt in culpa qui officia deserunt mollit anim id est laborum.<br>\\r\\n<\\/p><blockquote>commodo consequat. Duis aute irure dolor in reprehenderit in voluptate velit esse cillum dolore eu fugiat nulla pariatur. Excepteur sint occaecat cupidatat non proident, sunt in culpa qui officia deserunt mollit anim id est laborum<\\/blockquote>\"}},\"37\":{\"type\":\"heading\",\"enabled\":\"1\",\"fields\":{\"heading\":\"This should break up the article nicely\",\"headingType\":\"h2\"}},\"38\":{\"type\":\"image\",\"enabled\":\"1\",\"fields\":{\"image\":[\"4\"],\"alignment\":\"left\",\"clear\":\"none\",\"caption\":\"\"}},\"39\":{\"type\":\"text\",\"enabled\":\"1\",\"fields\":{\"text\":\"<p>Lorem <strong>ipsum dolor sit amet<\\/strong>, consectetur adipiscing elit, sed do eiusmod tempor incididunt ut labore et dolore magna aliqua. Ut enim ad minim veniam, quis nostrud exercitation ullamco laboris nisi ut aliquip ex ea commodo consequat. Duis aute irure dolor in reprehenderit in voluptate velit esse cillum dolore eu fugiat nulla pariatur.<br><\\/p>\"}},\"40\":{\"type\":\"image\",\"enabled\":\"1\",\"fields\":{\"image\":[\"6\"],\"alignment\":\"left\",\"clear\":\"both\",\"caption\":\"This caption clearly describes the image in context\"}},\"41\":{\"type\":\"text\",\"enabled\":\"1\",\"fields\":{\"text\":\"<p>Lorem <strong>ipsum dolor sit amet<\\/strong>, consectetur adipiscing elit, sed do eiusmod tempor incididunt ut labore et dolore magna aliqua. Ut enim ad minim veniam, quis nostrud exercitation ullamco laboris nisi ut aliquip ex ea commodo consequat. Duis aute irure dolor in reprehenderit in voluptate velit esse cillum dolore eu fugiat nulla pariatur. Excepteur sint occaecat cupidatat non proident, sunt in culpa qui officia deserunt mollit anim id est laborum.\\\"<\\/p><p>Lorem <strong>ipsum dolor sit amet<\\/strong>, consectetur adipiscing elit, sed do eiusmod tempor incididunt ut labore et dolore magna aliqua. Ut enim ad minim veniam, quis nostrud exercitation ullamco laboris nisi ut aliquip ex ea commodo consequat. Duis aute irure dolor in reprehenderit in voluptate velit esse cillum dolore eu fugiat nulla pariatur. Excepteur sint occaecat cupidatat non proident, sunt in culpa qui officia deserunt mollit anim id est laborum.\\\"<br><\\/p><p>Lorem <strong>ipsum dolor sit amet<\\/strong>, consectetur adipiscing elit, sed do eiusmod tempor incididunt ut labore et dolore magna aliqua. Ut enim ad minim veniam, quis nostrud exercitation ullamco laboris nisi ut aliquip ex ea commodo consequat. Duis aute irure dolor in reprehenderit in voluptate velit esse cillum dolore eu fugiat nulla pariatur. Excepteur sint occaecat cupidatat non proident, sunt in culpa qui officia deserunt mollit anim id est laborum.\\\"<\\/p>\"}},\"42\":{\"type\":\"pullQuote\",\"enabled\":\"1\",\"fields\":{\"pullQuote\":\"Excepteur sint occaecat cupidatat...\",\"alignment\":\"right\"}},\"43\":{\"type\":\"text\",\"enabled\":\"1\",\"fields\":{\"text\":\"<p>Lorem <strong>ipsum dolor sit amet<\\/strong>, consectetur adipiscing elit, sed do eiusmod tempor incididunt ut labore et dolore magna aliqua. Ut enim ad minim veniam, quis nostrud exercitation ullamco laboris nisi ut aliquip ex ea commodo consequat. Duis aute irure dolor in reprehenderit in voluptate velit esse cillum dolore eu fugiat nulla pariatur. Excepteur sint occaecat cupidatat non proident, sunt in culpa qui officia deserunt mollit anim id est laborum.\\\"<\\/p><p>Lorem <strong>ipsum dolor sit amet<\\/strong>, consectetur adipiscing elit, sed do eiusmod tempor incididunt ut labore et dolore magna aliqua. Ut enim ad minim veniam, quis nostrud exercitation ullamco laboris nisi ut aliquip ex ea commodo consequat. Duis aute irure dolor in reprehenderit in voluptate velit esse cillum dolore eu fugiat nulla pariatur. Excepteur sint occaecat cupidatat non proident, sunt in culpa qui officia deserunt mollit anim id est laborum.\\\"<\\/p>\"}},\"44\":{\"type\":\"downloads\",\"enabled\":\"1\",\"fields\":{\"downloads\":[\"6\",\"5\",\"4\"]}}},\"15\":\"John Smith\",\"20\":\"\",\"13\":\"Default2016 Second News Entry\",\"23\":[\"6\"],\"24\":[\"5\"],\"21\":\"<p>Lorem ipsum dolor sit amet, consectetur adipiscing elit, sed do eiusmod tempor incididunt ut labore et dolore magna aliqua. Ut enim ad minim veniam, quis nostrud exercitation ullamco laboris nisi ut aliquip ex ea commodo consequat.<\\/p>\",\"19\":\"\"}}','2015-10-26 15:48:26','2015-10-26 15:48:26','758a22cf-bc16-4659-baac-75872bc2fcc4'),(47,20,3,1,'en_us',3,'','{\"typeId\":\"3\",\"authorId\":\"1\",\"title\":\"About us\",\"slug\":\"about-us\",\"postDate\":1445683620,\"expiryDate\":null,\"enabled\":1,\"fields\":{\"1\":{\"21\":{\"type\":\"text\",\"enabled\":\"1\",\"fields\":{\"text\":\"<p>Lorem <strong>ipsum dolor sit amet<\\/strong>, consectetur adipiscing elit, sed do eiusmod tempor incididunt ut labore et dolore magna aliqua. Ut enim ad minim veniam, quis nostrud exercitation ullamco laboris nisi ut aliquip ex ea commodo consequat. Duis aute irure dolor in reprehenderit in voluptate velit esse cillum dolore eu fugiat nulla pariatur.<\\/p>\"}},\"51\":{\"type\":\"relatedPanel\",\"enabled\":\"1\",\"fields\":{\"panel\":[\"47\"]}}},\"20\":\"\",\"13\":\"About Us\",\"24\":\"\",\"19\":\"\"}}','2015-10-26 15:54:41','2015-10-26 15:54:41','a10a8dc5-be8a-461c-bb53-d6fc5bd5655c'),(48,53,6,1,'en_us',1,'','{\"typeId\":null,\"authorId\":\"1\",\"title\":\"First gallery entry\",\"slug\":\"first-gallery-entry\",\"postDate\":1446977403,\"expiryDate\":null,\"enabled\":1,\"fields\":{\"13\":\"First gallery entry\",\"50\":{\"new1\":{\"type\":\"image\",\"enabled\":\"1\",\"fields\":{\"image\":[\"6\"],\"caption\":\"First image\"}},\"new2\":{\"type\":\"image\",\"enabled\":\"1\",\"fields\":{\"image\":[\"5\"],\"caption\":\"Second image\"}}}}}','2015-11-08 10:10:03','2015-11-08 10:10:03','2352a447-b6e4-41a9-8561-d2a64e7dd29e'),(49,53,6,1,'en_us',2,'','{\"typeId\":\"7\",\"authorId\":\"1\",\"title\":\"First gallery entry\",\"slug\":\"first-gallery-entry\",\"postDate\":1446977400,\"expiryDate\":null,\"enabled\":1,\"fields\":{\"13\":\"First gallery entry\",\"50\":{\"54\":{\"type\":\"image\",\"enabled\":\"1\",\"fields\":{\"image\":[\"6\"],\"caption\":\"First image\"}},\"new1\":{\"type\":\"image\",\"enabled\":\"1\",\"fields\":{\"image\":[\"56\"],\"caption\":\"A portrait image\"}},\"55\":{\"type\":\"image\",\"enabled\":\"1\",\"fields\":{\"image\":[\"5\"],\"caption\":\"Second image\"}}}}}','2015-11-08 10:35:08','2015-11-08 10:35:08','eee9b379-526c-4a76-bc33-b2d9ebdb5809'),(50,53,6,1,'en_us',3,'','{\"typeId\":\"7\",\"authorId\":\"1\",\"title\":\"First gallery entry\",\"slug\":\"first-gallery-entry\",\"postDate\":1446977400,\"expiryDate\":null,\"enabled\":1,\"fields\":{\"13\":\"First gallery entry\",\"50\":{\"54\":{\"type\":\"image\",\"enabled\":\"1\",\"fields\":{\"image\":[\"6\"],\"caption\":\"First image\"}},\"57\":{\"type\":\"image\",\"enabled\":\"1\",\"fields\":{\"image\":[\"4\"],\"caption\":\"A portrait image\"}},\"55\":{\"type\":\"image\",\"enabled\":\"1\",\"fields\":{\"image\":[\"6\"],\"caption\":\"Second image\"}}}}}','2015-11-14 09:31:37','2015-11-14 09:31:37','5bf8d2af-3cdd-4e50-8d1d-4a1f859bc250'),(51,47,4,1,'en_us',2,'','{\"typeId\":\"4\",\"authorId\":\"1\",\"title\":\"Home Page Slideshow\",\"slug\":\"home-page-slideshow\",\"postDate\":1445782200,\"expiryDate\":null,\"enabled\":1,\"fields\":{\"41\":{\"48\":{\"type\":\"slide\",\"enabled\":\"1\",\"fields\":{\"image\":[\"6\"],\"caption\":\"The first slide\",\"linkUrl\":\"\"}},\"49\":{\"type\":\"slide\",\"enabled\":\"1\",\"fields\":{\"image\":[\"6\"],\"caption\":\"The second slide\",\"linkUrl\":\"\"}},\"50\":{\"type\":\"slide\",\"enabled\":\"1\",\"fields\":{\"image\":[\"4\"],\"caption\":\"The third slide\",\"linkUrl\":\"\"}}}}}','2015-11-14 09:32:38','2015-11-14 09:32:38','80915f1c-6d54-44e3-86ca-ebfe56abbb5b'),(52,58,8,1,'en_us',1,'','{\"typeId\":null,\"authorId\":\"1\",\"title\":\"Contact form\",\"slug\":\"contact-form\",\"postDate\":1447495190,\"expiryDate\":null,\"enabled\":1,\"fields\":{\"55\":\"\",\"56\":\"contact?message=thankyou\",\"57\":\"Send\",\"54\":\"\",\"53\":\"\"}}','2015-11-14 09:59:50','2015-11-14 09:59:50','a3256556-408b-46ac-aff1-cbfd9fb92834'),(53,58,8,1,'en_us',2,'','{\"typeId\":\"9\",\"authorId\":\"1\",\"title\":\"Contact form\",\"slug\":\"contact-form\",\"postDate\":1447495140,\"expiryDate\":null,\"enabled\":1,\"fields\":{\"55\":\"\",\"13\":\"Contact\",\"56\":\"contact?message=thankyou\",\"57\":\"Send\",\"54\":\"<p>Thank you! We contact you soon<\\/p>\",\"53\":\"admin@keepitlocalsa.com\"}}','2015-11-14 10:21:17','2015-11-14 10:21:17','62547ee1-d1fb-4bb6-9f0e-54549f5630d6'),(54,58,8,1,'en_us',3,'','{\"typeId\":\"9\",\"authorId\":\"1\",\"title\":\"Contact form\",\"slug\":\"contact-form\",\"postDate\":1447495140,\"expiryDate\":null,\"enabled\":1,\"fields\":{\"55\":\"10\",\"13\":\"Contact\",\"56\":\"contact?message=thankyou\",\"57\":\"Send\",\"54\":\"<p>Thank you! We contact you soon<\\/p>\",\"53\":\"admin@keepitlocalsa.com\"}}','2015-11-14 10:29:40','2015-11-14 10:29:40','048b5d20-0486-4ad0-8580-0d1294580092'),(55,58,8,1,'en_us',4,'','{\"typeId\":\"9\",\"authorId\":\"1\",\"title\":\"Contact\",\"slug\":\"contact\",\"postDate\":1447495140,\"expiryDate\":null,\"enabled\":1,\"fields\":{\"55\":\"10\",\"13\":\"Contact\",\"56\":\"contact?message=thankyou\",\"57\":\"Send\",\"54\":\"<p>Thank you! We contact you soon<\\/p>\",\"53\":\"admin@keepitlocalsa.com\"}}','2015-11-14 10:29:58','2015-11-14 10:29:58','f6422b6c-0c51-490d-a086-a93b6918ac1d'),(57,60,5,1,'en_us',1,'','{\"typeId\":\"5\",\"authorId\":\"1\",\"title\":\"Contact\",\"slug\":\"contact\",\"postDate\":1447498168,\"expiryDate\":null,\"enabled\":1,\"fields\":{\"25\":\"\"}}','2015-11-14 10:49:28','2015-11-14 10:49:28','405a5d52-fd09-4498-83aa-6fbde61077cb'),(60,60,5,1,'en_us',2,'','{\"typeId\":\"5\",\"authorId\":\"1\",\"title\":\"Contact\",\"slug\":\"contact\",\"postDate\":1447498140,\"expiryDate\":null,\"enabled\":1,\"fields\":{\"25\":[\"61\"]}}','2015-11-14 10:54:03','2015-11-14 10:54:03','772719d5-1159-4ae5-8816-abadf943cdaf'),(61,58,8,1,'en_us',5,'','{\"typeId\":\"9\",\"authorId\":\"1\",\"title\":\"Contact\",\"slug\":\"contact\",\"postDate\":1447495140,\"expiryDate\":null,\"enabled\":1,\"fields\":{\"55\":\"enquiry\",\"13\":\"Contact\",\"56\":\"contact?message=thankyou\",\"57\":\"Send\",\"54\":\"<p>Thank you! We contact you soon<\\/p>\",\"53\":\"admin@keepitlocalsa.com\"}}','2015-11-14 16:29:37','2015-11-14 16:29:37','d197442b-d4d1-493e-9303-178fbdc75fec'),(62,58,8,1,'en_us',6,'','{\"typeId\":\"9\",\"authorId\":\"1\",\"title\":\"Contact\",\"slug\":\"contact\",\"postDate\":1447495140,\"expiryDate\":null,\"enabled\":1,\"fields\":{\"55\":\"\",\"13\":\"Contact\",\"56\":\"contact?message=thankyou\",\"57\":\"Send\",\"54\":\"<p>Thank you! We contact you soon<\\/p>\",\"53\":\"admin@keepitlocalsa.com\"}}','2015-11-14 18:15:15','2015-11-14 18:15:15','115b0134-fdc1-46ae-aabe-471f9278e634'),(63,58,8,1,'en_us',7,'','{\"typeId\":\"9\",\"authorId\":\"1\",\"title\":\"Contact\",\"slug\":\"contact\",\"postDate\":1447495140,\"expiryDate\":null,\"enabled\":1,\"fields\":{\"55\":\"enquiry\",\"13\":\"Contact\",\"56\":\"contact?message=thankyou\",\"57\":\"Send\",\"54\":\"<p>Thank you! We contact you soon<\\/p>\",\"53\":\"admin@keepitlocalsa.com\"}}','2015-11-14 18:17:57','2015-11-14 18:17:57','3eb14055-cffe-40fd-8fdb-6587607e41eb'),(64,32,2,1,'en_us',7,'','{\"typeId\":\"2\",\"authorId\":\"1\",\"title\":\"Default2016 Second News Entry\",\"slug\":\"welcome-to-default-2016-1\",\"postDate\":1445762160,\"expiryDate\":null,\"enabled\":1,\"fields\":{\"1\":{\"33\":{\"type\":\"image\",\"enabled\":\"1\",\"fields\":{\"image\":[\"6\"],\"alignment\":\"full\",\"clear\":\"none\",\"caption\":\"\"}},\"34\":{\"type\":\"text\",\"enabled\":\"1\",\"fields\":{\"text\":\"<p>Lorem <strong>ipsum dolor sit amet<\\/strong>, consectetur adipiscing elit, sed do eiusmod tempor incididunt ut labore et dolore magna aliqua. Ut enim ad minim veniam, quis nostrud exercitation ullamco laboris nisi ut aliquip ex ea commodo consequat. Duis aute irure dolor in reprehenderit in voluptate velit esse cillum dolore eu fugiat nulla pariatur. Excepteur sint occaecat cupidatat non proident, sunt in culpa qui officia deserunt mollit anim id est laborum.\\\"<\\/p>\"}},\"35\":{\"type\":\"image\",\"enabled\":\"1\",\"fields\":{\"image\":[\"64\"],\"alignment\":\"right\",\"clear\":\"none\",\"caption\":\"Fancy little image\"}},\"36\":{\"type\":\"text\",\"enabled\":\"1\",\"fields\":{\"text\":\"<p>Lorem <strong>ipsum dolor sit amet<\\/strong>, consectetur adipiscing elit, sed do eiusmod tempor incididunt ut labore et dolore magna aliqua. Ut enim ad minim veniam, quis nostrud exercitation ullamco laboris nisi ut aliquip ex ea commodo consequat. Duis aute irure dolor in reprehenderit in voluptate velit esse cillum dolore eu fugiat nulla pariatur. Excepteur sint occaecat cupidatat non proident, sunt in culpa qui officia deserunt mollit anim id est laborum.\\\"\\r\\n<\\/p><p>Lorem <strong>ipsum dolor sit amet<\\/strong>, consectetur adipiscing elit, sed do eiusmod tempor incididunt ut labore et dolore magna aliqua. Ut enim ad minim veniam, quis nostrud exercitation ullamco laboris nisi ut aliquip ex ea commodo consequat. Duis aute irure dolor in reprehenderit in voluptate velit esse cillum dolore eu fugiat nulla pariatur. Excepteur sint occaecat cupidatat non proident, sunt in culpa qui officia deserunt mollit anim id est laborum.\\\" Lorem <strong>ipsum dolor sit amet<\\/strong>, consectetur adipiscing elit, sed do eiusmod tempor incididunt ut labore et dolore magna aliqua. Ut enim ad minim veniam, quis nostrud exercitation ullamco laboris nisi ut aliquip ex ea commodo consequat. Duis aute irure dolor in reprehenderit in voluptate velit esse cillum dolore eu fugiat nulla pariatur. Excepteur sint occaecat cupidatat non proident, sunt in culpa qui officia deserunt mollit anim id est laborum.<br>\\r\\n<\\/p><blockquote>commodo consequat. Duis aute irure dolor in reprehenderit in voluptate velit esse cillum dolore eu fugiat nulla pariatur. Excepteur sint occaecat cupidatat non proident, sunt in culpa qui officia deserunt mollit anim id est laborum<\\/blockquote>\"}},\"37\":{\"type\":\"heading\",\"enabled\":\"1\",\"fields\":{\"heading\":\"This should break up the article nicely\",\"headingType\":\"h2\"}},\"38\":{\"type\":\"image\",\"enabled\":\"1\",\"fields\":{\"image\":[\"4\"],\"alignment\":\"left\",\"clear\":\"none\",\"caption\":\"\"}},\"39\":{\"type\":\"text\",\"enabled\":\"1\",\"fields\":{\"text\":\"<p>Lorem <strong>ipsum dolor sit amet<\\/strong>, consectetur adipiscing elit, sed do eiusmod tempor incididunt ut labore et dolore magna aliqua. Ut enim ad minim veniam, quis nostrud exercitation ullamco laboris nisi ut aliquip ex ea commodo consequat. Duis aute irure dolor in reprehenderit in voluptate velit esse cillum dolore eu fugiat nulla pariatur.<br><\\/p>\"}},\"40\":{\"type\":\"image\",\"enabled\":\"1\",\"fields\":{\"image\":[\"6\"],\"alignment\":\"left\",\"clear\":\"both\",\"caption\":\"This caption clearly describes the image in context\"}},\"41\":{\"type\":\"text\",\"enabled\":\"1\",\"fields\":{\"text\":\"<p>Lorem <strong>ipsum dolor sit amet<\\/strong>, consectetur adipiscing elit, sed do eiusmod tempor incididunt ut labore et dolore magna aliqua. Ut enim ad minim veniam, quis nostrud exercitation ullamco laboris nisi ut aliquip ex ea commodo consequat. Duis aute irure dolor in reprehenderit in voluptate velit esse cillum dolore eu fugiat nulla pariatur. Excepteur sint occaecat cupidatat non proident, sunt in culpa qui officia deserunt mollit anim id est laborum.\\\"<\\/p><p>Lorem <strong>ipsum dolor sit amet<\\/strong>, consectetur adipiscing elit, sed do eiusmod tempor incididunt ut labore et dolore magna aliqua. Ut enim ad minim veniam, quis nostrud exercitation ullamco laboris nisi ut aliquip ex ea commodo consequat. Duis aute irure dolor in reprehenderit in voluptate velit esse cillum dolore eu fugiat nulla pariatur. Excepteur sint occaecat cupidatat non proident, sunt in culpa qui officia deserunt mollit anim id est laborum.\\\"<br><\\/p><p>Lorem <strong>ipsum dolor sit amet<\\/strong>, consectetur adipiscing elit, sed do eiusmod tempor incididunt ut labore et dolore magna aliqua. Ut enim ad minim veniam, quis nostrud exercitation ullamco laboris nisi ut aliquip ex ea commodo consequat. Duis aute irure dolor in reprehenderit in voluptate velit esse cillum dolore eu fugiat nulla pariatur. Excepteur sint occaecat cupidatat non proident, sunt in culpa qui officia deserunt mollit anim id est laborum.\\\"<\\/p>\"}},\"42\":{\"type\":\"pullQuote\",\"enabled\":\"1\",\"fields\":{\"pullQuote\":\"Excepteur sint occaecat cupidatat...\",\"alignment\":\"right\"}},\"43\":{\"type\":\"text\",\"enabled\":\"1\",\"fields\":{\"text\":\"<p>Lorem <strong>ipsum dolor sit amet<\\/strong>, consectetur adipiscing elit, sed do eiusmod tempor incididunt ut labore et dolore magna aliqua. Ut enim ad minim veniam, quis nostrud exercitation ullamco laboris nisi ut aliquip ex ea commodo consequat. Duis aute irure dolor in reprehenderit in voluptate velit esse cillum dolore eu fugiat nulla pariatur. Excepteur sint occaecat cupidatat non proident, sunt in culpa qui officia deserunt mollit anim id est laborum.\\\"<\\/p><p>Lorem <strong>ipsum dolor sit amet<\\/strong>, consectetur adipiscing elit, sed do eiusmod tempor incididunt ut labore et dolore magna aliqua. Ut enim ad minim veniam, quis nostrud exercitation ullamco laboris nisi ut aliquip ex ea commodo consequat. Duis aute irure dolor in reprehenderit in voluptate velit esse cillum dolore eu fugiat nulla pariatur. Excepteur sint occaecat cupidatat non proident, sunt in culpa qui officia deserunt mollit anim id est laborum.\\\"<\\/p>\"}},\"44\":{\"type\":\"downloads\",\"enabled\":\"1\",\"fields\":{\"downloads\":[\"6\",\"4\"]}}},\"15\":\"John Smith\",\"20\":\"\",\"13\":\"Default2016 Second News Entry\",\"23\":[\"6\"],\"24\":\"\",\"21\":\"<p>Lorem ipsum dolor sit amet, consectetur adipiscing elit, sed do eiusmod tempor incididunt ut labore et dolore magna aliqua. Ut enim ad minim veniam, quis nostrud exercitation ullamco laboris nisi ut aliquip ex ea commodo consequat.<\\/p>\",\"19\":\"\"}}','2015-11-14 18:25:37','2015-11-14 18:25:37','3753d46b-d1dc-4933-ac70-ab3fcab84159'),(65,3,2,1,'en_us',29,'','{\"typeId\":\"2\",\"authorId\":\"1\",\"title\":\"Welcome to Default2016\",\"slug\":\"welcome-to-default-2016\",\"postDate\":1445675760,\"expiryDate\":null,\"enabled\":1,\"fields\":{\"1\":{\"9\":{\"type\":\"image\",\"enabled\":\"1\",\"fields\":{\"image\":[\"6\"],\"alignment\":\"full\",\"clear\":\"none\",\"caption\":\"\"}},\"8\":{\"type\":\"text\",\"enabled\":\"1\",\"fields\":{\"text\":\"<p>Lorem <strong>ipsum dolor sit amet<\\/strong>, consectetur adipiscing elit, sed do eiusmod tempor incididunt ut labore et dolore magna aliqua. Ut enim ad minim veniam, quis nostrud exercitation ullamco laboris nisi ut aliquip ex ea commodo consequat. Duis aute irure dolor in reprehenderit in voluptate velit esse cillum dolore eu fugiat nulla pariatur. Excepteur sint occaecat cupidatat non proident, sunt in culpa qui officia deserunt mollit anim id est laborum.\\\"<\\/p>\"}},\"10\":{\"type\":\"image\",\"enabled\":\"1\",\"fields\":{\"image\":[\"64\"],\"alignment\":\"right\",\"clear\":\"none\",\"caption\":\"Fancy little image\"}},\"11\":{\"type\":\"text\",\"enabled\":\"1\",\"fields\":{\"text\":\"<p>Lorem <strong>ipsum dolor sit amet<\\/strong>, consectetur adipiscing elit, sed do eiusmod tempor incididunt ut labore et dolore magna aliqua. Ut enim ad minim veniam, quis nostrud exercitation ullamco laboris nisi ut aliquip ex ea commodo consequat. Duis aute irure dolor in reprehenderit in voluptate velit esse cillum dolore eu fugiat nulla pariatur. Excepteur sint occaecat cupidatat non proident, sunt in culpa qui officia deserunt mollit anim id est laborum.\\\"\\r\\n<\\/p><p>Lorem <strong>ipsum dolor sit amet<\\/strong>, consectetur adipiscing elit, sed do eiusmod tempor incididunt ut labore et dolore magna aliqua. Ut enim ad minim veniam, quis nostrud exercitation ullamco laboris nisi ut aliquip ex ea commodo consequat. Duis aute irure dolor in reprehenderit in voluptate velit esse cillum dolore eu fugiat nulla pariatur. Excepteur sint occaecat cupidatat non proident, sunt in culpa qui officia deserunt mollit anim id est laborum.\\\" Lorem <strong>ipsum dolor sit amet<\\/strong>, consectetur adipiscing elit, sed do eiusmod tempor incididunt ut labore et dolore magna aliqua. Ut enim ad minim veniam, quis nostrud exercitation ullamco laboris nisi ut aliquip ex ea commodo consequat. Duis aute irure dolor in reprehenderit in voluptate velit esse cillum dolore eu fugiat nulla pariatur. Excepteur sint occaecat cupidatat non proident, sunt in culpa qui officia deserunt mollit anim id est laborum.<br>\\r\\n<\\/p><blockquote>commodo consequat. Duis aute irure dolor in reprehenderit in voluptate velit esse cillum dolore eu fugiat nulla pariatur. Excepteur sint occaecat cupidatat non proident, sunt in culpa qui officia deserunt mollit anim id est laborum<\\/blockquote>\"}},\"16\":{\"type\":\"heading\",\"enabled\":\"1\",\"fields\":{\"heading\":\"This should break up the article nicely\",\"headingType\":\"h2\"}},\"12\":{\"type\":\"image\",\"enabled\":\"1\",\"fields\":{\"image\":[\"4\"],\"alignment\":\"left\",\"clear\":\"none\",\"caption\":\"\"}},\"15\":{\"type\":\"text\",\"enabled\":\"1\",\"fields\":{\"text\":\"<p>Lorem <strong>ipsum dolor sit amet<\\/strong>, consectetur adipiscing elit, sed do eiusmod tempor incididunt ut labore et dolore magna aliqua. Ut enim ad minim veniam, quis nostrud exercitation ullamco laboris nisi ut aliquip ex ea commodo consequat. Duis aute irure dolor in reprehenderit in voluptate velit esse cillum dolore eu fugiat nulla pariatur.<br><\\/p>\"}},\"13\":{\"type\":\"image\",\"enabled\":\"1\",\"fields\":{\"image\":[\"6\"],\"alignment\":\"left\",\"clear\":\"both\",\"caption\":\"This caption clearly describes the image in context\"}},\"14\":{\"type\":\"text\",\"enabled\":\"1\",\"fields\":{\"text\":\"<p>Lorem <strong>ipsum dolor sit amet<\\/strong>, consectetur adipiscing elit, sed do eiusmod tempor incididunt ut labore et dolore magna aliqua. Ut enim ad minim veniam, quis nostrud exercitation ullamco laboris nisi ut aliquip ex ea commodo consequat. Duis aute irure dolor in reprehenderit in voluptate velit esse cillum dolore eu fugiat nulla pariatur. Excepteur sint occaecat cupidatat non proident, sunt in culpa qui officia deserunt mollit anim id est laborum.\\\"<\\/p><p>Lorem <strong>ipsum dolor sit amet<\\/strong>, consectetur adipiscing elit, sed do eiusmod tempor incididunt ut labore et dolore magna aliqua. Ut enim ad minim veniam, quis nostrud exercitation ullamco laboris nisi ut aliquip ex ea commodo consequat. Duis aute irure dolor in reprehenderit in voluptate velit esse cillum dolore eu fugiat nulla pariatur. Excepteur sint occaecat cupidatat non proident, sunt in culpa qui officia deserunt mollit anim id est laborum.\\\"<br><\\/p><p>Lorem <strong>ipsum dolor sit amet<\\/strong>, consectetur adipiscing elit, sed do eiusmod tempor incididunt ut labore et dolore magna aliqua. Ut enim ad minim veniam, quis nostrud exercitation ullamco laboris nisi ut aliquip ex ea commodo consequat. Duis aute irure dolor in reprehenderit in voluptate velit esse cillum dolore eu fugiat nulla pariatur. Excepteur sint occaecat cupidatat non proident, sunt in culpa qui officia deserunt mollit anim id est laborum.\\\"<\\/p>\"}},\"17\":{\"type\":\"pullQuote\",\"enabled\":\"1\",\"fields\":{\"pullQuote\":\"Excepteur sint occaecat cupidatat...\",\"alignment\":\"right\"}},\"18\":{\"type\":\"text\",\"enabled\":\"1\",\"fields\":{\"text\":\"<p>Lorem <strong>ipsum dolor sit amet<\\/strong>, consectetur adipiscing elit, sed do eiusmod tempor incididunt ut labore et dolore magna aliqua. Ut enim ad minim veniam, quis nostrud exercitation ullamco laboris nisi ut aliquip ex ea commodo consequat. Duis aute irure dolor in reprehenderit in voluptate velit esse cillum dolore eu fugiat nulla pariatur. Excepteur sint occaecat cupidatat non proident, sunt in culpa qui officia deserunt mollit anim id est laborum.\\\"<\\/p><p>Lorem <strong>ipsum dolor sit amet<\\/strong>, consectetur adipiscing elit, sed do eiusmod tempor incididunt ut labore et dolore magna aliqua. Ut enim ad minim veniam, quis nostrud exercitation ullamco laboris nisi ut aliquip ex ea commodo consequat. Duis aute irure dolor in reprehenderit in voluptate velit esse cillum dolore eu fugiat nulla pariatur. Excepteur sint occaecat cupidatat non proident, sunt in culpa qui officia deserunt mollit anim id est laborum.\\\"<\\/p>\"}},\"19\":{\"type\":\"downloads\",\"enabled\":\"1\",\"fields\":{\"downloads\":[\"6\",\"4\"]}}},\"15\":\"John Smith\",\"20\":\"\",\"13\":\"Welcome to Default2016 - titles with <em>emphasis<\\/em> and quote &ldquo;marks&rdquo;\",\"23\":[\"6\"],\"24\":\"\",\"21\":\"<p>Lorem ipsum dolor sit amet, consectetur adipiscing elit, sed do eiusmod tempor incididunt ut labore et dolore magna aliqua. Ut enim ad minim veniam, quis nostrud exercitation ullamco laboris nisi ut aliquip ex ea commodo consequat.<\\/p>\",\"19\":\"\"}}','2015-11-14 18:25:58','2015-11-14 18:25:58','4a65f48a-3b06-46bc-8eb2-b0351bfbbe20'),(66,58,8,1,'en_us',8,'','{\"typeId\":\"9\",\"authorId\":\"1\",\"title\":\"Contact\",\"slug\":\"contact\",\"postDate\":1447495140,\"expiryDate\":null,\"enabled\":1,\"fields\":{\"55\":\"\",\"13\":\"Contact\",\"56\":\"contact?message=thankyou\",\"57\":\"Send\",\"54\":\"<p>Thank you! We contact you soon<\\/p>\",\"53\":\"admin@keepitlocalsa.com\"}}','2015-11-14 18:42:29','2015-11-14 18:42:29','aee8c36a-7b2a-45a1-a38b-17ae9ccc8903'),(67,58,8,1,'en_us',9,'','{\"typeId\":\"9\",\"authorId\":\"1\",\"title\":\"Contact\",\"slug\":\"contact\",\"postDate\":1447495140,\"expiryDate\":null,\"enabled\":1,\"fields\":{\"55\":\"enquiry\",\"13\":\"Contact\",\"56\":\"contact?message=thankyou\",\"57\":\"Send\",\"54\":\"<p>Thank you! We contact you soon<\\/p>\",\"53\":\"admin@keepitlocalsa.com\"}}','2015-11-14 18:43:15','2015-11-14 18:43:15','e98fb162-164f-4300-8790-c2a5e0a67f4d'),(68,60,5,1,'en_us',3,'','{\"typeId\":\"5\",\"authorId\":\"1\",\"title\":\"Contact Us\",\"slug\":\"contact\",\"postDate\":1447498140,\"expiryDate\":null,\"enabled\":1,\"fields\":{\"25\":[\"61\"]}}','2015-11-29 10:10:54','2015-11-29 10:10:54','a6fb1e39-5765-4711-b919-1d7790991ea1'),(69,58,8,1,'en_us',10,'','{\"typeId\":\"9\",\"authorId\":\"1\",\"title\":\"Contact Form Config\",\"slug\":\"contact\",\"postDate\":1447495140,\"expiryDate\":null,\"enabled\":1,\"fields\":{\"55\":\"enquiry\",\"13\":\"Contact\",\"56\":\"contact?message=thankyou\",\"57\":\"Send\",\"54\":\"<p>Thank you! We contact you soon<\\/p>\",\"53\":\"admin@keepitlocalsa.com\"}}','2015-11-29 10:21:43','2015-11-29 10:21:43','2f3b9453-8473-465e-b28e-bddbfc670509'),(70,58,8,1,'en_us',11,'','{\"typeId\":\"9\",\"authorId\":\"1\",\"title\":\"Contact Form Config\",\"slug\":\"contact\",\"postDate\":1447495140,\"expiryDate\":null,\"enabled\":1,\"fields\":{\"55\":\"enquiry\",\"13\":\"Contact us\",\"56\":\"contact?message=thankyou\",\"57\":\"Send\",\"54\":\"<p>Thank you! We contact you soon<\\/p>\",\"53\":\"admin@keepitlocalsa.com\"}}','2015-11-29 10:21:52','2015-11-29 10:21:52','c9bbd779-e012-4032-bfb5-12bf0b03d178'),(72,70,3,1,'en_us',1,'','{\"typeId\":null,\"authorId\":\"1\",\"title\":\"Contact Us (Page)\",\"slug\":\"contact-us-page\",\"postDate\":1448793319,\"expiryDate\":null,\"enabled\":1,\"fields\":{\"1\":{\"new1\":{\"type\":\"relatedForm\",\"enabled\":\"1\",\"fields\":{\"form\":[\"58\"]}}},\"20\":\"\",\"13\":\"Contact Us (Page)\",\"24\":\"\",\"19\":\"\"}}','2015-11-29 10:35:20','2015-11-29 10:35:20','2132cdae-e043-4fbf-9e7f-e63611136238'),(73,58,8,1,'en_us',12,'','{\"typeId\":\"9\",\"authorId\":\"1\",\"title\":\"Contact Form\",\"slug\":\"contact\",\"postDate\":1447495140,\"expiryDate\":null,\"enabled\":1,\"fields\":{\"55\":\"enquiry\",\"13\":\"Contact us\",\"56\":\"contact?message=thankyou\",\"57\":\"Send\",\"54\":\"<p>Thank you! We contact you soon<\\/p>\",\"53\":\"admin@keepitlocalsa.com\"}}','2015-11-29 10:35:30','2015-11-29 10:35:30','cf4c8fc1-0f3b-4e0d-9a7c-6df04da3833e'),(74,60,5,1,'en_us',4,'','{\"typeId\":\"5\",\"authorId\":\"1\",\"title\":\"Contact Us\",\"slug\":\"contact\",\"postDate\":1447498140,\"expiryDate\":null,\"enabled\":1,\"fields\":{\"25\":[\"70\"]}}','2015-11-29 10:37:18','2015-11-29 10:37:18','c4470668-68ed-47c8-ac5e-39ec0108331a'),(75,70,3,1,'en_us',2,'','{\"typeId\":\"3\",\"authorId\":\"1\",\"title\":\"Contact Us (Page)\",\"slug\":\"contact-us-page\",\"postDate\":1448793300,\"expiryDate\":null,\"enabled\":1,\"fields\":{\"1\":{\"new1\":{\"type\":\"text\",\"enabled\":\"1\",\"fields\":{\"text\":\"<p>Fill in the form below and we\'ll get back to you as soon as possible...<\\/p>\"}},\"71\":{\"type\":\"relatedForm\",\"enabled\":\"1\",\"fields\":{\"form\":[\"58\"]}}},\"20\":\"\",\"13\":\"Contact Us (Page)\",\"24\":\"\",\"19\":\"\"}}','2015-11-29 10:37:48','2015-11-29 10:37:48','9b06d8d8-eba4-454f-977a-6efa517bddee'),(76,70,3,1,'en_us',3,'','{\"typeId\":\"3\",\"authorId\":\"1\",\"title\":\"Contact Us (Page)\",\"slug\":\"contact-us-page\",\"postDate\":1448793300,\"expiryDate\":null,\"enabled\":1,\"fields\":{\"1\":{\"72\":{\"type\":\"text\",\"enabled\":\"1\",\"fields\":{\"text\":\"<p>Fill in the form below and we\'ll get back to you as soon as possible...<\\/p>\"}},\"71\":{\"type\":\"relatedForm\",\"enabled\":\"1\",\"fields\":{\"form\":[\"58\"]}}},\"20\":\"\",\"13\":\"Contact Us (Page)\",\"24\":\"\",\"19\":\"\"}}','2015-11-29 10:38:07','2015-11-29 10:38:07','6f16287b-fdfe-4030-84a4-8a1607761935'),(77,70,3,1,'en_us',4,'','{\"typeId\":\"3\",\"authorId\":\"1\",\"title\":\"Contact Us\",\"slug\":\"contact-us-page\",\"postDate\":1448793300,\"expiryDate\":null,\"enabled\":1,\"fields\":{\"1\":{\"72\":{\"type\":\"text\",\"enabled\":\"1\",\"fields\":{\"text\":\"<p>Fill in the form below and we\'ll get back to you as soon as possible...<\\/p>\"}},\"71\":{\"type\":\"relatedForm\",\"enabled\":\"1\",\"fields\":{\"form\":[\"58\"]}}},\"20\":\"\",\"13\":\"Contact Us\",\"24\":\"\",\"19\":\"\"}}','2015-11-29 10:38:14','2015-11-29 10:38:14','1395c943-ae9d-45a4-8b46-f2deab9a9f97'),(78,58,8,1,'en_us',13,NULL,'{\"typeId\":\"9\",\"authorId\":\"1\",\"title\":\"Contact Form\",\"slug\":\"contact\",\"postDate\":1447495140,\"expiryDate\":null,\"enabled\":\"1\",\"fields\":{\"55\":\"enquiry\",\"13\":\"Contact us\",\"56\":\"pages\\/contact-us-page?message=thankyou\",\"57\":\"Send\",\"54\":\"<p>Thank you! We contact you soon<\\/p>\",\"53\":\"admin@keepitlocalsa.com\"}}','2015-11-29 10:49:24','2015-11-29 10:49:24','fea6b40f-5a45-4860-9da4-e5269c04d1cf'),(79,70,3,1,'en_us',5,'','{\"typeId\":\"3\",\"authorId\":\"1\",\"title\":\"Contact Us\",\"slug\":\"contact-us-page\",\"postDate\":1448793300,\"expiryDate\":null,\"enabled\":1,\"fields\":{\"1\":{\"72\":{\"type\":\"text\",\"enabled\":\"1\",\"fields\":{\"text\":\"<p>Fill in the form below and we\'ll get back to you as soon as possible...<\\/p>\"}},\"71\":{\"type\":\"relatedForm\",\"enabled\":\"1\",\"fields\":{\"form\":[\"58\"]}}},\"20\":\"\",\"13\":\"Contact Us\",\"24\":\"\",\"19\":\"\"}}','2015-11-29 10:49:27','2015-11-29 10:49:27','e8f995a9-ba3a-4abb-a361-16f77cfb5add'),(80,58,8,1,'en_us',14,'','{\"typeId\":\"9\",\"authorId\":\"1\",\"title\":\"Contact Form\",\"slug\":\"contact\",\"postDate\":1447495140,\"expiryDate\":null,\"enabled\":1,\"fields\":{\"55\":\"enquiry\",\"13\":\"Contact us\",\"56\":\"pages\\/contact-us-page?message=thankyou\",\"57\":\"Send\",\"54\":\"<p>Thank you! We  will contact you soon<\\/p>\",\"53\":\"admin@keepitlocalsa.com\"}}','2015-11-29 11:57:01','2015-11-29 11:57:01','c16a17ec-d289-4b99-9db3-b1f95a39fac2'),(81,70,3,1,'en_us',6,'','{\"typeId\":\"3\",\"authorId\":\"1\",\"title\":\"Contact Us\",\"slug\":\"contact-us\",\"postDate\":1448793300,\"expiryDate\":null,\"enabled\":1,\"fields\":{\"1\":{\"72\":{\"type\":\"text\",\"enabled\":\"1\",\"fields\":{\"text\":\"<p>Fill in the form below and we\'ll get back to you as soon as possible...<\\/p>\"}},\"71\":{\"type\":\"relatedForm\",\"enabled\":\"1\",\"fields\":{\"form\":[\"58\"]}}},\"20\":\"\",\"13\":\"Contact Us\",\"24\":\"\",\"19\":\"\"}}','2015-11-29 12:02:27','2015-11-29 12:02:27','02108d52-0140-4393-bdf5-3124ec7d03da'),(82,58,8,1,'en_us',15,'','{\"typeId\":\"9\",\"authorId\":\"1\",\"title\":\"Contact Form\",\"slug\":\"contact\",\"postDate\":1447495140,\"expiryDate\":null,\"enabled\":1,\"fields\":{\"55\":\"enquiry\",\"13\":\"Contact us\",\"56\":\"pages\\/contact-us?message=thankyou\",\"57\":\"Send\",\"54\":\"<p>Thank you! We  will contact you soon<\\/p>\",\"53\":\"admin@keepitlocalsa.com\"}}','2015-11-29 12:02:42','2015-11-29 12:02:42','31a97879-ffe5-41b0-84a1-7f086c620ee8'),(83,32,2,1,'en_us',8,'','{\"typeId\":\"2\",\"authorId\":\"1\",\"title\":\"Second News Entry\",\"slug\":\"welcome-to-default-2016-1\",\"postDate\":1445762160,\"expiryDate\":null,\"enabled\":1,\"parentId\":null,\"fields\":{\"1\":{\"33\":{\"type\":\"image\",\"enabled\":\"1\",\"fields\":{\"image\":[\"6\"],\"alignment\":\"full\",\"clear\":\"none\",\"caption\":\"\"}},\"34\":{\"type\":\"text\",\"enabled\":\"1\",\"fields\":{\"text\":\"<p>Lorem <strong>ipsum dolor sit amet<\\/strong>, consectetur adipiscing elit, sed do eiusmod tempor incididunt ut labore et dolore magna aliqua. Ut enim ad minim veniam, quis nostrud exercitation ullamco laboris nisi ut aliquip ex ea commodo consequat. Duis aute irure dolor in reprehenderit in voluptate velit esse cillum dolore eu fugiat nulla pariatur. Excepteur sint occaecat cupidatat non proident, sunt in culpa qui officia deserunt mollit anim id est laborum.\\\"<\\/p>\"}},\"35\":{\"type\":\"image\",\"enabled\":\"1\",\"fields\":{\"image\":[\"64\"],\"alignment\":\"right\",\"clear\":\"none\",\"caption\":\"Fancy little image\"}},\"36\":{\"type\":\"text\",\"enabled\":\"1\",\"fields\":{\"text\":\"<p>Lorem <strong>ipsum dolor sit amet<\\/strong>, consectetur adipiscing elit, sed do eiusmod tempor incididunt ut labore et dolore magna aliqua. Ut enim ad minim veniam, quis nostrud exercitation ullamco laboris nisi ut aliquip ex ea commodo consequat. Duis aute irure dolor in reprehenderit in voluptate velit esse cillum dolore eu fugiat nulla pariatur. Excepteur sint occaecat cupidatat non proident, sunt in culpa qui officia deserunt mollit anim id est laborum.\\\"\\r\\n<\\/p>\\r\\n\\r\\n<p>Lorem <strong>ipsum dolor sit amet<\\/strong>, consectetur adipiscing elit, sed do eiusmod tempor incididunt ut labore et dolore magna aliqua. Ut enim ad minim veniam, quis nostrud exercitation ullamco laboris nisi ut aliquip ex ea commodo consequat. Duis aute irure dolor in reprehenderit in voluptate velit esse cillum dolore eu fugiat nulla pariatur. Excepteur sint occaecat cupidatat non proident, sunt in culpa qui officia deserunt mollit anim id est laborum.\\\" Lorem <strong>ipsum dolor sit amet<\\/strong>, consectetur adipiscing elit, sed do eiusmod tempor incididunt ut labore et dolore magna aliqua. Ut enim ad minim veniam, quis nostrud exercitation ullamco laboris nisi ut aliquip ex ea commodo consequat. Duis aute irure dolor in reprehenderit in voluptate velit esse cillum dolore eu fugiat nulla pariatur. Excepteur sint occaecat cupidatat non proident, sunt in culpa qui officia deserunt mollit anim id est laborum.<br>\\r\\n<\\/p>\\r\\n\\r\\n<blockquote>commodo consequat. Duis aute irure dolor in reprehenderit in voluptate velit esse cillum dolore eu fugiat nulla pariatur. Excepteur sint occaecat cupidatat non proident, sunt in culpa qui officia deserunt mollit anim id est laborum<\\/blockquote>\"}},\"37\":{\"type\":\"heading\",\"enabled\":\"1\",\"fields\":{\"heading\":\"This should break up the article nicely\",\"headingType\":\"h2\"}},\"38\":{\"type\":\"image\",\"enabled\":\"1\",\"fields\":{\"image\":[\"4\"],\"alignment\":\"left\",\"clear\":\"none\",\"caption\":\"\"}},\"39\":{\"type\":\"text\",\"enabled\":\"1\",\"fields\":{\"text\":\"<p>Lorem <strong>ipsum dolor sit amet<\\/strong>, consectetur adipiscing elit, sed do eiusmod tempor incididunt ut labore et dolore magna aliqua. Ut enim ad minim veniam, quis nostrud exercitation ullamco laboris nisi ut aliquip ex ea commodo consequat. Duis aute irure dolor in reprehenderit in voluptate velit esse cillum dolore eu fugiat nulla pariatur.<br><\\/p>\"}},\"40\":{\"type\":\"image\",\"enabled\":\"1\",\"fields\":{\"image\":[\"6\"],\"alignment\":\"left\",\"clear\":\"both\",\"caption\":\"This caption clearly describes the image in context\"}},\"41\":{\"type\":\"text\",\"enabled\":\"1\",\"fields\":{\"text\":\"<p>Lorem <strong>ipsum dolor sit amet<\\/strong>, consectetur adipiscing elit, sed do eiusmod tempor incididunt ut labore et dolore magna aliqua. Ut enim ad minim veniam, quis nostrud exercitation ullamco laboris nisi ut aliquip ex ea commodo consequat. Duis aute irure dolor in reprehenderit in voluptate velit esse cillum dolore eu fugiat nulla pariatur. Excepteur sint occaecat cupidatat non proident, sunt in culpa qui officia deserunt mollit anim id est laborum.\\\"<\\/p>\\r\\n\\r\\n<p>Lorem <strong>ipsum dolor sit amet<\\/strong>, consectetur adipiscing elit, sed do eiusmod tempor incididunt ut labore et dolore magna aliqua. Ut enim ad minim veniam, quis nostrud exercitation ullamco laboris nisi ut aliquip ex ea commodo consequat. Duis aute irure dolor in reprehenderit in voluptate velit esse cillum dolore eu fugiat nulla pariatur. Excepteur sint occaecat cupidatat non proident, sunt in culpa qui officia deserunt mollit anim id est laborum.\\\"<br><\\/p>\\r\\n\\r\\n<p>Lorem <strong>ipsum dolor sit amet<\\/strong>, consectetur adipiscing elit, sed do eiusmod tempor incididunt ut labore et dolore magna aliqua. Ut enim ad minim veniam, quis nostrud exercitation ullamco laboris nisi ut aliquip ex ea commodo consequat. Duis aute irure dolor in reprehenderit in voluptate velit esse cillum dolore eu fugiat nulla pariatur. Excepteur sint occaecat cupidatat non proident, sunt in culpa qui officia deserunt mollit anim id est laborum.\\\"<\\/p>\"}},\"42\":{\"type\":\"pullQuote\",\"enabled\":\"1\",\"fields\":{\"pullQuote\":\"Excepteur sint occaecat cupidatat...\",\"alignment\":\"right\"}},\"43\":{\"type\":\"text\",\"enabled\":\"1\",\"fields\":{\"text\":\"<p>Lorem <strong>ipsum dolor sit amet<\\/strong>, consectetur adipiscing elit, sed do eiusmod tempor incididunt ut labore et dolore magna aliqua. Ut enim ad minim veniam, quis nostrud exercitation ullamco laboris nisi ut aliquip ex ea commodo consequat. Duis aute irure dolor in reprehenderit in voluptate velit esse cillum dolore eu fugiat nulla pariatur. Excepteur sint occaecat cupidatat non proident, sunt in culpa qui officia deserunt mollit anim id est laborum.\\\"<\\/p>\\r\\n\\r\\n<p>Lorem <strong>ipsum dolor sit amet<\\/strong>, consectetur adipiscing elit, sed do eiusmod tempor incididunt ut labore et dolore magna aliqua. Ut enim ad minim veniam, quis nostrud exercitation ullamco laboris nisi ut aliquip ex ea commodo consequat. Duis aute irure dolor in reprehenderit in voluptate velit esse cillum dolore eu fugiat nulla pariatur. Excepteur sint occaecat cupidatat non proident, sunt in culpa qui officia deserunt mollit anim id est laborum.\\\"<\\/p>\"}},\"44\":{\"type\":\"downloads\",\"enabled\":\"1\",\"fields\":{\"downloads\":[\"6\",\"4\"]}}},\"15\":\"John Smith\",\"20\":\"\",\"13\":\"Second News Entry\",\"23\":[\"6\"],\"24\":\"\",\"21\":\"<p>Lorem ipsum dolor sit amet, consectetur adipiscing elit, sed do eiusmod tempor incididunt ut labore et dolore magna aliqua. Ut enim ad minim veniam, quis nostrud exercitation ullamco laboris nisi ut aliquip ex ea commodo consequat.<\\/p>\",\"19\":\"\"}}','2016-02-05 15:03:58','2016-02-05 15:03:58','efb1d6b4-3d89-4d11-8e95-2a238dca04c5'),(84,32,2,1,'en_us',9,'','{\"typeId\":\"2\",\"authorId\":\"1\",\"title\":\"Second News Entry\",\"slug\":\"welcome-to-default-2016-1\",\"postDate\":1445762160,\"expiryDate\":null,\"enabled\":1,\"parentId\":null,\"fields\":{\"1\":{\"new1\":{\"type\":\"sections\",\"enabled\":\"1\",\"fields\":{\"theme\":\"blue\"}},\"33\":{\"type\":\"image\",\"enabled\":\"1\",\"fields\":{\"image\":[\"6\"],\"alignment\":\"full\",\"clear\":\"none\",\"caption\":\"\"}},\"34\":{\"type\":\"text\",\"enabled\":\"1\",\"fields\":{\"text\":\"<p>Lorem <strong>ipsum dolor sit amet<\\/strong>, consectetur adipiscing elit, sed do eiusmod tempor incididunt ut labore et dolore magna aliqua. Ut enim ad minim veniam, quis nostrud exercitation ullamco laboris nisi ut aliquip ex ea commodo consequat. Duis aute irure dolor in reprehenderit in voluptate velit esse cillum dolore eu fugiat nulla pariatur. Excepteur sint occaecat cupidatat non proident, sunt in culpa qui officia deserunt mollit anim id est laborum.\\\"<\\/p>\"}},\"35\":{\"type\":\"image\",\"enabled\":\"1\",\"fields\":{\"image\":[\"64\"],\"alignment\":\"right\",\"clear\":\"none\",\"caption\":\"Fancy little image\"}},\"36\":{\"type\":\"text\",\"enabled\":\"1\",\"fields\":{\"text\":\"<p>Lorem <strong>ipsum dolor sit amet<\\/strong>, consectetur adipiscing elit, sed do eiusmod tempor incididunt ut labore et dolore magna aliqua. Ut enim ad minim veniam, quis nostrud exercitation ullamco laboris nisi ut aliquip ex ea commodo consequat. Duis aute irure dolor in reprehenderit in voluptate velit esse cillum dolore eu fugiat nulla pariatur. Excepteur sint occaecat cupidatat non proident, sunt in culpa qui officia deserunt mollit anim id est laborum.\\\"\\r\\n<\\/p>\\r\\n\\r\\n<p>Lorem <strong>ipsum dolor sit amet<\\/strong>, consectetur adipiscing elit, sed do eiusmod tempor incididunt ut labore et dolore magna aliqua. Ut enim ad minim veniam, quis nostrud exercitation ullamco laboris nisi ut aliquip ex ea commodo consequat. Duis aute irure dolor in reprehenderit in voluptate velit esse cillum dolore eu fugiat nulla pariatur. Excepteur sint occaecat cupidatat non proident, sunt in culpa qui officia deserunt mollit anim id est laborum.\\\" Lorem <strong>ipsum dolor sit amet<\\/strong>, consectetur adipiscing elit, sed do eiusmod tempor incididunt ut labore et dolore magna aliqua. Ut enim ad minim veniam, quis nostrud exercitation ullamco laboris nisi ut aliquip ex ea commodo consequat. Duis aute irure dolor in reprehenderit in voluptate velit esse cillum dolore eu fugiat nulla pariatur. Excepteur sint occaecat cupidatat non proident, sunt in culpa qui officia deserunt mollit anim id est laborum.<br>\\r\\n<\\/p>\\r\\n\\r\\n\\r\\n\\r\\n<blockquote>commodo consequat. Duis aute irure dolor in reprehenderit in voluptate velit esse cillum dolore eu fugiat nulla pariatur. Excepteur sint occaecat cupidatat non proident, sunt in culpa qui officia deserunt mollit anim id est laborum<\\/blockquote>\"}},\"new2\":{\"type\":\"sections\",\"enabled\":\"1\",\"fields\":{\"theme\":\"red\"}},\"37\":{\"type\":\"heading\",\"enabled\":\"1\",\"fields\":{\"heading\":\"This should break up the article nicely\",\"headingType\":\"h2\"}},\"38\":{\"type\":\"image\",\"enabled\":\"1\",\"fields\":{\"image\":[\"4\"],\"alignment\":\"left\",\"clear\":\"none\",\"caption\":\"\"}},\"39\":{\"type\":\"text\",\"enabled\":\"1\",\"fields\":{\"text\":\"<p>Lorem <strong>ipsum dolor sit amet<\\/strong>, consectetur adipiscing elit, sed do eiusmod tempor incididunt ut labore et dolore magna aliqua. Ut enim ad minim veniam, quis nostrud exercitation ullamco laboris nisi ut aliquip ex ea commodo consequat. Duis aute irure dolor in reprehenderit in voluptate velit esse cillum dolore eu fugiat nulla pariatur.<br><\\/p>\"}},\"40\":{\"type\":\"image\",\"enabled\":\"1\",\"fields\":{\"image\":[\"6\"],\"alignment\":\"left\",\"clear\":\"both\",\"caption\":\"This caption clearly describes the image in context\"}},\"41\":{\"type\":\"text\",\"enabled\":\"1\",\"fields\":{\"text\":\"<p>Lorem <strong>ipsum dolor sit amet<\\/strong>, consectetur adipiscing elit, sed do eiusmod tempor incididunt ut labore et dolore magna aliqua. Ut enim ad minim veniam, quis nostrud exercitation ullamco laboris nisi ut aliquip ex ea commodo consequat. Duis aute irure dolor in reprehenderit in voluptate velit esse cillum dolore eu fugiat nulla pariatur. Excepteur sint occaecat cupidatat non proident, sunt in culpa qui officia deserunt mollit anim id est laborum.\\\"<\\/p>\\r\\n\\r\\n<p>Lorem <strong>ipsum dolor sit amet<\\/strong>, consectetur adipiscing elit, sed do eiusmod tempor incididunt ut labore et dolore magna aliqua. Ut enim ad minim veniam, quis nostrud exercitation ullamco laboris nisi ut aliquip ex ea commodo consequat. Duis aute irure dolor in reprehenderit in voluptate velit esse cillum dolore eu fugiat nulla pariatur. Excepteur sint occaecat cupidatat non proident, sunt in culpa qui officia deserunt mollit anim id est laborum.\\\"<br><\\/p>\\r\\n\\r\\n\\r\\n\\r\\n<p>Lorem <strong>ipsum dolor sit amet<\\/strong>, consectetur adipiscing elit, sed do eiusmod tempor incididunt ut labore et dolore magna aliqua. Ut enim ad minim veniam, quis nostrud exercitation ullamco laboris nisi ut aliquip ex ea commodo consequat. Duis aute irure dolor in reprehenderit in voluptate velit esse cillum dolore eu fugiat nulla pariatur. Excepteur sint occaecat cupidatat non proident, sunt in culpa qui officia deserunt mollit anim id est laborum.\\\"<\\/p>\"}},\"new3\":{\"type\":\"sections\",\"enabled\":\"1\",\"fields\":{\"theme\":\"green\"}},\"42\":{\"type\":\"pullQuote\",\"enabled\":\"1\",\"fields\":{\"pullQuote\":\"Excepteur sint occaecat cupidatat...\",\"alignment\":\"right\"}},\"43\":{\"type\":\"text\",\"enabled\":\"1\",\"fields\":{\"text\":\"<p>Lorem <strong>ipsum dolor sit amet<\\/strong>, consectetur adipiscing elit, sed do eiusmod tempor incididunt ut labore et dolore magna aliqua. Ut enim ad minim veniam, quis nostrud exercitation ullamco laboris nisi ut aliquip ex ea commodo consequat. Duis aute irure dolor in reprehenderit in voluptate velit esse cillum dolore eu fugiat nulla pariatur. Excepteur sint occaecat cupidatat non proident, sunt in culpa qui officia deserunt mollit anim id est laborum.\\\"<\\/p>\\r\\n\\r\\n<p>Lorem <strong>ipsum dolor sit amet<\\/strong>, consectetur adipiscing elit, sed do eiusmod tempor incididunt ut labore et dolore magna aliqua. Ut enim ad minim veniam, quis nostrud exercitation ullamco laboris nisi ut aliquip ex ea commodo consequat. Duis aute irure dolor in reprehenderit in voluptate velit esse cillum dolore eu fugiat nulla pariatur. Excepteur sint occaecat cupidatat non proident, sunt in culpa qui officia deserunt mollit anim id est laborum.\\\"<\\/p>\"}},\"44\":{\"type\":\"downloads\",\"enabled\":\"1\",\"fields\":{\"downloads\":[\"6\",\"4\"]}}},\"15\":\"John Smith\",\"20\":\"\",\"13\":\"Second News Entry\",\"23\":[\"6\"],\"24\":\"\",\"21\":\"<p>Lorem ipsum dolor sit amet, consectetur adipiscing elit, sed do eiusmod tempor incididunt ut labore et dolore magna aliqua. Ut enim ad minim veniam, quis nostrud exercitation ullamco laboris nisi ut aliquip ex ea commodo consequat.<\\/p>\",\"19\":\"\"}}','2016-02-05 15:07:50','2016-02-05 15:07:50','d570c76c-bbfe-4769-9b62-ad0bfd953732'),(85,3,2,1,'en_us',30,'','{\"typeId\":\"2\",\"authorId\":\"1\",\"title\":\"Welcome to Retosa\",\"slug\":\"welcome-to-default-2016\",\"postDate\":1445675760,\"expiryDate\":null,\"enabled\":1,\"parentId\":null,\"fields\":{\"1\":{\"9\":{\"type\":\"image\",\"enabled\":\"1\",\"fields\":{\"image\":[\"6\"],\"alignment\":\"full\",\"clear\":\"none\",\"caption\":\"\"}},\"8\":{\"type\":\"text\",\"enabled\":\"1\",\"fields\":{\"text\":\"<p>Lorem <strong>ipsum dolor sit amet<\\/strong>, consectetur adipiscing elit, sed do eiusmod tempor incididunt ut labore et dolore magna aliqua. Ut enim ad minim veniam, quis nostrud exercitation ullamco laboris nisi ut aliquip ex ea commodo consequat. Duis aute irure dolor in reprehenderit in voluptate velit esse cillum dolore eu fugiat nulla pariatur. Excepteur sint occaecat cupidatat non proident, sunt in culpa qui officia deserunt mollit anim id est laborum.\\\"<\\/p>\"}},\"10\":{\"type\":\"image\",\"enabled\":\"1\",\"fields\":{\"image\":[\"64\"],\"alignment\":\"right\",\"clear\":\"none\",\"caption\":\"Fancy little image\"}},\"11\":{\"type\":\"text\",\"enabled\":\"1\",\"fields\":{\"text\":\"<p>Lorem <strong>ipsum dolor sit amet<\\/strong>, consectetur adipiscing elit, sed do eiusmod tempor incididunt ut labore et dolore magna aliqua. Ut enim ad minim veniam, quis nostrud exercitation ullamco laboris nisi ut aliquip ex ea commodo consequat. Duis aute irure dolor in reprehenderit in voluptate velit esse cillum dolore eu fugiat nulla pariatur. Excepteur sint occaecat cupidatat non proident, sunt in culpa qui officia deserunt mollit anim id est laborum.\\\"\\r\\n<\\/p>\\r\\n\\r\\n<p>Lorem <strong>ipsum dolor sit amet<\\/strong>, consectetur adipiscing elit, sed do eiusmod tempor incididunt ut labore et dolore magna aliqua. Ut enim ad minim veniam, quis nostrud exercitation ullamco laboris nisi ut aliquip ex ea commodo consequat. Duis aute irure dolor in reprehenderit in voluptate velit esse cillum dolore eu fugiat nulla pariatur. Excepteur sint occaecat cupidatat non proident, sunt in culpa qui officia deserunt mollit anim id est laborum.\\\" Lorem <strong>ipsum dolor sit amet<\\/strong>, consectetur adipiscing elit, sed do eiusmod tempor incididunt ut labore et dolore magna aliqua. Ut enim ad minim veniam, quis nostrud exercitation ullamco laboris nisi ut aliquip ex ea commodo consequat. Duis aute irure dolor in reprehenderit in voluptate velit esse cillum dolore eu fugiat nulla pariatur. Excepteur sint occaecat cupidatat non proident, sunt in culpa qui officia deserunt mollit anim id est laborum.<br>\\r\\n<\\/p>\\r\\n\\r\\n<blockquote>commodo consequat. Duis aute irure dolor in reprehenderit in voluptate velit esse cillum dolore eu fugiat nulla pariatur. Excepteur sint occaecat cupidatat non proident, sunt in culpa qui officia deserunt mollit anim id est laborum<\\/blockquote>\"}},\"16\":{\"type\":\"heading\",\"enabled\":\"1\",\"fields\":{\"heading\":\"This should break up the article nicely\",\"headingType\":\"h2\"}},\"12\":{\"type\":\"image\",\"enabled\":\"1\",\"fields\":{\"image\":[\"4\"],\"alignment\":\"left\",\"clear\":\"none\",\"caption\":\"\"}},\"15\":{\"type\":\"text\",\"enabled\":\"1\",\"fields\":{\"text\":\"<p>Lorem <strong>ipsum dolor sit amet<\\/strong>, consectetur adipiscing elit, sed do eiusmod tempor incididunt ut labore et dolore magna aliqua. Ut enim ad minim veniam, quis nostrud exercitation ullamco laboris nisi ut aliquip ex ea commodo consequat. Duis aute irure dolor in reprehenderit in voluptate velit esse cillum dolore eu fugiat nulla pariatur.<br><\\/p>\"}},\"13\":{\"type\":\"image\",\"enabled\":\"1\",\"fields\":{\"image\":[\"6\"],\"alignment\":\"left\",\"clear\":\"both\",\"caption\":\"This caption clearly describes the image in context\"}},\"14\":{\"type\":\"text\",\"enabled\":\"1\",\"fields\":{\"text\":\"<p>Lorem <strong>ipsum dolor sit amet<\\/strong>, consectetur adipiscing elit, sed do eiusmod tempor incididunt ut labore et dolore magna aliqua. Ut enim ad minim veniam, quis nostrud exercitation ullamco laboris nisi ut aliquip ex ea commodo consequat. Duis aute irure dolor in reprehenderit in voluptate velit esse cillum dolore eu fugiat nulla pariatur. Excepteur sint occaecat cupidatat non proident, sunt in culpa qui officia deserunt mollit anim id est laborum.\\\"<\\/p>\\r\\n\\r\\n<p>Lorem <strong>ipsum dolor sit amet<\\/strong>, consectetur adipiscing elit, sed do eiusmod tempor incididunt ut labore et dolore magna aliqua. Ut enim ad minim veniam, quis nostrud exercitation ullamco laboris nisi ut aliquip ex ea commodo consequat. Duis aute irure dolor in reprehenderit in voluptate velit esse cillum dolore eu fugiat nulla pariatur. Excepteur sint occaecat cupidatat non proident, sunt in culpa qui officia deserunt mollit anim id est laborum.\\\"<br><\\/p>\\r\\n\\r\\n<p>Lorem <strong>ipsum dolor sit amet<\\/strong>, consectetur adipiscing elit, sed do eiusmod tempor incididunt ut labore et dolore magna aliqua. Ut enim ad minim veniam, quis nostrud exercitation ullamco laboris nisi ut aliquip ex ea commodo consequat. Duis aute irure dolor in reprehenderit in voluptate velit esse cillum dolore eu fugiat nulla pariatur. Excepteur sint occaecat cupidatat non proident, sunt in culpa qui officia deserunt mollit anim id est laborum.\\\"<\\/p>\"}},\"17\":{\"type\":\"pullQuote\",\"enabled\":\"1\",\"fields\":{\"pullQuote\":\"Excepteur sint occaecat cupidatat...\",\"alignment\":\"right\"}},\"18\":{\"type\":\"text\",\"enabled\":\"1\",\"fields\":{\"text\":\"<p>Lorem <strong>ipsum dolor sit amet<\\/strong>, consectetur adipiscing elit, sed do eiusmod tempor incididunt ut labore et dolore magna aliqua. Ut enim ad minim veniam, quis nostrud exercitation ullamco laboris nisi ut aliquip ex ea commodo consequat. Duis aute irure dolor in reprehenderit in voluptate velit esse cillum dolore eu fugiat nulla pariatur. Excepteur sint occaecat cupidatat non proident, sunt in culpa qui officia deserunt mollit anim id est laborum.\\\"<\\/p>\\r\\n\\r\\n<p>Lorem <strong>ipsum dolor sit amet<\\/strong>, consectetur adipiscing elit, sed do eiusmod tempor incididunt ut labore et dolore magna aliqua. Ut enim ad minim veniam, quis nostrud exercitation ullamco laboris nisi ut aliquip ex ea commodo consequat. Duis aute irure dolor in reprehenderit in voluptate velit esse cillum dolore eu fugiat nulla pariatur. Excepteur sint occaecat cupidatat non proident, sunt in culpa qui officia deserunt mollit anim id est laborum.\\\"<\\/p>\"}},\"19\":{\"type\":\"downloads\",\"enabled\":\"1\",\"fields\":{\"downloads\":[\"6\",\"4\"]}}},\"15\":\"John Smith\",\"20\":\"\",\"13\":\"Welcome to T - titles with <em>emphasis<\\/em> and quote &ldquo;marks&rdquo;\",\"23\":[\"6\"],\"24\":\"\",\"21\":\"<p>Lorem ipsum dolor sit amet, consectetur adipiscing elit, sed do eiusmod tempor incididunt ut labore et dolore magna aliqua. Ut enim ad minim veniam, quis nostrud exercitation ullamco laboris nisi ut aliquip ex ea commodo consequat.<\\/p>\",\"19\":\"\"}}','2016-02-05 15:08:54','2016-02-05 15:08:54','49ece205-a047-421a-b645-29b74597f23a'),(86,32,2,1,'en_us',10,'','{\"typeId\":\"2\",\"authorId\":\"1\",\"title\":\"Second News Entry\",\"slug\":\"welcome-to-default-2016-1\",\"postDate\":1445762160,\"expiryDate\":null,\"enabled\":1,\"parentId\":null,\"fields\":{\"1\":{\"85\":{\"type\":\"sections\",\"enabled\":\"1\",\"fields\":{\"theme\":\"blue\"}},\"33\":{\"type\":\"image\",\"enabled\":\"1\",\"fields\":{\"image\":[\"6\"],\"alignment\":\"full\",\"clear\":\"none\",\"caption\":\"\"}},\"34\":{\"type\":\"text\",\"enabled\":\"1\",\"fields\":{\"text\":\"<p>Lorem <strong>ipsum dolor sit amet<\\/strong>, consectetur adipiscing elit, sed do eiusmod tempor incididunt ut labore et dolore magna aliqua. Ut enim ad minim veniam, quis nostrud exercitation ullamco laboris nisi ut aliquip ex ea commodo consequat. Duis aute irure dolor in reprehenderit in voluptate velit esse cillum dolore eu fugiat nulla pariatur. Excepteur sint occaecat cupidatat non proident, sunt in culpa qui officia deserunt mollit anim id est laborum.\\\"<\\/p>\"}},\"35\":{\"type\":\"image\",\"enabled\":\"1\",\"fields\":{\"image\":[\"64\"],\"alignment\":\"right\",\"clear\":\"none\",\"caption\":\"Fancy little image\"}},\"36\":{\"type\":\"text\",\"enabled\":\"1\",\"fields\":{\"text\":\"<p>Lorem <strong>ipsum dolor sit amet<\\/strong>, consectetur adipiscing elit, sed do eiusmod tempor incididunt ut labore et dolore magna aliqua. Ut enim ad minim veniam, quis nostrud exercitation ullamco laboris nisi ut aliquip ex ea commodo consequat. Duis aute irure dolor in reprehenderit in voluptate velit esse cillum dolore eu fugiat nulla pariatur. Excepteur sint occaecat cupidatat non proident, sunt in culpa qui officia deserunt mollit anim id est laborum.\\\"\\r\\n<\\/p>\\r\\n\\r\\n<p>Lorem <strong>ipsum dolor sit amet<\\/strong>, consectetur adipiscing elit, sed do eiusmod tempor incididunt ut labore et dolore magna aliqua. Ut enim ad minim veniam, quis nostrud exercitation ullamco laboris nisi ut aliquip ex ea commodo consequat. Duis aute irure dolor in reprehenderit in voluptate velit esse cillum dolore eu fugiat nulla pariatur. Excepteur sint occaecat cupidatat non proident, sunt in culpa qui officia deserunt mollit anim id est laborum.\\\" Lorem <strong>ipsum dolor sit amet<\\/strong>, consectetur adipiscing elit, sed do eiusmod tempor incididunt ut labore et dolore magna aliqua. Ut enim ad minim veniam, quis nostrud exercitation ullamco laboris nisi ut aliquip ex ea commodo consequat. Duis aute irure dolor in reprehenderit in voluptate velit esse cillum dolore eu fugiat nulla pariatur. Excepteur sint occaecat cupidatat non proident, sunt in culpa qui officia deserunt mollit anim id est laborum.<br>\\r\\n<\\/p>\\r\\n\\r\\n\\r\\n\\r\\n\\r\\n\\r\\n<blockquote>commodo consequat. Duis aute irure dolor in reprehenderit in voluptate velit esse cillum dolore eu fugiat nulla pariatur. Excepteur sint occaecat cupidatat non proident, sunt in culpa qui officia deserunt mollit anim id est laborum<\\/blockquote>\"}},\"86\":{\"type\":\"sections\",\"enabled\":\"\",\"fields\":{\"theme\":\"red\"}},\"37\":{\"type\":\"heading\",\"enabled\":\"1\",\"fields\":{\"heading\":\"This should break up the article nicely\",\"headingType\":\"h2\"}},\"38\":{\"type\":\"image\",\"enabled\":\"1\",\"fields\":{\"image\":[\"4\"],\"alignment\":\"left\",\"clear\":\"none\",\"caption\":\"\"}},\"39\":{\"type\":\"text\",\"enabled\":\"1\",\"fields\":{\"text\":\"<p>Lorem <strong>ipsum dolor sit amet<\\/strong>, consectetur adipiscing elit, sed do eiusmod tempor incididunt ut labore et dolore magna aliqua. Ut enim ad minim veniam, quis nostrud exercitation ullamco laboris nisi ut aliquip ex ea commodo consequat. Duis aute irure dolor in reprehenderit in voluptate velit esse cillum dolore eu fugiat nulla pariatur.<br><\\/p>\"}},\"40\":{\"type\":\"image\",\"enabled\":\"1\",\"fields\":{\"image\":[\"6\"],\"alignment\":\"left\",\"clear\":\"both\",\"caption\":\"This caption clearly describes the image in context\"}},\"41\":{\"type\":\"text\",\"enabled\":\"1\",\"fields\":{\"text\":\"<p>Lorem <strong>ipsum dolor sit amet<\\/strong>, consectetur adipiscing elit, sed do eiusmod tempor incididunt ut labore et dolore magna aliqua. Ut enim ad minim veniam, quis nostrud exercitation ullamco laboris nisi ut aliquip ex ea commodo consequat. Duis aute irure dolor in reprehenderit in voluptate velit esse cillum dolore eu fugiat nulla pariatur. Excepteur sint occaecat cupidatat non proident, sunt in culpa qui officia deserunt mollit anim id est laborum.\\\"<\\/p>\\r\\n\\r\\n<p>Lorem <strong>ipsum dolor sit amet<\\/strong>, consectetur adipiscing elit, sed do eiusmod tempor incididunt ut labore et dolore magna aliqua. Ut enim ad minim veniam, quis nostrud exercitation ullamco laboris nisi ut aliquip ex ea commodo consequat. Duis aute irure dolor in reprehenderit in voluptate velit esse cillum dolore eu fugiat nulla pariatur. Excepteur sint occaecat cupidatat non proident, sunt in culpa qui officia deserunt mollit anim id est laborum.\\\"<br><\\/p>\\r\\n\\r\\n\\r\\n\\r\\n\\r\\n\\r\\n<p>Lorem <strong>ipsum dolor sit amet<\\/strong>, consectetur adipiscing elit, sed do eiusmod tempor incididunt ut labore et dolore magna aliqua. Ut enim ad minim veniam, quis nostrud exercitation ullamco laboris nisi ut aliquip ex ea commodo consequat. Duis aute irure dolor in reprehenderit in voluptate velit esse cillum dolore eu fugiat nulla pariatur. Excepteur sint occaecat cupidatat non proident, sunt in culpa qui officia deserunt mollit anim id est laborum.\\\"<\\/p>\"}},\"87\":{\"type\":\"sections\",\"enabled\":\"\",\"fields\":{\"theme\":\"green\"}},\"42\":{\"type\":\"pullQuote\",\"enabled\":\"1\",\"fields\":{\"pullQuote\":\"Excepteur sint occaecat cupidatat...\",\"alignment\":\"right\"}},\"43\":{\"type\":\"text\",\"enabled\":\"1\",\"fields\":{\"text\":\"<p>Lorem <strong>ipsum dolor sit amet<\\/strong>, consectetur adipiscing elit, sed do eiusmod tempor incididunt ut labore et dolore magna aliqua. Ut enim ad minim veniam, quis nostrud exercitation ullamco laboris nisi ut aliquip ex ea commodo consequat. Duis aute irure dolor in reprehenderit in voluptate velit esse cillum dolore eu fugiat nulla pariatur. Excepteur sint occaecat cupidatat non proident, sunt in culpa qui officia deserunt mollit anim id est laborum.\\\"<\\/p>\\r\\n\\r\\n<p>Lorem <strong>ipsum dolor sit amet<\\/strong>, consectetur adipiscing elit, sed do eiusmod tempor incididunt ut labore et dolore magna aliqua. Ut enim ad minim veniam, quis nostrud exercitation ullamco laboris nisi ut aliquip ex ea commodo consequat. Duis aute irure dolor in reprehenderit in voluptate velit esse cillum dolore eu fugiat nulla pariatur. Excepteur sint occaecat cupidatat non proident, sunt in culpa qui officia deserunt mollit anim id est laborum.\\\"<\\/p>\"}},\"44\":{\"type\":\"downloads\",\"enabled\":\"1\",\"fields\":{\"downloads\":[\"6\",\"4\"]}}},\"15\":\"John Smith\",\"20\":\"\",\"13\":\"Second News Entry\",\"23\":[\"6\"],\"24\":\"\",\"21\":\"<p>Lorem ipsum dolor sit amet, consectetur adipiscing elit, sed do eiusmod tempor incididunt ut labore et dolore magna aliqua. Ut enim ad minim veniam, quis nostrud exercitation ullamco laboris nisi ut aliquip ex ea commodo consequat.<\\/p>\",\"19\":\"\"}}','2016-02-05 19:54:52','2016-02-05 19:54:52','ae2d42cd-8add-41dd-bd04-15ad3e1f477c'),(87,32,2,1,'en_us',11,'','{\"typeId\":\"2\",\"authorId\":\"1\",\"title\":\"Second News Entry\",\"slug\":\"welcome-to-default-2016-1\",\"postDate\":1445762160,\"expiryDate\":null,\"enabled\":1,\"parentId\":null,\"fields\":{\"1\":{\"85\":{\"type\":\"sections\",\"enabled\":\"\",\"fields\":{\"theme\":\"blue\"}},\"33\":{\"type\":\"image\",\"enabled\":\"1\",\"fields\":{\"image\":[\"6\"],\"alignment\":\"full\",\"clear\":\"none\",\"caption\":\"\"}},\"34\":{\"type\":\"text\",\"enabled\":\"1\",\"fields\":{\"text\":\"<p>Lorem <strong>ipsum dolor sit amet<\\/strong>, consectetur adipiscing elit, sed do eiusmod tempor incididunt ut labore et dolore magna aliqua. Ut enim ad minim veniam, quis nostrud exercitation ullamco laboris nisi ut aliquip ex ea commodo consequat. Duis aute irure dolor in reprehenderit in voluptate velit esse cillum dolore eu fugiat nulla pariatur. Excepteur sint occaecat cupidatat non proident, sunt in culpa qui officia deserunt mollit anim id est laborum.\\\"<\\/p>\"}},\"35\":{\"type\":\"image\",\"enabled\":\"1\",\"fields\":{\"image\":[\"64\"],\"alignment\":\"right\",\"clear\":\"none\",\"caption\":\"Fancy little image\"}},\"36\":{\"type\":\"text\",\"enabled\":\"1\",\"fields\":{\"text\":\"<p>Lorem <strong>ipsum dolor sit amet<\\/strong>, consectetur adipiscing elit, sed do eiusmod tempor incididunt ut labore et dolore magna aliqua. Ut enim ad minim veniam, quis nostrud exercitation ullamco laboris nisi ut aliquip ex ea commodo consequat. Duis aute irure dolor in reprehenderit in voluptate velit esse cillum dolore eu fugiat nulla pariatur. Excepteur sint occaecat cupidatat non proident, sunt in culpa qui officia deserunt mollit anim id est laborum.\\\"\\r\\n<\\/p>\\r\\n\\r\\n<p>Lorem <strong>ipsum dolor sit amet<\\/strong>, consectetur adipiscing elit, sed do eiusmod tempor incididunt ut labore et dolore magna aliqua. Ut enim ad minim veniam, quis nostrud exercitation ullamco laboris nisi ut aliquip ex ea commodo consequat. Duis aute irure dolor in reprehenderit in voluptate velit esse cillum dolore eu fugiat nulla pariatur. Excepteur sint occaecat cupidatat non proident, sunt in culpa qui officia deserunt mollit anim id est laborum.\\\" Lorem <strong>ipsum dolor sit amet<\\/strong>, consectetur adipiscing elit, sed do eiusmod tempor incididunt ut labore et dolore magna aliqua. Ut enim ad minim veniam, quis nostrud exercitation ullamco laboris nisi ut aliquip ex ea commodo consequat. Duis aute irure dolor in reprehenderit in voluptate velit esse cillum dolore eu fugiat nulla pariatur. Excepteur sint occaecat cupidatat non proident, sunt in culpa qui officia deserunt mollit anim id est laborum.<br>\\r\\n<\\/p>\\r\\n\\r\\n\\r\\n\\r\\n\\r\\n\\r\\n\\r\\n\\r\\n<blockquote>commodo consequat. Duis aute irure dolor in reprehenderit in voluptate velit esse cillum dolore eu fugiat nulla pariatur. Excepteur sint occaecat cupidatat non proident, sunt in culpa qui officia deserunt mollit anim id est laborum<\\/blockquote>\"}},\"86\":{\"type\":\"sections\",\"enabled\":\"\",\"fields\":{\"theme\":\"red\"}},\"37\":{\"type\":\"heading\",\"enabled\":\"1\",\"fields\":{\"heading\":\"This should break up the article nicely\",\"headingType\":\"h2\"}},\"38\":{\"type\":\"image\",\"enabled\":\"1\",\"fields\":{\"image\":[\"4\"],\"alignment\":\"left\",\"clear\":\"none\",\"caption\":\"\"}},\"39\":{\"type\":\"text\",\"enabled\":\"1\",\"fields\":{\"text\":\"<p>Lorem <strong>ipsum dolor sit amet<\\/strong>, consectetur adipiscing elit, sed do eiusmod tempor incididunt ut labore et dolore magna aliqua. Ut enim ad minim veniam, quis nostrud exercitation ullamco laboris nisi ut aliquip ex ea commodo consequat. Duis aute irure dolor in reprehenderit in voluptate velit esse cillum dolore eu fugiat nulla pariatur.<br><\\/p>\"}},\"40\":{\"type\":\"image\",\"enabled\":\"1\",\"fields\":{\"image\":[\"6\"],\"alignment\":\"left\",\"clear\":\"both\",\"caption\":\"This caption clearly describes the image in context\"}},\"41\":{\"type\":\"text\",\"enabled\":\"1\",\"fields\":{\"text\":\"<p>Lorem <strong>ipsum dolor sit amet<\\/strong>, consectetur adipiscing elit, sed do eiusmod tempor incididunt ut labore et dolore magna aliqua. Ut enim ad minim veniam, quis nostrud exercitation ullamco laboris nisi ut aliquip ex ea commodo consequat. Duis aute irure dolor in reprehenderit in voluptate velit esse cillum dolore eu fugiat nulla pariatur. Excepteur sint occaecat cupidatat non proident, sunt in culpa qui officia deserunt mollit anim id est laborum.\\\"<\\/p>\\r\\n\\r\\n<p>Lorem <strong>ipsum dolor sit amet<\\/strong>, consectetur adipiscing elit, sed do eiusmod tempor incididunt ut labore et dolore magna aliqua. Ut enim ad minim veniam, quis nostrud exercitation ullamco laboris nisi ut aliquip ex ea commodo consequat. Duis aute irure dolor in reprehenderit in voluptate velit esse cillum dolore eu fugiat nulla pariatur. Excepteur sint occaecat cupidatat non proident, sunt in culpa qui officia deserunt mollit anim id est laborum.\\\"<br><\\/p>\\r\\n\\r\\n\\r\\n\\r\\n\\r\\n\\r\\n\\r\\n\\r\\n<p>Lorem <strong>ipsum dolor sit amet<\\/strong>, consectetur adipiscing elit, sed do eiusmod tempor incididunt ut labore et dolore magna aliqua. Ut enim ad minim veniam, quis nostrud exercitation ullamco laboris nisi ut aliquip ex ea commodo consequat. Duis aute irure dolor in reprehenderit in voluptate velit esse cillum dolore eu fugiat nulla pariatur. Excepteur sint occaecat cupidatat non proident, sunt in culpa qui officia deserunt mollit anim id est laborum.\\\"<\\/p>\"}},\"87\":{\"type\":\"sections\",\"enabled\":\"\",\"fields\":{\"theme\":\"green\"}},\"42\":{\"type\":\"pullQuote\",\"enabled\":\"1\",\"fields\":{\"pullQuote\":\"Excepteur sint occaecat cupidatat...\",\"alignment\":\"right\"}},\"43\":{\"type\":\"text\",\"enabled\":\"1\",\"fields\":{\"text\":\"<p>Lorem <strong>ipsum dolor sit amet<\\/strong>, consectetur adipiscing elit, sed do eiusmod tempor incididunt ut labore et dolore magna aliqua. Ut enim ad minim veniam, quis nostrud exercitation ullamco laboris nisi ut aliquip ex ea commodo consequat. Duis aute irure dolor in reprehenderit in voluptate velit esse cillum dolore eu fugiat nulla pariatur. Excepteur sint occaecat cupidatat non proident, sunt in culpa qui officia deserunt mollit anim id est laborum.\\\"<\\/p>\\r\\n\\r\\n<p>Lorem <strong>ipsum dolor sit amet<\\/strong>, consectetur adipiscing elit, sed do eiusmod tempor incididunt ut labore et dolore magna aliqua. Ut enim ad minim veniam, quis nostrud exercitation ullamco laboris nisi ut aliquip ex ea commodo consequat. Duis aute irure dolor in reprehenderit in voluptate velit esse cillum dolore eu fugiat nulla pariatur. Excepteur sint occaecat cupidatat non proident, sunt in culpa qui officia deserunt mollit anim id est laborum.\\\"<\\/p>\"}},\"44\":{\"type\":\"downloads\",\"enabled\":\"1\",\"fields\":{\"downloads\":[\"6\",\"4\"]}}},\"15\":\"John Smith\",\"20\":\"\",\"13\":\"Second News Entry\",\"23\":[\"6\"],\"24\":\"\",\"21\":\"<p>Lorem ipsum dolor sit amet, consectetur adipiscing elit, sed do eiusmod tempor incididunt ut labore et dolore magna aliqua. Ut enim ad minim veniam, quis nostrud exercitation ullamco laboris nisi ut aliquip ex ea commodo consequat.<\\/p>\",\"19\":\"\"}}','2016-02-07 09:29:40','2016-02-07 09:29:40','c3b84afb-16ee-4bb0-ad8e-42a69327707f'),(88,32,2,1,'en_us',12,'','{\"typeId\":\"2\",\"authorId\":\"1\",\"title\":\"Second News Entry\",\"slug\":\"welcome-to-default-2016-1\",\"postDate\":1445762160,\"expiryDate\":null,\"enabled\":1,\"parentId\":null,\"fields\":{\"1\":{\"85\":{\"type\":\"sections\",\"enabled\":\"1\",\"fields\":{\"theme\":\"blue\"}},\"33\":{\"type\":\"image\",\"enabled\":\"1\",\"fields\":{\"image\":[\"6\"],\"alignment\":\"full\",\"clear\":\"none\",\"caption\":\"\"}},\"34\":{\"type\":\"text\",\"enabled\":\"1\",\"fields\":{\"text\":\"<p>Lorem <strong>ipsum dolor sit amet<\\/strong>, consectetur adipiscing elit, sed do eiusmod tempor incididunt ut labore et dolore magna aliqua. Ut enim ad minim veniam, quis nostrud exercitation ullamco laboris nisi ut aliquip ex ea commodo consequat. Duis aute irure dolor in reprehenderit in voluptate velit esse cillum dolore eu fugiat nulla pariatur. Excepteur sint occaecat cupidatat non proident, sunt in culpa qui officia deserunt mollit anim id est laborum.\\\"<\\/p>\"}},\"35\":{\"type\":\"image\",\"enabled\":\"1\",\"fields\":{\"image\":[\"64\"],\"alignment\":\"right\",\"clear\":\"none\",\"caption\":\"Fancy little image\"}},\"36\":{\"type\":\"text\",\"enabled\":\"1\",\"fields\":{\"text\":\"<p>Lorem <strong>ipsum dolor sit amet<\\/strong>, consectetur adipiscing elit, sed do eiusmod tempor incididunt ut labore et dolore magna aliqua. Ut enim ad minim veniam, quis nostrud exercitation ullamco laboris nisi ut aliquip ex ea commodo consequat. Duis aute irure dolor in reprehenderit in voluptate velit esse cillum dolore eu fugiat nulla pariatur. Excepteur sint occaecat cupidatat non proident, sunt in culpa qui officia deserunt mollit anim id est laborum.\\\"\\r\\n<\\/p>\\r\\n\\r\\n<p>Lorem <strong>ipsum dolor sit amet<\\/strong>, consectetur adipiscing elit, sed do eiusmod tempor incididunt ut labore et dolore magna aliqua. Ut enim ad minim veniam, quis nostrud exercitation ullamco laboris nisi ut aliquip ex ea commodo consequat. Duis aute irure dolor in reprehenderit in voluptate velit esse cillum dolore eu fugiat nulla pariatur. Excepteur sint occaecat cupidatat non proident, sunt in culpa qui officia deserunt mollit anim id est laborum.\\\" Lorem <strong>ipsum dolor sit amet<\\/strong>, consectetur adipiscing elit, sed do eiusmod tempor incididunt ut labore et dolore magna aliqua. Ut enim ad minim veniam, quis nostrud exercitation ullamco laboris nisi ut aliquip ex ea commodo consequat. Duis aute irure dolor in reprehenderit in voluptate velit esse cillum dolore eu fugiat nulla pariatur. Excepteur sint occaecat cupidatat non proident, sunt in culpa qui officia deserunt mollit anim id est laborum.<br>\\r\\n<\\/p>\\r\\n\\r\\n\\r\\n\\r\\n\\r\\n\\r\\n\\r\\n\\r\\n\\r\\n\\r\\n<blockquote>commodo consequat. Duis aute irure dolor in reprehenderit in voluptate velit esse cillum dolore eu fugiat nulla pariatur. Excepteur sint occaecat cupidatat non proident, sunt in culpa qui officia deserunt mollit anim id est laborum<\\/blockquote>\"}},\"86\":{\"type\":\"sections\",\"enabled\":\"1\",\"fields\":{\"theme\":\"red\"}},\"37\":{\"type\":\"heading\",\"enabled\":\"1\",\"fields\":{\"heading\":\"This should break up the article nicely\",\"headingType\":\"h2\"}},\"38\":{\"type\":\"image\",\"enabled\":\"1\",\"fields\":{\"image\":[\"4\"],\"alignment\":\"left\",\"clear\":\"none\",\"caption\":\"\"}},\"39\":{\"type\":\"text\",\"enabled\":\"1\",\"fields\":{\"text\":\"<p>Lorem <strong>ipsum dolor sit amet<\\/strong>, consectetur adipiscing elit, sed do eiusmod tempor incididunt ut labore et dolore magna aliqua. Ut enim ad minim veniam, quis nostrud exercitation ullamco laboris nisi ut aliquip ex ea commodo consequat. Duis aute irure dolor in reprehenderit in voluptate velit esse cillum dolore eu fugiat nulla pariatur.<br><\\/p>\"}},\"40\":{\"type\":\"image\",\"enabled\":\"1\",\"fields\":{\"image\":[\"6\"],\"alignment\":\"left\",\"clear\":\"both\",\"caption\":\"This caption clearly describes the image in context\"}},\"41\":{\"type\":\"text\",\"enabled\":\"1\",\"fields\":{\"text\":\"<p>Lorem <strong>ipsum dolor sit amet<\\/strong>, consectetur adipiscing elit, sed do eiusmod tempor incididunt ut labore et dolore magna aliqua. Ut enim ad minim veniam, quis nostrud exercitation ullamco laboris nisi ut aliquip ex ea commodo consequat. Duis aute irure dolor in reprehenderit in voluptate velit esse cillum dolore eu fugiat nulla pariatur. Excepteur sint occaecat cupidatat non proident, sunt in culpa qui officia deserunt mollit anim id est laborum.\\\"<\\/p>\\r\\n\\r\\n<p>Lorem <strong>ipsum dolor sit amet<\\/strong>, consectetur adipiscing elit, sed do eiusmod tempor incididunt ut labore et dolore magna aliqua. Ut enim ad minim veniam, quis nostrud exercitation ullamco laboris nisi ut aliquip ex ea commodo consequat. Duis aute irure dolor in reprehenderit in voluptate velit esse cillum dolore eu fugiat nulla pariatur. Excepteur sint occaecat cupidatat non proident, sunt in culpa qui officia deserunt mollit anim id est laborum.\\\"<br><\\/p>\\r\\n\\r\\n\\r\\n\\r\\n\\r\\n\\r\\n\\r\\n\\r\\n\\r\\n\\r\\n<p>Lorem <strong>ipsum dolor sit amet<\\/strong>, consectetur adipiscing elit, sed do eiusmod tempor incididunt ut labore et dolore magna aliqua. Ut enim ad minim veniam, quis nostrud exercitation ullamco laboris nisi ut aliquip ex ea commodo consequat. Duis aute irure dolor in reprehenderit in voluptate velit esse cillum dolore eu fugiat nulla pariatur. Excepteur sint occaecat cupidatat non proident, sunt in culpa qui officia deserunt mollit anim id est laborum.\\\"<\\/p>\"}},\"87\":{\"type\":\"sections\",\"enabled\":\"1\",\"fields\":{\"theme\":\"green\"}},\"42\":{\"type\":\"pullQuote\",\"enabled\":\"1\",\"fields\":{\"pullQuote\":\"Excepteur sint occaecat cupidatat...\",\"alignment\":\"right\"}},\"43\":{\"type\":\"text\",\"enabled\":\"1\",\"fields\":{\"text\":\"<p>Lorem <strong>ipsum dolor sit amet<\\/strong>, consectetur adipiscing elit, sed do eiusmod tempor incididunt ut labore et dolore magna aliqua. Ut enim ad minim veniam, quis nostrud exercitation ullamco laboris nisi ut aliquip ex ea commodo consequat. Duis aute irure dolor in reprehenderit in voluptate velit esse cillum dolore eu fugiat nulla pariatur. Excepteur sint occaecat cupidatat non proident, sunt in culpa qui officia deserunt mollit anim id est laborum.\\\"<\\/p>\\r\\n\\r\\n<p>Lorem <strong>ipsum dolor sit amet<\\/strong>, consectetur adipiscing elit, sed do eiusmod tempor incididunt ut labore et dolore magna aliqua. Ut enim ad minim veniam, quis nostrud exercitation ullamco laboris nisi ut aliquip ex ea commodo consequat. Duis aute irure dolor in reprehenderit in voluptate velit esse cillum dolore eu fugiat nulla pariatur. Excepteur sint occaecat cupidatat non proident, sunt in culpa qui officia deserunt mollit anim id est laborum.\\\"<\\/p>\"}},\"44\":{\"type\":\"downloads\",\"enabled\":\"1\",\"fields\":{\"downloads\":[\"6\",\"4\"]}}},\"15\":\"John Smith\",\"20\":\"\",\"13\":\"Second News Entry\",\"23\":[\"6\"],\"24\":\"\",\"21\":\"<p>Lorem ipsum dolor sit amet, consectetur adipiscing elit, sed do eiusmod tempor incididunt ut labore et dolore magna aliqua. Ut enim ad minim veniam, quis nostrud exercitation ullamco laboris nisi ut aliquip ex ea commodo consequat.<\\/p>\",\"19\":\"\"}}','2016-02-08 07:21:37','2016-02-08 07:21:37','f5dd4b4d-f68a-4268-b65b-a2f98fbda57d'),(89,26,5,1,'en_us',2,'','{\"typeId\":\"6\",\"authorId\":\"1\",\"title\":\"Home\",\"slug\":\"home\",\"postDate\":1445688060,\"expiryDate\":null,\"enabled\":1,\"parentId\":\"\",\"fields\":{\"26\":\"\"}}','2016-02-08 14:14:12','2016-02-08 14:14:12','27c5e1ff-1488-46a1-884f-e4d2c14664c6'),(90,24,5,1,'en_us',2,'','{\"typeId\":\"6\",\"authorId\":\"1\",\"title\":\"About Us\",\"slug\":\"about-us\",\"postDate\":1445687280,\"expiryDate\":null,\"enabled\":1,\"parentId\":\"\",\"fields\":{\"26\":\"#\"}}','2016-02-08 14:31:38','2016-02-08 14:31:38','515972a7-4247-4791-8b13-637d83155fad'),(91,24,5,1,'en_us',3,'','{\"typeId\":\"5\",\"authorId\":\"1\",\"title\":\"About Us\",\"slug\":\"about-us\",\"postDate\":1445687280,\"expiryDate\":null,\"enabled\":1,\"parentId\":\"\",\"fields\":{\"25\":\"\"}}','2016-02-08 14:32:07','2016-02-08 14:32:07','a15e1d75-1a41-4bfe-a479-286bb01b15da'),(92,24,5,1,'en_us',4,'','{\"typeId\":\"6\",\"authorId\":\"1\",\"title\":\"About Us\",\"slug\":\"about-us\",\"postDate\":1445687280,\"expiryDate\":null,\"enabled\":1,\"parentId\":\"\",\"fields\":{\"26\":\"#\"}}','2016-02-08 14:32:15','2016-02-08 14:32:15','54ec2a32-a560-4e7d-866c-57e6df421a89'),(97,92,3,1,'en_us',1,'','{\"typeId\":null,\"authorId\":\"1\",\"title\":\"Tertiary Page \",\"slug\":\"tertiary-page\",\"postDate\":1454946163,\"expiryDate\":null,\"enabled\":1,\"parentId\":null,\"fields\":{\"1\":\"\",\"20\":\"\",\"13\":\"Tertiary Page \",\"24\":\"\",\"19\":\"\"}}','2016-02-08 15:42:43','2016-02-08 15:42:43','8920391c-7036-439e-bd30-648752d09159'),(99,92,3,1,'en_us',2,'','{\"typeId\":\"3\",\"authorId\":\"1\",\"title\":\"Tertiary Page \",\"slug\":\"tertiary-page\",\"postDate\":1454946120,\"expiryDate\":null,\"enabled\":1,\"parentId\":null,\"fields\":{\"1\":{\"new1\":{\"type\":\"text\",\"enabled\":\"1\",\"fields\":{\"text\":\"<p>Lorem<\\/p>\"}}},\"20\":\"\",\"13\":\"Tertiary Page \",\"24\":\"\",\"19\":\"\"}}','2016-02-08 15:53:33','2016-02-08 15:53:33','2197c70a-fb48-49be-9d3d-a370144236c5'),(100,92,3,1,'en_us',3,'','{\"typeId\":\"3\",\"authorId\":\"1\",\"title\":\"Tertiary Page \",\"slug\":\"tertiary-page\",\"postDate\":1454946120,\"expiryDate\":null,\"enabled\":1,\"parentId\":null,\"fields\":{\"1\":{\"93\":{\"type\":\"text\",\"enabled\":\"1\",\"fields\":{\"text\":\"<p>Lorem<\\/p>\"}},\"new1\":{\"type\":\"image\",\"enabled\":\"1\",\"fields\":{\"image\":[\"6\"],\"alignment\":\"center\",\"clear\":\"none\",\"caption\":\"\"}}},\"20\":\"\",\"13\":\"Tertiary Page \",\"24\":\"\",\"19\":\"\"}}','2016-02-08 15:53:48','2016-02-08 15:53:48','2326bd65-350a-4b7d-82e3-dc2c5c6b24bc'),(101,3,2,1,'en_us',31,'','{\"typeId\":\"2\",\"authorId\":\"1\",\"title\":\"Welcome to Default2016\",\"slug\":\"welcome-to-default-2016\",\"postDate\":1445675760,\"expiryDate\":null,\"enabled\":1,\"parentId\":null,\"fields\":{\"1\":{\"9\":{\"type\":\"image\",\"enabled\":\"1\",\"fields\":{\"image\":[\"6\"],\"alignment\":\"full\",\"clear\":\"none\",\"caption\":\"\"}},\"8\":{\"type\":\"text\",\"enabled\":\"1\",\"fields\":{\"text\":\"<p>Lorem <strong>ipsum dolor sit amet<\\/strong>, consectetur adipiscing elit, sed do eiusmod tempor incididunt ut labore et dolore magna aliqua. Ut enim ad minim veniam, quis nostrud exercitation ullamco laboris nisi ut aliquip ex ea commodo consequat. Duis aute irure dolor in reprehenderit in voluptate velit esse cillum dolore eu fugiat nulla pariatur. Excepteur sint occaecat cupidatat non proident, sunt in culpa qui officia deserunt mollit anim id est laborum.\\\"<\\/p>\"}},\"10\":{\"type\":\"image\",\"enabled\":\"1\",\"fields\":{\"image\":[\"64\"],\"alignment\":\"right\",\"clear\":\"none\",\"caption\":\"Fancy little image\"}},\"11\":{\"type\":\"text\",\"enabled\":\"1\",\"fields\":{\"text\":\"<p>Lorem <strong>ipsum dolor sit amet<\\/strong>, consectetur adipiscing elit, sed do eiusmod tempor incididunt ut labore et dolore magna aliqua. Ut enim ad minim veniam, quis nostrud exercitation ullamco laboris nisi ut aliquip ex ea commodo consequat. Duis aute irure dolor in reprehenderit in voluptate velit esse cillum dolore eu fugiat nulla pariatur. Excepteur sint occaecat cupidatat non proident, sunt in culpa qui officia deserunt mollit anim id est laborum.\\\"\\r\\n<\\/p>\\r\\n\\r\\n<p>Lorem <strong>ipsum dolor sit amet<\\/strong>, consectetur adipiscing elit, sed do eiusmod tempor incididunt ut labore et dolore magna aliqua. Ut enim ad minim veniam, quis nostrud exercitation ullamco laboris nisi ut aliquip ex ea commodo consequat. Duis aute irure dolor in reprehenderit in voluptate velit esse cillum dolore eu fugiat nulla pariatur. Excepteur sint occaecat cupidatat non proident, sunt in culpa qui officia deserunt mollit anim id est laborum.\\\" Lorem <strong>ipsum dolor sit amet<\\/strong>, consectetur adipiscing elit, sed do eiusmod tempor incididunt ut labore et dolore magna aliqua. Ut enim ad minim veniam, quis nostrud exercitation ullamco laboris nisi ut aliquip ex ea commodo consequat. Duis aute irure dolor in reprehenderit in voluptate velit esse cillum dolore eu fugiat nulla pariatur. Excepteur sint occaecat cupidatat non proident, sunt in culpa qui officia deserunt mollit anim id est laborum.<br>\\r\\n<\\/p>\\r\\n\\r\\n\\r\\n\\r\\n<blockquote>commodo consequat. Duis aute irure dolor in reprehenderit in voluptate velit esse cillum dolore eu fugiat nulla pariatur. Excepteur sint occaecat cupidatat non proident, sunt in culpa qui officia deserunt mollit anim id est laborum<\\/blockquote>\"}},\"16\":{\"type\":\"heading\",\"enabled\":\"1\",\"fields\":{\"heading\":\"This should break up the article nicely\",\"headingType\":\"h2\"}},\"12\":{\"type\":\"image\",\"enabled\":\"1\",\"fields\":{\"image\":[\"4\"],\"alignment\":\"left\",\"clear\":\"none\",\"caption\":\"\"}},\"15\":{\"type\":\"text\",\"enabled\":\"1\",\"fields\":{\"text\":\"<p>Lorem <strong>ipsum dolor sit amet<\\/strong>, consectetur adipiscing elit, sed do eiusmod tempor incididunt ut labore et dolore magna aliqua. Ut enim ad minim veniam, quis nostrud exercitation ullamco laboris nisi ut aliquip ex ea commodo consequat. Duis aute irure dolor in reprehenderit in voluptate velit esse cillum dolore eu fugiat nulla pariatur.<br><\\/p>\"}},\"13\":{\"type\":\"image\",\"enabled\":\"1\",\"fields\":{\"image\":[\"6\"],\"alignment\":\"left\",\"clear\":\"both\",\"caption\":\"This caption clearly describes the image in context\"}},\"14\":{\"type\":\"text\",\"enabled\":\"1\",\"fields\":{\"text\":\"<p>Lorem <strong>ipsum dolor sit amet<\\/strong>, consectetur adipiscing elit, sed do eiusmod tempor incididunt ut labore et dolore magna aliqua. Ut enim ad minim veniam, quis nostrud exercitation ullamco laboris nisi ut aliquip ex ea commodo consequat. Duis aute irure dolor in reprehenderit in voluptate velit esse cillum dolore eu fugiat nulla pariatur. Excepteur sint occaecat cupidatat non proident, sunt in culpa qui officia deserunt mollit anim id est laborum.\\\"<\\/p>\\r\\n\\r\\n<p>Lorem <strong>ipsum dolor sit amet<\\/strong>, consectetur adipiscing elit, sed do eiusmod tempor incididunt ut labore et dolore magna aliqua. Ut enim ad minim veniam, quis nostrud exercitation ullamco laboris nisi ut aliquip ex ea commodo consequat. Duis aute irure dolor in reprehenderit in voluptate velit esse cillum dolore eu fugiat nulla pariatur. Excepteur sint occaecat cupidatat non proident, sunt in culpa qui officia deserunt mollit anim id est laborum.\\\"<br><\\/p>\\r\\n\\r\\n\\r\\n\\r\\n<p>Lorem <strong>ipsum dolor sit amet<\\/strong>, consectetur adipiscing elit, sed do eiusmod tempor incididunt ut labore et dolore magna aliqua. Ut enim ad minim veniam, quis nostrud exercitation ullamco laboris nisi ut aliquip ex ea commodo consequat. Duis aute irure dolor in reprehenderit in voluptate velit esse cillum dolore eu fugiat nulla pariatur. Excepteur sint occaecat cupidatat non proident, sunt in culpa qui officia deserunt mollit anim id est laborum.\\\"<\\/p>\"}},\"17\":{\"type\":\"pullQuote\",\"enabled\":\"1\",\"fields\":{\"pullQuote\":\"Excepteur sint occaecat cupidatat...\",\"alignment\":\"right\"}},\"18\":{\"type\":\"text\",\"enabled\":\"1\",\"fields\":{\"text\":\"<p>Lorem <strong>ipsum dolor sit amet<\\/strong>, consectetur adipiscing elit, sed do eiusmod tempor incididunt ut labore et dolore magna aliqua. Ut enim ad minim veniam, quis nostrud exercitation ullamco laboris nisi ut aliquip ex ea commodo consequat. Duis aute irure dolor in reprehenderit in voluptate velit esse cillum dolore eu fugiat nulla pariatur. Excepteur sint occaecat cupidatat non proident, sunt in culpa qui officia deserunt mollit anim id est laborum.\\\"<\\/p>\\r\\n\\r\\n<p>Lorem <strong>ipsum dolor sit amet<\\/strong>, consectetur adipiscing elit, sed do eiusmod tempor incididunt ut labore et dolore magna aliqua. Ut enim ad minim veniam, quis nostrud exercitation ullamco laboris nisi ut aliquip ex ea commodo consequat. Duis aute irure dolor in reprehenderit in voluptate velit esse cillum dolore eu fugiat nulla pariatur. Excepteur sint occaecat cupidatat non proident, sunt in culpa qui officia deserunt mollit anim id est laborum.\\\"<\\/p>\"}},\"19\":{\"type\":\"downloads\",\"enabled\":\"1\",\"fields\":{\"downloads\":[\"6\",\"4\"]}}},\"15\":\"John Smith\",\"20\":\"\",\"13\":\"Welcome to T - titles with <em>emphasis<\\/em> and quote &ldquo;marks&rdquo;\",\"23\":[\"6\"],\"24\":\"\",\"21\":\"<p>Lorem ipsum dolor sit amet, consectetur adipiscing elit, sed do eiusmod tempor incididunt ut labore et dolore magna aliqua. Ut enim ad minim veniam, quis nostrud exercitation ullamco laboris nisi ut aliquip ex ea commodo consequat.<\\/p>\",\"19\":\"\"}}','2016-02-08 19:50:27','2016-02-08 19:50:27','68c2a530-666a-4291-8203-43ecc9aceb94'),(102,95,5,1,'en_us',1,'','{\"typeId\":\"6\",\"authorId\":\"1\",\"title\":\"Galleries\",\"slug\":\"galleries\",\"postDate\":1454961065,\"expiryDate\":null,\"enabled\":1,\"parentId\":\"\",\"fields\":{\"26\":\"galleries\"}}','2016-02-08 19:51:05','2016-02-08 19:51:05','31d338e1-1b34-4a86-aac0-bf416ecfc7b9'),(103,96,2,1,'en_us',1,'','{\"typeId\":null,\"authorId\":\"1\",\"title\":\"Video news entry\",\"slug\":\"video-news-entry\",\"postDate\":1462454820,\"expiryDate\":null,\"enabled\":1,\"parentId\":null,\"fields\":{\"1\":{\"new1\":{\"type\":\"video\",\"enabled\":\"1\",\"fields\":{\"video\":\"https:\\/\\/www.youtube.com\\/watch?v=cqNmVJk7Zyg\",\"alignment\":\"full\",\"clear\":\"none\"}}},\"15\":\"\",\"20\":\"\",\"13\":\"Video news entry\",\"23\":\"\",\"24\":\"\",\"21\":\"<p>Lorem ipsum dolor sit amet, consectetur adipiscing elit, sed do eiusmod tempor incididunt ut labore et dolore magna aliqua. Ut enim ad minim veniam, quis nostrud exercitation ullamco laboris nisi ut aliquip ex ea commodo consequat.<\\/p>\",\"19\":\"\"}}','2016-05-05 13:27:17','2016-05-05 13:27:17','c92ebe45-f637-49d3-837f-6e6b21afe359'),(104,98,4,1,'en_us',1,'','{\"typeId\":\"11\",\"authorId\":\"1\",\"title\":\"Video panel on home page\",\"slug\":\"video-panel-on-home-page\",\"postDate\":1462459771,\"expiryDate\":null,\"enabled\":1,\"parentId\":null,\"fields\":{\"66\":\"https:\\/\\/www.youtube.com\\/watch?v=HffWFd_6bJ0\"}}','2016-05-05 14:49:31','2016-05-05 14:49:31','3ac35ce7-6ace-44e1-8c8f-44626ba261b5'),(105,2,1,1,'en_us',2,'','{\"typeId\":null,\"authorId\":null,\"title\":\"Home Page\",\"slug\":\"homepage\",\"postDate\":1445675798,\"expiryDate\":null,\"enabled\":1,\"parentId\":null,\"fields\":{\"1\":{\"new3\":{\"type\":\"relatedPanel\",\"enabled\":\"1\",\"fields\":{\"panel\":[\"98\"]}},\"22\":{\"type\":\"relatedPanel\",\"enabled\":\"1\",\"fields\":{\"panel\":[\"47\"]}},\"23\":{\"type\":\"text\",\"enabled\":\"1\",\"fields\":{\"text\":\"<p>Some content...<\\/p>\"}}}}}','2016-05-05 14:52:21','2016-05-05 14:52:21','f0030673-0707-42c0-8ac7-940078a65ff7'),(106,2,1,1,'en_us',3,'','{\"typeId\":null,\"authorId\":null,\"title\":\"Home Page\",\"slug\":\"homepage\",\"postDate\":1445675798,\"expiryDate\":null,\"enabled\":1,\"parentId\":null,\"fields\":{\"1\":{\"99\":{\"type\":\"relatedPanel\",\"enabled\":\"1\",\"fields\":{\"panel\":[\"98\"]}},\"22\":{\"type\":\"relatedPanel\",\"enabled\":\"1\",\"fields\":{\"panel\":[\"47\"]}},\"23\":{\"type\":\"text\",\"enabled\":\"1\",\"fields\":{\"text\":\"<p>I\\u2019ve got 99 problems and defaults aren\\u2019t 1 of them<\\/p>\"}}}}}','2016-05-05 14:58:00','2016-05-05 14:58:00','56e509cc-0e4b-4f46-a06b-d61e433526b5'),(107,2,1,1,'en_us',4,'','{\"typeId\":null,\"authorId\":null,\"title\":\"Home Page\",\"slug\":\"homepage\",\"postDate\":1445675798,\"expiryDate\":null,\"enabled\":1,\"parentId\":null,\"fields\":{\"1\":{\"22\":{\"type\":\"relatedPanel\",\"enabled\":\"1\",\"fields\":{\"panel\":[\"47\"]}},\"99\":{\"type\":\"relatedPanel\",\"enabled\":\"1\",\"fields\":{\"panel\":[\"98\"]}},\"23\":{\"type\":\"text\",\"enabled\":\"1\",\"fields\":{\"text\":\"<p>I\\u2019ve got 99 problems and defaults aren\\u2019t 1 of them<\\/p>\"}}}}}','2016-05-05 15:11:32','2016-05-05 15:11:32','95fd07e3-1f53-4f0a-86b1-dc34fa8dfe26'),(108,96,2,1,'en_us',2,'','{\"typeId\":\"2\",\"authorId\":\"1\",\"title\":\"Video news entry\",\"slug\":\"video-news-entry\",\"postDate\":1462454820,\"expiryDate\":null,\"enabled\":1,\"parentId\":null,\"fields\":{\"1\":{\"97\":{\"type\":\"video\",\"enabled\":\"1\",\"fields\":{\"video\":\"https:\\/\\/www.youtube.com\\/watch?v=cqNmVJk7Zyg\",\"alignment\":\"right\",\"clear\":\"none\"}}},\"15\":\"\",\"20\":\"\",\"13\":\"Video news entry\",\"23\":\"\",\"24\":\"\",\"21\":\"<p>Lorem ipsum dolor sit amet, consectetur adipiscing elit, sed do eiusmod tempor incididunt ut labore et dolore magna aliqua. Ut enim ad minim veniam, quis nostrud exercitation ullamco laboris nisi ut aliquip ex ea commodo consequat.<\\/p>\",\"19\":\"\"}}','2016-05-06 11:19:31','2016-05-06 11:19:31','30bae602-006a-4b5a-bfbe-6270d39210d6'),(109,98,4,1,'en_us',2,NULL,'{\"typeId\":\"11\",\"authorId\":\"1\",\"title\":\"Video panel on home page\",\"slug\":\"video-panel-on-home-page\",\"postDate\":1462459771,\"expiryDate\":null,\"enabled\":\"1\",\"parentId\":null,\"fields\":{\"66\":\"https:\\/\\/www.youtube.com\\/watch?v=C0DPdy98e4c\"}}','2016-09-02 13:45:54','2016-09-02 13:45:54','02d9ffd0-0722-43e0-83ce-504a27e945e9'),(110,96,2,1,'en_us',3,'','{\"typeId\":\"2\",\"authorId\":\"1\",\"title\":\"Video news entry\",\"slug\":\"video-news-entry\",\"postDate\":1462454820,\"expiryDate\":null,\"enabled\":1,\"parentId\":null,\"fields\":{\"1\":{\"97\":{\"type\":\"video\",\"enabled\":\"1\",\"fields\":{\"video\":\"https:\\/\\/www.youtube.com\\/watch?v=C0DPdy98e4c\",\"alignment\":\"right\",\"clear\":\"none\"}}},\"15\":\"\",\"20\":\"\",\"13\":\"Video news entry\",\"23\":\"\",\"24\":\"\",\"21\":\"<p>Lorem ipsum dolor sit amet, consectetur adipiscing elit, sed do eiusmod tempor incididunt ut labore et dolore magna aliqua. Ut enim ad minim veniam, quis nostrud exercitation ullamco laboris nisi ut aliquip ex ea commodo consequat.<\\/p>\",\"19\":\"\"}}','2016-09-02 13:47:00','2016-09-02 13:47:00','84f71836-5ab5-4137-8119-3790310107d0'),(111,58,8,1,'en_us',16,'','{\"typeId\":\"9\",\"authorId\":\"1\",\"title\":\"Contact Form\",\"slug\":\"contact\",\"postDate\":1447495140,\"expiryDate\":null,\"enabled\":1,\"parentId\":null,\"fields\":{\"55\":\"enquiry\",\"13\":\"Contact us\",\"71\":\"Unfortunately your enquiry could not be sent\",\"56\":\"pages\\/contact-us?message=thankyou\",\"57\":\"Send\",\"54\":\"Thank you! We  will contact you soon\"}}','2016-09-03 14:51:31','2016-09-03 14:51:31','62ac8699-e335-451c-9a44-040c5d70bcb2'),(112,58,8,1,'en_us',17,'','{\"typeId\":\"9\",\"authorId\":\"1\",\"title\":\"Contact Form\",\"slug\":\"contact\",\"postDate\":1447495140,\"expiryDate\":null,\"enabled\":1,\"parentId\":null,\"fields\":{\"55\":\"enquiry\",\"13\":\"Contact us\",\"71\":\"Unfortunately your enquiry could not be sent\",\"56\":\"pages\\/contact-us\",\"57\":\"Send\",\"54\":\"Thank you! We  will contact you soon\"}}','2016-09-03 14:51:38','2016-09-03 14:51:38','0cb7041e-5924-457f-af7a-54538b97f624'),(113,58,8,1,'en_us',18,'','{\"typeId\":\"9\",\"authorId\":\"1\",\"title\":\"Contact Form\",\"slug\":\"contact\",\"postDate\":1447495140,\"expiryDate\":null,\"enabled\":1,\"parentId\":null,\"fields\":{\"55\":\"enquiry\",\"13\":\"Contact us\",\"71\":\"Your enquiry could not be sent\",\"56\":\"pages\\/contact-us\",\"57\":\"Send\",\"54\":\"Thank you! We  will contact you soon\"}}','2016-09-03 14:54:46','2016-09-03 14:54:46','7b7434bd-bad4-408f-9838-97144a5c964b'),(114,58,8,1,'en_us',19,'','{\"typeId\":\"9\",\"authorId\":\"1\",\"title\":\"Contact Form\",\"slug\":\"contact\",\"postDate\":1447495140,\"expiryDate\":null,\"enabled\":1,\"parentId\":null,\"fields\":{\"55\":\"enquiry\",\"13\":\"Contact us\",\"71\":\"Your enquiry could not be sent\",\"56\":\"pages\\/contact-us\",\"57\":\"Send\",\"54\":\"Thank you! We  will contact you soon\"}}','2016-09-03 14:55:02','2016-09-03 14:55:02','f1c1e304-06f9-4465-bef2-87b24e9a616d'),(115,26,5,1,'en_us',3,'','{\"typeId\":\"6\",\"authorId\":\"1\",\"title\":\"How It Works\",\"slug\":\"how-it-works\",\"postDate\":1445688060,\"expiryDate\":null,\"enabled\":1,\"parentId\":\"\",\"fields\":{\"26\":\"\"}}','2017-02-02 16:55:59','2017-02-02 16:55:59','ff37fc82-7cb3-4c8a-99e1-9054518d79bb'),(116,24,5,1,'en_us',5,'','{\"typeId\":\"6\",\"authorId\":\"1\",\"title\":\"About Us\",\"slug\":\"about-us\",\"postDate\":1445687280,\"expiryDate\":null,\"enabled\":1,\"parentId\":\"\",\"fields\":{\"26\":\"about-us\"}}','2017-02-02 16:56:24','2017-02-02 16:56:24','0bf8886b-a04d-45d6-87a4-db11650ab75c'),(117,25,5,1,'en_us',3,'','{\"typeId\":\"6\",\"authorId\":\"1\",\"title\":\"Become a Local\",\"slug\":\"become-a-local\",\"postDate\":1445687280,\"expiryDate\":null,\"enabled\":1,\"parentId\":\"\",\"fields\":{\"26\":\"become-a-local\"}}','2017-02-02 16:57:27','2017-02-02 16:57:27','e75e9d10-9544-4ace-9c27-e04f8255a443'),(118,95,5,1,'en_us',2,'','{\"typeId\":\"6\",\"authorId\":\"1\",\"title\":\"Find a Host\",\"slug\":\"become-a-local\",\"postDate\":1454961060,\"expiryDate\":null,\"enabled\":1,\"parentId\":\"\",\"fields\":{\"26\":\"become-a-local\"}}','2017-02-02 16:58:15','2017-02-02 16:58:15','520498f9-c1bf-476d-9f35-94e7014c622f'),(119,60,5,1,'en_us',5,'','{\"typeId\":\"5\",\"authorId\":\"1\",\"title\":\"Contact\",\"slug\":\"contact\",\"postDate\":1447498140,\"expiryDate\":null,\"enabled\":1,\"parentId\":\"\",\"fields\":{\"25\":[\"70\"]}}','2017-02-02 16:58:42','2017-02-02 16:58:42','438bee07-8024-4813-92b5-c95c8375ff67'),(120,53,6,1,'en_us',4,'','{\"typeId\":\"7\",\"authorId\":\"1\",\"title\":\"Home Page Banners\",\"slug\":\"first-gallery-entry\",\"postDate\":1446977400,\"expiryDate\":null,\"enabled\":1,\"parentId\":null,\"fields\":{\"13\":\"First gallery entry\",\"50\":{\"54\":{\"type\":\"image\",\"enabled\":\"1\",\"fields\":{\"image\":[\"106\"],\"caption\":\"Cape Town - Table Mountain\"}},\"57\":{\"type\":\"image\",\"enabled\":\"1\",\"fields\":{\"image\":[\"107\"],\"caption\":\"South Africa\"}},\"55\":{\"type\":\"image\",\"enabled\":\"1\",\"fields\":{\"image\":[\"108\"],\"caption\":\"Beautiful Waterfront\"}}}}}','2017-02-02 18:19:08','2017-02-02 18:19:08','001718a9-efb6-4787-b29f-8e7d2c6e8e48'),(121,47,4,1,'en_us',3,NULL,'{\"typeId\":\"4\",\"authorId\":\"1\",\"title\":\"Home Page Slideshow\",\"slug\":\"home-page-slideshow\",\"postDate\":1445782200,\"expiryDate\":null,\"enabled\":\"1\",\"parentId\":null,\"fields\":{\"41\":{\"new1\":{\"type\":\"slide\",\"enabled\":\"1\",\"fields\":{\"image\":[\"107\"],\"caption\":\"South Africa\",\"linkUrl\":\"\"}},\"new2\":{\"type\":\"slide\",\"enabled\":\"1\",\"fields\":{\"image\":[\"108\"],\"caption\":\"Beautiful Cape Town\",\"linkUrl\":\"\"}},\"new3\":{\"type\":\"slide\",\"enabled\":\"1\",\"fields\":{\"image\":[\"106\"],\"caption\":\"Cape Town\",\"linkUrl\":\"\"}}}}}','2017-02-02 18:21:10','2017-02-02 18:21:10','7bea959b-e469-4cc3-b4d2-f59ffb905658'),(122,47,4,1,'en_us',4,NULL,'{\"typeId\":\"4\",\"authorId\":\"1\",\"title\":\"Home Page Slideshow\",\"slug\":\"home-page-slideshow\",\"postDate\":1445782200,\"expiryDate\":null,\"enabled\":\"1\",\"parentId\":null,\"fields\":{\"41\":{\"109\":{\"type\":\"slide\",\"enabled\":\"1\",\"fields\":{\"image\":[\"107\"],\"caption\":\"Explore Cape Town with a Local\",\"linkUrl\":\"\"}},\"110\":{\"type\":\"slide\",\"enabled\":\"1\",\"fields\":{\"image\":[\"108\"],\"caption\":\"Beautiful Cape Town\",\"linkUrl\":\"\"}},\"111\":{\"type\":\"slide\",\"enabled\":\"1\",\"fields\":{\"image\":[\"106\"],\"caption\":\"Cape Town\",\"linkUrl\":\"\"}}}}}','2017-02-02 18:21:46','2017-02-02 18:21:46','8932f0f4-248e-41ad-a9af-8527a1a726b8'),(123,2,1,1,'en_us',5,'','{\"typeId\":null,\"authorId\":null,\"title\":\"Home Page\",\"slug\":\"homepage\",\"postDate\":1445675798,\"expiryDate\":null,\"enabled\":1,\"parentId\":null,\"fields\":{\"1\":{\"22\":{\"type\":\"relatedPanel\",\"enabled\":\"1\",\"fields\":{\"panel\":[\"47\"]}},\"99\":{\"type\":\"relatedPanel\",\"enabled\":\"1\",\"fields\":{\"panel\":[\"98\"]}},\"23\":{\"type\":\"text\",\"enabled\":\"1\",\"fields\":{\"text\":\"<p>I\\u2019ve got 99 problems and defaults aren\\u2019t 1 of them<\\/p>\"}}}}}','2017-02-02 18:21:50','2017-02-02 18:21:50','96383182-288c-4392-b4ac-55812ea78ddf'),(124,47,4,1,'en_us',5,NULL,'{\"typeId\":\"4\",\"authorId\":\"1\",\"title\":\"Home Page Slideshow\",\"slug\":\"home-page-slideshow\",\"postDate\":1445782200,\"expiryDate\":null,\"enabled\":\"1\",\"parentId\":null,\"fields\":{\"41\":{\"109\":{\"type\":\"slide\",\"enabled\":\"1\",\"fields\":{\"image\":[\"107\"],\"caption\":\"Explore Cape<\\/br> Town<\\/br> with a Local\",\"linkUrl\":\"\"}},\"110\":{\"type\":\"slide\",\"enabled\":\"1\",\"fields\":{\"image\":[\"108\"],\"caption\":\"Beautiful Cape Town\",\"linkUrl\":\"\"}},\"111\":{\"type\":\"slide\",\"enabled\":\"1\",\"fields\":{\"image\":[\"106\"],\"caption\":\"Cape Town\",\"linkUrl\":\"\"}}}}}','2017-02-02 18:40:28','2017-02-02 18:40:28','b3aa0587-cb23-46f2-9e0c-71735895aec4'),(125,2,1,1,'en_us',6,'','{\"typeId\":null,\"authorId\":null,\"title\":\"Home Page\",\"slug\":\"homepage\",\"postDate\":1445675798,\"expiryDate\":null,\"enabled\":1,\"parentId\":null,\"fields\":{\"1\":{\"22\":{\"type\":\"relatedPanel\",\"enabled\":\"1\",\"fields\":{\"panel\":[\"47\"]}},\"99\":{\"type\":\"relatedPanel\",\"enabled\":\"1\",\"fields\":{\"panel\":[\"98\"]}},\"23\":{\"type\":\"text\",\"enabled\":\"1\",\"fields\":{\"text\":\"<p>I\\u2019ve got 99 problems and defaults aren\\u2019t 1 of them<\\/p>\"}}}}}','2017-02-02 18:40:33','2017-02-02 18:40:33','7bccb9d9-b1a4-4a75-90df-ac774db6dec3'),(126,2,1,1,'en_us',7,'','{\"typeId\":null,\"authorId\":null,\"title\":\"Home Page\",\"slug\":\"homepage\",\"postDate\":1445675798,\"expiryDate\":null,\"enabled\":1,\"parentId\":null,\"fields\":{\"1\":{\"22\":{\"type\":\"relatedPanel\",\"enabled\":\"1\",\"fields\":{\"panel\":[\"47\"]}},\"99\":{\"type\":\"relatedPanel\",\"enabled\":\"1\",\"fields\":{\"panel\":\"\"}},\"23\":{\"type\":\"text\",\"enabled\":\"1\",\"fields\":{\"text\":\"<p>I\\u2019ve got 99 problems and defaults aren\\u2019t 1 of them<\\/p>\"}}}}}','2017-02-02 18:42:27','2017-02-02 18:42:27','27296763-02e4-4f02-8f71-c366fd08d74f'),(127,2,1,1,'en_us',8,'','{\"typeId\":null,\"authorId\":null,\"title\":\"Home Page\",\"slug\":\"homepage\",\"postDate\":1445675798,\"expiryDate\":null,\"enabled\":1,\"parentId\":null,\"fields\":{\"1\":{\"22\":{\"type\":\"relatedPanel\",\"enabled\":\"1\",\"fields\":{\"panel\":[\"47\"]}},\"23\":{\"type\":\"text\",\"enabled\":\"1\",\"fields\":{\"text\":\"<p>I\\u2019ve got 99 problems and defaults aren\\u2019t 1 of them<\\/p>\"}}}}}','2017-02-02 18:53:07','2017-02-02 18:53:07','e50aa569-39d2-4119-94e0-13d75d934854'),(128,20,3,1,'en_us',4,'','{\"typeId\":\"3\",\"authorId\":\"1\",\"title\":\"About Keep it Local\",\"slug\":\"about-us\",\"postDate\":1445683620,\"expiryDate\":null,\"enabled\":1,\"parentId\":null,\"fields\":{\"1\":{\"21\":{\"type\":\"text\",\"enabled\":\"1\",\"fields\":{\"text\":\"<p>Lorem ipsum dolor sit amet, vis saperet delectus eu, id vel recusabo facilisis. Graece tibique periculis&nbsp;eu cum, at fabulas omittam nec, et vis vitae tantas quaerendum. Pri inani platonem at, vix eu scaevola&nbsp;officiis luptatum. Iusto putent consequat mel ut, dicit nonumes definitiones qui ad.<\\/p><p>Ius in possim hendrerit, libris electram eos ei. Inani graece vel ei, ipsum melius no mea. Ea usu ullum&nbsp;alterum. Vim ut bonorum efficiantur philosophia.<\\/p><p>Mei decore laoreet delectus in, dolores maluisset nam no, utamur laboramus cu duo. Ne quo invidunt&nbsp;efficiantur. At solum verterem omittantur sed, eam te consul alterum quaerendum. Error mollis pro in,&nbsp;ea natum molestie vel. Saepe suscipit mandamus id vis, sed ut enim nostrud tacimates. Vide feugiat&nbsp;invidunt vim ea, sint iusto phaedrum est eu.<\\/p><p>Vix nihil dolore nusquam ea. Eos quaeque docendi concludaturque et, an pri vero referrentur. Hendre-rit philosophia et est, et erat laoreet sensibus vis. Omnis feugiat expetenda pro cu, ius brute malorumex. Ut pri idque maiestatis, nec ut omnium delectus democritum.<\\/p>\"}},\"51\":{\"type\":\"relatedPanel\",\"enabled\":\"1\",\"fields\":{\"panel\":\"\"}},\"new1\":{\"type\":\"relatedPanel\",\"enabled\":\"1\",\"fields\":{\"panel\":\"\"}}},\"20\":\"\",\"13\":\"About Keep it Local\",\"24\":\"\",\"19\":\"\"}}','2017-02-04 16:09:10','2017-02-04 16:09:10','404d0ca8-632d-4bcf-9eb3-b1991c2aded0'),(129,92,3,1,'en_us',4,'','{\"typeId\":\"3\",\"authorId\":\"1\",\"title\":\"Finding a local\",\"slug\":\"finding-a-local\",\"postDate\":1454946120,\"expiryDate\":null,\"enabled\":1,\"parentId\":null,\"fields\":{\"1\":{\"93\":{\"type\":\"text\",\"enabled\":\"1\",\"fields\":{\"text\":\"<p>Lorem ipsum dolor sit amet, vis saperet delectus eu, id vel recusabo facilisis. Graece tibique periculis&nbsp;eu cum, at fabulas omittam nec, et vis vitae tantas quaerendum. Pri inani platonem at, vix eu scaevola&nbsp;officiis luptatum. Iusto putent consequat mel ut, dicit nonumes definitiones qui ad.<\\/p>\\r\\n\\r\\n<p>Ius in possim hendrerit, libris electram eos ei. Inani graece vel ei, ipsum melius no mea. Ea usu ullum&nbsp;alterum. Vim ut bonorum efficiantur philosophia.<\\/p>\"}}},\"20\":\"\",\"13\":\"Finding a local\",\"24\":\"\",\"19\":\"\"}}','2017-02-04 16:13:16','2017-02-04 16:13:16','1c1da3d6-e4c3-4084-a13e-79c99f4f9d4e'),(130,113,3,1,'en_us',1,'','{\"typeId\":null,\"authorId\":\"1\",\"title\":\"Booking advice\",\"slug\":\"booking-advice\",\"postDate\":1486224884,\"expiryDate\":null,\"enabled\":1,\"parentId\":null,\"fields\":{\"1\":{\"new1\":{\"type\":\"text\",\"enabled\":\"1\",\"fields\":{\"text\":\"<p>Lorem ipsum dolor sit amet, vis saperet delectus eu, id vel recusabo facilisis. Graece tibique periculis&nbsp;eu cum, at fabulas omittam nec, et vis vitae tantas quaerendum. Pri inani platonem at, vix eu scaevola&nbsp;officiis luptatum. Iusto putent consequat mel ut, dicit nonumes definitiones qui ad.<\\/p>\"}}},\"20\":\"\",\"13\":\"Booking advice\",\"24\":\"\",\"19\":\"\"}}','2017-02-04 16:14:45','2017-02-04 16:14:45','98298683-f9eb-4fe3-8948-df62fc870c14'),(131,115,3,1,'en_us',1,'','{\"typeId\":null,\"authorId\":\"1\",\"title\":\"FAQ\",\"slug\":\"faq\",\"postDate\":1486225061,\"expiryDate\":null,\"enabled\":1,\"parentId\":null,\"fields\":{\"1\":{\"new1\":{\"type\":\"text\",\"enabled\":\"1\",\"fields\":{\"text\":\"<h2>This is a sub-header<\\/h2><p>Lorem ipsum dolor sit amet, vis saperet delectus eu, id vel recusabo facilisis. Graece tibique periculis<br>eu cum, at fabulas omittam nec, et vis vitae tantas quaerendum. Pri inani platonem at, vix eu scaevola<br>officiis luptatum. Iusto putent consequat mel ut, dicit nonumes definitiones qui ad.<br>Ius in possim hendrerit, libris electram eos ei. Inani graece vel ei, ipsum melius no mea. Ea usu ullum<br>alterum. Vim ut bonorum efficiantur philosophia.<\\/p>\"}},\"new3\":{\"type\":\"text\",\"enabled\":\"1\",\"fields\":{\"text\":\"<h2>This is a sub-header<\\/h2><p><br>Lorem ipsum dolor sit amet, vis saperet delectus eu, id vel recusabo facilisis. Graece tibique periculis<br>eu cum, at fabulas omittam nec, et vis vitae tantas quaerendum. Pri inani platonem at, vix eu scaevola<br>officiis luptatum. Iusto putent consequat mel ut, dicit nonumes definitiones qui ad.<\\/p>\"}},\"new4\":{\"type\":\"text\",\"enabled\":\"1\",\"fields\":{\"text\":\"<h2>This is a sub-header<\\/h2><p>Lorem ipsum dolor sit amet, vis saperet delectus eu, id vel recusabo facilisis. Graece tibique periculis<br>eu cum, at fabulas omittam nec, et vis vitae tantas quaerendum. Pri inani platonem at, vix eu scaevola<br>officiis luptatum. Iusto putent consequat mel ut, dicit nonumes definitiones qui ad.<\\/p><p><br><\\/p>\"}}},\"20\":\"\",\"13\":\"Frequently asked questions\",\"24\":\"\",\"19\":\"\"}}','2017-02-04 16:17:42','2017-02-04 16:17:42','c5c63adb-74fa-4935-b6de-92e49268d0f8'),(132,119,3,1,'en_us',1,'','{\"typeId\":null,\"authorId\":\"1\",\"title\":\"Privacy Policy\",\"slug\":\"privacy-policy\",\"postDate\":1486225132,\"expiryDate\":null,\"enabled\":1,\"parentId\":null,\"fields\":{\"1\":{\"new1\":{\"type\":\"text\",\"enabled\":\"1\",\"fields\":{\"text\":\"<h2>This is a sub-header<\\/h2><p>Lorem ipsum dolor sit amet, vis sape<\\/p>\"}}},\"20\":\"\",\"13\":\"Privacy Policy\",\"24\":\"\",\"19\":\"\"}}','2017-02-04 16:18:52','2017-02-04 16:18:52','64049c9a-99fa-484d-90d6-9c4fa1561987'),(133,119,3,1,'en_us',2,'','{\"typeId\":\"3\",\"authorId\":\"1\",\"title\":\"Privacy Policy\",\"slug\":\"privacy-policy\",\"postDate\":1486225080,\"expiryDate\":null,\"enabled\":1,\"parentId\":null,\"fields\":{\"1\":{\"120\":{\"type\":\"text\",\"enabled\":\"1\",\"fields\":{\"text\":\"<h2>This is a sub-header<\\/h2><p><br>Lorem ipsum dolor sit amet, vis saperet delectus eu, id vel recusabo facilisis. Graece tibique periculis<br>eu cum, at fabulas omittam nec, et vis vitae tantas quaerendum. Pri inani platonem at, vix eu scaevola<br>officiis luptatum. Iusto putent consequat mel ut, dicit nonumes definitiones qui ad.<br>Ius in possim hendrerit, libris electram eos ei. Inani graece vel ei, ipsum melius no mea. Ea usu ullum<br>alterum. Vim ut bonorum efficiantur philosophia.<\\/p><h2><br>This is a sub-header<\\/h2><p><br>Lorem ipsum dolor sit amet, vis saperet delectus eu, id vel recusabo facilisis. Graece tibique periculis<br>eu cum, at fabulas omittam nec, et vis vitae tantas quaerendum. Pri inani platonem at, vix eu scaevola<br>officiis luptatum. Iusto putent consequat mel ut, dicit nonumes definitiones qui ad.<\\/p><h2><br>This is a sub-header<\\/h2><p><br>Lorem ipsum dolor sit amet, vis saperet delectus eu, id vel recusabo facilisis. Graece tibique periculis<br>eu cum, at fabulas omittam nec, et vis vitae tantas quaerendum. Pri inani platonem at, vix eu scaevola<br>officiis luptatum. Iusto putent consequat mel ut, dicit nonumes definitiones qui ad.<\\/p>\"}}},\"20\":\"\",\"13\":\"Privacy Policy\",\"24\":\"\",\"19\":\"\"}}','2017-02-04 16:19:50','2017-02-04 16:19:50','1e1faf68-76da-448f-a3f4-7a2fe192a8ac'),(134,123,4,1,'en_us',1,'','{\"typeId\":\"13\",\"authorId\":\"1\",\"title\":\"Bill\",\"slug\":\"bill\",\"postDate\":1486226998,\"expiryDate\":null,\"enabled\":1,\"parentId\":null,\"fields\":{\"1\":{\"new1\":{\"type\":\"text\",\"enabled\":\"1\",\"fields\":{\"text\":\"<p>Bill is a&nbsp;professional local with enormous local experience.<\\/p>\"}}},\"26\":\"https:\\/\\/www.withlocals.com\\/experience\\/the-real-bangkok-bike-tour-3a91c6f1\",\"23\":[\"121\"]}}','2017-02-04 16:49:58','2017-02-04 16:49:58','52aee88e-d388-4009-a522-04933e8f972e'),(135,125,4,1,'en_us',1,'','{\"typeId\":\"13\",\"authorId\":\"1\",\"title\":\"Kinky\",\"slug\":\"kinky\",\"postDate\":1486227088,\"expiryDate\":null,\"enabled\":1,\"parentId\":null,\"fields\":{\"1\":{\"new1\":{\"type\":\"text\",\"enabled\":\"1\",\"fields\":{\"text\":\"<p>Kinky was a wonderful guide -&nbsp;I was interested in trying local Teochew&nbsp;-Thai food, so much fun.<\\/p>\"}}},\"26\":\"https:\\/\\/www.withlocals.com\\/experience\\/local-food-tour-by-night-a51660a0\",\"23\":[\"121\"]}}','2017-02-04 16:51:29','2017-02-04 16:51:29','4a5aa81d-fcb1-4c7a-9922-c81aa73fa6f7'),(136,127,4,1,'en_us',1,'','{\"typeId\":\"13\",\"authorId\":\"1\",\"title\":\"Olivia\",\"slug\":\"olivia\",\"postDate\":1486227184,\"expiryDate\":null,\"enabled\":1,\"parentId\":null,\"fields\":{\"1\":{\"new1\":{\"type\":\"text\",\"enabled\":\"1\",\"fields\":{\"text\":\"<p>Olivia was just spectacular and she took us to so many different places around Cape Town. We met many local people who were also friendly to us.<\\/p>\"}}},\"26\":\"https:\\/\\/www.withlocals.com\\/experience\\/2h-walking-tour-see-the-best-of-madrid-95877c58\",\"23\":[\"121\"]}}','2017-02-04 16:53:05','2017-02-04 16:53:05','619bbec7-e46d-4263-92bf-5a700eba9c46'),(137,96,2,1,'en_us',4,'','{\"typeId\":\"2\",\"authorId\":\"1\",\"title\":\"Brilliant Backpacking along the Garden Route\",\"slug\":\"brilliant-backpacking-along-the-garden-route\",\"postDate\":1462454820,\"expiryDate\":null,\"enabled\":1,\"parentId\":null,\"fields\":{\"1\":{\"new1\":{\"type\":\"text\",\"enabled\":\"1\",\"fields\":{\"text\":\"<p>South Africa is the ultimate destination for wanderlusters looking to backpack their way through the adventure of a lifetime. The country is renowned for scenic beauty, friendly people and sun-soaked coastlines. What better place to set off on a backpacking adventure than the spectacular Garden Route in the Western Cape.<\\/p><p>Let it be the canvas of your journey like&nbsp;<a href=\\\"http:\\/\\/budgettraveller.org\\/\\\" target=\\\"_blank\\\" class=\\\"external_link\\\">Kash Bhattacharya<\\/a>&nbsp;who began his adventure at&nbsp; Chinsta in the Eastern Cape and went all the way along the Western Cape coastline to end up in Cape Town.&nbsp; This led him to put together an impressive guide to packing in South Africa, covering the best accommodation, routes, and unforgettable experiences.<\\/p><p>\\u201cThe perfect way to start your day in Chintsa is to go for a walk along the beach at dawn (it\\u2019s right on the doorstep of the hostel). Check out the beach horse trail (R350\\/\\u20ac33 \\u2013 3.5 hours long) that leaves from the hostel at sunrise, before enjoying your breakfast and coffee on the sun terrace.\\u201d<\\/p>\\r\\n\\r\\n<p>\\u201c The craft beer revolution has come to Chintsa, and there is a fantastic local brewery, the Emerald Vale Craft Brewery. There you can get a tour of the factory and afterwards have a few tastings before hopping back onto the bus feeling refreshed \\u201c he says.<\\/p><p><br><\\/p>\"}}},\"15\":\"Someone\",\"20\":\"\",\"13\":\"Brilliant Backpacking along the Garden Route\",\"23\":\"\",\"24\":\"\",\"21\":\"<p>South Africa is the ultimate destination for wanderlusters looking to backpack their way through the adventure of a lifetime. The country is renowned for scenic beauty, friendly people and sun-soaked coastlines. What better place to set off on a backpacking adventure than the spectacular Garden Route in the Western Cape.<\\/p>\",\"19\":\"\"}}','2017-02-04 16:59:51','2017-02-04 16:59:51','b45ad567-793b-4e77-9fca-414737e365a9'),(138,96,2,1,'en_us',5,'','{\"typeId\":\"2\",\"authorId\":\"1\",\"title\":\"Brilliant Backpacking along the Garden Route\",\"slug\":\"brilliant-backpacking-along-the-garden-route\",\"postDate\":1462454820,\"expiryDate\":null,\"enabled\":1,\"parentId\":null,\"fields\":{\"1\":{\"129\":{\"type\":\"text\",\"enabled\":\"1\",\"fields\":{\"text\":\"<p>South Africa is the ultimate destination for wanderlusters looking to backpack their way through the adventure of a lifetime. The country is renowned for scenic beauty, friendly people and sun-soaked coastlines. What better place to set off on a backpacking adventure than the spectacular Garden Route in the Western Cape.<\\/p>\\r\\n\\r\\n<p>Let it be the canvas of your journey like&nbsp;<a href=\\\"http:\\/\\/budgettraveller.org\\/\\\" target=\\\"_blank\\\" class=\\\"external_link\\\">Kash Bhattacharya<\\/a>&nbsp;who began his adventure at&nbsp; Chinsta in the Eastern Cape and went all the way along the Western Cape coastline to end up in Cape Town.&nbsp; This led him to put together an impressive guide to packing in South Africa, covering the best accommodation, routes, and unforgettable experiences.<\\/p>\\r\\n\\r\\n<p>\\u201cThe perfect way to start your day in Chintsa is to go for a walk along the beach at dawn (it\\u2019s right on the doorstep of the hostel). Check out the beach horse trail (R350\\/\\u20ac33 \\u2013 3.5 hours long) that leaves from the hostel at sunrise, before enjoying your breakfast and coffee on the sun terrace.\\u201d<\\/p>\\r\\n\\r\\n<p>\\u201c The craft beer revolution has come to Chintsa, and there is a fantastic local brewery, the Emerald Vale Craft Brewery. There you can get a tour of the factory and afterwards have a few tastings before hopping back onto the bus feeling refreshed \\u201c he says.<\\/p>\\r\\n\\r\\n<p><br><\\/p>\"}}},\"15\":\"Someone\",\"20\":\"\",\"13\":\"Brilliant Backpacking along the Garden Route\",\"23\":[\"130\"],\"24\":\"\",\"21\":\"<p>South Africa is the ultimate destination for wanderlusters looking to backpack their way through the adventure of a lifetime. The country is renowned for scenic beauty, friendly people and sun-soaked coastlines. What better place to set off on a backpacking adventure than the spectacular Garden Route in the Western Cape.<\\/p>\",\"19\":\"\"}}','2017-02-04 17:02:12','2017-02-04 17:02:12','64785238-cc4f-4133-99e2-ac7b842745fd'),(139,32,2,1,'en_us',13,'','{\"typeId\":\"2\",\"authorId\":\"1\",\"title\":\"From the roots of all humanity to a human story that inspired the world.\",\"slug\":\"from-the-roots-of-all-humanity-to-a-human-story-that-inspired-the-world\",\"postDate\":1445762160,\"expiryDate\":null,\"enabled\":1,\"parentId\":null,\"fields\":{\"1\":{\"34\":{\"type\":\"text\",\"enabled\":\"1\",\"fields\":{\"text\":\"<p>It was here that the world\\u2019s human story first began, a staggering four million years ago. Today a World Heritage Site, South Africa\\u2019s Cradle of Humankind stands as humbling evidence of the earliest origin of modern humans, who lived and evolved here at the tip of the continent before spreading to the rest of the world. This is where it all started, and we can\\u2019t wait to welcome you home.<\\/p><p>The spirit of ancient Africa can still be seen today at the site of the lost Iron Age Kingdom of Mapungubwe, an advanced civilisation famous for its gold, which was traded as far as Asia hundreds of years ago. That spirit lives on in culture, tradition and myths, none more fascinating than the Limpopo province\\u2019s Rain Queen Modjadji who still rules today.<br><\\/p><p>Journey back to a time of war in KwaZulu-Natal, and walk the haunting battlefields where the mighty Zulu Kingdom fought under the reign of the warrior King Shaka Zulu. Then meet the proud Zulu culture of today at one of many cultural villages, and be charmed by their famous animal prints, art, food and traditions passed down over centuries. Of course, you can\\u2019t leave South Africa without immersing yourself in the inspiring story of Nelson Mandela. Follow his footsteps from humble beginnings at Mvezo in the Eastern Cape to his former home in Soweto and on to the tiny prison cell on Robben Island where he spent 18 of his 27 years in prison.<br><\\/p>\"}}},\"15\":\"John Smith\",\"20\":\"\",\"13\":\"From the roots of all humanity to a human story that inspired the world.\",\"23\":[\"131\"],\"24\":\"\",\"21\":\"<p>It was here that the world\\u2019s human story first began, a staggering four million years ago. Today a World Heritage Site, South Africa\\u2019s Cradle of Humankind stands as humbling evidence of the earliest origin of modern humans, who lived and evolved here at the tip of the continent before spreading to the rest of the world.&nbsp;<\\/p>\",\"19\":\"\"}}','2017-02-04 17:06:05','2017-02-04 17:06:05','04ee6338-7635-44f7-aee1-fa0689f052d5'),(140,3,2,1,'en_us',32,'','{\"typeId\":\"2\",\"authorId\":\"1\",\"title\":\"Let the waves lift your soul along South Africa\'s sun-soaked coast\",\"slug\":\"welcome-to-default-2016\",\"postDate\":1445675760,\"expiryDate\":null,\"enabled\":1,\"parentId\":null,\"fields\":{\"1\":{\"8\":{\"type\":\"text\",\"enabled\":\"1\",\"fields\":{\"text\":\"<p>With close to 2700km of coastline, South Africa is an ocean-side lover\\u2019s dream. From the golden beaches of KwaZulu-Natal to the marine life wonderlands of the Western Cape there\\u2019s no shortage of fun to be had on South Africa\\u2019s sun-soaked coasts.<br><\\/p><p>There\\u2019s nothing more amazing than getting right up close to a thousand dancing and diving dolphins, their splashes speckling your camera lens with water. Nothing stops time like the explosion of sound and feeling of pure awe as a Southern Right whale breaches the blue ocean just metres away from you. No moment is more dreamlike than standing in frozen silence, witnessing baby loggerhead turtles hatch in the moonlight and make their awkward way to the ocean for the very first time. These are the moments that make South Africa special. And there are plenty more of them to be seen and felt along our 2700km of coastline.<\\/p><p>It\\u2019s more than just the place where the cool Atlantic and warm Indian Oceans meet. It\\u2019s where the folklore of fishing communities is as charming and real today as it ever was; where perfect beaches lure you into staying all day and the freshest flavours of the sea are piled onto your plate at seaside restaurants or right there on the sand, while the smell of the ocean fills your lungs.<\\/p>\\r\\n\\r\\n<p><img src=\\\"http:\\/\\/www.southafrica.net\\/cache\\/ce_cache\\/made\\/cb43030a00a807f4\\/SAT_KZN_DBN_Oyster_Box_RET_lr_RGB_640_359_80auto_s.jpg\\\" alt=\\\"\\\" width=\\\"640\\\" height=\\\"359\\\" class=\\\"img-responsive\\\" style=\\\"box-sizing: border-box; vertical-align: middle; display: block; max-width: 100%; height: auto;\\\"><\\/p>\\r\\n\\r\\n<p>Explore South Africa\\u2019s natural wetlands where fauna and vegetation range from thickets and woodlands to marshes, forests and reed: home to hippo, crocodiles, black rhino, thousands of fish and bird species that go on with life just like they have for thousands of years. Be a welcomed guest in their world, go hiking along famous trails, crossing secret beaches, jumping over hidden rock pools and stopping to watch ocean sunsets with only the waves for company.<\\/p>\\r\\n\\r\\n<p><img src=\\\"http:\\/\\/www.southafrica.net\\/cache\\/ce_cache\\/made\\/cb43030a00a807f4\\/SAT_CT_Chapmans_2_RET_lr_RGB_640_401_80auto_s.jpg\\\" alt=\\\"\\\" width=\\\"640\\\" height=\\\"401\\\" class=\\\"img-responsive\\\" style=\\\"box-sizing: border-box; vertical-align: middle; display: block; max-width: 100%; height: auto;\\\"><\\/p>\\r\\n\\r\\n<p>Come experience beach days that feel like they should never end and the finest beach-side hotels to spoil you when they eventually do. South Africa\\u2019s sun-soaked coast lies ready, all-year round, to share its secrets, adventures and lazy days with you.<\\/p>\\r\\n\\r\\n<p>So go ahead&nbsp;<a href=\\\"http:\\/\\/www.southafrica.net\\/za\\/en\\/articles\\/overview\\/sun-soaked-coasts\\\">explore South Africa\'s sun-soaked coast<\\/a>&nbsp;and get ready for the seaside adventure of your dreams.<\\/p>\"}}},\"15\":\"John Smith\",\"20\":\"\",\"13\":\"Let the waves lift your soul along South Africa\'s sun-soaked coast\",\"23\":[\"132\"],\"24\":\"\",\"21\":\"<p>With close to 2700km of coastline, South Africa is an ocean-side lover\\u2019s dream. From the golden beaches of KwaZulu-Natal to the marine life wonderlands of the Western Cape there\\u2019s no shortage of fun to be had on South Africa\\u2019s sun-soaked coasts.<\\/p>\",\"19\":\"\"}}','2017-02-04 17:10:52','2017-02-04 17:10:52','098f6166-db10-43ca-9be0-1325a223396f'),(141,3,2,1,'en_us',33,'','{\"typeId\":\"2\",\"authorId\":\"1\",\"title\":\"Let the waves lift your soul along South Africa\'s sun-soaked coast\",\"slug\":\"let-the-waves-lift-your-soul-along-south-africas-sun-soaked-coast\",\"postDate\":1486243800,\"expiryDate\":null,\"enabled\":1,\"parentId\":null,\"fields\":{\"1\":{\"8\":{\"type\":\"text\",\"enabled\":\"1\",\"fields\":{\"text\":\"<p>With close to 2700km of coastline, South Africa is an ocean-side lover\\u2019s dream. From the golden beaches of KwaZulu-Natal to the marine life wonderlands of the Western Cape there\\u2019s no shortage of fun to be had on South Africa\\u2019s sun-soaked coasts.<br><\\/p>\\r\\n\\r\\n<p>There\\u2019s nothing more amazing than getting right up close to a thousand dancing and diving dolphins, their splashes speckling your camera lens with water. Nothing stops time like the explosion of sound and feeling of pure awe as a Southern Right whale breaches the blue ocean just metres away from you. No moment is more dreamlike than standing in frozen silence, witnessing baby loggerhead turtles hatch in the moonlight and make their awkward way to the ocean for the very first time. These are the moments that make South Africa special. And there are plenty more of them to be seen and felt along our 2700km of coastline.<\\/p>\\r\\n\\r\\n<p>It\\u2019s more than just the place where the cool Atlantic and warm Indian Oceans meet. It\\u2019s where the folklore of fishing communities is as charming and real today as it ever was; where perfect beaches lure you into staying all day and the freshest flavours of the sea are piled onto your plate at seaside restaurants or right there on the sand, while the smell of the ocean fills your lungs.<\\/p>\\r\\n\\r\\n<p><img src=\\\"http:\\/\\/www.southafrica.net\\/cache\\/ce_cache\\/made\\/cb43030a00a807f4\\/SAT_KZN_DBN_Oyster_Box_RET_lr_RGB_640_359_80auto_s.jpg\\\" alt=\\\"\\\" width=\\\"640\\\" height=\\\"359\\\" class=\\\"img-responsive\\\" style=\\\"box-sizing: border-box; vertical-align: middle; display: block; max-width: 100%; height: auto;\\\"><\\/p>\\r\\n\\r\\n\\r\\n\\r\\n<p>Explore South Africa\\u2019s natural wetlands where fauna and vegetation range from thickets and woodlands to marshes, forests and reed: home to hippo, crocodiles, black rhino, thousands of fish and bird species that go on with life just like they have for thousands of years. Be a welcomed guest in their world, go hiking along famous trails, crossing secret beaches, jumping over hidden rock pools and stopping to watch ocean sunsets with only the waves for company.<\\/p>\\r\\n\\r\\n\\r\\n\\r\\n<p><img src=\\\"http:\\/\\/www.southafrica.net\\/cache\\/ce_cache\\/made\\/cb43030a00a807f4\\/SAT_CT_Chapmans_2_RET_lr_RGB_640_401_80auto_s.jpg\\\" alt=\\\"\\\" width=\\\"640\\\" height=\\\"401\\\" class=\\\"img-responsive\\\" style=\\\"box-sizing: border-box; vertical-align: middle; display: block; max-width: 100%; height: auto;\\\"><\\/p>\\r\\n\\r\\n\\r\\n\\r\\n<p>Come experience beach days that feel like they should never end and the finest beach-side hotels to spoil you when they eventually do. South Africa\\u2019s sun-soaked coast lies ready, all-year round, to share its secrets, adventures and lazy days with you.<\\/p>\\r\\n\\r\\n\\r\\n\\r\\n<p>So go ahead&nbsp;<a href=\\\"http:\\/\\/www.southafrica.net\\/za\\/en\\/articles\\/overview\\/sun-soaked-coasts\\\">explore South Africa\'s sun-soaked coast<\\/a>&nbsp;and get ready for the seaside adventure of your dreams.<\\/p>\"}}},\"15\":\"John Smith\",\"20\":\"\",\"13\":\"Let the waves lift your soul along South Africa\'s sun-soaked coast\",\"23\":[\"132\"],\"24\":\"\",\"21\":\"<p>With close to 2700km of coastline, South Africa is an ocean-side lover\\u2019s dream. From the golden beaches of KwaZulu-Natal to the marine life wonderlands of the Western Cape there\\u2019s no shortage of fun to be had on South Africa\\u2019s sun-soaked coasts.<\\/p>\",\"19\":\"\"}}','2017-02-04 17:11:35','2017-02-04 17:11:35','78f4d686-dcc2-4c78-99f5-212fb9fb1bd8'),(142,32,2,1,'en_us',14,'','{\"typeId\":\"2\",\"authorId\":\"1\",\"title\":\"From the roots of all humanity to a human story that inspired the world.\",\"slug\":\"from-the-roots-of-all-humanity-to-a-human-story-that-inspired-the-world\",\"postDate\":1445762160,\"expiryDate\":null,\"enabled\":1,\"parentId\":null,\"fields\":{\"1\":{\"34\":{\"type\":\"text\",\"enabled\":\"1\",\"fields\":{\"text\":\"<p>It was here that the world\\u2019s human story first began, a staggering four million years ago. Today a World Heritage Site, South Africa\\u2019s Cradle of Humankind stands as humbling evidence of the earliest origin of modern humans, who lived and evolved here at the tip of the continent before spreading to the rest of the world. This is where it all started, and we can\\u2019t wait to welcome you home.<\\/p>\\r\\n\\r\\n<p>The spirit of ancient Africa can still be seen today at the site of the lost Iron Age Kingdom of Mapungubwe, an advanced civilisation famous for its gold, which was traded as far as Asia hundreds of years ago. That spirit lives on in culture, tradition and myths, none more fascinating than the Limpopo province\\u2019s Rain Queen Modjadji who still rules today.<br><\\/p>\\r\\n\\r\\n<p>Journey back to a time of war in KwaZulu-Natal, and walk the haunting battlefields where the mighty Zulu Kingdom fought under the reign of the warrior King Shaka Zulu. Then meet the proud Zulu culture of today at one of many cultural villages, and be charmed by their famous animal prints, art, food and traditions passed down over centuries. Of course, you can\\u2019t leave South Africa without immersing yourself in the inspiring story of Nelson Mandela. Follow his footsteps from humble beginnings at Mvezo in the Eastern Cape to his former home in Soweto and on to the tiny prison cell on Robben Island where he spent 18 of his 27 years in prison.<br><\\/p>\"}}},\"15\":\"John Smith\",\"20\":\"\",\"13\":\"From the roots of all humanity to a human story that inspired the world.\",\"23\":[\"133\"],\"24\":\"\",\"21\":\"<p>It was here that the world\\u2019s human story first began, a staggering four million years ago. Today a World Heritage Site, South Africa\\u2019s Cradle of Humankind stands as humbling evidence of the earliest origin of modern humans, who lived and evolved here at the tip of the continent before spreading to the rest of the world.&nbsp;<\\/p>\",\"19\":\"\"}}','2017-02-04 17:12:24','2017-02-04 17:12:24','3c3a2293-3f28-4b3a-9cef-64299bab2ef6'),(143,47,4,1,'en_us',6,NULL,'{\"typeId\":\"4\",\"authorId\":\"1\",\"title\":\"Home Page Slideshow\",\"slug\":\"home-page-slideshow\",\"postDate\":1445782200,\"expiryDate\":null,\"enabled\":\"1\",\"parentId\":null,\"fields\":{\"41\":{\"109\":{\"type\":\"slide\",\"enabled\":\"1\",\"fields\":{\"image\":[\"107\"],\"caption\":\"Explore Cape Town<\\/br> with a Local\",\"linkUrl\":\"\"}},\"110\":{\"type\":\"slide\",\"enabled\":\"1\",\"fields\":{\"image\":[\"108\"],\"caption\":\"Beautiful Cape Town\",\"linkUrl\":\"\"}},\"111\":{\"type\":\"slide\",\"enabled\":\"1\",\"fields\":{\"image\":[\"106\"],\"caption\":\"Cape Town\",\"linkUrl\":\"\"}}}}}','2017-02-07 16:24:01','2017-02-07 16:24:01','ac890666-3819-4ecc-b92d-08c1f3a136e7'),(144,47,4,1,'en_us',7,NULL,'{\"typeId\":\"4\",\"authorId\":\"1\",\"title\":\"Home Page Slideshow\",\"slug\":\"home-page-slideshow\",\"postDate\":1445782200,\"expiryDate\":null,\"enabled\":\"1\",\"parentId\":null,\"fields\":{\"41\":{\"109\":{\"type\":\"slide\",\"enabled\":\"1\",\"fields\":{\"image\":[\"107\"],\"caption\":\"Explore<\\/br>Cape Town<\\/br>with a Local\",\"linkUrl\":\"\"}},\"110\":{\"type\":\"slide\",\"enabled\":\"1\",\"fields\":{\"image\":[\"108\"],\"caption\":\"Beautiful Cape Town\",\"linkUrl\":\"\"}},\"111\":{\"type\":\"slide\",\"enabled\":\"1\",\"fields\":{\"image\":[\"106\"],\"caption\":\"Cape Town\",\"linkUrl\":\"\"}}}}}','2017-02-07 16:24:39','2017-02-07 16:24:39','539c1ff5-a270-45bd-923f-7bc880c8ea75'),(145,2,1,1,'en_us',9,'','{\"typeId\":null,\"authorId\":null,\"title\":\"Home Page\",\"slug\":\"homepage\",\"postDate\":1445675798,\"expiryDate\":null,\"enabled\":1,\"parentId\":null,\"fields\":{\"1\":{\"22\":{\"type\":\"relatedPanel\",\"enabled\":\"1\",\"fields\":{\"panel\":[\"47\"]}},\"23\":{\"type\":\"text\",\"enabled\":\"1\",\"fields\":{\"text\":\"<p>I\\u2019ve got 99 problems and defaults aren\\u2019t 1 of them<\\/p>\"}}}}}','2017-02-07 16:24:43','2017-02-07 16:24:43','77125986-5779-4ada-98d6-34072f4a3a2c'),(146,136,10,1,'en_us',1,'','{\"typeId\":null,\"authorId\":\"1\",\"title\":\"Incredible experience!\",\"slug\":\"incredible-experience\",\"postDate\":1486491966,\"expiryDate\":null,\"enabled\":1,\"parentId\":null,\"fields\":{\"15\":\"Ford Harrison\",\"13\":\"\",\"23\":[\"121\"],\"21\":\"<p>I\'ve a marvellous time in Cape Town. My local took me to so many beautiful places that I wouldn\'t have dared to alone.<\\/p>\"}}','2017-02-07 18:26:07','2017-02-07 18:26:07','33a83093-7523-49cd-83cf-c1ea7eede53a'),(147,138,10,1,'en_us',1,'','{\"typeId\":null,\"authorId\":\"1\",\"title\":\"Charming\",\"slug\":\"charming\",\"postDate\":1486493059,\"expiryDate\":null,\"enabled\":1,\"parentId\":null,\"fields\":{\"15\":\"RobertMPerth\",\"13\":\"\",\"23\":[\"137\"],\"21\":\"<p>We\'ve just returned from a fantastic stay at the Milestone. If you\'re looking for a large, contemporary hotel, this is not for you. But if you\'re looking for somewhere which is full of history and character, where you will be looked after wonderfully, then look no further. The staff could not have been nicer - special mention to the lady.<\\/p>\"}}','2017-02-07 18:44:20','2017-02-07 18:44:20','81267a8b-ccb1-4773-b348-02dec1123001'),(148,139,10,1,'en_us',1,'','{\"typeId\":null,\"authorId\":\"1\",\"title\":\"2nd Great Stay\",\"slug\":\"2nd-great-stay\",\"postDate\":1486493398,\"expiryDate\":null,\"enabled\":1,\"parentId\":null,\"fields\":{\"15\":\"Bill Gates\",\"13\":\"\",\"23\":[\"121\"],\"21\":\"<p>This hotel is just divine. Everything we could have hoped for. The most comfortable bed, amazing food and first class service-nothing was too much trouble. We had candles, rose petals and champagne in our room and tea snuggled by the fire after dinner-it was perfect. We can\'t wait to come back.<\\/p>\"}}','2017-02-07 18:49:59','2017-02-07 18:49:59','5c19bc7f-a877-414f-b279-f8c8cc55224b'),(149,143,11,1,'en_us',1,'','{\"typeId\":null,\"authorId\":\"1\",\"title\":\"Step 1\",\"slug\":\"step-1\",\"postDate\":1486552864,\"expiryDate\":null,\"enabled\":1,\"parentId\":null,\"fields\":{\"13\":\"\",\"23\":[\"142\"],\"21\":\"<p>Our hosts share with you the best their city has to offer. From highlights to hidden gems, from street food to home dinners, find them here.<\\/p>\"}}','2017-02-08 11:21:05','2017-02-08 11:21:05','1175a8dc-4448-4178-8d56-91192d8c4778'),(150,144,11,1,'en_us',1,'','{\"typeId\":null,\"authorId\":\"1\",\"title\":\"Step 2\",\"slug\":\"step-2\",\"postDate\":1486552909,\"expiryDate\":null,\"enabled\":1,\"parentId\":null,\"fields\":{\"13\":\"\",\"23\":[\"140\"],\"21\":\"<p>You found the host you want? Book directly or contact the host to get a 100% personalised offer. Just as you wish.<\\/p>\"}}','2017-02-08 11:21:49','2017-02-08 11:21:49','2bd6dc75-f0c6-4b0a-884e-89fc3e1f5c67'),(151,145,11,1,'en_us',1,'','{\"typeId\":null,\"authorId\":\"1\",\"title\":\"Step 3\",\"slug\":\"step-3\",\"postDate\":1486552950,\"expiryDate\":null,\"enabled\":1,\"parentId\":null,\"fields\":{\"13\":\"\",\"23\":[\"141\"],\"21\":\"<p>You\'re there! Your host welcomes you. Enjoy this memorable experience together :)<\\/p>\"}}','2017-02-08 11:22:30','2017-02-08 11:22:30','9c5de329-62ad-4490-9728-edca6167df29'),(152,146,4,1,'en_us',1,NULL,'{\"typeId\":null,\"authorId\":\"1\",\"title\":\"Experiences\",\"slug\":\"experiences\",\"postDate\":1486566468,\"expiryDate\":null,\"enabled\":1,\"parentId\":null,\"fields\":{\"41\":{\"new1\":{\"type\":\"slide\",\"enabled\":\"1\",\"fields\":{\"image\":[\"121\"],\"caption\":\"100% With locals\",\"linkUrl\":\"\",\"summary\":\"Who you see is who you get. The Withlocals host you book is the host that welcomes you.\"}}}}}','2017-02-08 15:07:49','2017-02-08 15:07:49','b5d9f7f3-1272-49de-9885-14743b3546ab'),(153,146,4,1,'en_us',2,NULL,'{\"typeId\":\"4\",\"authorId\":\"1\",\"title\":\"Experiences\",\"slug\":\"experiences\",\"postDate\":1486566468,\"expiryDate\":null,\"enabled\":\"1\",\"parentId\":null,\"fields\":{\"41\":{\"147\":{\"type\":\"slide\",\"enabled\":\"1\",\"fields\":{\"image\":[\"121\"],\"caption\":\"100% With locals\",\"linkUrl\":\"\",\"summary\":\"Who you see is who you get. The Keep It Local host you book is the host that welcomes you.\"}},\"new1\":{\"type\":\"slide\",\"enabled\":\"1\",\"fields\":{\"image\":[\"121\"],\"caption\":\"100% Private\",\"linkUrl\":\"\",\"summary\":\"All Keep It Local experiences are private, meaning exclusively for you or your group.\"}},\"new2\":{\"type\":\"slide\",\"enabled\":\"1\",\"fields\":{\"image\":[\"121\"],\"caption\":\"A 100% taste of the city\",\"linkUrl\":\"\",\"summary\":\"From city highlights to hidden gems. From food essentials to home dinners. Our hosts share it with you.\"}}}}}','2017-02-08 15:10:36','2017-02-08 15:10:36','45300cce-7319-45c1-87a7-4ae07384f6db'),(154,2,1,1,'en_us',10,'','{\"typeId\":null,\"authorId\":null,\"title\":\"Home Page\",\"slug\":\"homepage\",\"postDate\":1445675798,\"expiryDate\":null,\"enabled\":1,\"parentId\":null,\"fields\":{\"1\":{\"22\":{\"type\":\"relatedPanel\",\"enabled\":\"1\",\"fields\":{\"panel\":[\"47\"]}},\"23\":{\"type\":\"text\",\"enabled\":\"1\",\"fields\":{\"text\":\"<p>I\\u2019ve got 99 problems and defaults aren\\u2019t 1 of them<\\/p>\"}},\"new1\":{\"type\":\"relatedPanel\",\"enabled\":\"1\",\"fields\":{\"panel\":[\"146\"]}},\"new2\":{\"type\":\"relatedPanel\",\"enabled\":\"1\",\"fields\":{\"panel\":\"\"}}}}}','2017-02-08 15:13:24','2017-02-08 15:13:24','6d8eacd4-7c50-43e1-b477-922746fa5198'),(155,152,12,1,'en_us',1,'','{\"typeId\":null,\"authorId\":\"1\",\"title\":\"Keep It Local\",\"slug\":\"keep-it-local\",\"postDate\":1486638921,\"expiryDate\":null,\"enabled\":1,\"parentId\":null,\"fields\":{\"23\":[\"121\"],\"21\":\"<p>Who you see is who you get.&nbsp;The Keep It Local&nbsp;host you book is the&nbsp;host that welcomes you.<\\/p>\\r\\n\\r\\n\"}}','2017-02-09 11:15:23','2017-02-09 11:15:23','be3bafd9-7d6b-462e-9381-364b210fd587'),(156,153,12,1,'en_us',1,'','{\"typeId\":null,\"authorId\":\"1\",\"title\":\"100% Private\",\"slug\":\"100-private\",\"postDate\":1486638979,\"expiryDate\":null,\"enabled\":1,\"parentId\":null,\"fields\":{\"23\":[\"121\"],\"21\":\"All Keep It Local experiences are private, meaning exclusively for you or your group.\"}}','2017-02-09 11:16:20','2017-02-09 11:16:20','492090e4-5d1c-473c-a6fe-3c27e0b4bb33'),(157,154,12,1,'en_us',1,'','{\"typeId\":null,\"authorId\":\"1\",\"title\":\"A 100% Taste of the City\",\"slug\":\"a-100-taste-of-the-city\",\"postDate\":1486639036,\"expiryDate\":null,\"enabled\":1,\"parentId\":null,\"fields\":{\"23\":[\"121\"],\"21\":\"<p>From city highlights to hidden gems.&nbsp;From food essentials to home dinners.&nbsp;Our hosts share it with you.<\\/p>\"}}','2017-02-09 11:17:16','2017-02-09 11:17:16','a8de1919-a2cb-47dd-854e-cdf606526d02'),(158,20,3,1,'en_us',5,'','{\"typeId\":\"3\",\"authorId\":\"1\",\"title\":\"About Keep it Local\",\"slug\":\"about-keep-it-local\",\"postDate\":1445683620,\"expiryDate\":null,\"enabled\":1,\"parentId\":null,\"fields\":{\"1\":{\"21\":{\"type\":\"text\",\"enabled\":\"1\",\"fields\":{\"text\":\"<p>Lorem ipsum dolor sit amet, vis saperet delectus eu, id vel recusabo facilisis. Graece tibique periculis&nbsp;eu cum, at fabulas omittam nec, et vis vitae tantas quaerendum. Pri inani platonem at, vix eu scaevola&nbsp;officiis luptatum. Iusto putent consequat mel ut, dicit nonumes definitiones qui ad.<\\/p>\\r\\n\\r\\n<p>Ius in possim hendrerit, libris electram eos ei. Inani graece vel ei, ipsum melius no mea. Ea usu ullum&nbsp;alterum. Vim ut bonorum efficiantur philosophia.<\\/p>\\r\\n\\r\\n<p>Mei decore laoreet delectus in, dolores maluisset nam no, utamur laboramus cu duo. Ne quo invidunt&nbsp;efficiantur. At solum verterem omittantur sed, eam te consul alterum quaerendum. Error mollis pro in,&nbsp;ea natum molestie vel. Saepe suscipit mandamus id vis, sed ut enim nostrud tacimates. Vide feugiat&nbsp;invidunt vim ea, sint iusto phaedrum est eu.<\\/p>\\r\\n\\r\\n<p>Vix nihil dolore nusquam ea. Eos quaeque docendi concludaturque et, an pri vero referrentur. Hendre-rit philosophia et est, et erat laoreet sensibus vis. Omnis feugiat expetenda pro cu, ius brute malorumex. Ut pri idque maiestatis, nec ut omnium delectus democritum.<\\/p>\"}},\"51\":{\"type\":\"relatedPanel\",\"enabled\":\"1\",\"fields\":{\"panel\":\"\"}},\"112\":{\"type\":\"relatedPanel\",\"enabled\":\"1\",\"fields\":{\"panel\":\"\"}}},\"20\":\"\",\"13\":\"About Keep it Local\",\"24\":\"\",\"19\":\"\"}}','2017-02-09 11:39:40','2017-02-09 11:39:40','dc5893bd-33d9-438f-8b9d-8c7056eb4ab2'),(159,155,3,1,'en_us',1,'','{\"typeId\":null,\"authorId\":\"1\",\"title\":\"How it works\",\"slug\":\"how-it-works\",\"postDate\":1486640434,\"expiryDate\":null,\"enabled\":1,\"parentId\":null,\"fields\":{\"1\":{\"new1\":{\"type\":\"text\",\"enabled\":\"1\",\"fields\":{\"text\":\"<p>Lorem ipsum dolor sit amet, vis saperet delectus eu, id vel recusabo facilisis. Graece tibique periculis<\\/p>\\r\\n\\r\\n<p>eu cum, at fabulas omittam nec, et vis vitae tantas quaerendum. Pri inani platonem at, vix eu scaevola<\\/p>\\r\\n\\r\\n<p>officiis luptatum. Iusto putent consequat mel ut, dicit nonumes definitiones qui ad.<\\/p><p><br><\\/p>\\r\\n\\r\\n<p>Ius in possim hendrerit, libris electram eos ei. Inani graece vel ei, ipsum melius no mea. Ea usu ullum<\\/p>\\r\\n\\r\\n<p>alterum. Vim ut bonorum efficiantur philosophia.<\\/p>\"}}},\"20\":\"\",\"13\":\"How it works\",\"24\":\"\",\"19\":\"\"}}','2017-02-09 11:40:34','2017-02-09 11:40:34','5dfa4264-0ebe-4850-94d3-7209d9dc021b'),(160,157,13,1,'en_us',1,'','{\"typeId\":null,\"authorId\":\"1\",\"title\":\"About Keep it Local\",\"slug\":\"about-keep-it-local\",\"postDate\":1486641686,\"expiryDate\":null,\"enabled\":1,\"parentId\":\"\",\"fields\":{\"26\":\"\\/pages\\/about-keep-it-local\",\"73\":\"letsStart\",\"25\":[\"20\"]}}','2017-02-09 12:01:27','2017-02-09 12:01:27','e707fe54-7ae1-4f20-8438-b83aba7725ab'),(161,158,13,1,'en_us',1,'','{\"typeId\":null,\"authorId\":\"1\",\"title\":\"How it works\",\"slug\":\"how-it-works\",\"postDate\":1486641726,\"expiryDate\":null,\"enabled\":1,\"parentId\":\"\",\"fields\":{\"26\":\"\\/pages\\/how-it-works\",\"73\":\"letsStart\",\"25\":[\"155\"]}}','2017-02-09 12:02:06','2017-02-09 12:02:06','57f97fd0-2242-4e89-b3c4-eb64295010c4'),(162,159,13,1,'en_us',1,'','{\"typeId\":null,\"authorId\":\"1\",\"title\":\"Becoming a local\",\"slug\":\"becoming-a-local\",\"postDate\":1486641761,\"expiryDate\":null,\"enabled\":1,\"parentId\":\"\",\"fields\":{\"26\":\"\\/exp\\/becoming-a-local\",\"73\":\"letsStart\",\"25\":\"\"}}','2017-02-09 12:02:42','2017-02-09 12:02:42','5c9ac3e8-c770-4839-b046-750f835da24d'),(163,160,13,1,'en_us',1,'','{\"typeId\":null,\"authorId\":\"1\",\"title\":\"Finding a local\",\"slug\":\"finding-a-local\",\"postDate\":1486641804,\"expiryDate\":null,\"enabled\":1,\"parentId\":\"\",\"fields\":{\"26\":\"\\/pages\\/finding-a-local\",\"73\":\"letsStart\",\"25\":[\"92\"]}}','2017-02-09 12:03:24','2017-02-09 12:03:24','d4188919-4d3b-46ef-86e6-e785ca56ddac'),(164,161,13,1,'en_us',1,'','{\"typeId\":null,\"authorId\":\"1\",\"title\":\"Booking advice\",\"slug\":\"booking-advice\",\"postDate\":1486641835,\"expiryDate\":null,\"enabled\":1,\"parentId\":\"\",\"fields\":{\"26\":\"\\/pages\\/booking-advice\",\"73\":\"letsStart\",\"25\":[\"113\"]}}','2017-02-09 12:03:55','2017-02-09 12:03:55','2f5ff417-7ae1-425e-b70c-98757f4d4d2c'),(165,162,13,1,'en_us',1,'','{\"typeId\":null,\"authorId\":\"1\",\"title\":\"Blog\",\"slug\":\"blog\",\"postDate\":1486641866,\"expiryDate\":null,\"enabled\":1,\"parentId\":\"\",\"fields\":{\"26\":\"\\/blog\",\"73\":\"letsStart\",\"25\":\"\"}}','2017-02-09 12:04:26','2017-02-09 12:04:26','e855c463-589f-42d8-b77f-97e0eb06419a'),(166,163,13,1,'en_us',1,'','{\"typeId\":null,\"authorId\":\"1\",\"title\":\"Gallery\",\"slug\":\"gallery\",\"postDate\":1486641901,\"expiryDate\":null,\"enabled\":1,\"parentId\":\"\",\"fields\":{\"26\":\"\\/gallery\",\"73\":\"letsStart\",\"25\":\"\"}}','2017-02-09 12:05:02','2017-02-09 12:05:02','10e27586-c1f0-4c37-9eb0-2f24d80af7f9'),(167,164,13,1,'en_us',1,'','{\"typeId\":null,\"authorId\":\"1\",\"title\":\"FAQ\",\"slug\":\"faq\",\"postDate\":1486641968,\"expiryDate\":null,\"enabled\":1,\"parentId\":\"\",\"fields\":{\"26\":\"\\/pages\\/faq\",\"73\":\"letsStart\",\"25\":[\"115\"]}}','2017-02-09 12:06:09','2017-02-09 12:06:09','0108369b-84e1-4080-93d9-1b6ddbcfe524'),(168,165,13,1,'en_us',1,'','{\"typeId\":null,\"authorId\":\"1\",\"title\":\"Privacy policy\",\"slug\":\"privacy-policy\",\"postDate\":1486642097,\"expiryDate\":null,\"enabled\":1,\"parentId\":\"\",\"fields\":{\"26\":\"\\/pages\\/privacy-policy\",\"73\":\"letsStart\",\"25\":[\"119\"]}}','2017-02-09 12:08:17','2017-02-09 12:08:17','4902c264-974d-4775-aa46-96dbcd5cf736'),(169,166,3,1,'en_us',1,'','{\"typeId\":null,\"authorId\":\"1\",\"title\":\"Meet the team\",\"slug\":\"meet-the-team\",\"postDate\":1486642234,\"expiryDate\":null,\"enabled\":1,\"parentId\":null,\"fields\":{\"1\":{\"new1\":{\"type\":\"text\",\"enabled\":\"1\",\"fields\":{\"text\":\"<p>Lorem ipsum dolor sit amet, vis saperet delectus eu, id vel recusabo facilisis. Graece tibique periculis<\\/p>\\r\\n\\r\\n<p>eu cum, at fabulas omittam nec, et vis vitae tantas quaerendum. Pri inani platonem at, vix eu scaevola<\\/p>\\r\\n\\r\\n<p>officiis luptatum. Iusto putent consequat mel ut, dicit nonumes definitiones qui ad.<\\/p><p><br><\\/p>\\r\\n\\r\\n<p>Ius in possim hendrerit, libris electram eos ei. Inani graece vel ei, ipsum melius no mea. Ea usu ullum<\\/p>\\r\\n\\r\\n<p>alterum. Vim ut bonorum efficiantur philosophia.<\\/p>\"}}},\"20\":\"\",\"13\":\"Meet the team\",\"24\":\"\",\"19\":\"\"}}','2017-02-09 12:10:34','2017-02-09 12:10:34','525ec67f-0ee1-4ce9-8c7e-4c2f9519fbb3'),(170,168,3,1,'en_us',1,'','{\"typeId\":null,\"authorId\":\"1\",\"title\":\"Terms & conditions\",\"slug\":\"terms-conditions\",\"postDate\":1486642294,\"expiryDate\":null,\"enabled\":1,\"parentId\":null,\"fields\":{\"1\":{\"new1\":{\"type\":\"text\",\"enabled\":\"1\",\"fields\":{\"text\":\"<p>Lorem ipsum dolor sit amet, vis saperet delectus eu, id vel recusabo facilisis. Graece tibique periculis<\\/p>\\r\\n\\r\\n<p>eu cum, at fabulas omittam nec, et vis vitae tantas quaerendum. Pri inani platonem at, vix eu scaevola<\\/p>\\r\\n\\r\\n<p>officiis luptatum. Iusto putent consequat mel ut, dicit nonumes definitiones qui ad.<\\/p><p><br><\\/p>\\r\\n\\r\\n<p>Ius in possim hendrerit, libris electram eos ei. Inani graece vel ei, ipsum melius no mea. Ea usu ullum<\\/p>\\r\\n\\r\\n<p>alterum. Vim ut bonorum efficiantur philosophia.<\\/p>\"}}},\"20\":\"\",\"13\":\"Terms & conditions\",\"24\":\"\",\"19\":\"\"}}','2017-02-09 12:11:35','2017-02-09 12:11:35','fb15c85c-0594-4a3e-97e4-b46eff3ace73'),(171,170,3,1,'en_us',1,'','{\"typeId\":null,\"authorId\":\"1\",\"title\":\"Payments & pricing\",\"slug\":\"payments-pricing\",\"postDate\":1486642376,\"expiryDate\":null,\"enabled\":1,\"parentId\":null,\"fields\":{\"1\":{\"new1\":{\"type\":\"text\",\"enabled\":\"1\",\"fields\":{\"text\":\"<p>Lorem ipsum dolor sit amet, vis saperet delectus eu, id vel recusabo facilisis. Graece tibique periculis<br><\\/p>\\r\\n\\r\\n<p>eu cum, at fabulas omittam nec, et vis vitae tantas quaerendum. Pri inani platonem at, vix eu scaevola<\\/p>\\r\\n\\r\\n<p>officiis luptatum. Iusto putent consequat mel ut, dicit nonumes definitiones qui ad.<\\/p><p><br><\\/p>\\r\\n\\r\\n<p>Ius in possim hendrerit, libris electram eos ei. Inani graece vel ei, ipsum melius no mea. Ea usu ullum<\\/p>\\r\\n\\r\\n<p>alterum. Vim ut bonorum efficiantur philosophia.<\\/p>\"}}},\"20\":\"\",\"13\":\"Payments & pricing\",\"24\":\"\",\"19\":\"\"}}','2017-02-09 12:12:56','2017-02-09 12:12:56','e1cc1545-80ca-4385-b711-70d1ac5c91b9'),(172,172,3,1,'en_us',1,'','{\"typeId\":null,\"authorId\":\"1\",\"title\":\"Cancellation & refunds\",\"slug\":\"cancellation-refunds\",\"postDate\":1486642433,\"expiryDate\":null,\"enabled\":1,\"parentId\":null,\"fields\":{\"1\":{\"new1\":{\"type\":\"text\",\"enabled\":\"1\",\"fields\":{\"text\":\"<p>Lorem ipsum dolor sit amet, vis saperet delectus eu, id vel recusabo facilisis. Graece tibique periculis<\\/p>\\r\\n\\r\\n<p>eu cum, at fabulas omittam nec, et vis vitae tantas quaerendum. Pri inani platonem at, vix eu scaevola<\\/p>\\r\\n\\r\\n<p>officiis luptatum. Iusto putent consequat mel ut, dicit nonumes definitiones qui ad.<\\/p><p><br><\\/p>\\r\\n\\r\\n<p>Ius in possim hendrerit, libris electram eos ei. Inani graece vel ei, ipsum melius no mea. Ea usu ullum<\\/p>\\r\\n\\r\\n<p>alterum. Vim ut bonorum efficiantur philosophia.<\\/p>\"}}},\"20\":\"\",\"13\":\"Cancellation & refunds\",\"24\":\"\",\"19\":\"\"}}','2017-02-09 12:13:54','2017-02-09 12:13:54','1bb4477d-caf2-4a77-91ba-0b514835ce08'),(173,174,3,1,'en_us',1,'','{\"typeId\":null,\"authorId\":\"1\",\"title\":\"Security\",\"slug\":\"security\",\"postDate\":1486642471,\"expiryDate\":null,\"enabled\":1,\"parentId\":null,\"fields\":{\"1\":{\"new1\":{\"type\":\"text\",\"enabled\":\"1\",\"fields\":{\"text\":\"<p>Lorem ipsum dolor sit amet, vis saperet delectus eu, id vel recusabo facilisis. Graece tibique periculis<\\/p>\\r\\n\\r\\n<p>eu cum, at fabulas omittam nec, et vis vitae tantas quaerendum. Pri inani platonem at, vix eu scaevola<\\/p>\\r\\n\\r\\n<p>officiis luptatum. Iusto putent consequat mel ut, dicit nonumes definitiones qui ad.<\\/p><p><br><\\/p>\\r\\n\\r\\n<p>Ius in possim hendrerit, libris electram eos ei. Inani graece vel ei, ipsum melius no mea. Ea usu ullum<\\/p>\\r\\n\\r\\n<p>alterum. Vim ut bonorum efficiantur philosophia.<\\/p>\"}}},\"20\":\"\",\"13\":\"Security\",\"24\":\"\",\"19\":\"\"}}','2017-02-09 12:14:32','2017-02-09 12:14:32','e7a2fff9-84d8-467f-8f2c-2b109b56761e'),(174,176,3,1,'en_us',1,'','{\"typeId\":null,\"authorId\":\"1\",\"title\":\"Reviews & ratings\",\"slug\":\"reviews-ratings\",\"postDate\":1486642511,\"expiryDate\":null,\"enabled\":1,\"parentId\":null,\"fields\":{\"1\":{\"new1\":{\"type\":\"text\",\"enabled\":\"1\",\"fields\":{\"text\":\"<p>Lorem ipsum dolor sit amet, vis saperet delectus eu, id vel recusabo facilisis. Graece tibique periculis<\\/p>\\r\\n\\r\\n<p>eu cum, at fabulas omittam nec, et vis vitae tantas quaerendum. Pri inani platonem at, vix eu scaevola<\\/p>\\r\\n\\r\\n<p>officiis luptatum. Iusto putent consequat mel ut, dicit nonumes definitiones qui ad.<\\/p><p><br><\\/p>\\r\\n\\r\\n<p>Ius in possim hendrerit, libris electram eos ei. Inani graece vel ei, ipsum melius no mea. Ea usu ullum<\\/p>\\r\\n\\r\\n<p>alterum. Vim ut bonorum efficiantur philosophia.<\\/p>\"}}},\"20\":\"\",\"13\":\"Reviews & ratings\",\"24\":\"\",\"19\":\"\"}}','2017-02-09 12:15:11','2017-02-09 12:15:11','8b22e283-a840-494c-b255-4cbbeaa71ee1'),(177,179,13,1,'en_us',1,'','{\"typeId\":null,\"authorId\":\"1\",\"title\":\"Terms & conditions\",\"slug\":\"terms-conditions\",\"postDate\":1486642753,\"expiryDate\":null,\"enabled\":1,\"parentId\":\"\",\"fields\":{\"26\":\"\\/pages\\/terms-conditions\",\"73\":\"other\",\"25\":[\"168\"]}}','2017-02-09 12:19:14','2017-02-09 12:19:14','ce542509-8554-4a31-8404-3d523a979673'),(178,180,13,1,'en_us',1,'','{\"typeId\":null,\"authorId\":\"1\",\"title\":\"Payments & pricing\",\"slug\":\"payments-pricing\",\"postDate\":1486642789,\"expiryDate\":null,\"enabled\":1,\"parentId\":\"\",\"fields\":{\"26\":\"\\/pages\\/payments-pricing\",\"73\":\"other\",\"25\":[\"170\"]}}','2017-02-09 12:19:50','2017-02-09 12:19:50','d22ebb1e-7ec7-4f89-8a90-e5e36e9d470f'),(179,181,13,1,'en_us',1,'','{\"typeId\":null,\"authorId\":\"1\",\"title\":\"Cancellation & refunds\",\"slug\":\"cancellation-refunds\",\"postDate\":1486642842,\"expiryDate\":null,\"enabled\":1,\"parentId\":\"\",\"fields\":{\"26\":\"\\/pages\\/cancellation-refunds\",\"73\":\"other\",\"25\":\"\"}}','2017-02-09 12:20:42','2017-02-09 12:20:42','9d3a7dc0-6cfa-4536-b95e-c8e81563bf61'),(180,181,13,1,'en_us',2,'','{\"typeId\":\"18\",\"authorId\":\"1\",\"title\":\"Cancellation & refunds\",\"slug\":\"cancellation-refunds\",\"postDate\":1486642800,\"expiryDate\":null,\"enabled\":1,\"parentId\":\"\",\"fields\":{\"26\":\"\\/pages\\/cancellation-refunds\",\"73\":\"other\",\"25\":[\"172\"]}}','2017-02-09 12:21:08','2017-02-09 12:21:08','73969c2c-322d-4ce8-9430-77cd22804d1a'),(181,182,13,1,'en_us',1,'','{\"typeId\":null,\"authorId\":\"1\",\"title\":\"Security\",\"slug\":\"security\",\"postDate\":1486642957,\"expiryDate\":null,\"enabled\":1,\"parentId\":\"\",\"fields\":{\"26\":\"\\/pages\\/security\",\"73\":\"letsStart\",\"25\":[\"174\"]}}','2017-02-09 12:22:38','2017-02-09 12:22:38','0ea2a46a-233c-4c4f-a058-d309e954a98b'),(182,183,13,1,'en_us',1,'','{\"typeId\":null,\"authorId\":\"1\",\"title\":\"Reviews & ratings\",\"slug\":\"reviews-ratings\",\"postDate\":1486643007,\"expiryDate\":null,\"enabled\":1,\"parentId\":\"\",\"fields\":{\"26\":\"\\/pages\\/reviews-ratings\",\"73\":\"other\",\"25\":[\"176\"]}}','2017-02-09 12:23:28','2017-02-09 12:23:28','545a4f8d-507a-4677-9890-7f9a78017c08'),(183,182,13,1,'en_us',2,'','{\"typeId\":\"18\",\"authorId\":\"1\",\"title\":\"Security\",\"slug\":\"security\",\"postDate\":1486642920,\"expiryDate\":null,\"enabled\":1,\"parentId\":\"\",\"fields\":{\"26\":\"\\/pages\\/security\",\"73\":\"other\",\"25\":[\"174\"]}}','2017-02-09 12:23:46','2017-02-09 12:23:46','1bda20bc-7753-4b74-9e9b-ad14be691f87'),(184,24,5,1,'en_us',6,'','{\"typeId\":\"6\",\"authorId\":\"1\",\"title\":\"About Us\",\"slug\":\"about-keep-it-local\",\"postDate\":1445687280,\"expiryDate\":null,\"enabled\":1,\"parentId\":\"\",\"fields\":{\"26\":\"about-us\"}}','2017-02-09 14:09:52','2017-02-09 14:09:52','7d6c9930-0d00-4182-b9d3-2320e0750b51'),(185,26,5,1,'en_us',4,'','{\"typeId\":\"5\",\"authorId\":\"1\",\"title\":\"How It Works\",\"slug\":\"how-it-works\",\"postDate\":1445688060,\"expiryDate\":null,\"enabled\":1,\"parentId\":\"\",\"fields\":{\"25\":[\"155\"]}}','2017-02-09 14:11:12','2017-02-09 14:11:12','35ac0eed-46b7-40fe-9b1f-a7c2ed8851eb'),(186,184,3,1,'en_us',1,'','{\"typeId\":null,\"authorId\":\"1\",\"title\":\"Become a Local\",\"slug\":\"become-a-local\",\"postDate\":1486649557,\"expiryDate\":null,\"enabled\":1,\"parentId\":null,\"fields\":{\"1\":{\"new1\":{\"type\":\"text\",\"enabled\":\"1\",\"fields\":{\"text\":\"<p>Lorem ipsum dolor sit amet, vis saperet delectus eu, id vel recusabo facilisis. Graece tibique periculis<\\/p>\\r\\n\\r\\n<p>eu cum, at fabulas omittam nec, et vis vitae tantas quaerendum. Pri inani platonem at, vix eu scaevola<\\/p>\\r\\n\\r\\n<p>officiis luptatum. Iusto putent consequat mel ut, dicit nonumes definitiones qui ad.<\\/p>\\r\\n\\r\\n<p>Ius in possim hendrerit, libris electram eos ei. Inani graece vel ei, ipsum melius no mea. Ea usu ullum<\\/p>\\r\\n\\r\\n<p>alterum. Vim ut bonorum efficiantur philosophia.<\\/p><p>Lorem ipsum dolor sit amet, vis saperet delectus eu, id vel recusabo facilisis. Graece tibique periculis<\\/p>\\r\\n\\r\\n<p>eu cum, at fabulas omittam nec, et vis vitae tantas quaerendum. Pri inani platonem at, vix eu scaevola<\\/p>\\r\\n\\r\\n<p>officiis luptatum. Iusto putent consequat mel ut, dicit nonumes definitiones qui ad.<\\/p>\\r\\n\\r\\n<p>Ius in possim hendrerit, libris electram eos ei. Inani graece vel ei, ipsum melius no mea. Ea usu ullum<\\/p>\\r\\n\\r\\n<p>alterum. Vim ut bonorum efficiantur philosophia.<\\/p><p><br><\\/p>\"}}},\"20\":\"\",\"13\":\"Become a Local\",\"24\":\"\",\"19\":\"\"}}','2017-02-09 14:12:38','2017-02-09 14:12:38','5cadc97d-18cd-4211-8953-84c1177ea066'),(187,25,5,1,'en_us',4,'','{\"typeId\":\"5\",\"authorId\":\"1\",\"title\":\"Become a Local\",\"slug\":\"become-a-local\",\"postDate\":1445687280,\"expiryDate\":null,\"enabled\":1,\"parentId\":\"\",\"fields\":{\"25\":[\"184\"]}}','2017-02-09 14:12:55','2017-02-09 14:12:55','621da434-76c7-4ab6-92de-3ec109ee0f88'),(188,95,5,1,'en_us',3,'','{\"typeId\":\"5\",\"authorId\":\"1\",\"title\":\"Find a Host\",\"slug\":\"become-a-local\",\"postDate\":1454961060,\"expiryDate\":null,\"enabled\":1,\"parentId\":\"\",\"fields\":{\"25\":[\"92\"]}}','2017-02-09 14:13:52','2017-02-09 14:13:52','fc86042e-e385-438c-a086-24353d9e2cdd'),(189,154,12,1,'en_us',2,'','{\"typeId\":\"17\",\"authorId\":\"1\",\"title\":\"A 100% Taste of the City\",\"slug\":\"a-100-taste-of-the-city\",\"postDate\":1486639020,\"expiryDate\":null,\"enabled\":1,\"parentId\":null,\"fields\":{\"23\":[\"186\"],\"21\":\"<p>From city highlights to hidden gems.&nbsp;From food essentials to home dinners.&nbsp;Our hosts share it with you.<\\/p>\"}}','2017-02-09 15:51:08','2017-02-09 15:51:08','7ac7bff6-ed17-453d-b16b-cdcc19f1a50f'),(190,20,3,1,'en_us',6,'','{\"typeId\":\"3\",\"authorId\":\"1\",\"title\":\"About Keep it Local\",\"slug\":\"about-keep-it-local\",\"postDate\":1445683620,\"expiryDate\":null,\"enabled\":1,\"parentId\":null,\"fields\":{\"1\":{\"21\":{\"type\":\"text\",\"enabled\":\"1\",\"fields\":{\"text\":\"<p>Lorem ipsum dolor sit amet, vis saperet delectus eu, id vel recusabo facilisis. Graece tibique periculis&nbsp;eu cum, at fabulas omittam nec, et vis vitae tantas quaerendum. Pri inani platonem at, vix eu scaevola&nbsp;officiis luptatum. Iusto putent consequat mel ut, dicit nonumes definitiones qui ad.<\\/p>\\r\\n\\r\\n<p>Ius in possim hendrerit, libris electram eos ei. Inani graece vel ei, ipsum melius no mea. Ea usu ullum&nbsp;alterum. Vim ut bonorum efficiantur philosophia.<\\/p>\\r\\n\\r\\n\\r\\n\\r\\n<p>Mei decore laoreet delectus in, dolores maluisset nam no, utamur laboramus cu duo. Ne quo invidunt&nbsp;efficiantur. At solum verterem omittantur sed, eam te consul alterum quaerendum. Error mollis pro in,&nbsp;ea natum molestie vel. Saepe suscipit mandamus id vis, sed ut enim nostrud tacimates. Vide feugiat&nbsp;invidunt vim ea, sint iusto phaedrum est eu.<\\/p>\\r\\n\\r\\n\\r\\n\\r\\n<p>Vix nihil dolore nusquam ea. Eos quaeque docendi concludaturque et, an pri vero referrentur. Hendre-rit philosophia et est, et erat laoreet sensibus vis. Omnis feugiat expetenda pro cu, ius brute malorumex. Ut pri idque maiestatis, nec ut omnium delectus democritum.<\\/p>\"}},\"51\":{\"type\":\"relatedPanel\",\"enabled\":\"1\",\"fields\":{\"panel\":\"\"}},\"112\":{\"type\":\"relatedPanel\",\"enabled\":\"1\",\"fields\":{\"panel\":\"\"}}},\"20\":\"\",\"13\":\"About Keep it Local\",\"24\":\"\",\"19\":\"\"}}','2017-02-11 14:28:22','2017-02-11 14:28:22','f5589115-288c-476b-8818-ee4b002adc61'),(191,24,5,1,'en_us',7,'','{\"typeId\":\"5\",\"authorId\":\"1\",\"title\":\"About Us\",\"slug\":\"about-keep-it-local\",\"postDate\":1445687280,\"expiryDate\":null,\"enabled\":1,\"parentId\":\"\",\"fields\":{\"25\":\"\"}}','2017-02-11 14:28:48','2017-02-11 14:28:48','30ee3979-8efc-409b-a8a6-9575e6fb20f0'),(192,24,5,1,'en_us',8,'','{\"typeId\":\"5\",\"authorId\":\"1\",\"title\":\"About Us\",\"slug\":\"about-keep-it-local\",\"postDate\":1445687280,\"expiryDate\":null,\"enabled\":1,\"parentId\":\"\",\"fields\":{\"25\":[\"20\"]}}','2017-02-11 14:29:12','2017-02-11 14:29:12','0effaea5-8456-4754-8cef-946e42a7f6fd'),(193,157,13,1,'en_us',2,'','{\"typeId\":\"18\",\"authorId\":\"1\",\"title\":\"About Keep it Local\",\"slug\":\"about-keep-it-local\",\"postDate\":1486641660,\"expiryDate\":null,\"enabled\":1,\"parentId\":\"\",\"fields\":{\"26\":\"\",\"73\":\"letsStart\",\"25\":[\"20\"]}}','2017-02-11 14:30:14','2017-02-11 14:30:14','6c2451c5-c045-456d-b579-bf0dac5fbf98'),(194,20,3,1,'en_us',7,'','{\"typeId\":\"3\",\"authorId\":\"1\",\"title\":\"About Keep it Local\",\"slug\":\"about-keep-it-local\",\"postDate\":1445683620,\"expiryDate\":null,\"enabled\":1,\"parentId\":null,\"fields\":{\"1\":{\"21\":{\"type\":\"text\",\"enabled\":\"1\",\"fields\":{\"text\":\"<p>Lorem ipsum dolor sit amet, vis saperet delectus eu, id vel recusabo facilisis. Graece tibique periculis&nbsp;eu cum, at fabulas omittam nec, et vis vitae tantas quaerendum. Pri inani platonem at, vix eu scaevola&nbsp;officiis luptatum. Iusto putent consequat mel ut, dicit nonumes definitiones qui ad.<\\/p>\\r\\n\\r\\n<p>Ius in possim hendrerit, libris electram eos ei. Inani graece vel ei, ipsum melius no mea. Ea usu ullum&nbsp;alterum. Vim ut bonorum efficiantur philosophia.<\\/p>\\r\\n\\r\\n\\r\\n\\r\\n\\r\\n\\r\\n<p>Mei decore laoreet delectus in, dolores maluisset nam no, utamur laboramus cu duo. Ne quo invidunt&nbsp;efficiantur. At solum verterem omittantur sed, eam te consul alterum quaerendum. Error mollis pro in,&nbsp;ea natum molestie vel. Saepe suscipit mandamus id vis, sed ut enim nostrud tacimates. Vide feugiat&nbsp;invidunt vim ea, sint iusto phaedrum est eu.<\\/p>\\r\\n\\r\\n\\r\\n\\r\\n\\r\\n\\r\\n<p>Vix nihil dolore nusquam ea. Eos quaeque docendi concludaturque et, an pri vero referrentur. Hendre-rit philosophia et est, et erat laoreet sensibus vis. Omnis feugiat expetenda pro cu, ius brute malorumex. Ut pri idque maiestatis, nec ut omnium delectus democritum.<\\/p>\"}}},\"20\":\"\",\"13\":\"About Keep it Local\",\"24\":\"\",\"19\":\"\"}}','2017-02-11 14:33:23','2017-02-11 14:33:23','95a0461a-67b6-4169-89b3-1bdb438d5094'),(195,157,13,1,'en_us',3,'','{\"typeId\":\"18\",\"authorId\":\"1\",\"title\":\"About Keep it Local\",\"slug\":\"about-keep-it-local\",\"postDate\":1486641660,\"expiryDate\":null,\"enabled\":1,\"parentId\":\"\",\"fields\":{\"26\":\"\\/pages\\/about-keep-it-local\",\"73\":\"letsStart\",\"25\":[\"20\"]}}','2017-02-11 14:34:09','2017-02-11 14:34:09','4f910717-6b62-4c56-8230-7ab7208e04a9'),(196,184,3,1,'en_us',2,'','{\"typeId\":\"3\",\"authorId\":\"1\",\"title\":\"Becoming a Local\",\"slug\":\"becoming-a-local\",\"postDate\":1486649520,\"expiryDate\":null,\"enabled\":1,\"parentId\":null,\"fields\":{\"1\":{\"185\":{\"type\":\"text\",\"enabled\":\"1\",\"fields\":{\"text\":\"<p>Lorem ipsum dolor sit amet, vis saperet delectus eu, id vel recusabo facilisis. Graece tibique periculis<\\/p>\\r\\n\\r\\n<p>eu cum, at fabulas omittam nec, et vis vitae tantas quaerendum. Pri inani platonem at, vix eu scaevola<\\/p>\\r\\n\\r\\n\\r\\n\\r\\n<p>officiis luptatum. Iusto putent consequat mel ut, dicit nonumes definitiones qui ad.<\\/p>\\r\\n\\r\\n\\r\\n\\r\\n<p>Ius in possim hendrerit, libris electram eos ei. Inani graece vel ei, ipsum melius no mea. Ea usu ullum<\\/p>\\r\\n\\r\\n\\r\\n\\r\\n<p>alterum. Vim ut bonorum efficiantur philosophia.<\\/p>\\r\\n\\r\\n<p>Lorem ipsum dolor sit amet, vis saperet delectus eu, id vel recusabo facilisis. Graece tibique periculis<\\/p>\\r\\n\\r\\n\\r\\n\\r\\n<p>eu cum, at fabulas omittam nec, et vis vitae tantas quaerendum. Pri inani platonem at, vix eu scaevola<\\/p>\\r\\n\\r\\n\\r\\n\\r\\n<p>officiis luptatum. Iusto putent consequat mel ut, dicit nonumes definitiones qui ad.<\\/p>\\r\\n\\r\\n\\r\\n\\r\\n<p>Ius in possim hendrerit, libris electram eos ei. Inani graece vel ei, ipsum melius no mea. Ea usu ullum<\\/p>\\r\\n\\r\\n\\r\\n\\r\\n<p>alterum. Vim ut bonorum efficiantur philosophia.<\\/p>\\r\\n\\r\\n<p><br><\\/p>\"}}},\"20\":\"\",\"13\":\"Becoming a Local\",\"24\":\"\",\"19\":\"\"}}','2017-02-11 14:49:27','2017-02-11 14:49:27','4f67b008-4811-44ff-b52f-4724185f53b6'),(197,25,5,1,'en_us',5,'','{\"typeId\":\"5\",\"authorId\":\"1\",\"title\":\"Become a Local\",\"slug\":\"becoming-a-local\",\"postDate\":1445687280,\"expiryDate\":null,\"enabled\":1,\"parentId\":\"\",\"fields\":{\"25\":[\"184\"]}}','2017-02-11 14:50:01','2017-02-11 14:50:01','d41ad037-2aba-47b2-830c-f692e7bebda6'),(198,159,13,1,'en_us',2,'','{\"typeId\":\"18\",\"authorId\":\"1\",\"title\":\"Becoming a local\",\"slug\":\"becoming-a-local\",\"postDate\":1486641720,\"expiryDate\":null,\"enabled\":1,\"parentId\":\"\",\"fields\":{\"26\":\"\\/pages\\/becoming-a-local\",\"73\":\"letsStart\",\"25\":[\"184\"]}}','2017-02-11 14:50:31','2017-02-11 14:50:31','5b29247f-292a-4a6e-8a9e-6343cd315ad1'),(199,196,4,1,'en_us',1,'','{\"typeId\":\"4\",\"authorId\":\"1\",\"title\":\"Blog Images\",\"slug\":\"blog-images\",\"postDate\":1486837729,\"expiryDate\":null,\"enabled\":1,\"parentId\":null,\"fields\":{\"41\":{\"new1\":{\"type\":\"slide\",\"enabled\":\"1\",\"fields\":{\"image\":[\"190\"],\"caption\":\"\",\"linkUrl\":\"\",\"summary\":\"Testing\"}},\"new2\":{\"type\":\"slide\",\"enabled\":\"1\",\"fields\":{\"image\":[\"187\"],\"caption\":\"\",\"linkUrl\":\"\",\"summary\":\"Auto\"}},\"new3\":{\"type\":\"slide\",\"enabled\":\"1\",\"fields\":{\"image\":[\"191\"],\"caption\":\"\",\"linkUrl\":\"\",\"summary\":\"Bathurst\"}},\"new4\":{\"type\":\"slide\",\"enabled\":\"1\",\"fields\":{\"image\":[\"130\"],\"caption\":\"\",\"linkUrl\":\"\",\"summary\":\"Auto Center\"}}}}}','2017-02-11 18:28:50','2017-02-11 18:28:50','ecea6551-70d4-49fe-ba81-2a13adbbe7e0'),(200,96,2,1,'en_us',6,'','{\"typeId\":\"2\",\"authorId\":\"1\",\"title\":\"Brilliant Backpacking along the Garden Route\",\"slug\":\"brilliant-backpacking-along-the-garden-route\",\"postDate\":1462454820,\"expiryDate\":null,\"enabled\":1,\"parentId\":null,\"fields\":{\"1\":{\"129\":{\"type\":\"text\",\"enabled\":\"1\",\"fields\":{\"text\":\"<p>South Africa is the ultimate destination for wanderlusters looking to backpack their way through the adventure of a lifetime. The country is renowned for scenic beauty, friendly people and sun-soaked coastlines. What better place to set off on a backpacking adventure than the spectacular Garden Route in the Western Cape.<\\/p>\\r\\n\\r\\n<p>Let it be the canvas of your journey like&nbsp;<a href=\\\"http:\\/\\/budgettraveller.org\\/\\\" target=\\\"_blank\\\" class=\\\"external_link\\\">Kash Bhattacharya<\\/a>&nbsp;who began his adventure at&nbsp; Chinsta in the Eastern Cape and went all the way along the Western Cape coastline to end up in Cape Town.&nbsp; This led him to put together an impressive guide to packing in South Africa, covering the best accommodation, routes, and unforgettable experiences.<\\/p>\\r\\n\\r\\n\\r\\n\\r\\n<p>\\u201cThe perfect way to start your day in Chintsa is to go for a walk along the beach at dawn (it\\u2019s right on the doorstep of the hostel). Check out the beach horse trail (R350\\/\\u20ac33 \\u2013 3.5 hours long) that leaves from the hostel at sunrise, before enjoying your breakfast and coffee on the sun terrace.\\u201d<\\/p>\\r\\n\\r\\n\\r\\n\\r\\n<p>\\u201c The craft beer revolution has come to Chintsa, and there is a fantastic local brewery, the Emerald Vale Craft Brewery. There you can get a tour of the factory and afterwards have a few tastings before hopping back onto the bus feeling refreshed \\u201c he says.<\\/p>\\r\\n\\r\\n\\r\\n\\r\\n<p><br><\\/p>\"}},\"new1\":{\"type\":\"relatedPanel\",\"enabled\":\"1\",\"fields\":{\"panel\":[\"196\"]}}},\"15\":\"Someone\",\"20\":\"\",\"13\":\"Brilliant Backpacking along the Garden Route\",\"23\":[\"130\"],\"24\":\"\",\"21\":\"<p>South Africa is the ultimate destination for wanderlusters looking to backpack their way through the adventure of a lifetime. The country is renowned for scenic beauty, friendly people and sun-soaked coastlines. What better place to set off on a backpacking adventure than the spectacular Garden Route in the Western Cape.<\\/p>\",\"19\":\"\"}}','2017-02-11 18:29:35','2017-02-11 18:29:35','70121e1c-6328-40fb-8cb3-aef0b3300152'),(202,166,3,1,'en_us',2,'','{\"typeId\":\"3\",\"authorId\":\"1\",\"title\":\"Meet the team\",\"slug\":\"meet-the-team\",\"postDate\":1486642200,\"expiryDate\":null,\"enabled\":1,\"parentId\":null,\"fields\":{\"1\":{\"new1\":{\"type\":\"relatedPanel\",\"enabled\":\"1\",\"fields\":{\"panel\":\"\"}}},\"20\":\"\",\"13\":\"Meet the team\",\"24\":\"\",\"19\":\"\"}}','2017-02-12 20:08:16','2017-02-12 20:08:16','4d5c35bb-7360-45c9-9598-227821c4bae7'),(203,205,4,1,'en_us',1,'','{\"typeId\":\"19\",\"authorId\":\"1\",\"title\":\"Team\",\"slug\":\"team\",\"postDate\":1486932273,\"expiryDate\":null,\"enabled\":1,\"parentId\":null,\"fields\":{\"74\":{\"new1\":{\"type\":\"profile\",\"enabled\":\"1\",\"fields\":{\"memberName\":\"Profile1 Name1\",\"summary\":\"A short blurb on team member and their involvement with Keep it Local.\",\"image\":[\"202\"]}},\"new3\":{\"type\":\"profile\",\"enabled\":\"1\",\"fields\":{\"memberName\":\"Profile1 Name1\",\"summary\":\"A short blurb on team member and their involvement with Keep it Local.\",\"image\":[\"121\"]}},\"new4\":{\"type\":\"profile\",\"enabled\":\"1\",\"fields\":{\"memberName\":\"Profile2 Name2\",\"summary\":\"A short blurb on team member and their involvement with Keep it Local.\",\"image\":[\"202\"]}},\"new5\":{\"type\":\"profile\",\"enabled\":\"1\",\"fields\":{\"memberName\":\"Profile3 Name3\",\"summary\":\"A short blurb on team member and their involvement with Keep it Local.\",\"image\":[\"202\"]}},\"new6\":{\"type\":\"profile\",\"enabled\":\"1\",\"fields\":{\"memberName\":\"Profile4 Name4\",\"summary\":\"A short blurb on team member and their involvement with Keep it Local.\",\"image\":[\"202\"]}},\"new7\":{\"type\":\"profile\",\"enabled\":\"1\",\"fields\":{\"memberName\":\"Profile5 Name5\",\"summary\":\"A short blurb on team member and their involvement with Keep it Local.\",\"image\":[\"202\"]}},\"new8\":{\"type\":\"profile\",\"enabled\":\"1\",\"fields\":{\"memberName\":\"Profile6 Name6\",\"summary\":\"A short blurb on team member and their involvement with Keep it Local.\",\"image\":[\"202\"]}}}}}','2017-02-12 20:44:34','2017-02-12 20:44:34','7436e1b2-8863-4daa-9066-fce5e66b0b28'),(204,205,4,1,'en_us',2,NULL,'{\"typeId\":\"19\",\"authorId\":\"1\",\"title\":\"Team\",\"slug\":\"team\",\"postDate\":1486932273,\"expiryDate\":null,\"enabled\":\"1\",\"parentId\":null,\"fields\":{\"74\":{\"206\":{\"type\":\"profile\",\"enabled\":\"1\",\"fields\":{\"memberName\":\"Profile1 Name1\",\"summary\":\"A short blurb on team member and their involvement with Keep it Local.\",\"image\":[\"202\"]}},\"207\":{\"type\":\"profile\",\"enabled\":\"1\",\"fields\":{\"memberName\":\"Profile1 Name1\",\"summary\":\"A short blurb on team member and their involvement with Keep it Local.\",\"image\":[\"121\"]}},\"208\":{\"type\":\"profile\",\"enabled\":\"1\",\"fields\":{\"memberName\":\"Profile2 Name2\",\"summary\":\"A short blurb on team member and their involvement with Keep it Local.\",\"image\":[\"202\"]}},\"209\":{\"type\":\"profile\",\"enabled\":\"1\",\"fields\":{\"memberName\":\"Profile3 Name3\",\"summary\":\"A short blurb on team member and their involvement with Keep it Local.\",\"image\":[\"202\"]}},\"210\":{\"type\":\"profile\",\"enabled\":\"1\",\"fields\":{\"memberName\":\"Profile4 Name4\",\"summary\":\"A short blurb on team member and their involvement with Keep it Local.\",\"image\":[\"202\"]}},\"211\":{\"type\":\"profile\",\"enabled\":\"1\",\"fields\":{\"memberName\":\"Profile5 Name5\",\"summary\":\"A short blurb on team member and their involvement with Keep it Local.\",\"image\":[\"202\"]}},\"212\":{\"type\":\"profile\",\"enabled\":\"1\",\"fields\":{\"memberName\":\"Profile6 Name6\",\"summary\":\"A short blurb on team member and their involvement with Keep it Local.\",\"image\":[\"202\"]}}}}}','2017-02-12 20:45:14','2017-02-12 20:45:14','a3fbf65a-c33c-4fa7-b72a-48d12305a769'),(205,166,3,1,'en_us',3,'','{\"typeId\":\"3\",\"authorId\":\"1\",\"title\":\"Meet the team\",\"slug\":\"meet-the-team\",\"postDate\":1486642200,\"expiryDate\":null,\"enabled\":1,\"parentId\":null,\"fields\":{\"1\":{\"204\":{\"type\":\"relatedPanel\",\"enabled\":\"1\",\"fields\":{\"panel\":[\"205\"]}}},\"20\":\"\",\"13\":\"Meet the team\",\"24\":\"\",\"19\":\"\"}}','2017-02-12 20:45:18','2017-02-12 20:45:18','f91752e6-e7c6-4c91-b4bf-b0b4091b58c2'),(206,216,4,1,'en_us',1,'','{\"typeId\":\"20\",\"authorId\":\"1\",\"title\":\"Booking advice\",\"slug\":\"booking-advice\",\"postDate\":1486935968,\"expiryDate\":null,\"enabled\":1,\"parentId\":null,\"fields\":{\"78\":{\"new1\":{\"type\":\"advice\",\"enabled\":\"1\",\"fields\":{\"image\":[\"213\"],\"summary\":\"A short blurb on step 1. Select a location of destination.\"}},\"new2\":{\"type\":\"advice\",\"enabled\":\"1\",\"fields\":{\"image\":[\"214\"],\"summary\":\"A short blurb on step 2. Select a date. \"}},\"new3\":{\"type\":\"advice\",\"enabled\":\"1\",\"fields\":{\"image\":[\"215\"],\"summary\":\"A short blurb on step 3. Select a local providing an experience of your choice.\"}}}}}','2017-02-12 21:46:08','2017-02-12 21:46:08','859fff9c-6dd0-4e4d-8140-9dd54bf31302'),(207,113,3,1,'en_us',2,'','{\"typeId\":\"3\",\"authorId\":\"1\",\"title\":\"Booking advice\",\"slug\":\"booking-advice\",\"postDate\":1486224840,\"expiryDate\":null,\"enabled\":1,\"parentId\":null,\"fields\":{\"1\":{\"new1\":{\"type\":\"relatedPanel\",\"enabled\":\"1\",\"fields\":{\"panel\":[\"216\"]}}},\"20\":\"\",\"13\":\"Booking advice\",\"24\":\"\",\"19\":\"\"}}','2017-02-12 21:47:44','2017-02-12 21:47:44','c41367c8-c4ec-44c4-8e71-1f29e4dd3258'),(208,221,4,1,'en_us',1,'','{\"typeId\":\"21\",\"authorId\":\"1\",\"title\":\"Becoming a Local\",\"slug\":\"becoming-a-local\",\"postDate\":1486939001,\"expiryDate\":null,\"enabled\":1,\"parentId\":null,\"fields\":{\"81\":{\"new1\":{\"type\":\"steps\",\"enabled\":\"1\",\"fields\":{\"displayTitle\":\"Step 1\",\"image\":[\"202\"],\"summary\":\"A short blurb on step 1. This needs to be used in order to help the user fully understand the process, but necessarily to do with monetary concerns.\"}},\"new2\":{\"type\":\"steps\",\"enabled\":\"1\",\"fields\":{\"displayTitle\":\"Step 1\",\"image\":[\"202\"],\"summary\":\"A short blurb on step 1. This needs to be used in order to help the user fully understand the process, but necessarily to do with monetary concerns.\"}},\"new3\":{\"type\":\"steps\",\"enabled\":\"1\",\"fields\":{\"displayTitle\":\"Step 3\",\"image\":[\"202\"],\"summary\":\"A short blurb on step 1. This needs to be used in order to help the user fully understand the process, but necessarily to do with monetary concerns.\"}}}}}','2017-02-12 22:36:42','2017-02-12 22:36:42','c45c3358-cfe1-46a4-9252-85bb57640437'),(209,221,4,1,'en_us',2,'','{\"typeId\":\"21\",\"authorId\":\"1\",\"title\":\"Becoming a Local\",\"slug\":\"becoming-a-local\",\"postDate\":1486938960,\"expiryDate\":null,\"enabled\":1,\"parentId\":null,\"fields\":{\"81\":\"\"}}','2017-02-12 22:40:11','2017-02-12 22:40:11','d21cc52c-78c8-43a6-9f53-17ae1918e8c3'),(210,221,4,1,'en_us',3,'','{\"typeId\":\"21\",\"authorId\":\"1\",\"title\":\"Becoming a Local\",\"slug\":\"becoming-a-local\",\"postDate\":1486938960,\"expiryDate\":null,\"enabled\":1,\"parentId\":null,\"fields\":{\"81\":{\"new1\":{\"type\":\"step\",\"enabled\":\"1\",\"fields\":{\"displayTitle\":\"Step 1\",\"image\":[\"202\"],\"summary\":\"A short blurb on step 1. This needs to be used in order to help the user fully understand the process, but necessarily to do with monetary concerns.\"}},\"new2\":{\"type\":\"step\",\"enabled\":\"1\",\"fields\":{\"displayTitle\":\"Step 2\",\"image\":[\"202\"],\"summary\":\"A short blurb on step 2. This needs to be used in order to help the user fully understand the process, but necessarily to do with monetary concerns.\"}},\"new3\":{\"type\":\"step\",\"enabled\":\"1\",\"fields\":{\"displayTitle\":\"Step 3\",\"image\":[\"202\"],\"summary\":\"A short blurb on step 3. This needs to be used in order to help the user fully understand the process, but not to do with monetary concerns.\"}}}}}','2017-02-12 22:43:46','2017-02-12 22:43:46','0e322094-47f4-4987-be0c-22e99f44ed43'),(211,184,3,1,'en_us',3,'','{\"typeId\":\"3\",\"authorId\":\"1\",\"title\":\"Becoming a Local\",\"slug\":\"becoming-a-local\",\"postDate\":1486649520,\"expiryDate\":null,\"enabled\":1,\"parentId\":null,\"fields\":{\"1\":{\"185\":{\"type\":\"text\",\"enabled\":\"1\",\"fields\":{\"text\":\"<p>Lorem ipsum dolor sit amet, vis saperet delectus eu, id vel recusabo facilisis. Graece tibique periculis&nbsp;eu cum, at fabulas omittam nec, et vis vitae tantas quaerendum. Pri inani platonem at, vix eu scaevola&nbsp;officiis luptatum. Iusto putent consequat mel ut, dicit nonumes definitiones qui ad.<\\/p>\\r\\n\\r\\n\\r\\n\\r\\n\\r\\n\\r\\n<p>Ius in possim hendrerit, libris electram eos ei. Inani graece vel ei, ipsum melius no mea. Ea usu ullum&nbsp;alterum. Vim ut bonorum efficiantur philosophia.<\\/p>\\r\\n\\r\\n\\r\\n\\r\\n<p>Lorem ipsum dolor sit amet, vis saperet delectus eu, id vel recusabo facilisis. Graece tibique periculis&nbsp;eu cum, at fabulas omittam nec, et vis vitae tantas quaerendum. Pri inani platonem at, vix eu scaevola&nbsp;officiis luptatum. Iusto putent consequat mel ut, dicit nonumes definitiones qui ad.<\\/p>\"}},\"new1\":{\"type\":\"relatedPanel\",\"enabled\":\"1\",\"fields\":{\"panel\":[\"221\"]}}},\"20\":\"\",\"13\":\"Becoming a Local\",\"24\":\"\",\"19\":\"\"}}','2017-02-12 22:45:48','2017-02-12 22:45:48','7620482c-3ae9-4c74-a6cc-cddc67b02204'),(212,113,3,1,'en_us',3,'','{\"typeId\":\"3\",\"authorId\":\"1\",\"title\":\"Booking advice\",\"slug\":\"booking-advice\",\"postDate\":1486224840,\"expiryDate\":null,\"enabled\":1,\"parentId\":null,\"fields\":{\"1\":{\"220\":{\"type\":\"relatedPanel\",\"enabled\":\"1\",\"fields\":{\"panel\":\"\"}}},\"20\":\"\",\"13\":\"Booking advice\",\"24\":\"\",\"19\":\"\"}}','2017-02-12 22:57:05','2017-02-12 22:57:05','9d6e4b94-5915-4623-b413-36c7647c44bb'),(213,216,4,1,'en_us',2,'','{\"typeId\":\"21\",\"authorId\":\"1\",\"title\":\"Booking advice\",\"slug\":\"booking-advice\",\"postDate\":1486935960,\"expiryDate\":null,\"enabled\":1,\"parentId\":null,\"fields\":{\"81\":{\"new1\":{\"type\":\"step\",\"enabled\":\"1\",\"fields\":{\"displayTitle\":\"\",\"image\":[\"213\"],\"summary\":\"A short blurb on step 1. Select a location of destination.\"}},\"new2\":{\"type\":\"step\",\"enabled\":\"1\",\"fields\":{\"displayTitle\":\"\",\"image\":[\"214\"],\"summary\":\"A short blurb on step 2. Select a date. \"}},\"new3\":{\"type\":\"step\",\"enabled\":\"1\",\"fields\":{\"displayTitle\":\"\",\"image\":[\"215\"],\"summary\":\"A short blurb on step 3. Select a local providing an experience of your choice.\"}}}}}','2017-02-12 22:58:55','2017-02-12 22:58:55','682befb3-98f5-46ab-88a9-7141ef781996'),(214,216,4,1,'en_us',3,'','{\"typeId\":\"21\",\"authorId\":\"1\",\"title\":\"Booking advice\",\"slug\":\"booking-advice\",\"postDate\":1486935960,\"expiryDate\":null,\"enabled\":1,\"parentId\":null,\"fields\":{\"81\":{\"229\":{\"type\":\"step\",\"enabled\":\"1\",\"fields\":{\"displayTitle\":\"\",\"image\":[\"213\"],\"summary\":\"A short blurb on step 1. Select a location of destination.\"}},\"230\":{\"type\":\"step\",\"enabled\":\"1\",\"fields\":{\"displayTitle\":\"\",\"image\":[\"214\"],\"summary\":\"A short blurb on step 2. Select a date. \"}},\"231\":{\"type\":\"step\",\"enabled\":\"1\",\"fields\":{\"displayTitle\":\"\",\"image\":[\"215\"],\"summary\":\"A short blurb on step 3. Select a local providing an experience of your choice.\"}}}}}','2017-02-12 22:59:31','2017-02-12 22:59:31','8ca5fb6e-bcba-416c-bf4e-c00cedd6443d'),(215,184,3,1,'en_us',4,'','{\"typeId\":\"3\",\"authorId\":\"1\",\"title\":\"Becoming a Local\",\"slug\":\"becoming-a-local\",\"postDate\":1486649520,\"expiryDate\":null,\"enabled\":1,\"parentId\":null,\"fields\":{\"1\":{\"185\":{\"type\":\"text\",\"enabled\":\"1\",\"fields\":{\"text\":\"<p>Lorem ipsum dolor sit amet, vis saperet delectus eu, id vel recusabo facilisis. Graece tibique periculis&nbsp;eu cum, at fabulas omittam nec, et vis vitae tantas quaerendum. Pri inani platonem at, vix eu scaevola&nbsp;officiis luptatum. Iusto putent consequat mel ut, dicit nonumes definitiones qui ad.<\\/p>\\r\\n\\r\\n\\r\\n\\r\\n\\r\\n\\r\\n<p>Ius in possim hendrerit, libris electram eos ei. Inani graece vel ei, ipsum melius no mea. Ea usu ullum&nbsp;alterum. Vim ut bonorum efficiantur philosophia.<\\/p>\\r\\n\\r\\n\\r\\n\\r\\n\\r\\n\\r\\n<p>Lorem ipsum dolor sit amet, vis saperet delectus eu, id vel recusabo facilisis. Graece tibique periculis&nbsp;eu cum, at fabulas omittam nec, et vis vitae tantas quaerendum. Pri inani platonem at, vix eu scaevola&nbsp;officiis luptatum. Iusto putent consequat mel ut, dicit nonumes definitiones qui ad.<\\/p>\"}},\"228\":{\"type\":\"relatedPanel\",\"enabled\":\"1\",\"fields\":{\"panel\":[\"221\"]}}},\"20\":\"\",\"13\":\"Becoming a Local\",\"24\":\"\",\"19\":\"\"}}','2017-02-12 23:01:09','2017-02-12 23:01:09','65eb804c-4725-4e7d-aa2b-55db2d5b68dd'),(216,113,3,1,'en_us',4,'','{\"typeId\":\"3\",\"authorId\":\"1\",\"title\":\"Booking advice\",\"slug\":\"booking-advice\",\"postDate\":1486224840,\"expiryDate\":null,\"enabled\":1,\"parentId\":null,\"fields\":{\"1\":{\"220\":{\"type\":\"relatedPanel\",\"enabled\":\"1\",\"fields\":{\"panel\":[\"216\"]}}},\"20\":\"\",\"13\":\"Booking advice\",\"24\":\"\",\"19\":\"\"}}','2017-02-12 23:01:28','2017-02-12 23:01:28','cdd638fc-bb5d-41c9-bd04-b7ac7e62d183'),(217,113,3,1,'en_us',5,'','{\"typeId\":\"3\",\"authorId\":\"1\",\"title\":\"Booking advice\",\"slug\":\"booking-advice\",\"postDate\":1486224840,\"expiryDate\":null,\"enabled\":1,\"parentId\":null,\"fields\":{\"1\":{\"new1\":{\"type\":\"text\",\"enabled\":\"1\",\"fields\":{\"text\":\"<p>Lorem ipsum dolor sit amet, vis saperet delectus eu, id vel recusabo facilisis. Graece tibique periculis&nbsp;eu cum, at fabulas omittam nec, et vis vitae tantas quaerendum. Pri inani platonem at, vix eu scaevola &nbsp;officiis luptatum. Iusto putent consequat mel ut, dicit nonumes definitiones qui ad.<\\/p><p><br>Ius in possim hendrerit, libris electram eos ei. Inani graece vel ei, ipsum melius no mea. Ea usu ullum&nbsp;alterum. Vim ut bonorum efficiantur philosophia.<\\/p>\"}},\"220\":{\"type\":\"relatedPanel\",\"enabled\":\"1\",\"fields\":{\"panel\":[\"216\"]}}},\"20\":\"\",\"13\":\"Booking advice\",\"24\":\"\",\"19\":\"\"}}','2017-02-12 23:03:05','2017-02-12 23:03:05','1ff6635a-fa8f-4985-8127-b607011c3983'),(218,155,3,1,'en_us',2,'','{\"typeId\":\"3\",\"authorId\":\"1\",\"title\":\"How it works\",\"slug\":\"how-it-works\",\"postDate\":1486640400,\"expiryDate\":null,\"enabled\":1,\"parentId\":null,\"fields\":{\"1\":{\"156\":{\"type\":\"text\",\"enabled\":\"1\",\"fields\":{\"text\":\"<p>Lorem ipsum dolor sit amet, vis saperet delectus eu, id vel recusabo facilisis. Graece tibique periculis&nbsp;eu cum, at fabulas omittam nec, et vis vitae tantas quaerendum. Pri inani platonem at, vix eu scaevola&nbsp;officiis luptatum. Iusto putent consequat mel ut, dicit nonumes definitiones qui ad.<\\/p>\\r\\n\\r\\n\\r\\n\\r\\n<p>Ius in possim hendrerit, libris electram eos ei. Inani graece vel ei, ipsum melius no mea. Ea usu ullum&nbsp;alterum. Vim ut bonorum efficiantur philosophia.<\\/p>\"}}},\"20\":\"\",\"13\":\"How it works\",\"24\":\"\",\"19\":\"\"}}','2017-02-12 23:07:08','2017-02-12 23:07:08','c7326cd0-aa61-4967-b066-1062eb2747e3'),(219,233,4,1,'en_us',1,'','{\"typeId\":\"21\",\"authorId\":\"1\",\"title\":\"How it works\",\"slug\":\"how-it-works\",\"postDate\":1486941006,\"expiryDate\":null,\"enabled\":1,\"parentId\":null,\"fields\":{\"81\":{\"new1\":{\"type\":\"step\",\"enabled\":\"1\",\"fields\":{\"displayTitle\":\"Step 1\",\"image\":[\"202\"],\"summary\":\"A short blurb on step 1. This needs to be used in order to help the user fully understand the process, but necessarily to do with monetary concerns.\"}},\"new2\":{\"type\":\"step\",\"enabled\":\"1\",\"fields\":{\"displayTitle\":\"Step 2\",\"image\":[\"202\"],\"summary\":\"A short blurb on step 2. This needs to be used in order to help the user fully understand the\\r\\nprocess, but necessarily to do with monetary concerns.\"}},\"new3\":{\"type\":\"step\",\"enabled\":\"1\",\"fields\":{\"displayTitle\":\"Step 3\",\"image\":[\"202\"],\"summary\":\"A short blurb on step 3. This needs to be used in order to help the user fully understand the \\r\\nprocess, but not to do with monetary concerns.\"}}}}}','2017-02-12 23:10:06','2017-02-12 23:10:06','0cd15146-d56a-452b-9a23-03a6a2c215ee'),(220,155,3,1,'en_us',3,'','{\"typeId\":\"3\",\"authorId\":\"1\",\"title\":\"How it works\",\"slug\":\"how-it-works\",\"postDate\":1486640400,\"expiryDate\":null,\"enabled\":1,\"parentId\":null,\"fields\":{\"1\":{\"new1\":{\"type\":\"relatedPanel\",\"enabled\":\"1\",\"fields\":{\"panel\":[\"233\"]}},\"156\":{\"type\":\"text\",\"enabled\":\"1\",\"fields\":{\"text\":\"<p>Lorem ipsum dolor sit amet, vis saperet delectus eu, id vel recusabo facilisis. Graece tibique periculis&nbsp;eu cum, at fabulas omittam nec, et vis vitae tantas quaerendum. Pri inani platonem at, vix eu scaevola&nbsp;officiis luptatum. Iusto putent consequat mel ut, dicit nonumes definitiones qui ad.<\\/p>\\r\\n\\r\\n\\r\\n\\r\\n<p>Ius in possim hendrerit, libris electram eos ei. Inani graece vel ei, ipsum melius no mea. Ea usu ullum&nbsp;alterum. Vim ut bonorum efficiantur philosophia.<\\/p>\"}}},\"20\":\"\",\"13\":\"How it works\",\"24\":\"\",\"19\":\"\"}}','2017-02-12 23:11:02','2017-02-12 23:11:02','0725d2bb-f3e7-4b94-b4da-52771c9e734f'),(221,2,1,1,'en_us',11,'','{\"typeId\":null,\"authorId\":null,\"title\":\"Home Page\",\"slug\":\"homepage\",\"postDate\":1445675798,\"expiryDate\":null,\"enabled\":1,\"parentId\":null,\"fields\":{\"1\":{\"22\":{\"type\":\"relatedPanel\",\"enabled\":\"1\",\"fields\":{\"panel\":[\"47\"]}},\"151\":{\"type\":\"relatedPanel\",\"enabled\":\"1\",\"fields\":{\"panel\":[\"233\"]}},\"23\":{\"type\":\"text\",\"enabled\":\"1\",\"fields\":{\"text\":\"We\'ve ensured that your <b>experience<\\/b> be beyond satisfying...\"}},\"150\":{\"type\":\"relatedPanel\",\"enabled\":\"1\",\"fields\":{\"panel\":[\"146\"]}}}}}','2017-02-12 23:26:17','2017-02-12 23:26:17','fc687526-04b7-454f-aa6a-10357e750f9b'),(222,2,1,1,'en_us',12,'','{\"typeId\":null,\"authorId\":null,\"title\":\"Home Page\",\"slug\":\"homepage\",\"postDate\":1445675798,\"expiryDate\":null,\"enabled\":1,\"parentId\":null,\"fields\":{\"1\":{\"22\":{\"type\":\"relatedPanel\",\"enabled\":\"1\",\"fields\":{\"panel\":[\"47\"]}},\"23\":{\"type\":\"text\",\"enabled\":\"1\",\"fields\":{\"text\":\"<p>We\'ve ensured that your <strong>experience<\\/strong> be beyond satisfying...<\\/p>\"}},\"150\":{\"type\":\"relatedPanel\",\"enabled\":\"1\",\"fields\":{\"panel\":[\"146\"]}}}}}','2017-02-12 23:51:48','2017-02-12 23:51:48','d3844434-f918-4154-96b8-1a12d5bc592d'),(223,2,1,1,'en_us',13,'','{\"typeId\":null,\"authorId\":null,\"title\":\"Home Page\",\"slug\":\"homepage\",\"postDate\":1445675798,\"expiryDate\":null,\"enabled\":1,\"parentId\":null,\"fields\":{\"1\":{\"new1\":{\"type\":\"relatedPanel\",\"enabled\":\"1\",\"fields\":{\"panel\":[\"233\"]}},\"22\":{\"type\":\"relatedPanel\",\"enabled\":\"1\",\"fields\":{\"panel\":[\"47\"]}},\"23\":{\"type\":\"text\",\"enabled\":\"1\",\"fields\":{\"text\":\"<p>We\'ve ensured that your <strong>experience<\\/strong> be beyond satisfying...<\\/p>\"}},\"150\":{\"type\":\"relatedPanel\",\"enabled\":\"1\",\"fields\":{\"panel\":[\"146\"]}}}}}','2017-02-12 23:52:35','2017-02-12 23:52:35','fe1b4014-8058-4d6f-8f6e-d1db30eb4da4'),(224,2,1,1,'en_us',14,'','{\"typeId\":null,\"authorId\":null,\"title\":\"Home Page\",\"slug\":\"homepage\",\"postDate\":1445675798,\"expiryDate\":null,\"enabled\":1,\"parentId\":null,\"fields\":{\"1\":{\"22\":{\"type\":\"relatedPanel\",\"enabled\":\"1\",\"fields\":{\"panel\":[\"47\"]}},\"238\":{\"type\":\"relatedPanel\",\"enabled\":\"1\",\"fields\":{\"panel\":[\"233\"]}},\"23\":{\"type\":\"text\",\"enabled\":\"1\",\"fields\":{\"text\":\"<p>We\'ve ensured that your <strong>experience<\\/strong> be beyond satisfying...<\\/p>\"}},\"150\":{\"type\":\"relatedPanel\",\"enabled\":\"1\",\"fields\":{\"panel\":[\"146\"]}}}}}','2017-02-13 00:04:41','2017-02-13 00:04:41','bbb76fbf-d51e-4cbf-9e9a-d1fc7e477624'),(225,239,4,1,'en_us',1,'','{\"typeId\":\"22\",\"authorId\":\"1\",\"title\":\"Find a local\",\"slug\":\"find-a-local\",\"postDate\":1486948821,\"expiryDate\":null,\"enabled\":1,\"parentId\":null,\"fields\":{\"85\":{\"new1\":{\"type\":\"button\",\"enabled\":\"1\",\"fields\":{\"text\":\"Find  a local\",\"customLink\":\"\\/pages\\/finding-a-local\"}}}}}','2017-02-13 01:20:22','2017-02-13 01:20:22','bf92ed06-eab0-4905-b61a-56120a5c00b3'),(226,92,3,1,'en_us',5,'','{\"typeId\":\"3\",\"authorId\":\"1\",\"title\":\"Finding a local\",\"slug\":\"finding-a-local\",\"postDate\":1454946120,\"expiryDate\":null,\"enabled\":1,\"parentId\":null,\"fields\":{\"1\":{\"93\":{\"type\":\"text\",\"enabled\":\"1\",\"fields\":{\"text\":\"<p>Lorem ipsum dolor sit amet, vis saperet delectus eu, id vel recusabo facilisis. Graece tibique periculis&nbsp;eu cum, at fabulas omittam nec, et vis vitae tantas quaerendum. Pri inani platonem at, vix eu scaevola&nbsp;officiis luptatum. Iusto putent consequat mel ut, dicit nonumes definitiones qui ad.<\\/p>\\r\\n\\r\\n<p>Ius in possim hendrerit, libris electram eos ei. Inani graece vel ei, ipsum melius no mea. Ea usu ullum&nbsp;alterum. Vim ut bonorum efficiantur philosophia.<\\/p>\"}},\"new1\":{\"type\":\"relatedPanel\",\"enabled\":\"1\",\"fields\":{\"panel\":[\"239\"]}}},\"20\":\"\",\"13\":\"Finding a local\",\"24\":\"\",\"19\":\"\"}}','2017-02-13 01:28:43','2017-02-13 01:28:43','3c2af919-f901-42fd-baf3-eae0924c6e62'),(227,242,14,1,'en_us',1,NULL,'{\"typeId\":\"23\",\"authorId\":null,\"title\":\"Landing\",\"slug\":\"landing\",\"postDate\":1487320292,\"expiryDate\":null,\"enabled\":1,\"parentId\":null,\"fields\":[]}','2017-02-17 08:31:33','2017-02-17 08:31:33','176cc258-e7bc-4c88-a2d8-dda5c1d8c6a4'),(228,242,14,1,'en_us',2,'','{\"typeId\":null,\"authorId\":null,\"title\":\"Find a host\",\"slug\":\"landing\",\"postDate\":1487320292,\"expiryDate\":null,\"enabled\":1,\"parentId\":null,\"fields\":{\"1\":{\"new1\":{\"type\":\"text\",\"enabled\":\"1\",\"fields\":{\"text\":\"<p>Perfecting the the thought itself...<\\/p>\"}},\"new2\":{\"type\":\"relatedPanel\",\"enabled\":\"1\",\"fields\":{\"panel\":[\"47\"]}}},\"15\":\"\",\"20\":\"\",\"13\":\"\",\"23\":\"\",\"50\":\"\",\"24\":\"\",\"21\":\"\",\"19\":\"\",\"66\":\"\"}}','2017-02-17 08:34:27','2017-02-17 08:34:27','84b7e3f4-869c-496b-968d-30a45c27e4fe'),(229,245,3,1,'en_us',1,'','{\"typeId\":null,\"authorId\":\"1\",\"title\":\"Find a host\",\"slug\":\"become-a-local\",\"postDate\":1487320556,\"expiryDate\":null,\"enabled\":1,\"parentId\":null,\"fields\":{\"1\":{\"new1\":{\"type\":\"text\",\"enabled\":\"1\",\"fields\":{\"text\":\"<p>Perfecting the body.<\\/p>\"}}},\"20\":\"\",\"13\":\"Find a host\",\"24\":\"\",\"19\":\"\"}}','2017-02-17 08:35:56','2017-02-17 08:35:56','cefc2932-684f-40b7-81b0-74699bb99041'),(230,248,11,1,'en_us',1,'','{\"typeId\":null,\"authorId\":\"1\",\"title\":\"Key point 1 header\",\"slug\":\"key-point-1-header\",\"postDate\":1487321402,\"expiryDate\":null,\"enabled\":1,\"parentId\":null,\"fields\":{\"13\":\"Key point 1 header\",\"23\":[\"247\"],\"21\":\"<p>A short blurb on key point 1.&nbsp;Great for solidifying premium&nbsp;services which are backed by<br>reliability and security.<\\/p>\"}}','2017-02-17 08:50:03','2017-02-17 08:50:03','1e1d3a82-6f53-4c91-9b7e-62b947bcf8b8'),(231,250,11,1,'en_us',1,'','{\"typeId\":null,\"authorId\":\"1\",\"title\":\"Key point 2 header\",\"slug\":\"key-point-2-header\",\"postDate\":1487321471,\"expiryDate\":null,\"enabled\":1,\"parentId\":null,\"fields\":{\"13\":\"Key point 2 header\",\"23\":[\"249\"],\"21\":\"<p>A short blurb on key point 2.&nbsp;Great for solidifying premium&nbsp;services which are backed by&nbsp;reliability and security.<\\/p>\"}}','2017-02-17 08:51:12','2017-02-17 08:51:12','f9bf35b9-5848-4a07-bbe1-25040f003d0d'),(232,252,11,1,'en_us',1,'','{\"typeId\":null,\"authorId\":\"1\",\"title\":\"Key point 3 header\",\"slug\":\"key-point-3-header\",\"postDate\":1487321529,\"expiryDate\":null,\"enabled\":1,\"parentId\":null,\"fields\":{\"13\":\"Key point 3 header\",\"23\":[\"251\"],\"21\":\"<p>A short blurb on key point 3. Great for solidifying premium&nbsp;services which are backed by&nbsp;reliability and security.<\\/p>\"}}','2017-02-17 08:52:10','2017-02-17 08:52:10','5102fbe1-55da-470d-89c8-924400994a0d'),(234,242,14,1,'en_us',3,'','{\"typeId\":\"23\",\"authorId\":null,\"title\":\"Find a host\",\"slug\":\"landing\",\"postDate\":1487320760,\"expiryDate\":null,\"enabled\":1,\"parentId\":null,\"fields\":{\"1\":{\"243\":{\"type\":\"text\",\"enabled\":\"1\",\"fields\":{\"text\":\"<p>What sort of <strong>local experience<\\/strong> are you keen on offering?<\\/p>\"}},\"244\":{\"type\":\"relatedPanel\",\"enabled\":\"1\",\"fields\":{\"panel\":[\"253\"]}}},\"15\":\"\",\"20\":\"\",\"13\":\"\",\"23\":\"\",\"50\":\"\",\"24\":\"\",\"21\":\"\",\"19\":\"\",\"66\":\"\"}}','2017-02-17 08:57:21','2017-02-17 08:57:21','f388be77-b44d-4222-849f-9a6ebefdcd8b'),(236,260,4,1,'en_us',1,'','{\"typeId\":\"21\",\"authorId\":\"1\",\"title\":\"Find a host\",\"slug\":\"become-a-local\",\"postDate\":1487322222,\"expiryDate\":null,\"enabled\":1,\"parentId\":null,\"fields\":{\"81\":{\"new1\":{\"type\":\"step\",\"enabled\":\"1\",\"fields\":{\"displayTitle\":\"Key point 1 header\",\"image\":[\"247\"],\"summary\":\"A short blurb on key point 1. Great for solidifying premium services which are backed by reliability and security.\"}},\"new2\":{\"type\":\"step\",\"enabled\":\"1\",\"fields\":{\"displayTitle\":\"Key point 2 header\",\"image\":[\"249\"],\"summary\":\"A short blurb on key point 2. Great for solidifying premium services which are backed by reliability and security.\"}},\"new3\":{\"type\":\"step\",\"enabled\":\"1\",\"fields\":{\"displayTitle\":\"Key point 3 header\",\"image\":[\"251\"],\"summary\":\"A short blurb on key point 3. Great for solidifying premium services which are backed by reliability and security.\"}}}}}','2017-02-17 09:03:42','2017-02-17 09:03:42','936c3b84-4202-4556-910f-9b382a645f14'),(237,260,4,1,'en_us',2,'','{\"typeId\":\"21\",\"authorId\":\"1\",\"title\":\"Find a host steps\",\"slug\":\"become-a-local\",\"postDate\":1487322180,\"expiryDate\":null,\"enabled\":1,\"parentId\":null,\"fields\":{\"81\":{\"261\":{\"type\":\"step\",\"enabled\":\"1\",\"fields\":{\"displayTitle\":\"Key point 1 header\",\"image\":[\"247\"],\"summary\":\"A short blurb on key point 1. Great for solidifying premium services which are backed by reliability and security.\"}},\"262\":{\"type\":\"step\",\"enabled\":\"1\",\"fields\":{\"displayTitle\":\"Key point 2 header\",\"image\":[\"249\"],\"summary\":\"A short blurb on key point 2. Great for solidifying premium services which are backed by reliability and security.\"}},\"263\":{\"type\":\"step\",\"enabled\":\"1\",\"fields\":{\"displayTitle\":\"Key point 3 header\",\"image\":[\"251\"],\"summary\":\"A short blurb on key point 3. Great for solidifying premium services which are backed by reliability and security.\"}}}}}','2017-02-17 09:04:23','2017-02-17 09:04:23','4319932d-a40f-44c2-8f3c-62011a3a420d'),(238,260,4,1,'en_us',3,'','{\"typeId\":\"21\",\"authorId\":\"1\",\"title\":\"Find a host steps\",\"slug\":\"become-a-local\",\"postDate\":1487322180,\"expiryDate\":null,\"enabled\":1,\"parentId\":null,\"fields\":{\"81\":{\"261\":{\"type\":\"step\",\"enabled\":\"1\",\"fields\":{\"displayTitle\":\"Key point 1 header\",\"image\":[\"247\"],\"summary\":\"A short blurb on key point 1. Great for solidifying premium services which are backed by reliability and security.\"}},\"262\":{\"type\":\"step\",\"enabled\":\"1\",\"fields\":{\"displayTitle\":\"Key point 2 header\",\"image\":[\"249\"],\"summary\":\"A short blurb on key point 2. Great for solidifying premium services which are backed by reliability and security.\"}},\"263\":{\"type\":\"step\",\"enabled\":\"1\",\"fields\":{\"displayTitle\":\"Key point 3 header\",\"image\":[\"251\"],\"summary\":\"A short blurb on key point 3. Great for solidifying premium services which are backed by reliability and security.\"}}}}}','2017-02-17 09:04:24','2017-02-17 09:04:24','b5f70ceb-1042-40b1-a844-e982a6c9dbd3'),(239,264,4,1,'en_us',1,'','{\"typeId\":\"4\",\"authorId\":\"1\",\"title\":\"Find a host slideshow\",\"slug\":\"become-a-local-slideshow\",\"postDate\":1487322362,\"expiryDate\":null,\"enabled\":1,\"parentId\":null,\"fields\":{\"41\":{\"new1\":{\"type\":\"slide\",\"enabled\":\"1\",\"fields\":{\"image\":[\"106\"],\"caption\":\"\",\"linkUrl\":\"\",\"summary\":\"BECOME A LOCAL & MAKE GREAT MONEY\"}}}}}','2017-02-17 09:06:02','2017-02-17 09:06:02','811be65a-4090-4ee2-bf4e-221d0330be07'),(240,242,14,1,'en_us',4,'','{\"typeId\":\"23\",\"authorId\":null,\"title\":\"Find a host\",\"slug\":\"landing\",\"postDate\":1487320760,\"expiryDate\":null,\"enabled\":1,\"parentId\":null,\"fields\":{\"1\":{\"new1\":{\"type\":\"relatedPanel\",\"enabled\":\"1\",\"fields\":{\"panel\":[\"264\"]}},\"243\":{\"type\":\"text\",\"enabled\":\"1\",\"fields\":{\"text\":\"<p>What sort of <strong>local experience<\\/strong> are you keen on offering?<\\/p>\"}},\"244\":{\"type\":\"relatedPanel\",\"enabled\":\"1\",\"fields\":{\"panel\":[\"260\"]}}},\"15\":\"\",\"20\":\"\",\"13\":\"\",\"23\":\"\",\"50\":\"\",\"24\":\"\",\"21\":\"\",\"19\":\"\",\"66\":\"\"}}','2017-02-17 09:07:18','2017-02-17 09:07:18','5f898cc9-132f-4239-bf29-1ecfb7c31500'),(241,264,4,1,'en_us',2,'','{\"typeId\":\"4\",\"authorId\":\"1\",\"title\":\"Find a host slideshow\",\"slug\":\"become-a-local-slideshow\",\"postDate\":1487322360,\"expiryDate\":null,\"enabled\":1,\"parentId\":null,\"fields\":{\"41\":{\"265\":{\"type\":\"slide\",\"enabled\":\"1\",\"fields\":{\"image\":[\"106\"],\"caption\":\"\",\"linkUrl\":\"\",\"summary\":\"BECOME A LOCAL <br \\/>& MAKE GREAT MONEY\"}}}}}','2017-02-17 09:09:17','2017-02-17 09:09:17','2cffb1e6-a664-466e-817a-6035573443bc'),(242,267,4,1,'en_us',1,'','{\"typeId\":\"21\",\"authorId\":\"1\",\"title\":\"Steps - Becoming a local\",\"slug\":\"steps-becoming-a-local\",\"postDate\":1487333076,\"expiryDate\":null,\"enabled\":1,\"parentId\":null,\"fields\":{\"81\":{\"new1\":{\"type\":\"step\",\"enabled\":\"1\",\"fields\":{\"displayTitle\":\"Step 1 header\",\"image\":[\"121\"],\"summary\":\"A short blurb on step 1. Great for solidifying premium services which are backed by reliability and security.\"}},\"new2\":{\"type\":\"step\",\"enabled\":\"1\",\"fields\":{\"displayTitle\":\"Step 2 header\",\"image\":[\"121\"],\"summary\":\"A short blurb on step 2. Great for solidifying premium services which are backed by reliability and security.\"}},\"new3\":{\"type\":\"step\",\"enabled\":\"1\",\"fields\":{\"displayTitle\":\"Step 3 header\",\"image\":[\"121\"],\"summary\":\"A short blurb on step 3. Great for solidifying premium services which are backed by reliability and security.\"}}}}}','2017-02-17 12:04:37','2017-02-17 12:04:37','10467567-bcd2-4dfa-9bb9-294fe7b2ce4f'),(243,272,4,1,'en_us',1,'','{\"typeId\":\"21\",\"authorId\":\"1\",\"title\":\"Perks - Becoming a local\",\"slug\":\"perks-becoming-a-local\",\"postDate\":1487333426,\"expiryDate\":null,\"enabled\":1,\"parentId\":null,\"fields\":{\"81\":{\"new1\":{\"type\":\"step\",\"enabled\":\"1\",\"fields\":{\"displayTitle\":\"Perk 1\",\"image\":[\"271\"],\"summary\":\"A short blurb on perks and support offered when becoming a local with Keep it Local.\"}},\"new2\":{\"type\":\"step\",\"enabled\":\"1\",\"fields\":{\"displayTitle\":\"Perk 2\",\"image\":[\"271\"],\"summary\":\"A short blurb on perks and support offered when becoming a local with Keep it Local.\"}},\"new3\":{\"type\":\"step\",\"enabled\":\"1\",\"fields\":{\"displayTitle\":\"Perk 3\",\"image\":[\"271\"],\"summary\":\"A short blurb on perks and support offered when becoming a local with Keep it Local.\"}},\"new4\":{\"type\":\"step\",\"enabled\":\"1\",\"fields\":{\"displayTitle\":\"Perk 4\",\"image\":[\"271\"],\"summary\":\"A short blurb on perks and support offered when becoming a local with Keep it Local.\"}},\"new5\":{\"type\":\"step\",\"enabled\":\"1\",\"fields\":{\"displayTitle\":\"Perk 5\",\"image\":[\"271\"],\"summary\":\"A short blurb on perks and support offered when becoming a local with Keep it Local.\"}},\"new6\":{\"type\":\"step\",\"enabled\":\"1\",\"fields\":{\"displayTitle\":\"Perk 6\",\"image\":[\"271\"],\"summary\":\"A short blurb on perks and support offered when becoming a local with Keep it Local.\"}}}}}','2017-02-17 12:10:27','2017-02-17 12:10:27','1de10d2f-e40e-49df-84dc-d359d8d2572b'),(244,242,14,1,'en_us',5,'','{\"typeId\":\"23\",\"authorId\":null,\"title\":\"Find a host\",\"slug\":\"landing\",\"postDate\":1487320760,\"expiryDate\":null,\"enabled\":1,\"parentId\":null,\"fields\":{\"1\":{\"266\":{\"type\":\"relatedPanel\",\"enabled\":\"1\",\"fields\":{\"panel\":[\"264\"]}},\"243\":{\"type\":\"text\",\"enabled\":\"1\",\"fields\":{\"text\":\"<p>What sort of <strong>local experience<\\/strong> are you keen on offering?<\\/p>\"}},\"244\":{\"type\":\"relatedPanel\",\"enabled\":\"1\",\"fields\":{\"panel\":[\"260\"]}},\"new1\":{\"type\":\"text\",\"enabled\":\"1\",\"fields\":{\"text\":\"<p>Becoming a <strong>local<\\/strong> offers many perks as well as our <strong>full support system<\\/strong>:<\\/p>\"}},\"new2\":{\"type\":\"relatedPanel\",\"enabled\":\"1\",\"fields\":{\"panel\":[\"272\"]}},\"new3\":{\"type\":\"text\",\"enabled\":\"1\",\"fields\":{\"text\":\"<p><strong>Becoming a local<\\/strong> is a real stroll in the park!<\\/p>\"}},\"new4\":{\"type\":\"relatedPanel\",\"enabled\":\"1\",\"fields\":{\"panel\":[\"267\"]}}},\"15\":\"\",\"20\":\"\",\"13\":\"\",\"23\":\"\",\"50\":\"\",\"24\":\"\",\"21\":\"\",\"19\":\"\",\"66\":\"\"}}','2017-02-17 12:19:12','2017-02-17 12:19:12','bb53e044-c5f7-4bc9-9133-1774e4898e9e'),(245,95,5,1,'en_us',4,'','{\"typeId\":\"6\",\"authorId\":\"1\",\"title\":\"Find a Host\",\"slug\":\"become-a-local\",\"postDate\":1454961060,\"expiryDate\":null,\"enabled\":1,\"parentId\":\"\",\"fields\":{\"26\":\"\\/local\\/search\"}}','2017-03-12 19:57:39','2017-03-12 19:57:39','1cf09024-97f9-478a-85c5-d442099d6282'),(246,154,12,1,'en_us',3,'','{\"typeId\":\"17\",\"authorId\":\"1\",\"title\":\"EAT with locals\",\"slug\":\"a-100-taste-of-the-city\",\"postDate\":1486639020,\"expiryDate\":null,\"enabled\":1,\"parentId\":null,\"fields\":{\"23\":[\"283\"],\"21\":\"<p>Experience\\r\\nCape town cuisine in the home of a local.<\\/p>\"}}','2017-03-18 12:47:58','2017-03-18 12:47:58','b93807a7-5749-4c4b-9fed-826c759d172f'),(247,153,12,1,'en_us',2,'','{\"typeId\":\"17\",\"authorId\":\"1\",\"title\":\"TOUR with locals\",\"slug\":\"100-private\",\"postDate\":1486638960,\"expiryDate\":null,\"enabled\":1,\"parentId\":null,\"fields\":{\"23\":[\"284\"],\"21\":\"<p>Get\\r\\nacquainted with Cape Town through the eyes of a local<\\/p>\"}}','2017-03-18 12:48:49','2017-03-18 12:48:49','da24da40-e15f-4b89-95f1-0d4e01017e16'),(248,152,12,1,'en_us',2,'','{\"typeId\":\"17\",\"authorId\":\"1\",\"title\":\"PLAY with locals\",\"slug\":\"keep-it-local\",\"postDate\":1486638900,\"expiryDate\":null,\"enabled\":1,\"parentId\":null,\"fields\":{\"23\":[\"285\"],\"21\":\"<p>From\\r\\nwine farms to kite surfing \\u2013 we\\u2019ll show you how-to Cape Town<\\/p>\"}}','2017-03-18 12:49:38','2017-03-18 12:49:38','941b97e2-6a41-427b-9230-9579f0ad929d'),(249,154,12,1,'en_us',4,'','{\"typeId\":\"17\",\"authorId\":\"1\",\"title\":\"EAT with locals\",\"slug\":\"a-100-taste-of-the-city\",\"postDate\":1486639020,\"expiryDate\":null,\"enabled\":1,\"parentId\":null,\"fields\":{\"23\":[\"286\"],\"21\":\"<p>Experience\\r\\nCape town cuisine in the home of a local.<\\/p>\"}}','2017-03-18 12:51:18','2017-03-18 12:51:18','945e354d-61e1-4246-b7e4-17eb8262f716'),(250,233,4,1,'en_us',2,'','{\"typeId\":\"21\",\"authorId\":\"1\",\"title\":\"How it works\",\"slug\":\"how-it-works\",\"postDate\":1486941000,\"expiryDate\":null,\"enabled\":1,\"parentId\":null,\"fields\":{\"81\":{\"234\":{\"type\":\"step\",\"enabled\":\"1\",\"fields\":{\"displayTitle\":\"Step 1\",\"image\":[\"287\"],\"summary\":\"View and pick your favourite of our experienced and readily available locals.\"}},\"235\":{\"type\":\"step\",\"enabled\":\"1\",\"fields\":{\"displayTitle\":\"Step 2\",\"image\":[\"288\"],\"summary\":\"Use our secure payment options to book.\"}},\"236\":{\"type\":\"step\",\"enabled\":\"1\",\"fields\":{\"displayTitle\":\"Step 3\",\"image\":[\"289\"],\"summary\":\"Enjoy your personalised experience of Cape Town. (Don\\u2019t forget your camera!)\"}}}}}','2017-03-18 12:55:59','2017-03-18 12:55:59','c8b4fd3a-3dc2-4fa5-a080-368c6dbc76df'),(251,20,3,1,'en_us',8,'','{\"typeId\":\"3\",\"authorId\":\"1\",\"title\":\"About Keep it Local\",\"slug\":\"about-keep-it-local\",\"postDate\":1445683620,\"expiryDate\":null,\"enabled\":1,\"parentId\":null,\"fields\":{\"1\":{\"21\":{\"type\":\"text\",\"enabled\":\"1\",\"fields\":{\"text\":\"<p>Keep\\r\\nit Local launched in 2017 after identifying a gap in the local travel\\r\\nmarket. Our website gives you the opportunity to experience our Cape\\r\\nTown like a local, with a local. \\r\\n<\\/p>\\r\\n\\r\\n<p>Keep\\r\\nit Local is 100% safe and secure, all hosts are personally vetted by\\r\\nour staff and their reviews displayed on their profile. Local South\\r\\nAfricans will be given the opportunity to share their lives and\\r\\nactivities with travellers and make extra money. Our hosts are\\r\\nordinary people who loves to entertain and invite travellers into\\r\\ntheir lives. Keep it Local gives our hosts the opportunity to run\\r\\ntheir own business.<\\/p>\"}}},\"20\":\"\",\"13\":\"About Keep it Local\",\"24\":\"\",\"19\":\"\"}}','2017-03-18 13:04:24','2017-03-18 13:04:24','826585ad-5b23-474e-8ffe-b84a17626410'),(252,221,4,1,'en_us',4,NULL,'{\"typeId\":\"21\",\"authorId\":\"1\",\"title\":\"Becoming a Local\",\"slug\":\"becoming-a-local\",\"postDate\":1486938960,\"expiryDate\":null,\"enabled\":\"1\",\"parentId\":null,\"fields\":{\"81\":{\"225\":{\"type\":\"step\",\"enabled\":\"1\",\"fields\":{\"displayTitle\":\"Step 1\",\"image\":[\"202\"],\"summary\":\"Create your profile\"}},\"226\":{\"type\":\"step\",\"enabled\":\"1\",\"fields\":{\"displayTitle\":\"Step 2\",\"image\":[\"202\"],\"summary\":\"Create your local experience\"}},\"227\":{\"type\":\"step\",\"enabled\":\"1\",\"fields\":{\"displayTitle\":\"Step 3\",\"image\":[\"202\"],\"summary\":\"Add the nitty-gritty details like price and availability and watch your inbox for bookings.\"}}}}}','2017-03-18 13:06:48','2017-03-18 13:06:48','dca6eb6c-376f-4c43-8113-d5749a70b213'),(253,184,3,1,'en_us',5,'','{\"typeId\":\"3\",\"authorId\":\"1\",\"title\":\"Becoming a Local\",\"slug\":\"becoming-a-local\",\"postDate\":1486649520,\"expiryDate\":null,\"enabled\":1,\"parentId\":null,\"fields\":{\"1\":{\"185\":{\"type\":\"text\",\"enabled\":\"1\",\"fields\":{\"text\":\"<p>Hosting\\r\\nfor Keep it Local will be a fun, unique and connected experience. Are\\r\\nyou a proud Capetonian, willing to share your story and life in Cape\\r\\nTown? South Africans are naturally friendly, fun, warm and loves\\r\\nhosting and we want the world to experience this first-hand, by\\r\\nmeeting you. You will meet interesting people from all over the\\r\\nworld, show them our beautiful city and her people, make new friends\\r\\nand explore new cultures.<\\/p>\\r\\n\\r\\n<p>You\\r\\ndon\\u2019t need to be Jan Braai to braai for your guests, Jenny Morris\\r\\nfor a cooking lesson, Benni McCarthy for soccer tips, DJ Zinhle for a\\r\\nsession behind the decks or Wayde Van Niekerk for a run in the park.\\r\\nAll you need is a good sense of hospitality, a warm heart and ready\\r\\nto meet people from all around the world.<\\/p>\\r\\n\\r\\n\\r\\n\\r\\n<p>Offer\\r\\nan experience that you normally do, an interest, hobby, or something\\r\\nyou like doing to past time. Remember, these travellers are looking\\r\\nfor a unique experience, not something they can easily do on their\\r\\nown and away from the typical touristy locations. Make it an\\r\\nexperience they\\u2019ll always remember.<\\/p>\"}},\"228\":{\"type\":\"relatedPanel\",\"enabled\":\"1\",\"fields\":{\"panel\":[\"221\"]}}},\"20\":\"\",\"13\":\"Becoming a Local\",\"24\":\"\",\"19\":\"\"}}','2017-03-18 13:06:51','2017-03-18 13:06:51','6e3a975e-6e4a-479c-b724-6d9d9359dafd'),(254,92,3,1,'en_us',6,'','{\"typeId\":\"3\",\"authorId\":\"1\",\"title\":\"Finding a local\",\"slug\":\"finding-a-local\",\"postDate\":1454946120,\"expiryDate\":null,\"enabled\":1,\"parentId\":null,\"fields\":{\"1\":{\"93\":{\"type\":\"text\",\"enabled\":\"1\",\"fields\":{\"text\":\"<p>Are\\r\\nyou looking for an adventure, a unique and authentic travel\\r\\nexperience? Do you want to explore Cape Town through the eyes of\\r\\nlocals? Keep it Local will make it happen. We will take you away from\\r\\nthe typical touristy attractions with the long queues and go behind\\r\\nthe scenes. We are a peer-to-peer marketplace connecting travellers\\r\\nto Cape Town with local Capetonians. Our goal is to offer travellers\\r\\na unique local experience which will create long-lasting memories and\\r\\nshared with friends and family.&nbsp;\\r\\n<\\/p>\"}},\"241\":{\"type\":\"relatedPanel\",\"enabled\":\"1\",\"fields\":{\"panel\":[\"239\"]}}},\"20\":\"\",\"13\":\"Finding a local\",\"24\":\"\",\"19\":\"\"}}','2017-03-18 13:08:08','2017-03-18 13:08:08','d068e709-a915-42b1-8582-d099b7084076'),(255,113,3,1,'en_us',6,'','{\"typeId\":\"3\",\"authorId\":\"1\",\"title\":\"Booking advice\",\"slug\":\"booking-advice\",\"postDate\":1486224840,\"expiryDate\":null,\"enabled\":1,\"parentId\":null,\"fields\":{\"1\":{\"232\":{\"type\":\"text\",\"enabled\":\"1\",\"fields\":{\"text\":\"<ul><li>Sign\\r\\nup for complete transparency<\\/li><li>Search\\r\\nfor host by category<\\/li><li>Read\\r\\nthrough their profile and reviews<\\/li><li>Check\\r\\nlocation & logistics<\\/li><li>Make\\r\\nsure you\\u2019ve chosen the right date and time<\\/li><li>Select\\r\\nspecial request<\\/li><li>Contact\\r\\nhost should there be any uncertainties<\\/li><\\/ul>\\r\\n\\r\\n\\r\\n\\r\\n\\r\\n\\r\\n\\r\\n\\r\\n\\r\\n\\r\\n\\r\\n\\r\\n\\r\\n\\r\\n\\r\\n\\r\\n\\r\\n\\r\\n\\r\\n\\r\\n\\r\\n\\r\\n\\r\\n\\r\\n\\r\\n\\r\\n\\r\\n\\r\\n\\r\\n\\r\\n\\r\\n\\r\\n\\r\\n\\r\\n\\r\\n\\r\\n\\r\\n\\r\\n<p>Life\\r\\nhappens and should you need to cancel, please read our policy <a href=\\\"http:\\/\\/keepitlocal.dev\\/pages\\/cancellation-refunds#entry:172\\\">here<\\/a>\\r\\n(Cancellation & refunds)<\\/p>\\r\\n\\r\\n\\r\\n\\r\\n\\r\\n\\r\\n<p>Keep\\r\\ninitial contact on our website, we can\\u2019t take responsibility for\\r\\nany communication\\/arrangements made directly with the hosts. Ps. We\\r\\nencourage you to directly stay in touch with your host after the\\r\\nexperience, you never know, you might make a lifetime friend.   \\r\\n<\\/p>\\r\\n\\r\\n\\r\\n\\r\\n\\r\\n\\r\\n<p><a href=\\\"\\/local\\/contact-us\\\">Contact us<\\/a> at any time!<\\/p>\"}},\"220\":{\"type\":\"relatedPanel\",\"enabled\":\"1\",\"fields\":{\"panel\":[\"216\"]}}},\"20\":\"\",\"13\":\"Booking advice\",\"24\":\"\",\"19\":\"\"}}','2017-03-18 13:10:53','2017-03-18 13:10:53','a9962602-93b4-4d08-8386-6f06836c3ad3'),(256,115,3,1,'en_us',2,'','{\"typeId\":\"3\",\"authorId\":\"1\",\"title\":\"FAQ\",\"slug\":\"faq\",\"postDate\":1486225020,\"expiryDate\":null,\"enabled\":1,\"parentId\":null,\"fields\":{\"1\":{\"116\":{\"type\":\"text\",\"enabled\":\"1\",\"fields\":{\"text\":\"<h2>How do I become a host?<\\/h2>\\r\\n\\r\\n<p>Click on \\u2018Become a Host\\u2019 on the Keep it Local website then \\u2018Create your Local Experience\\u2019.&nbsp;<\\/p><p>\\r\\nFollow the steps to complete your profile.&nbsp;<\\/p><p>\\r\\nAdd a detailed description of the local experience you\\u2019re offering.&nbsp;<\\/p><p>\\r\\nAdd your price per person and time availability for the experience.&nbsp;<\\/p><p>\\r\\nYour profile will attract more bookings if you upload photos.&nbsp;<\\/p><p>You can upload 3 images and a\\r\\n\\r\\ncover photo.&nbsp;<\\/p><p>\\r\\nPreview your experience added and save it to your profile.&nbsp;<\\/p><p>\\r\\nYou must agree to be contacted by a Keep it Local ambassador for a verification meeting\\r\\n\\r\\nwithin 3 weeks after creating your profile.&nbsp;<\\/p><p>\\r\\nYour profile\\/experience will only be live and bookable after successful verification by Keep it\\r\\n\\r\\nLocal.<\\/p>\"}},\"117\":{\"type\":\"text\",\"enabled\":\"1\",\"fields\":{\"text\":\"<h2>What do I need to become a host?<\\/h2>\\r\\n\\r\\n<p>You need to be warm and hospitable with a patriotic mindset. You need to have a good&nbsp;knowledge on the experience you offer, although you don\\u2019t need to be a professional.&nbsp;All hosts are vetted to ensure complete transparency and peace of mind to guests. We need&nbsp;your basic personal and contact details to perform the vetting process.<br><\\/p>\"}},\"118\":{\"type\":\"text\",\"enabled\":\"1\",\"fields\":{\"text\":\"<h2>Does Keep it Local pay me for hosting guests?<\\/h2>\\r\\n\\r\\n<p>Yes! You can earn a full time or part time income by using Keep it Local.<\\/p>\\r\\n\\r\\n<p><br><\\/p>\"}},\"new1\":{\"type\":\"text\",\"enabled\":\"1\",\"fields\":{\"text\":\"<h2>How do I price my experience and what is a fair price?<\\/h2>\\r\\n<p>The price will be different for each experience offered. Here\\u2019s a few tips: If the main part of\\r\\n\\r\\nyour experience is a meal then a fair price would be based on the price of the ingredients\\r\\n\\r\\nused and the time used to prepare the meal. If your experience is a specific event, a fair\\r\\n\\r\\nprice would be the costs to attend the event. Calculate the time it will take you to perfect\\r\\n\\r\\nthe experience and add this to your price. If you\\u2019re still a bit unsure, look at what other hosts\\r\\n\\r\\nare charging or contact us and we\\u2019ll guide you.<\\/p>\"}},\"new2\":{\"type\":\"text\",\"enabled\":\"1\",\"fields\":{\"text\":\"<h2>When and how is, payment made?<\\/h2>\\r\\n<p>Payment is made two to three working days after you have hosted your guests. All payments\\r\\n\\r\\nwill be made into the precise banking account provided at sign up. Please ensure that the\\r\\n\\r\\nright banking details are displayed in your profile always. Keep it Local does not take any\\r\\n\\r\\nresponsibility for wrong banking details entered on your profile.<\\/p>\"}},\"new3\":{\"type\":\"text\",\"enabled\":\"1\",\"fields\":{\"text\":\"<h2>What experience\\/s can I offer my guests?<\\/h2>\\r\\n\\r\\n<p>We have different experience categories. Here are a few examples of the type of\\r\\n\\r\\nexperiences you can offer:&nbsp;<\\/p><p>\\r\\n<strong>Eat with Locals<\\/strong> -&nbsp;A meal offered at your house. You don\\u2019t need to be a chef, but you should\\r\\n\\r\\nbe comfortable preparing this meal for your guests. Anything from a braai, a traditional\\r\\n\\r\\nmeal, a tasting, cake and tea, a cooking lesson or even a picnic on your stop. Whatever your\\r\\n\\r\\nspecialty in terms of food.&nbsp;<\\/p><p>\\r\\n<strong>Tours with Locals<\\/strong> -You can take your guest on a tour around your neighbourhood, show\\r\\n\\r\\nthem how the locals live. Anything from a graffiti tour around Woodstock, a culinary tour\\r\\n\\r\\nthrough Franschhoek, yoga tour or fishing tour. Use your imagination and create your\\r\\n\\r\\nunique tour showcasing our beautiful city.&nbsp;<\\/p><p>\\r\\n<strong>Activities with Locals<\\/strong> -&nbsp;This can be anything from a hobby, a charity you support or an\\r\\n\\r\\nactivity you do in your spare time. Invite your guests along for a Shisa Nyama, a Newlands\\r\\n\\r\\nsports day, surf lesson, hike, beach day or music festival. The possibilities are endless.<\\/p>\"}},\"new4\":{\"type\":\"text\",\"enabled\":\"1\",\"fields\":{\"text\":\"<h2>Why do I have to manage my own calendar?<\\/h2>\\r\\n\\r\\n\\r\\n\\r\\n<p>You are in complete control of your experience offered. By managing your calendar and\\r\\n\\r\\nupdating your availability, only the experiences offered on the selected date will appear on\\r\\n\\r\\nthe website. This will speed up the booking process as an added convenience for guests.<\\/p>\"}},\"new5\":{\"type\":\"text\",\"enabled\":\"1\",\"fields\":{\"text\":\"<h2>Can I host if I have a fulltime job?<\\/h2>\\r\\n<p>Yes! You set your own availability. An experience does not have to be long, it can vary from 1\\r\\n\\r\\nhour to a full day. It all depends on you and the time you dedicate to offer guests an\\r\\n\\r\\nauthentic travel experience.<\\/p>\"}},\"new6\":{\"type\":\"text\",\"enabled\":\"1\",\"fields\":{\"text\":\"<h2>How do I know when I\\u2019ve received booking\\/booking request?&nbsp;<\\/h2><p>(TBC)<br><\\/p>\"}},\"new7\":{\"type\":\"text\",\"enabled\":\"1\",\"fields\":{\"text\":\"<h2>Can I reject bookings?<\\/h2>\\r\\n\\r\\n<p>Yes, you have the freedom and are in control. Please note that this can however affect your&nbsp;ratings on the website.<br><\\/p>\"}},\"new8\":{\"type\":\"text\",\"enabled\":\"1\",\"fields\":{\"text\":\"<h2>Do I have to host alone or can I host together with other people?<\\/h2><p>The more the merrier. Invite your friends around for a braai or take your partner with you on\\r\\n\\r\\na tour. You need to specify this in your experience, although you don\\u2019t need to be accurate\\r\\n\\r\\nas to who\\u2019ll be joining but you need to give the amount of people part of your experience.<\\/p>\\r\\n\"}},\"new9\":{\"type\":\"text\",\"enabled\":\"1\",\"fields\":{\"text\":\"<h2>How do I get more bookings?<\\/h2>\\r\\n\\r\\n<p>There are many ways to do this. We will get the visitors to the website. All you need to do is&nbsp;have a positive mindset, ready to meet the world, create an authentic experience, load eye-catching photos, set fair prices, ensure your availability, and make sure your guests talk&nbsp;about your experience and most importantly give you a great review.<\\/p>\"}},\"new10\":{\"type\":\"text\",\"enabled\":\"1\",\"fields\":{\"text\":\"<h2>Who deals with guest reviews, positive or negative?<\\/h2>\\r\\n\\r\\n<p>Please encourage your guests to review your experience and to add this to the website.\\r\\n\\r\\nKeep it Local will add these reviews to your profile and could be highlighted on our\\r\\n\\r\\nhomepage. Negative reviews will be dealt with by Keep it local in accordance with the\\r\\n\\r\\napplicable host.<\\/p>\"}},\"new11\":{\"type\":\"text\",\"enabled\":\"1\",\"fields\":{\"text\":\"<h2>How do I manage my calendar?<\\/h2>\\r\\n\\r\\n<p>Log on to your dashboard, go to calendar and manage it there. The calendar allows you to\\r\\n\\r\\nspecify when you are available and unavailable.<\\/p>\"}},\"new12\":{\"type\":\"text\",\"enabled\":\"1\",\"fields\":{\"text\":\"<h2>When do I need to reply to a guest?<\\/h2>\\r\\n\\r\\n<p>The sooner the better. Bookings must be answered within 24 hours, if not, then the booking\\r\\n\\r\\nwill be cancelled.<\\/p>\"}},\"new13\":{\"type\":\"text\",\"enabled\":\"1\",\"fields\":{\"text\":\"<h2>Are guests allowed to request a customised experience?<\\/h2><p>Yes, only if you are willing and able to customise it.<br><\\/p>\"}},\"new14\":{\"type\":\"text\",\"enabled\":\"1\",\"fields\":{\"text\":\"<h2>Can I cancel a booking?<\\/h2>\\r\\n\\r\\n<p>You may if you have a valid reason. Please contact us in advance should you need to cancel.\\r\\n\\r\\nWe will monitor all cancellations and cancel your hosting should it deem necessary.<\\/p>\"}},\"new15\":{\"type\":\"text\",\"enabled\":\"1\",\"fields\":{\"text\":\"<h2>How do I communicate with my guests and Keep it Local?<\\/h2>\\r\\n\\r\\n<p>All communication between you and your guest\\/s happens through the messenger platform\\r\\n\\r\\non Keep it Local\\u2019s website. You can stay in contact with Keep it Local via email:\\r\\n\\r\\ninfo@keepitlocal.co.za or phone: &hellip;&hellip;&hellip;&hellip;&hellip;&hellip;..<\\/p>\"}},\"new16\":{\"type\":\"text\",\"enabled\":\"1\",\"fields\":{\"text\":\"<h2>Can someone host in my place if I\\u2019m unavailable?<\\/h2>\\r\\n\\r\\n<p>No, this is prohibited. Keep it Local ensures guests that all hosts are vetted with clear\\r\\n\\r\\ntransparency as to who they will be meeting.<\\/p>\"}},\"new17\":{\"type\":\"text\",\"enabled\":\"1\",\"fields\":{\"text\":\"<h2>Am I liable to pay tax on the money I earn from Keep it Local?<\\/h2><p>Yes, you must declare all income to the South African Revenue Service (SARS).<br><\\/p>\"}},\"new18\":{\"type\":\"text\",\"enabled\":\"1\",\"fields\":{\"text\":\"<h2>What happens if my experience is cancelled or no one shows up?<\\/h2><p>Please refer to our cancellation policy.<\\/p>\"}},\"new19\":{\"type\":\"text\",\"enabled\":\"1\",\"fields\":{\"text\":\"<h2>How do I know if a guest can be trusted?<\\/h2>\\r\\n\\r\\n<p>Guests must create a profile before paying for a booking and your details, other that\\u2019s\\r\\n\\r\\ndisplayed on your experience offered will be displayed to the guest. After the booking is paid\\r\\n\\r\\nyou can ask message your guest and get to know them a bit better.<\\/p>\"}}},\"20\":\"\",\"13\":\"Frequently asked questions\",\"24\":\"\",\"19\":\"\"}}','2017-03-25 13:45:01','2017-03-25 13:45:01','0cb54740-c20e-4a73-9b16-155ac076882f'),(257,95,5,1,'en_us',5,'','{\"typeId\":\"5\",\"authorId\":\"1\",\"title\":\"Find a Host\",\"slug\":\"become-a-local\",\"postDate\":1454961060,\"expiryDate\":null,\"enabled\":1,\"parentId\":\"\",\"fields\":{\"25\":[\"242\"]}}','2017-03-26 19:32:08','2017-03-26 19:32:08','c1aa453b-997b-47a1-8ee7-79b1bedab972'),(258,95,5,1,'en_us',6,'','{\"typeId\":\"6\",\"authorId\":\"1\",\"title\":\"Find a Host\",\"slug\":\"become-a-local\",\"postDate\":1454961060,\"expiryDate\":null,\"enabled\":1,\"parentId\":\"\",\"fields\":{\"26\":\"\\/become-a-local\"}}','2017-03-26 19:35:40','2017-03-26 19:35:40','636a84b7-8881-43e1-8994-553825f27dd8'),(259,95,5,1,'en_us',7,'','{\"typeId\":\"6\",\"authorId\":\"1\",\"title\":\"Find a Host\",\"slug\":\"become-a-local\",\"postDate\":1454961060,\"expiryDate\":null,\"enabled\":1,\"parentId\":\"\",\"fields\":{\"26\":\"\\/local\\/search\"}}','2017-03-26 19:36:29','2017-03-26 19:36:29','35d7b7ec-79eb-4f29-8977-22187a44f054'),(260,242,14,1,'en_us',6,'','{\"typeId\":\"23\",\"authorId\":null,\"title\":\"Become a host\",\"slug\":\"landing\",\"postDate\":1487320760,\"expiryDate\":null,\"enabled\":1,\"parentId\":null,\"fields\":{\"1\":{\"266\":{\"type\":\"relatedPanel\",\"enabled\":\"1\",\"fields\":{\"panel\":[\"264\"]}},\"243\":{\"type\":\"text\",\"enabled\":\"1\",\"fields\":{\"text\":\"<p>What sort of <strong>local experience<\\/strong> are you keen on offering?<\\/p>\"}},\"244\":{\"type\":\"relatedPanel\",\"enabled\":\"1\",\"fields\":{\"panel\":[\"260\"]}},\"279\":{\"type\":\"text\",\"enabled\":\"1\",\"fields\":{\"text\":\"<p>Becoming a <strong>local<\\/strong> offers many perks as well as our <strong>full support system<\\/strong>:<\\/p>\"}},\"280\":{\"type\":\"relatedPanel\",\"enabled\":\"1\",\"fields\":{\"panel\":[\"272\"]}},\"281\":{\"type\":\"text\",\"enabled\":\"1\",\"fields\":{\"text\":\"<p><strong>Becoming a local<\\/strong> is a real stroll in the park!<\\/p>\"}},\"282\":{\"type\":\"relatedPanel\",\"enabled\":\"1\",\"fields\":{\"panel\":[\"267\"]}}},\"15\":\"\",\"20\":\"\",\"13\":\"\",\"23\":\"\",\"50\":\"\",\"24\":\"\",\"21\":\"\",\"19\":\"\",\"66\":\"\"}}','2017-03-26 19:37:22','2017-03-26 19:37:22','5536525c-284c-48cb-add1-2a8d601d22e5'),(261,242,14,1,'en_us',7,'','{\"typeId\":\"23\",\"authorId\":null,\"title\":\"Become a local\",\"slug\":\"landing\",\"postDate\":1487320760,\"expiryDate\":null,\"enabled\":1,\"parentId\":null,\"fields\":{\"1\":{\"266\":{\"type\":\"relatedPanel\",\"enabled\":\"1\",\"fields\":{\"panel\":[\"264\"]}},\"243\":{\"type\":\"text\",\"enabled\":\"1\",\"fields\":{\"text\":\"<p>What sort of <strong>local experience<\\/strong> are you keen on offering?<\\/p>\"}},\"244\":{\"type\":\"relatedPanel\",\"enabled\":\"1\",\"fields\":{\"panel\":[\"260\"]}},\"279\":{\"type\":\"text\",\"enabled\":\"1\",\"fields\":{\"text\":\"<p>Becoming a <strong>local<\\/strong> offers many perks as well as our <strong>full support system<\\/strong>:<\\/p>\"}},\"280\":{\"type\":\"relatedPanel\",\"enabled\":\"1\",\"fields\":{\"panel\":[\"272\"]}},\"281\":{\"type\":\"text\",\"enabled\":\"1\",\"fields\":{\"text\":\"<p><strong>Becoming a local<\\/strong> is a real stroll in the park!<\\/p>\"}},\"282\":{\"type\":\"relatedPanel\",\"enabled\":\"1\",\"fields\":{\"panel\":[\"267\"]}}},\"15\":\"\",\"20\":\"\",\"13\":\"\",\"23\":\"\",\"50\":\"\",\"24\":\"\",\"21\":\"\",\"19\":\"\",\"66\":\"\"}}','2017-03-26 19:37:37','2017-03-26 19:37:37','c9c5cd51-c492-4409-a95d-0f4a693db0ed'),(262,25,5,1,'en_us',6,'','{\"typeId\":\"5\",\"authorId\":\"1\",\"title\":\"Become a Local\",\"slug\":\"become-a-local\",\"postDate\":1445687280,\"expiryDate\":null,\"enabled\":1,\"parentId\":\"\",\"fields\":{\"25\":[\"184\"]}}','2017-03-26 19:38:43','2017-03-26 19:38:43','48520795-3bdc-43e1-adfc-032aac35f574'),(263,25,5,1,'en_us',7,'','{\"typeId\":\"5\",\"authorId\":\"1\",\"title\":\"Become a Local\",\"slug\":\"become-a-local\",\"postDate\":1445687280,\"expiryDate\":null,\"enabled\":1,\"parentId\":\"\",\"fields\":{\"25\":[\"242\"]}}','2017-03-26 19:39:15','2017-03-26 19:39:15','01ab3ef1-1811-40f9-ae20-cee74dda984c'),(264,242,14,1,'en_us',8,'','{\"typeId\":\"23\",\"authorId\":null,\"title\":\"Become a local\",\"slug\":\"landing\",\"postDate\":1487320760,\"expiryDate\":null,\"enabled\":1,\"parentId\":null,\"fields\":{\"1\":{\"266\":{\"type\":\"relatedPanel\",\"enabled\":\"1\",\"fields\":{\"panel\":[\"264\"]}},\"243\":{\"type\":\"text\",\"enabled\":\"1\",\"fields\":{\"text\":\"<p>What sort of <strong>local experience<\\/strong> are you keen on offering?<\\/p>\"}},\"244\":{\"type\":\"relatedPanel\",\"enabled\":\"1\",\"fields\":{\"panel\":[\"260\"]}},\"279\":{\"type\":\"text\",\"enabled\":\"1\",\"fields\":{\"text\":\"<p>Becoming a <strong>local<\\/strong> offers many perks as well as our <strong>full support system<\\/strong>:<\\/p>\"}},\"280\":{\"type\":\"relatedPanel\",\"enabled\":\"1\",\"fields\":{\"panel\":[\"272\"]}},\"281\":{\"type\":\"text\",\"enabled\":\"1\",\"fields\":{\"text\":\"<p><strong>Becoming a local<\\/strong> is a real stroll in the park!<\\/p>\"}},\"282\":{\"type\":\"relatedPanel\",\"enabled\":\"1\",\"fields\":{\"panel\":[\"267\"]}}},\"15\":\"\",\"20\":\"\",\"13\":\"\",\"23\":\"\",\"50\":\"\",\"24\":\"\",\"21\":\"\",\"19\":\"\",\"66\":\"\"}}','2017-03-26 19:41:21','2017-03-26 19:41:21','391b8036-52a0-4e0c-9b35-55f8dea1cd32'),(265,25,5,1,'en_us',8,'','{\"typeId\":\"5\",\"authorId\":\"1\",\"title\":\"Become a Local\",\"slug\":\"landing\",\"postDate\":1445687280,\"expiryDate\":null,\"enabled\":1,\"parentId\":\"\",\"fields\":{\"25\":[\"242\"]}}','2017-03-26 19:43:48','2017-03-26 19:43:48','e626b97b-0277-410a-bc08-82470c6eb28f'),(266,25,5,1,'en_us',9,'','{\"typeId\":\"6\",\"authorId\":\"1\",\"title\":\"Become a Local\",\"slug\":\"become-a-local-1\",\"postDate\":1445687280,\"expiryDate\":null,\"enabled\":1,\"parentId\":\"\",\"fields\":{\"26\":\"become-a-local\"}}','2017-03-26 19:47:34','2017-03-26 19:47:34','187469e2-ac57-4e58-9cd1-afa5cd72a953'),(267,25,5,1,'en_us',10,'','{\"typeId\":\"6\",\"authorId\":\"1\",\"title\":\"Become a Local\",\"slug\":\"become-a-local-1\",\"postDate\":1445687280,\"expiryDate\":null,\"enabled\":1,\"parentId\":\"\",\"fields\":{\"26\":\"become-a-local\"}}','2017-03-26 19:48:23','2017-03-26 19:48:23','1e4accf8-84c3-480f-a076-f8aabeba3b66'),(268,25,5,1,'en_us',11,'','{\"typeId\":\"5\",\"authorId\":\"1\",\"title\":\"Become a Local\",\"slug\":\"become-a-local\",\"postDate\":1445687280,\"expiryDate\":null,\"enabled\":1,\"parentId\":\"\",\"fields\":{\"25\":[\"242\"]}}','2017-03-26 19:49:26','2017-03-26 19:49:26','16246f15-62ab-474f-9864-82ff0c9fe83f'),(269,25,5,1,'en_us',12,'','{\"typeId\":\"6\",\"authorId\":\"1\",\"title\":\"Become a Local\",\"slug\":\"become-a-local\",\"postDate\":1445687280,\"expiryDate\":null,\"enabled\":1,\"parentId\":\"\",\"fields\":{\"26\":\"\\/become-a-local\"}}','2017-03-26 19:56:25','2017-03-26 19:56:25','9d016181-61f3-4756-bef2-41050e13b05e'),(270,205,4,1,'en_us',3,NULL,'{\"typeId\":\"19\",\"authorId\":\"1\",\"title\":\"Team\",\"slug\":\"team\",\"postDate\":1486932273,\"expiryDate\":null,\"enabled\":\"1\",\"parentId\":null,\"fields\":{\"74\":{\"206\":{\"type\":\"profile\",\"enabled\":\"1\",\"fields\":{\"member\":\"Lazanne Truter - Founder\",\"summary\":\"I\\u2019ve hosted many travellers from around the world and some have become my closest friends. I love all types of travelling, but my best is around a camp fire in my beautiful country.\",\"image\":[\"202\"]}}}}}','2017-03-28 22:02:41','2017-03-28 22:02:41','7eff09ee-d83f-4148-a379-4ff98c497301'),(271,166,3,1,'en_us',4,'','{\"typeId\":\"3\",\"authorId\":\"1\",\"title\":\"Meet the team\",\"slug\":\"meet-the-team\",\"postDate\":1486642200,\"expiryDate\":null,\"enabled\":1,\"parentId\":null,\"fields\":{\"1\":{\"204\":{\"type\":\"relatedPanel\",\"enabled\":\"1\",\"fields\":{\"panel\":[\"205\"]}}},\"20\":\"\",\"13\":\"Meet the team\",\"24\":\"\",\"19\":\"\"}}','2017-03-28 22:02:44','2017-03-28 22:02:44','12d6932f-3d96-4b0a-93c6-321f73148e12'),(272,170,3,1,'en_us',2,'','{\"typeId\":\"3\",\"authorId\":\"1\",\"title\":\"Payments & pricing\",\"slug\":\"payments-pricing\",\"postDate\":1486642320,\"expiryDate\":null,\"enabled\":1,\"parentId\":null,\"fields\":{\"1\":{\"171\":{\"type\":\"text\",\"enabled\":\"1\",\"fields\":{\"text\":\"<p>We\\u2019ve partnered with PayFast, an online processing payment solution, allowing a safe and 3D&nbsp;transaction. All payments will be made on this third-party service to process your preferred payment&nbsp;method.<\\/p>\\r\\n\\r\\n<p>You can pay with the following:<\\/p>\\r\\n\\r\\n<ul><li>VISA &amp; MasterCard<\\/li><li>Instant EFT (with a South African bank)<\\/li><li>Bitcoin (digital payment method)<\\/li><li>Masterpass<\\/li><li>Cash deposit at the bank.<\\/li><\\/ul>\\r\\n\\r\\n\\r\\n\\r\\n\\r\\n\\r\\n\\r\\n\\r\\n\\r\\n\\r\\n<p>Bookings are confirmed once full payment is received and hosts are after the experience. Payment is&nbsp;immediate and you will receive a notification of the successful transaction.<\\/p>\"}}},\"20\":\"\",\"13\":\"Payments & pricing\",\"24\":\"\",\"19\":\"\"}}','2017-03-28 22:03:48','2017-03-28 22:03:48','0eb46926-de36-425e-b933-8bef02ea030e'),(273,172,3,1,'en_us',2,'','{\"typeId\":\"3\",\"authorId\":\"1\",\"title\":\"Cancellation & refunds\",\"slug\":\"cancellation-refunds\",\"postDate\":1486642380,\"expiryDate\":null,\"enabled\":1,\"parentId\":null,\"fields\":{\"1\":{\"173\":{\"type\":\"text\",\"enabled\":\"1\",\"fields\":{\"text\":\"<p>Life happens and we respect your need to cancel or amend your booking. We\\u2019ve got you covered&nbsp;and will attend to your request based on our cancellation policy. Have a look here (cancellation&nbsp;policy on T&amp;Cs - should link to the specific content) for all the details.<\\/p>\\r\\n\\r\\n<p>Please contact us via email as soon as you can with the following details:<\\/p>\\r\\n\\r\\n<ul><li>Your reason for cancelling<\\/li><li>Your booking details including experience booked, date of experience<\\/li><li>Refund request: full refund or rescheduling.<\\/li><\\/ul>\\r\\n\\r\\n\\r\\n\\r\\n\"}}},\"20\":\"\",\"13\":\"Cancellation & refunds\",\"24\":\"\",\"19\":\"\"}}','2017-03-28 22:04:50','2017-03-28 22:04:50','d32512b5-0ba6-48b5-8c8a-42bd887c16a0'),(274,174,3,1,'en_us',2,'','{\"typeId\":\"3\",\"authorId\":\"1\",\"title\":\"Security\",\"slug\":\"security\",\"postDate\":1486642440,\"expiryDate\":null,\"enabled\":1,\"parentId\":null,\"fields\":{\"1\":{\"175\":{\"type\":\"text\",\"enabled\":\"1\",\"fields\":{\"text\":\"<p>Your safety is of the utmost importance at Keep it Local and we go out of our way to ensure your&nbsp;peace of mind.<\\/p>\\r\\n\\r\\n<p>This is how we do it:<\\/p>\\r\\n\\r\\n<ul><li>Handpicked hosts through a vigorous screening process.<\\/li><li>Detailed and verified host profiles.<\\/li><li>All host and guest communication done via our platform.<\\/li><li>Secure transactions<\\/li><li>Honest review system<\\/li><\\/ul>\\r\\n\\r\\n\\r\\n\\r\\n\\r\\n\\r\\n\\r\\n\\r\\n\"}}},\"20\":\"\",\"13\":\"Security\",\"24\":\"\",\"19\":\"\"}}','2017-03-28 22:06:09','2017-03-28 22:06:09','bab7ca33-bdff-49af-806b-d051596d141b'),(275,176,3,1,'en_us',2,'','{\"typeId\":\"3\",\"authorId\":\"1\",\"title\":\"Reviews & ratings\",\"slug\":\"reviews-ratings\",\"postDate\":1486642500,\"expiryDate\":null,\"enabled\":1,\"parentId\":null,\"fields\":{\"1\":{\"177\":{\"type\":\"text\",\"enabled\":\"1\",\"fields\":{\"text\":\"<p>Sharing is what we do best and we\\u2019d love to hear about your amazing experience!&nbsp;<\\/p>\\r\\n\\r\\n<p>Inspire fellow travellers with the uniqueness of Cape Town. You can use these platforms to&nbsp;recommend our hosts, congratulate us, give us some advice or if you\\u2019re unhappy about something.<\\/p>\"}}},\"20\":\"\",\"13\":\"Reviews & ratings\",\"24\":\"\",\"19\":\"\"}}','2017-03-28 22:07:08','2017-03-28 22:07:08','8bef137a-1377-4446-b59c-31afe2c7e31b'),(276,176,3,1,'en_us',3,'','{\"typeId\":\"3\",\"authorId\":\"1\",\"title\":\"Reviews & ratings\",\"slug\":\"reviews-ratings\",\"postDate\":1486642500,\"expiryDate\":null,\"enabled\":1,\"parentId\":null,\"fields\":{\"1\":{\"177\":{\"type\":\"text\",\"enabled\":\"1\",\"fields\":{\"text\":\"<p>Sharing is what we do best and we\\u2019d love to hear about your amazing experience!&nbsp;<\\/p>\\r\\n\\r\\n<p>Inspire fellow travellers with the uniqueness of Cape Town. You can use these platforms to&nbsp;recommend our hosts, congratulate us, give us some advice or if you\\u2019re unhappy about something.<\\/p><p>Email: reviews@keepitlocal.co.za<\\/p><p>Facebook: <a href=\\\"https:\\/\\/www.facebook.com\\/keepitlocal.co.za\\/\\\">https:\\/\\/www.facebook.com\\/keepi...<\\/a><\\/p>\\r\\n\\r\\n<p>Twitter: <a href=\\\"https:\\/\\/twitter.com\\/KeepitLocalSA\\\">https:\\/\\/twitter.com\\/KeepitLoca...<\\/a><\\/p>\\r\\n\\r\\n<p>Skype: Keep it Local<\\/p>\"}}},\"20\":\"\",\"13\":\"Reviews & ratings\",\"24\":\"\",\"19\":\"\"}}','2017-03-28 22:08:00','2017-03-28 22:08:00','0ef8a850-b22c-4d61-b0b9-5e348d92876f'),(277,264,4,1,'en_us',3,NULL,'{\"typeId\":\"4\",\"authorId\":\"1\",\"title\":\"Find a host slideshow\",\"slug\":\"become-a-local-slideshow\",\"postDate\":1487322360,\"expiryDate\":null,\"enabled\":\"1\",\"parentId\":null,\"fields\":{\"41\":{\"265\":{\"type\":\"slide\",\"enabled\":\"1\",\"fields\":{\"image\":[\"106\"],\"caption\":\"\",\"linkUrl\":\"\",\"summary\":\"THE WORLD TO <br \\/> YOUR DOORSTEP.\"}}}}}','2017-03-28 22:11:25','2017-03-28 22:11:25','a1ffc2f6-f214-44b7-9308-4d8734152b81'),(278,260,4,1,'en_us',4,NULL,'{\"typeId\":\"21\",\"authorId\":\"1\",\"title\":\"Find a host steps\",\"slug\":\"become-a-local\",\"postDate\":1487322180,\"expiryDate\":null,\"enabled\":\"1\",\"parentId\":null,\"fields\":{\"81\":{\"261\":{\"type\":\"step\",\"enabled\":\"1\",\"fields\":{\"displayTitle\":\"Share your passion &amp; skills:\",\"image\":[\"247\"],\"summary\":\"Take them off-the- beaten-track and create long-lasting memories by  doing what you love.\"}},\"262\":{\"type\":\"step\",\"enabled\":\"1\",\"fields\":{\"displayTitle\":\"Make new friends:\",\"image\":[\"249\"],\"summary\":\"They share your interests, show them a good time and you might just meet your BFF along the way.\"}},\"263\":{\"type\":\"step\",\"enabled\":\"1\",\"fields\":{\"displayTitle\":\"Earn an income:\",\"image\":[\"251\"],\"summary\":\"Entertain your guests in your own time. You could do this part time or even turn it\\r\\n\\r\\ninto your own business.\"}}}}}','2017-03-28 22:14:24','2017-03-28 22:14:24','b86c0d8c-a9bf-4180-933b-e6765cf08977'),(279,272,4,1,'en_us',2,NULL,'{\"typeId\":\"21\",\"authorId\":\"1\",\"title\":\"Perks - Becoming a local\",\"slug\":\"perks-becoming-a-local\",\"postDate\":1487333426,\"expiryDate\":null,\"enabled\":\"1\",\"parentId\":null,\"fields\":{\"81\":{\"273\":{\"type\":\"step\",\"enabled\":\"1\",\"fields\":{\"displayTitle\":\"Perk 1\",\"image\":[\"271\"],\"summary\":\"Easy sign up process.\"}},\"274\":{\"type\":\"step\",\"enabled\":\"1\",\"fields\":{\"displayTitle\":\"Perk 2\",\"image\":[\"271\"],\"summary\":\"We\\u2019ll do the marketing.\"}},\"275\":{\"type\":\"step\",\"enabled\":\"1\",\"fields\":{\"displayTitle\":\"Perk 3\",\"image\":[\"271\"],\"summary\":\"Set your own price\"}},\"276\":{\"type\":\"step\",\"enabled\":\"1\",\"fields\":{\"displayTitle\":\"Perk 4\",\"image\":[\"271\"],\"summary\":\"Do it in your spare time.\"}},\"277\":{\"type\":\"step\",\"enabled\":\"1\",\"fields\":{\"displayTitle\":\"Perk 5\",\"image\":[\"271\"],\"summary\":\"Guaranteed payment &amp; full transparency.\"}},\"278\":{\"type\":\"step\",\"enabled\":\"1\",\"fields\":{\"displayTitle\":\"Perk 6\",\"image\":[\"271\"],\"summary\":\"Dashboard to manage bookings.\"}}}}}','2017-03-28 22:16:24','2017-03-28 22:16:24','f36f7442-fcf7-422c-91db-a7084f9c532b'),(280,267,4,1,'en_us',2,NULL,'{\"typeId\":\"21\",\"authorId\":\"1\",\"title\":\"Steps - Becoming a local\",\"slug\":\"steps-becoming-a-local\",\"postDate\":1487333076,\"expiryDate\":null,\"enabled\":\"1\",\"parentId\":null,\"fields\":{\"81\":{\"268\":{\"type\":\"step\",\"enabled\":\"1\",\"fields\":{\"displayTitle\":\"Register as a host:\",\"image\":[\"121\"],\"summary\":\"Enter your basic details and tell us a bit about yourself.\"}},\"269\":{\"type\":\"step\",\"enabled\":\"1\",\"fields\":{\"displayTitle\":\"Create experience:\",\"image\":[\"121\"],\"summary\":\"Describe what you\\u2019re offering, add your price, availability and a few  photos.\"}},\"270\":{\"type\":\"step\",\"enabled\":\"1\",\"fields\":{\"displayTitle\":\"Submit experience:\",\"image\":[\"121\"],\"summary\":\"Preview experience, sit back and watch your inbox for bookings.\"}}}}}','2017-03-28 22:17:48','2017-03-28 22:17:48','5942d675-c35e-4a85-ac7a-133beb70695f'),(281,242,14,1,'en_us',9,'','{\"typeId\":\"23\",\"authorId\":null,\"title\":\"Become a local\",\"slug\":\"landing\",\"postDate\":1487320760,\"expiryDate\":null,\"enabled\":1,\"parentId\":null,\"fields\":{\"1\":{\"266\":{\"type\":\"relatedPanel\",\"enabled\":\"1\",\"fields\":{\"panel\":[\"264\"]}},\"243\":{\"type\":\"text\",\"enabled\":\"1\",\"fields\":{\"text\":\"<p>Show travellers your way of life and earn an income.<\\/p>\"}},\"244\":{\"type\":\"relatedPanel\",\"enabled\":\"1\",\"fields\":{\"panel\":[\"260\"]}},\"279\":{\"type\":\"text\",\"enabled\":\"1\",\"fields\":{\"text\":\"<p>Becoming a <strong>local<\\/strong> offers many perks as well as our <strong>full support system<\\/strong>:<\\/p>\"}},\"280\":{\"type\":\"relatedPanel\",\"enabled\":\"1\",\"fields\":{\"panel\":[\"272\"]}},\"281\":{\"type\":\"text\",\"enabled\":\"1\",\"fields\":{\"text\":\"<p><strong>Becoming a local<\\/strong> is a real stroll in the park!<\\/p>\"}},\"282\":{\"type\":\"relatedPanel\",\"enabled\":\"1\",\"fields\":{\"panel\":[\"267\"]}}},\"15\":\"\",\"20\":\"\",\"13\":\"\",\"23\":\"\",\"50\":\"\",\"24\":\"\",\"21\":\"\",\"19\":\"\",\"66\":\"\"}}','2017-03-28 22:17:58','2017-03-28 22:17:58','9197d17e-e169-4477-978a-076d7d01c1dc'),(282,264,4,1,'en_us',4,NULL,'{\"typeId\":\"4\",\"authorId\":\"1\",\"title\":\"Find a host slideshow\",\"slug\":\"become-a-local-slideshow\",\"postDate\":1487322360,\"expiryDate\":null,\"enabled\":\"1\",\"parentId\":null,\"fields\":{\"41\":{\"265\":{\"type\":\"slide\",\"enabled\":\"1\",\"fields\":{\"image\":[\"106\"],\"caption\":\"\",\"linkUrl\":\"\",\"summary\":\"THE WORLD TO <br \\/> YOUR DOORSTEP\"}}}}}','2017-03-28 22:29:44','2017-03-28 22:29:44','911fd06c-86e0-4492-a429-f344b20d39ae'),(283,242,14,1,'en_us',10,'','{\"typeId\":\"23\",\"authorId\":null,\"title\":\"Become a local\",\"slug\":\"landing\",\"postDate\":1487320760,\"expiryDate\":null,\"enabled\":1,\"parentId\":null,\"fields\":{\"1\":{\"266\":{\"type\":\"relatedPanel\",\"enabled\":\"1\",\"fields\":{\"panel\":[\"264\"]}},\"243\":{\"type\":\"text\",\"enabled\":\"1\",\"fields\":{\"text\":\"<p>Show travellers your way of life and earn an income.<\\/p>\"}},\"244\":{\"type\":\"relatedPanel\",\"enabled\":\"1\",\"fields\":{\"panel\":[\"260\"]}},\"279\":{\"type\":\"text\",\"enabled\":\"1\",\"fields\":{\"text\":\"<p>Becoming a <strong>local<\\/strong> offers many perks as well as our <strong>full support system<\\/strong>:<\\/p>\"}},\"280\":{\"type\":\"relatedPanel\",\"enabled\":\"1\",\"fields\":{\"panel\":[\"272\"]}},\"281\":{\"type\":\"text\",\"enabled\":\"1\",\"fields\":{\"text\":\"<p><strong>Becoming a local<\\/strong> is a real stroll in the park!<\\/p>\"}},\"282\":{\"type\":\"relatedPanel\",\"enabled\":\"1\",\"fields\":{\"panel\":[\"267\"]}}},\"15\":\"\",\"20\":\"\",\"13\":\"\",\"23\":\"\",\"50\":\"\",\"24\":\"\",\"21\":\"\",\"19\":\"\",\"66\":\"\"}}','2017-03-28 22:29:48','2017-03-28 22:29:48','5c0889b1-05b6-437e-b96c-731e209f233f'),(284,170,3,1,'en_us',3,'','{\"typeId\":\"3\",\"authorId\":\"1\",\"title\":\"Payments & pricing\",\"slug\":\"payments-pricing\",\"postDate\":1486642320,\"expiryDate\":null,\"enabled\":1,\"parentId\":null,\"fields\":{\"1\":{\"171\":{\"type\":\"text\",\"enabled\":\"1\",\"fields\":{\"text\":\"<p>We\\u2019ve partnered with PayFast, an online processing payment solution, allowing a safe and 3D&nbsp;transaction. All payments will be made on this third-party service to process your preferred payment&nbsp;method.<\\/p>\\r\\n\\r\\n<p>You can pay with the following:<\\/p>\\r\\n\\r\\n\\r\\n\\r\\n<ul><li>VISA & MasterCard<\\/li><li>Instant EFT (with a South African bank)<\\/li><li>Bitcoin (digital payment method)<\\/li><li>Masterpass<\\/li><li>Cash deposit at the bank.<\\/li><\\/ul>\\r\\n\\r\\n\\r\\n\\r\\n\\r\\n\\r\\n\\r\\n\\r\\n\\r\\n\\r\\n\\r\\n\\r\\n<p>Bookings are confirmed once full payment is received and hosts are after the experience. Payment is&nbsp;immediate and you will receive a notification of the successful transaction.<\\/p>\"}}},\"20\":\"\",\"13\":\"Payments & pricing\",\"24\":\"\",\"19\":\"\"}}','2017-03-28 23:34:03','2017-03-28 23:34:03','ab785eb7-8997-450f-a3e5-3f2769f48b08'),(285,60,5,1,'en_us',6,'','{\"typeId\":\"6\",\"authorId\":\"1\",\"title\":\"Contact\",\"slug\":\"contact\",\"postDate\":1447498140,\"expiryDate\":null,\"enabled\":1,\"parentId\":\"\",\"fields\":{\"26\":\"\\/local\\/contact-us\\/create\"}}','2017-04-02 12:04:09','2017-04-02 12:04:09','945416a2-60e2-4adc-80b9-a230a9609f0d');
/*!40000 ALTER TABLE `craft_entryversions` ENABLE KEYS */;
UNLOCK TABLES;

--
-- Table structure for table `craft_fieldgroups`
--

DROP TABLE IF EXISTS `craft_fieldgroups`;
/*!40101 SET @saved_cs_client     = @@character_set_client */;
/*!40101 SET character_set_client = utf8 */;
CREATE TABLE `craft_fieldgroups` (
  `id` int(11) NOT NULL AUTO_INCREMENT,
  `name` varchar(255) COLLATE utf8_unicode_ci NOT NULL,
  `dateCreated` datetime NOT NULL,
  `dateUpdated` datetime NOT NULL,
  `uid` char(36) COLLATE utf8_unicode_ci NOT NULL DEFAULT '0',
  PRIMARY KEY (`id`),
  UNIQUE KEY `craft_fieldgroups_name_unq_idx` (`name`)
) ENGINE=InnoDB AUTO_INCREMENT=10 DEFAULT CHARSET=utf8 COLLATE=utf8_unicode_ci;
/*!40101 SET character_set_client = @saved_cs_client */;

--
-- Dumping data for table `craft_fieldgroups`
--

LOCK TABLES `craft_fieldgroups` WRITE;
/*!40000 ALTER TABLE `craft_fieldgroups` DISABLE KEYS */;
INSERT INTO `craft_fieldgroups` VALUES (1,'Content Fields','2015-10-24 08:36:38','2015-10-25 14:07:59','e4b7d6e2-9576-44bb-90e1-77bf7e1e73d8'),(2,'Asset Fields','2015-10-24 10:30:13','2015-10-24 10:30:13','baaf4528-99ec-44a3-998a-e4af143ddd26'),(3,'SEO Fields','2015-10-24 11:16:32','2015-10-24 11:16:32','54ec3a92-c5e5-4a0e-bf6e-9ac094177105'),(4,'Navigation Fields','2015-10-24 11:45:13','2015-10-24 11:45:13','1cfb0b27-b007-4ee2-933e-725da4211a70'),(5,'Site Globals','2015-10-25 08:20:47','2015-10-25 08:20:47','f0ab1776-d6a2-40d6-b39e-74cd27fe0b7c'),(6,'Panel Fields','2015-10-25 14:01:38','2015-10-25 14:01:38','f3b6b8a8-b92a-4ee7-b669-6af5a2bc017b'),(7,'Social Platform Fields','2015-11-08 08:49:00','2015-11-08 08:49:00','5d86e5ea-3622-4092-8356-336454e08ce3'),(8,'Forms Sumissions','2015-11-14 09:42:29','2016-09-03 14:47:25','92fcf542-05ec-4067-963e-066b5d946361'),(9,'Form Configs','2016-09-03 14:47:32','2016-09-03 14:47:32','a90d37d5-4f36-46e7-b5ae-5d82811afef4');
/*!40000 ALTER TABLE `craft_fieldgroups` ENABLE KEYS */;
UNLOCK TABLES;

--
-- Table structure for table `craft_fieldlayoutfields`
--

DROP TABLE IF EXISTS `craft_fieldlayoutfields`;
/*!40101 SET @saved_cs_client     = @@character_set_client */;
/*!40101 SET character_set_client = utf8 */;
CREATE TABLE `craft_fieldlayoutfields` (
  `id` int(11) NOT NULL AUTO_INCREMENT,
  `layoutId` int(11) NOT NULL,
  `tabId` int(11) NOT NULL,
  `fieldId` int(11) NOT NULL,
  `required` tinyint(1) unsigned NOT NULL DEFAULT '0',
  `sortOrder` smallint(6) unsigned DEFAULT NULL,
  `dateCreated` datetime NOT NULL,
  `dateUpdated` datetime NOT NULL,
  `uid` char(36) COLLATE utf8_unicode_ci NOT NULL DEFAULT '0',
  PRIMARY KEY (`id`),
  UNIQUE KEY `craft_fieldlayoutfields_layoutId_fieldId_unq_idx` (`layoutId`,`fieldId`),
  KEY `craft_fieldlayoutfields_sortOrder_idx` (`sortOrder`),
  KEY `craft_fieldlayoutfields_tabId_fk` (`tabId`),
  KEY `craft_fieldlayoutfields_fieldId_fk` (`fieldId`),
  CONSTRAINT `craft_fieldlayoutfields_fieldId_fk` FOREIGN KEY (`fieldId`) REFERENCES `craft_fields` (`id`) ON DELETE CASCADE,
  CONSTRAINT `craft_fieldlayoutfields_layoutId_fk` FOREIGN KEY (`layoutId`) REFERENCES `craft_fieldlayouts` (`id`) ON DELETE CASCADE,
  CONSTRAINT `craft_fieldlayoutfields_tabId_fk` FOREIGN KEY (`tabId`) REFERENCES `craft_fieldlayouttabs` (`id`) ON DELETE CASCADE
) ENGINE=InnoDB AUTO_INCREMENT=499 DEFAULT CHARSET=utf8 COLLATE=utf8_unicode_ci;
/*!40101 SET character_set_client = @saved_cs_client */;

--
-- Dumping data for table `craft_fieldlayoutfields`
--

LOCK TABLES `craft_fieldlayoutfields` WRITE;
/*!40000 ALTER TABLE `craft_fieldlayoutfields` DISABLE KEYS */;
INSERT INTO `craft_fieldlayoutfields` VALUES (1,3,1,1,1,1,'2015-10-24 08:36:38','2015-10-24 08:36:38','d00200e4-6fba-46e2-a136-e7e9ee26815c'),(142,82,76,13,1,1,'2015-10-24 11:33:41','2015-10-24 11:33:41','bd5b33a9-6e5e-4684-91c5-b933dfa8630e'),(143,82,76,15,0,2,'2015-10-24 11:33:41','2015-10-24 11:33:41','79c513af-db03-4825-8ed2-1584696947e4'),(144,82,76,23,0,3,'2015-10-24 11:33:41','2015-10-24 11:33:41','ef7f9a2c-a366-49fa-a8dc-af15101afa0f'),(145,82,76,21,0,4,'2015-10-24 11:33:41','2015-10-24 11:33:41','a8b46841-7453-47b8-b71f-73b54d4232a8'),(146,82,76,1,1,5,'2015-10-24 11:33:41','2015-10-24 11:33:41','50876fef-a7dd-4777-8a1e-9e2fa711c22a'),(148,82,77,19,0,1,'2015-10-24 11:33:41','2015-10-24 11:33:41','00e965a8-25e1-48cb-a05f-84a3869fb761'),(149,82,77,20,0,2,'2015-10-24 11:33:41','2015-10-24 11:33:41','a7405379-a629-402e-a662-402ef9e8dd56'),(150,82,77,24,0,3,'2015-10-24 11:33:41','2015-10-24 11:33:41','679bd014-d25c-4ca2-9fa5-202292f745a4'),(152,87,79,25,0,1,'2015-10-24 11:47:23','2015-10-24 11:47:23','eee0ed1d-b709-4b69-8ef9-d2b7461ccb83'),(154,89,81,26,0,1,'2015-10-24 11:47:46','2015-10-24 11:47:46','555db83b-259a-4968-ad65-30395913ddb5'),(178,98,90,38,0,1,'2015-10-25 09:18:51','2015-10-25 09:18:51','b46079e8-e8bd-4f7d-9a29-9584318dce75'),(179,98,90,39,0,2,'2015-10-25 09:18:51','2015-10-25 09:18:51','9cb5d955-20a9-4ae8-840d-aee9658f6cff'),(191,106,96,45,0,1,'2015-11-08 08:51:31','2015-11-08 08:51:31','881aa76f-d9df-4ea7-ad81-68576c214f5f'),(192,106,96,46,0,2,'2015-11-08 08:51:31','2015-11-08 08:51:31','da94c3a0-29a7-4d23-b3c8-a8c477cb4035'),(193,106,96,47,0,3,'2015-11-08 08:51:31','2015-11-08 08:51:31','9a29cf6c-06a4-4a11-b160-a9e3c03f044d'),(194,106,96,48,0,4,'2015-11-08 08:51:31','2015-11-08 08:51:31','6a06f80d-ba5b-4901-a9f5-795666610d33'),(195,106,96,49,0,5,'2015-11-08 08:51:31','2015-11-08 08:51:31','93361d24-0754-4abd-885a-0b9aaada64bc'),(196,107,97,34,0,1,'2015-11-08 08:51:52','2015-11-08 08:51:52','4c5b4549-f564-4879-b5a1-b7a47b79d843'),(197,107,97,35,0,2,'2015-11-08 08:51:52','2015-11-08 08:51:52','e250976e-b94d-4afb-ada5-74a722eec318'),(199,110,99,51,1,1,'2015-11-08 10:06:08','2015-11-08 10:06:08','f94e1402-26f6-4e66-a266-87832c092e44'),(200,110,99,52,0,2,'2015-11-08 10:06:08','2015-11-08 10:06:08','abd70098-a992-495b-9633-fe1c65469ef9'),(201,111,100,13,0,1,'2015-11-08 10:08:03','2015-11-08 10:08:03','ef0b0ac5-6c75-460a-b050-37c94fa7cc71'),(202,111,100,50,0,2,'2015-11-08 10:08:03','2015-11-08 10:08:03','86c101af-ecaf-422b-b1ff-6c6c2abe4109'),(324,170,152,27,0,1,'2016-03-03 11:17:29','2016-03-03 11:17:29','255ab763-3f8c-43e2-ad05-a335c277cb6e'),(325,170,152,32,0,2,'2016-03-03 11:17:29','2016-03-03 11:17:29','719cc320-bebd-46c8-8ad2-4b1d7aab28e1'),(326,170,152,28,0,3,'2016-03-03 11:17:29','2016-03-03 11:17:29','02791246-9bb3-495d-9fbf-b45fc74fd4c7'),(327,170,152,40,0,4,'2016-03-03 11:17:29','2016-03-03 11:17:29','b032f87e-5441-4a6d-9054-d9f9c45ef0d9'),(328,170,152,37,0,5,'2016-03-03 11:17:29','2016-03-03 11:17:29','0949f712-1ba7-464c-8d36-607f415ca9e1'),(329,170,152,33,0,6,'2016-03-03 11:17:29','2016-03-03 11:17:29','c0912103-61ea-4b9b-b8e1-9451d9296749'),(330,170,152,64,0,7,'2016-03-03 11:17:29','2016-03-03 11:17:29','3a2f4d9e-6a25-4620-85c6-3be4c3de60cb'),(331,170,152,65,0,8,'2016-03-03 11:17:29','2016-03-03 11:17:29','6b8377b9-56d0-4966-b0ca-3c08a3508b0b'),(332,170,152,62,0,9,'2016-03-03 11:17:29','2016-03-03 11:17:29','bbed253b-9f5b-4947-bd83-52b0b8012a00'),(333,170,152,63,0,10,'2016-03-03 11:17:29','2016-03-03 11:17:29','4bdaee1d-ec79-4440-a861-a8a1a7ee4306'),(362,187,169,66,0,1,'2016-05-05 14:47:51','2016-05-05 14:47:51','186310b4-f7a0-4f2d-aea6-d6ed997dc563'),(363,188,170,3,0,1,'2016-05-06 11:23:53','2016-05-06 11:23:53','ca29860c-de57-4d9b-9542-4ddfc08619c9'),(364,188,170,4,0,2,'2016-05-06 11:23:53','2016-05-06 11:23:53','6c9b4700-dc48-4f04-9c93-abd9f8dd1000'),(365,189,171,5,0,1,'2016-05-06 11:23:53','2016-05-06 11:23:53','07aa4a83-d11a-4058-afd0-44d93361002b'),(366,190,172,6,1,1,'2016-05-06 11:23:53','2016-05-06 11:23:53','73de1804-4efe-442b-acdf-479db2b41d72'),(367,190,172,7,0,2,'2016-05-06 11:23:53','2016-05-06 11:23:53','9fb7826f-6341-46e6-bb79-eee5201baba4'),(368,190,172,12,0,3,'2016-05-06 11:23:53','2016-05-06 11:23:53','3830a384-dde2-4d0c-a930-e9b811345b54'),(369,190,172,14,0,4,'2016-05-06 11:23:53','2016-05-06 11:23:53','ae6abbd7-53c2-49e8-a681-ec784d2edec8'),(370,191,173,8,0,1,'2016-05-06 11:23:53','2016-05-06 11:23:53','1c9ddd90-c133-48d1-91b0-ee49e306fa8e'),(371,192,174,9,0,1,'2016-05-06 11:23:53','2016-05-06 11:23:53','22351e4f-985b-49b5-8251-97877e23078d'),(372,192,174,67,0,2,'2016-05-06 11:23:53','2016-05-06 11:23:53','ebf58a6e-62a9-4d46-b9b5-a525f3d6e8ef'),(373,192,174,68,0,3,'2016-05-06 11:23:53','2016-05-06 11:23:53','12086490-e70a-4441-b10e-1b67bde506ee'),(374,193,175,10,0,1,'2016-05-06 11:23:53','2016-05-06 11:23:53','caf5b02e-9826-4ba8-8aac-6ba806ec6b70'),(375,193,175,11,0,2,'2016-05-06 11:23:53','2016-05-06 11:23:53','5d01134e-3ad3-4d24-b6ba-13e15c8686d4'),(376,194,176,18,0,1,'2016-05-06 11:23:53','2016-05-06 11:23:53','7c8deda7-d957-49bb-a270-19c8d275748d'),(377,195,177,61,0,1,'2016-05-06 11:23:53','2016-05-06 11:23:53','a2fda4a2-df41-49f7-99b2-fed590ca627e'),(387,199,181,16,0,1,'2016-09-02 13:31:11','2016-09-02 13:31:11','5e0d2d50-4922-4fed-bdcd-087321cfde20'),(388,199,181,17,0,2,'2016-09-02 13:31:11','2016-09-02 13:31:11','35f4fcef-c06b-4e70-a977-11629354d89c'),(389,199,181,69,0,3,'2016-09-02 13:31:11','2016-09-02 13:31:11','1d591837-9815-434e-a2e1-655111e433f6'),(390,200,182,59,1,1,'2016-09-03 13:57:24','2016-09-03 13:57:24','f69c757c-5b7f-4503-97fa-878cc437c4f2'),(391,200,182,58,1,2,'2016-09-03 13:57:24','2016-09-03 13:57:24','2100eac8-17a1-455f-9998-b02f40fcab4a'),(392,200,182,60,1,3,'2016-09-03 13:57:24','2016-09-03 13:57:24','d2a6d4e3-eea7-4f40-bb37-7b2b961fec68'),(393,200,182,70,0,4,'2016-09-03 13:57:24','2016-09-03 13:57:24','fea2176f-b961-441a-a6c2-17baab02f35a'),(394,201,183,13,0,1,'2016-09-03 14:49:44','2016-09-03 14:49:44','ec8a5d63-526c-4d43-93f4-c086635c96a3'),(395,201,183,55,0,2,'2016-09-03 14:49:44','2016-09-03 14:49:44','8f1d175a-caff-44c6-b88c-a839506cfe77'),(396,201,183,56,0,3,'2016-09-03 14:49:44','2016-09-03 14:49:44','28fae39a-7602-4950-a9be-f19c4a40f044'),(397,201,183,57,0,4,'2016-09-03 14:49:44','2016-09-03 14:49:44','9726c883-a54e-4ee8-9861-8d3703b53e9a'),(398,201,183,54,0,5,'2016-09-03 14:49:44','2016-09-03 14:49:44','6c5c2c21-9f78-4e1c-9fab-55ae36d0e4c5'),(399,201,183,71,0,6,'2016-09-03 14:49:44','2016-09-03 14:49:44','6e5b8f95-b846-4e39-a6ff-ab7bc6489f39'),(409,206,187,41,0,1,'2017-02-04 16:33:22','2017-02-04 16:33:22','c74922c0-4868-4942-81d4-7075fd542fce'),(410,207,188,1,0,1,'2017-02-04 16:35:00','2017-02-04 16:35:00','45079aca-0ba8-4542-8705-5d19f7df4a69'),(411,207,188,13,0,2,'2017-02-04 16:35:00','2017-02-04 16:35:00','4c115c52-5222-4ee1-8951-684e5e502aa7'),(412,207,188,23,0,3,'2017-02-04 16:35:00','2017-02-04 16:35:00','28117fbc-1405-4da8-990b-5f0722a84a82'),(420,210,191,1,0,1,'2017-02-04 16:47:56','2017-02-04 16:47:56','b2ae0730-7b11-45f1-b6dc-5cab9a0ac528'),(421,210,191,23,0,2,'2017-02-04 16:47:56','2017-02-04 16:47:56','06462243-3eaf-4d3f-a314-09c3011687a8'),(422,210,191,26,0,3,'2017-02-04 16:47:56','2017-02-04 16:47:56','a7f08b26-39bd-46d4-986b-562571e8c34d'),(427,213,193,15,0,1,'2017-02-07 19:34:56','2017-02-07 19:34:56','f8bcbccc-a74f-4ebc-a15d-37f1eef4ad71'),(428,213,193,23,0,2,'2017-02-07 19:34:56','2017-02-07 19:34:56','f21ec3f2-8b73-46ee-b7d9-01a9e2759a2e'),(429,213,193,21,0,3,'2017-02-07 19:34:56','2017-02-07 19:34:56','91bb49a9-a86c-4025-8582-e491a218b0ea'),(430,215,194,13,0,1,'2017-02-08 11:16:34','2017-02-08 11:16:34','72053ea6-b55e-4801-8aa5-178dc155ac83'),(431,215,194,23,0,2,'2017-02-08 11:16:34','2017-02-08 11:16:34','789895e2-ec29-43d8-b2c4-5b1da0bc3bf0'),(432,215,194,21,0,3,'2017-02-08 11:16:34','2017-02-08 11:16:34','0f4abbef-1b2c-4971-b8ce-77e6155f4214'),(433,216,195,42,0,1,'2017-02-08 15:04:34','2017-02-08 15:04:34','fc366d42-0e85-4bab-ab00-eaadcea4cb25'),(434,216,195,43,0,2,'2017-02-08 15:04:34','2017-02-08 15:04:34','4a9d78a5-51cd-4139-82bb-a88c63c68a27'),(435,216,195,44,0,3,'2017-02-08 15:04:34','2017-02-08 15:04:34','4bec9dfa-a2f9-446a-8583-468f6685d906'),(436,216,195,72,1,4,'2017-02-08 15:04:34','2017-02-08 15:04:34','5b777607-e633-41d8-b9e1-fa9527376eb7'),(439,219,197,23,0,1,'2017-02-09 11:13:42','2017-02-09 11:13:42','9dde4e7a-324c-4c05-973c-351a7c1c85a5'),(440,219,197,21,0,2,'2017-02-09 11:13:42','2017-02-09 11:13:42','c167dabf-5c96-41e8-af73-200d716ab98f'),(445,224,201,25,0,1,'2017-02-09 11:51:12','2017-02-09 11:51:12','ec66bcb0-8374-4347-9ed3-d5acec11896c'),(446,224,201,26,0,2,'2017-02-09 11:51:12','2017-02-09 11:51:12','5a087aac-31a0-4308-9d61-653033f5a701'),(447,224,201,73,0,3,'2017-02-09 11:51:12','2017-02-09 11:51:12','da5ed465-445e-40d8-86ee-c6715f4bf3fd'),(454,228,205,74,0,1,'2017-02-12 20:53:35','2017-02-12 20:53:35','9edf5946-9bb8-406a-ba02-8948e0062531'),(455,229,206,75,1,1,'2017-02-12 20:55:12','2017-02-12 20:55:12','ffba4dbd-b0e5-4855-a95d-ddb5be96fdae'),(456,229,206,76,0,2,'2017-02-12 20:55:12','2017-02-12 20:55:12','efe68518-969f-4fc4-90be-9498cb4a2e40'),(457,229,206,77,1,3,'2017-02-12 20:55:12','2017-02-12 20:55:12','9760ddbd-7776-455c-802b-9742db69baf0'),(458,231,207,79,0,1,'2017-02-12 21:38:51','2017-02-12 21:38:51','ba65ec0d-55bb-41c7-8b3a-dc90c3ffee9f'),(459,231,207,80,0,2,'2017-02-12 21:38:51','2017-02-12 21:38:51','950c90f4-af26-4bae-a57d-876babb8f781'),(460,232,208,78,0,1,'2017-02-12 21:43:32','2017-02-12 21:43:32','7325cc67-ead4-49f4-9671-606b14a4e98b'),(465,235,211,81,0,1,'2017-02-12 22:33:31','2017-02-12 22:33:31','9234ec96-39f5-45ae-97e5-9cabfb8e5586'),(472,238,214,82,0,1,'2017-02-12 22:41:14','2017-02-12 22:41:14','ec7e58d8-2b24-482b-a733-70727016d0d9'),(473,238,214,83,0,2,'2017-02-12 22:41:14','2017-02-12 22:41:14','b0cd4185-5507-492c-bc46-8fe92cdc08f9'),(474,238,214,84,0,3,'2017-02-12 22:41:14','2017-02-12 22:41:14','1a60c2e0-8ed4-4340-847d-bac4536d6eee'),(481,240,217,13,0,1,'2017-02-13 01:14:33','2017-02-13 01:14:33','b72bea6b-e990-4a5b-b758-d476116791bf'),(482,240,217,1,0,2,'2017-02-13 01:14:33','2017-02-13 01:14:33','8ef84a31-9316-4981-bb79-ed70703fe7e5'),(483,240,218,19,0,1,'2017-02-13 01:14:33','2017-02-13 01:14:33','9beb3536-71a1-4231-bff9-484147433f6f'),(484,240,218,20,0,2,'2017-02-13 01:14:33','2017-02-13 01:14:33','7e1a4e4c-5c22-4766-ab61-59398d04eea3'),(485,240,218,24,0,3,'2017-02-13 01:14:33','2017-02-13 01:14:33','5bcd62c7-b055-49fc-a0bb-670d810fa343'),(486,241,219,86,1,1,'2017-02-13 01:17:32','2017-02-13 01:17:32','4360803c-9d55-4084-a753-b4af4db73277'),(487,241,219,87,1,2,'2017-02-13 01:17:32','2017-02-13 01:17:32','22c5a48c-817b-4dc2-98c0-9ad824c72615'),(488,242,220,85,0,1,'2017-02-13 01:19:18','2017-02-13 01:19:18','6f73bb2f-3854-438e-972e-44306b9792e8'),(489,244,221,1,0,1,'2017-02-17 08:32:48','2017-02-17 08:32:48','fe042abe-7acb-45da-b59e-061213e9b28d'),(490,244,221,15,0,2,'2017-02-17 08:32:48','2017-02-17 08:32:48','1304a93b-8860-4a90-93b5-ebe23fd5f455'),(491,244,221,13,0,3,'2017-02-17 08:32:48','2017-02-17 08:32:48','4e209526-054c-4fbb-b6f8-b4a50cd3ddbf'),(492,244,221,23,0,4,'2017-02-17 08:32:48','2017-02-17 08:32:48','47bf7613-8587-47e1-8fbe-454faf72f537'),(493,244,221,50,0,5,'2017-02-17 08:32:48','2017-02-17 08:32:48','48257fc7-0985-4941-ab51-9e2e70f48778'),(494,244,221,21,0,6,'2017-02-17 08:32:48','2017-02-17 08:32:48','a0211067-a662-4b74-9fb5-2d4b8185846f'),(495,244,221,66,0,7,'2017-02-17 08:32:48','2017-02-17 08:32:48','768d1d5c-4bf4-44c1-9561-8443210fdcd5'),(496,244,222,20,0,1,'2017-02-17 08:32:48','2017-02-17 08:32:48','bcde7711-e708-4675-aadf-92a062e0ea7a'),(497,244,222,24,0,2,'2017-02-17 08:32:48','2017-02-17 08:32:48','5f15ac53-30b8-4788-a119-6b0d28969432'),(498,244,222,19,0,3,'2017-02-17 08:32:48','2017-02-17 08:32:48','045159c0-0802-4a92-9dc7-bafb925a72c8');
/*!40000 ALTER TABLE `craft_fieldlayoutfields` ENABLE KEYS */;
UNLOCK TABLES;

--
-- Table structure for table `craft_fieldlayouts`
--

DROP TABLE IF EXISTS `craft_fieldlayouts`;
/*!40101 SET @saved_cs_client     = @@character_set_client */;
/*!40101 SET character_set_client = utf8 */;
CREATE TABLE `craft_fieldlayouts` (
  `id` int(11) NOT NULL AUTO_INCREMENT,
  `type` varchar(150) COLLATE utf8_unicode_ci NOT NULL,
  `dateCreated` datetime NOT NULL,
  `dateUpdated` datetime NOT NULL,
  `uid` char(36) COLLATE utf8_unicode_ci NOT NULL DEFAULT '0',
  PRIMARY KEY (`id`),
  KEY `craft_fieldlayouts_type_idx` (`type`)
) ENGINE=InnoDB AUTO_INCREMENT=245 DEFAULT CHARSET=utf8 COLLATE=utf8_unicode_ci;
/*!40101 SET character_set_client = @saved_cs_client */;

--
-- Dumping data for table `craft_fieldlayouts`
--

LOCK TABLES `craft_fieldlayouts` WRITE;
/*!40000 ALTER TABLE `craft_fieldlayouts` DISABLE KEYS */;
INSERT INTO `craft_fieldlayouts` VALUES (1,'Tag','2015-10-24 08:36:38','2015-10-24 08:36:38','99531a0d-8ae1-4cee-835f-b4f7c799cff2'),(3,'Entry','2015-10-24 08:36:38','2015-10-24 08:36:38','5b34c601-cfff-441a-9a44-3ad110ffe86b'),(82,'Entry','2015-10-24 11:33:41','2015-10-24 11:33:41','d9048a44-fa83-433e-9d9c-f4722e99fec0'),(87,'Entry','2015-10-24 11:47:23','2015-10-24 11:47:23','6e86cce9-8b23-4075-8967-45cdc9cfd545'),(89,'Entry','2015-10-24 11:47:46','2015-10-24 11:47:46','b12c1326-ce28-41b1-9b8c-f9f8cced55eb'),(98,'MatrixBlock','2015-10-25 09:18:51','2015-10-25 09:18:51','10d0c52f-fbeb-4636-b4c6-60015b694774'),(106,'GlobalSet','2015-11-08 08:51:31','2015-11-08 08:51:31','00884237-f681-4ec1-9493-40708cf24ac0'),(107,'MatrixBlock','2015-11-08 08:51:52','2015-11-08 08:51:52','f864ff5e-1ae4-4c9b-8a35-8813f3076ebc'),(110,'MatrixBlock','2015-11-08 10:06:08','2015-11-08 10:06:08','c74ba41d-2bb9-407a-b7a4-d90bed41e57e'),(111,'Entry','2015-11-08 10:08:03','2015-11-08 10:08:03','f99a468a-a5f7-4c8c-adc9-cd00ad1fa63f'),(170,'GlobalSet','2016-03-03 11:17:29','2016-03-03 11:17:29','462bef60-2260-4f20-b10e-9752f892642f'),(187,'Entry','2016-05-05 14:47:51','2016-05-05 14:47:51','2b70637e-adb8-4177-8e59-81de3845e395'),(188,'MatrixBlock','2016-05-06 11:23:53','2016-05-06 11:23:53','30a1844f-8af0-4be8-a9b5-1bb7711b8384'),(189,'MatrixBlock','2016-05-06 11:23:53','2016-05-06 11:23:53','bb336990-82d1-4d28-beaf-7dcd7818a225'),(190,'MatrixBlock','2016-05-06 11:23:53','2016-05-06 11:23:53','e73eff55-511d-4f06-9e66-e14d6e5d6cb1'),(191,'MatrixBlock','2016-05-06 11:23:53','2016-05-06 11:23:53','b6269acc-ea3f-400a-9463-124f8f438065'),(192,'MatrixBlock','2016-05-06 11:23:53','2016-05-06 11:23:53','6e946d45-dd6e-49c3-bc49-3993994ffce4'),(193,'MatrixBlock','2016-05-06 11:23:53','2016-05-06 11:23:53','a1178608-fef2-44a8-a73b-9a51b7b47bbf'),(194,'MatrixBlock','2016-05-06 11:23:53','2016-05-06 11:23:53','2f6d0b28-45bb-4281-8591-df5ec3299b18'),(195,'MatrixBlock','2016-05-06 11:23:53','2016-05-06 11:23:53','85ee950d-027a-491b-bc8e-9041e48b3134'),(199,'Asset','2016-09-02 13:31:11','2016-09-02 13:31:11','92a404b7-6971-4a0c-a3d5-806adf5d3c3f'),(200,'Entry','2016-09-03 13:57:24','2016-09-03 13:57:24','c176f5f8-5b83-4e1c-89b1-10470636a70b'),(201,'Entry','2016-09-03 14:49:44','2016-09-03 14:49:44','529a5c90-f1f2-4f5b-934b-8bcb1b94c61a'),(206,'Entry','2017-02-04 16:33:22','2017-02-04 16:33:22','e797b914-b9c5-4f2f-afd4-ea95b4d3847f'),(207,'Entry','2017-02-04 16:35:00','2017-02-04 16:35:00','1e5462e3-26fc-43fc-b818-caea775aab03'),(210,'Entry','2017-02-04 16:47:56','2017-02-04 16:47:56','e197fe9e-7ab0-4265-8733-603b0196adbd'),(213,'Entry','2017-02-07 19:34:56','2017-02-07 19:34:56','db6366fa-4c69-4f74-b4d7-3b87b2eb526f'),(215,'Entry','2017-02-08 11:16:34','2017-02-08 11:16:34','ed6bf019-f11c-4d78-a824-9df04ce1887a'),(216,'MatrixBlock','2017-02-08 15:04:34','2017-02-08 15:04:34','36176829-4f54-4d6f-9952-b672f2eb4e6b'),(219,'Entry','2017-02-09 11:13:42','2017-02-09 11:13:42','564d7356-de25-47cf-ab51-ff353fe6adb8'),(224,'Entry','2017-02-09 11:51:12','2017-02-09 11:51:12','a1c126a3-118c-4d3c-a282-d30e9377cdfb'),(228,'Entry','2017-02-12 20:53:34','2017-02-12 20:53:34','105f29d4-bd66-4787-ae19-7e296f0a0286'),(229,'MatrixBlock','2017-02-12 20:55:12','2017-02-12 20:55:12','b27cbc30-3b29-4c54-ba45-f40dae91389c'),(231,'MatrixBlock','2017-02-12 21:38:51','2017-02-12 21:38:51','942a1458-d385-41f6-94fd-4866824c2a5e'),(232,'Entry','2017-02-12 21:43:32','2017-02-12 21:43:32','b90f502e-0845-40c9-84b5-f8619b4844fb'),(235,'Entry','2017-02-12 22:33:31','2017-02-12 22:33:31','cb79bc8a-070f-416f-9cde-27a3d4e50555'),(238,'MatrixBlock','2017-02-12 22:41:13','2017-02-12 22:41:13','4e67898f-2ac3-419a-bf9e-66d3128845cd'),(240,'Entry','2017-02-13 01:14:33','2017-02-13 01:14:33','f1d914ee-b261-4c55-ad92-788eb93d615c'),(241,'MatrixBlock','2017-02-13 01:17:32','2017-02-13 01:17:32','22a2d90c-1997-49e5-9761-91a47d8f4bc4'),(242,'Entry','2017-02-13 01:19:18','2017-02-13 01:19:18','3207f83a-18c1-4c79-b9fa-62f7a47a0c1c'),(244,'Entry','2017-02-17 08:32:48','2017-02-17 08:32:48','c5905121-3e3f-4693-a3a0-31c6ca5d1603');
/*!40000 ALTER TABLE `craft_fieldlayouts` ENABLE KEYS */;
UNLOCK TABLES;

--
-- Table structure for table `craft_fieldlayouttabs`
--

DROP TABLE IF EXISTS `craft_fieldlayouttabs`;
/*!40101 SET @saved_cs_client     = @@character_set_client */;
/*!40101 SET character_set_client = utf8 */;
CREATE TABLE `craft_fieldlayouttabs` (
  `id` int(11) NOT NULL AUTO_INCREMENT,
  `layoutId` int(11) NOT NULL,
  `name` varchar(255) COLLATE utf8_unicode_ci NOT NULL,
  `sortOrder` smallint(6) unsigned DEFAULT NULL,
  `dateCreated` datetime NOT NULL,
  `dateUpdated` datetime NOT NULL,
  `uid` char(36) COLLATE utf8_unicode_ci NOT NULL DEFAULT '0',
  PRIMARY KEY (`id`),
  KEY `craft_fieldlayouttabs_sortOrder_idx` (`sortOrder`),
  KEY `craft_fieldlayouttabs_layoutId_fk` (`layoutId`),
  CONSTRAINT `craft_fieldlayouttabs_layoutId_fk` FOREIGN KEY (`layoutId`) REFERENCES `craft_fieldlayouts` (`id`) ON DELETE CASCADE
) ENGINE=InnoDB AUTO_INCREMENT=223 DEFAULT CHARSET=utf8 COLLATE=utf8_unicode_ci;
/*!40101 SET character_set_client = @saved_cs_client */;

--
-- Dumping data for table `craft_fieldlayouttabs`
--

LOCK TABLES `craft_fieldlayouttabs` WRITE;
/*!40000 ALTER TABLE `craft_fieldlayouttabs` DISABLE KEYS */;
INSERT INTO `craft_fieldlayouttabs` VALUES (1,3,'Content',1,'2015-10-24 08:36:38','2015-10-24 08:36:38','577cf689-88c4-49f6-8a3b-99ee43b3ee21'),(76,82,'Content',1,'2015-10-24 11:33:41','2015-10-24 11:33:41','ee40464b-3a5e-43b4-9a8e-1b6bb4322eca'),(77,82,'SEO',2,'2015-10-24 11:33:41','2015-10-24 11:33:41','ff2b0912-e338-4f16-acb6-674bb9340eb8'),(79,87,'Navigation',1,'2015-10-24 11:47:23','2015-10-24 11:47:23','3f472aa4-71c8-497d-808d-213978e7714c'),(81,89,'Navigation',1,'2015-10-24 11:47:46','2015-10-24 11:47:46','7d1e846a-e07d-40c4-bd8d-d0cc57ae2792'),(90,98,'Content',1,'2015-10-25 09:18:51','2015-10-25 09:18:51','4d4b1bc9-266e-4a9d-8b09-c81726a508dc'),(96,106,'Content',1,'2015-11-08 08:51:31','2015-11-08 08:51:31','ea4ea5f3-1de8-4267-a614-96cac07c85e8'),(97,107,'Content',1,'2015-11-08 08:51:52','2015-11-08 08:51:52','070c4ed9-f3fc-4e3d-8aaa-d7a9b95b078b'),(99,110,'Content',1,'2015-11-08 10:06:08','2015-11-08 10:06:08','25c3c830-d03a-4500-82ed-c955bacc00d5'),(100,111,'Content',1,'2015-11-08 10:08:03','2015-11-08 10:08:03','022d0e70-4494-4be2-bea2-bf588568bba4'),(152,170,'Content',1,'2016-03-03 11:17:29','2016-03-03 11:17:29','ee9ea22a-ee10-49a9-bbfd-eec0d9e1d4a3'),(169,187,'Content',1,'2016-05-05 14:47:51','2016-05-05 14:47:51','a742a114-45ff-43e3-b810-7f4615872789'),(170,188,'Content',1,'2016-05-06 11:23:53','2016-05-06 11:23:53','b3cbebfa-0a1a-43bb-8c86-b8674a0dad7b'),(171,189,'Content',1,'2016-05-06 11:23:53','2016-05-06 11:23:53','3880d3c5-1c17-4fe3-83d5-7256d9cec3d3'),(172,190,'Content',1,'2016-05-06 11:23:53','2016-05-06 11:23:53','2283319d-5a8b-4bdc-a6e1-c3847ea4f7fa'),(173,191,'Content',1,'2016-05-06 11:23:53','2016-05-06 11:23:53','95101dbd-77f0-4b56-a975-37f12507f9f3'),(174,192,'Content',1,'2016-05-06 11:23:53','2016-05-06 11:23:53','eddf5b36-755e-4353-950d-6b820fd3625c'),(175,193,'Content',1,'2016-05-06 11:23:53','2016-05-06 11:23:53','530df49f-a210-44e7-814e-4e1c1fe2ce43'),(176,194,'Content',1,'2016-05-06 11:23:53','2016-05-06 11:23:53','bedafa6a-79db-48ff-a361-0d3d8a6b5848'),(177,195,'Content',1,'2016-05-06 11:23:53','2016-05-06 11:23:53','cddec737-dfe7-4400-bdf7-aa2e4b6aa555'),(181,199,'Content',1,'2016-09-02 13:31:11','2016-09-02 13:31:11','6e2c5378-4d97-428d-8d51-87ee03779c2c'),(182,200,'Publish',1,'2016-09-03 13:57:24','2016-09-03 13:57:24','bcf09bc8-c2ff-4539-9745-ea5ffdad8efe'),(183,201,'Form settings',1,'2016-09-03 14:49:44','2016-09-03 14:49:44','4c00bd72-2449-4e68-b766-362be16f3a22'),(187,206,'Content',1,'2017-02-04 16:33:22','2017-02-04 16:33:22','bd24fa95-3dea-4420-8548-ce82dbaba623'),(188,207,'Content Fields',1,'2017-02-04 16:35:00','2017-02-04 16:35:00','f97b41e2-f7b0-4735-9bb8-104a99ea2180'),(191,210,'Content Fields',1,'2017-02-04 16:47:56','2017-02-04 16:47:56','093add6d-90dc-4d87-b5e9-31af3bb570f2'),(193,213,'Content Fields',1,'2017-02-07 19:34:56','2017-02-07 19:34:56','3727082e-7512-4645-9dcb-1eb4c53a8bba'),(194,215,'Content Fields',1,'2017-02-08 11:16:34','2017-02-08 11:16:34','cd960b49-d967-4f2d-8482-3828a01aa16e'),(195,216,'Content',1,'2017-02-08 15:04:34','2017-02-08 15:04:34','e68001ba-296d-4e47-8523-3f98dace6c1f'),(197,219,'Content Fields',1,'2017-02-09 11:13:42','2017-02-09 11:13:42','2c32b6b7-facf-4af8-9e6b-cd5e6f796265'),(201,224,'Navigation Fields',1,'2017-02-09 11:51:12','2017-02-09 11:51:12','959b8120-1063-4b33-8550-c53788afa009'),(205,228,'Content Fields',1,'2017-02-12 20:53:35','2017-02-12 20:53:35','9035c6d8-360b-40b1-bc2e-1238593cf717'),(206,229,'Content',1,'2017-02-12 20:55:12','2017-02-12 20:55:12','a31f7b56-60bf-4e4a-b585-46cee3c042c8'),(207,231,'Content',1,'2017-02-12 21:38:51','2017-02-12 21:38:51','83185c7b-b0a2-40f5-a975-18f820e7786e'),(208,232,'Panel Fields',1,'2017-02-12 21:43:32','2017-02-12 21:43:32','a6e4aa88-25e8-4cdd-98c6-57bf4b8f9699'),(211,235,'Panel Fields',1,'2017-02-12 22:33:31','2017-02-12 22:33:31','31ef85ab-7cbf-4d43-bc90-9acffb2d2145'),(214,238,'Content',1,'2017-02-12 22:41:14','2017-02-12 22:41:14','56959f32-32cd-4450-b56d-2cdd494014a4'),(217,240,'Content',1,'2017-02-13 01:14:33','2017-02-13 01:14:33','6da43bef-24a0-4c46-a2c9-8920e68abe89'),(218,240,'SEO',2,'2017-02-13 01:14:33','2017-02-13 01:14:33','0d4a09d0-e24a-4f39-8d98-95e24e251df4'),(219,241,'Content',1,'2017-02-13 01:17:32','2017-02-13 01:17:32','6e544a2a-509e-4127-9724-e8a965546efe'),(220,242,'Panel Fields',1,'2017-02-13 01:19:18','2017-02-13 01:19:18','c5125346-4c8b-4771-bea3-ef3a1f7b047d'),(221,244,'Content Fields',1,'2017-02-17 08:32:48','2017-02-17 08:32:48','6e436158-53ab-4e5e-af87-6cd21c0fa73d'),(222,244,'SEO Fields',2,'2017-02-17 08:32:48','2017-02-17 08:32:48','bcb6e388-089c-4a94-875f-871240e8af92');
/*!40000 ALTER TABLE `craft_fieldlayouttabs` ENABLE KEYS */;
UNLOCK TABLES;

--
-- Table structure for table `craft_fields`
--

DROP TABLE IF EXISTS `craft_fields`;
/*!40101 SET @saved_cs_client     = @@character_set_client */;
/*!40101 SET character_set_client = utf8 */;
CREATE TABLE `craft_fields` (
  `id` int(11) NOT NULL AUTO_INCREMENT,
  `groupId` int(11) DEFAULT NULL,
  `name` varchar(255) COLLATE utf8_unicode_ci NOT NULL,
  `handle` varchar(58) COLLATE utf8_unicode_ci NOT NULL,
  `context` varchar(255) COLLATE utf8_unicode_ci NOT NULL DEFAULT 'global',
  `instructions` text COLLATE utf8_unicode_ci,
  `translatable` tinyint(1) unsigned NOT NULL DEFAULT '0',
  `type` varchar(150) COLLATE utf8_unicode_ci NOT NULL,
  `settings` text COLLATE utf8_unicode_ci,
  `dateCreated` datetime NOT NULL,
  `dateUpdated` datetime NOT NULL,
  `uid` char(36) COLLATE utf8_unicode_ci NOT NULL DEFAULT '0',
  PRIMARY KEY (`id`),
  UNIQUE KEY `craft_fields_handle_context_unq_idx` (`handle`,`context`),
  KEY `craft_fields_context_idx` (`context`),
  KEY `craft_fields_groupId_fk` (`groupId`),
  CONSTRAINT `craft_fields_groupId_fk` FOREIGN KEY (`groupId`) REFERENCES `craft_fieldgroups` (`id`) ON DELETE CASCADE
) ENGINE=InnoDB AUTO_INCREMENT=88 DEFAULT CHARSET=utf8 COLLATE=utf8_unicode_ci;
/*!40101 SET character_set_client = @saved_cs_client */;

--
-- Dumping data for table `craft_fields`
--

LOCK TABLES `craft_fields` WRITE;
/*!40000 ALTER TABLE `craft_fields` DISABLE KEYS */;
INSERT INTO `craft_fields` VALUES (1,1,'Body','body','global','',0,'Matrix','{\"maxBlocks\":null}','2015-10-24 08:36:38','2016-05-06 11:23:53','7d65d0df-e0ac-4709-b22f-4974e1339715'),(3,NULL,'Heading','heading','matrixBlockType:1','',0,'PlainText','{\"placeholder\":\"Heading...\",\"maxLength\":\"\",\"multiline\":\"\",\"initialRows\":\"4\"}','2015-10-24 08:46:27','2016-05-06 11:23:53','9d9ba8b4-0949-469f-8775-9f421229d47b'),(4,NULL,'Heading Type','headingType','matrixBlockType:1','',0,'Dropdown','{\"options\":[{\"label\":\"Heading 1 (Title)\",\"value\":\"h1\",\"default\":\"\"},{\"label\":\"Heading 2 (Section)\",\"value\":\"h2\",\"default\":\"\"},{\"label\":\"Heading 3 (Sub-section)\",\"value\":\"h3\",\"default\":\"\"},{\"label\":\"Heading 4 (Tertiary)\",\"value\":\"h4\",\"default\":\"\"}]}','2015-10-24 08:46:27','2016-05-06 11:23:53','cfeace46-f621-480c-bd09-17edd6e660af'),(5,NULL,'Text','text','matrixBlockType:2','',0,'RichText','{\"configFile\":\"Standard.json\",\"availableAssetSources\":\"*\",\"availableTransforms\":\"*\",\"cleanupHtml\":\"1\",\"purifyHtml\":\"\",\"columnType\":\"text\"}','2015-10-24 08:47:29','2016-05-06 11:23:53','ade075fa-3f2d-4e55-a282-0f8a3725b989'),(6,NULL,'Image','image','matrixBlockType:3','',0,'Assets','{\"useSingleFolder\":\"\",\"sources\":\"*\",\"defaultUploadLocationSource\":\"1\",\"defaultUploadLocationSubpath\":\"\",\"singleUploadLocationSource\":\"1\",\"singleUploadLocationSubpath\":\"\",\"restrictFiles\":\"\",\"limit\":\"1\",\"viewMode\":\"list\",\"selectionLabel\":\"Add an image\"}','2015-10-24 08:48:41','2016-05-06 11:23:53','2318de9a-b9e5-4b04-a29a-fec691079ba7'),(7,NULL,'Alignment','alignment','matrixBlockType:3','',0,'PositionSelect','{\"options\":[\"left\",\"center\",\"right\",\"full\"]}','2015-10-24 08:48:41','2016-05-06 11:23:53','c44212e8-ebcb-4573-ab14-3a8973e1464e'),(8,NULL,'Downloads','downloads','matrixBlockType:4','Add a list of files that can be downloaded',0,'Assets','{\"useSingleFolder\":\"\",\"sources\":\"*\",\"defaultUploadLocationSource\":\"1\",\"defaultUploadLocationSubpath\":\"\",\"singleUploadLocationSource\":\"1\",\"singleUploadLocationSubpath\":\"\",\"restrictFiles\":\"\",\"limit\":\"\",\"viewMode\":\"list\",\"selectionLabel\":\"Add a file\"}','2015-10-24 08:49:30','2016-05-06 11:23:53','d5177034-d795-4264-973b-8e7874000eee'),(9,NULL,'Video','video','matrixBlockType:5','Specify a YouTube/Vimeo URL e.g. https://www.youtube.com/watch?v=C0DPdy98e4c',0,'Embedder',NULL,'2015-10-24 08:50:08','2016-05-06 11:23:53','647796d6-78a8-4847-b8b3-0f12486c2e14'),(10,NULL,'Pull Quote','pullQuote','matrixBlockType:6','A pull quote is text pulled from the main article body',0,'PlainText','{\"placeholder\":\"\",\"maxLength\":\"\",\"multiline\":\"\",\"initialRows\":\"4\"}','2015-10-24 08:51:27','2016-05-06 11:23:53','bf05a34b-0a00-444b-b4d7-ddcb637c3b24'),(11,NULL,'Alignment','alignment','matrixBlockType:6','',0,'PositionSelect','{\"options\":[\"left\",\"center\",\"right\",\"full\"]}','2015-10-24 08:51:27','2016-05-06 11:23:53','1d07ca04-d598-4313-a46f-9ab544a3378f'),(12,NULL,'Clear','clear','matrixBlockType:3','Clearing prevents images from colliding',0,'Lj_DynamicFields_Dropdown','{\"json\":\"{ \\\"value\\\":\\\"none\\\" , \\\"label\\\":\\\"None\\\" },\\r\\n{ \\\"value\\\":\\\"both\\\" , \\\"label\\\":\\\"Both\\\" },\\r\\n{ \\\"value\\\":\\\"left\\\" , \\\"label\\\":\\\"Left\\\" },\\r\\n{ \\\"value\\\":\\\"right\\\" , \\\"label\\\":\\\"Right\\\" }\"}','2015-10-24 08:53:55','2016-05-06 11:23:53','3a84e7aa-93da-4191-a746-86d092ea9b1d'),(13,1,'Display Title','displayTitle','global','',0,'PlainText','{\"placeholder\":\"\",\"maxLength\":\"\",\"multiline\":\"\",\"initialRows\":\"4\"}','2015-10-24 08:55:32','2015-10-24 08:55:32','014ccaf7-a98c-4e31-acac-94eb58c94bfa'),(14,NULL,'Caption','caption','matrixBlockType:3','',0,'PlainText','{\"placeholder\":\"\",\"maxLength\":\"\",\"multiline\":\"\",\"initialRows\":\"4\"}','2015-10-24 09:53:09','2016-05-06 11:23:53','f7057dbb-2ba4-4244-8179-3b7836664e58'),(15,1,'Byline','byline','global','The article author',0,'PlainText','{\"placeholder\":\"\",\"maxLength\":\"\",\"multiline\":\"\",\"initialRows\":\"4\"}','2015-10-24 10:13:53','2015-10-24 11:18:46','1bd0e541-b9bf-46b2-9145-7bc9b8b3b101'),(16,2,'Attribution','attribution','global','',0,'PlainText','{\"placeholder\":\"\",\"maxLength\":\"\",\"multiline\":\"\",\"initialRows\":\"4\"}','2015-10-24 10:30:28','2015-10-24 10:30:28','d9fe87e2-2b91-4e65-873e-4f7881d3079d'),(17,2,'Attribution URL','attributionUrl','global','',0,'PlainText','{\"placeholder\":\"\",\"maxLength\":\"\",\"multiline\":\"\",\"initialRows\":\"4\"}','2015-10-24 10:30:36','2015-10-24 10:30:36','2da89157-c692-4f52-b4d4-ac58a97f74f1'),(18,NULL,'Panel','panel','matrixBlockType:7','',0,'Entries','{\"sources\":[\"section:4\"],\"limit\":\"1\",\"selectionLabel\":\"Add a panel\"}','2015-10-24 10:46:14','2016-05-06 11:23:53','6a4bfbd7-f270-4da3-869c-e6b661d802cf'),(19,3,'Title','metaTitle','global','',0,'PlainText','{\"placeholder\":\"\",\"maxLength\":\"\",\"multiline\":\"\",\"initialRows\":\"4\"}','2015-10-24 11:16:42','2015-10-24 11:31:16','dfa06df0-f6fe-4603-9bce-2d88b97c6d35'),(20,3,'Description','metaDescription','global','',0,'PlainText','{\"placeholder\":\"\",\"maxLength\":\"\",\"multiline\":\"\",\"initialRows\":\"4\"}','2015-10-24 11:16:49','2015-10-24 11:31:11','0717c035-04dc-4eac-9d96-8addc64d82d5'),(21,1,'Summary','summary','global','',0,'RichText','{\"configFile\":\"Simple.json\",\"cleanupHtml\":\"1\",\"purifyHtml\":\"\",\"columnType\":\"text\"}','2015-10-24 11:19:23','2015-10-24 11:20:18','dcafded2-8ed3-4898-9009-e23fcf273f38'),(23,1,'Feature Image','featureImage','global','',0,'Assets','{\"useSingleFolder\":\"\",\"sources\":\"*\",\"defaultUploadLocationSource\":\"1\",\"defaultUploadLocationSubpath\":\"\",\"singleUploadLocationSource\":\"1\",\"singleUploadLocationSubpath\":\"\",\"restrictFiles\":\"\",\"limit\":\"1\",\"selectionLabel\":\"Add a feature image\"}','2015-10-24 11:22:04','2015-10-24 11:22:14','262b8296-1789-4d4d-b590-e65aa0b5531e'),(24,3,'Image','metaImage','global','',0,'Assets','{\"useSingleFolder\":\"\",\"sources\":\"*\",\"defaultUploadLocationSource\":\"1\",\"defaultUploadLocationSubpath\":\"\",\"singleUploadLocationSource\":\"1\",\"singleUploadLocationSubpath\":\"\",\"restrictFiles\":\"\",\"limit\":\"1\",\"selectionLabel\":\"Add a meta image\"}','2015-10-24 11:33:19','2015-10-24 11:33:19','86d050ad-705c-4ceb-9b8e-05a5b3a66c7a'),(25,4,'Related Entry','relatedEntry','global','',0,'Entries','{\"sources\":[\"singles\",\"section:2\",\"section:3\"],\"limit\":\"1\",\"selectionLabel\":\"Add an entry\"}','2015-10-24 11:45:31','2015-10-24 11:45:37','8656a8d1-96a1-48c5-ac96-3cc43d799e36'),(26,4,'Custom URL','linkUrl','global','Internal links should *not* begin with a forward slash (\"/\")',0,'PlainText','{\"placeholder\":\"\",\"maxLength\":\"\",\"multiline\":\"\",\"initialRows\":\"4\"}','2015-10-24 11:46:05','2015-10-24 12:20:26','d5b31e7a-e442-432d-a1d7-7afdccddc7df'),(27,5,'Site Description','siteDescription','global','',0,'PlainText','{\"placeholder\":\"\",\"maxLength\":\"\",\"multiline\":\"\",\"initialRows\":\"4\"}','2015-10-25 08:21:22','2015-10-25 08:21:22','341ee971-9c48-4360-b67a-bc1ff62645c2'),(28,5,'Site Image','siteImage','global','',0,'Assets','{\"useSingleFolder\":\"\",\"sources\":\"*\",\"defaultUploadLocationSource\":\"1\",\"defaultUploadLocationSubpath\":\"\",\"singleUploadLocationSource\":\"1\",\"singleUploadLocationSubpath\":\"\",\"restrictFiles\":\"\",\"limit\":\"1\",\"selectionLabel\":\"Add an image\"}','2015-10-25 08:27:26','2015-10-25 08:27:26','3796ad12-342f-48c9-b729-817672e8cfe9'),(32,5,'Site Logo','siteLogo','global','',0,'Assets','{\"useSingleFolder\":\"\",\"sources\":\"*\",\"defaultUploadLocationSource\":\"1\",\"defaultUploadLocationSubpath\":\"\",\"singleUploadLocationSource\":\"1\",\"singleUploadLocationSubpath\":\"\",\"restrictFiles\":\"\",\"limit\":\"1\",\"selectionLabel\":\"Add a logo\"}','2015-10-25 08:40:07','2015-10-25 08:40:07','72770fe3-7249-4d37-b50b-db34138f38fa'),(33,5,'Site Social Profiles','siteSocialProfiles','global','',0,'Matrix','{\"maxBlocks\":null}','2015-10-25 08:51:48','2015-11-08 08:51:52','dcc6962d-5b9f-464a-8fc8-9f41bc8b3704'),(34,NULL,'Platform','platform','matrixBlockType:8','',0,'Dropdown','{\"options\":[{\"label\":\"Facebook\",\"value\":\"facebook\",\"default\":\"\"},{\"label\":\"Twitter\",\"value\":\"twitter\",\"default\":\"\"},{\"label\":\"Google+\",\"value\":\"google\",\"default\":\"\"},{\"label\":\"Instagram\",\"value\":\"instagram\",\"default\":\"\"},{\"label\":\"YouTube\",\"value\":\"youtube\",\"default\":\"\"},{\"label\":\"LinkedIn\",\"value\":\"linkedin\",\"default\":\"\"},{\"label\":\"Myspace\",\"value\":\"myspace\",\"default\":\"\"},{\"label\":\"Pinterest\",\"value\":\"pinterest\",\"default\":\"\"},{\"label\":\"SoundCloud\",\"value\":\"soundcloud\",\"default\":\"\"},{\"label\":\"Tumblr\",\"value\":\"tumblr\",\"default\":\"\"}]}','2015-10-25 08:51:48','2015-11-08 08:51:52','e803dd9a-386d-47e1-8680-13aa49b3838b'),(35,NULL,'URL','profileUrl','matrixBlockType:8','',0,'PlainText','{\"placeholder\":\"\",\"maxLength\":\"\",\"multiline\":\"\",\"initialRows\":\"4\"}','2015-10-25 08:51:48','2015-11-08 08:51:52','22e5beb8-a932-4c59-8698-e57c64a455a8'),(37,5,'Site Contacts','siteContacts','global','',0,'Matrix','{\"maxBlocks\":null}','2015-10-25 08:54:10','2015-10-25 09:18:51','d9e98383-9057-4739-8dad-ccaae0c83ea2'),(38,NULL,'Contact Type','contactType','matrixBlockType:9','',0,'Dropdown','{\"options\":[{\"label\":\"customer service\",\"value\":\"customer service\",\"default\":\"\"},{\"label\":\"technical support\",\"value\":\"technical support\",\"default\":\"\"},{\"label\":\"billing support\",\"value\":\"billing support\",\"default\":\"\"},{\"label\":\"bill payment\",\"value\":\"bill payment\",\"default\":\"\"},{\"label\":\"sales\",\"value\":\"sales\",\"default\":\"\"},{\"label\":\"reservations\",\"value\":\"reservations\",\"default\":\"\"},{\"label\":\"credit card support\",\"value\":\"credit card support\",\"default\":\"\"},{\"label\":\"emergency\",\"value\":\"emergency\",\"default\":\"\"},{\"label\":\"baggage tracking\",\"value\":\"baggage tracking\",\"default\":\"\"},{\"label\":\"roadside assistance\",\"value\":\"roadside assistance\",\"default\":\"\"},{\"label\":\"package tracking\",\"value\":\"package tracking\",\"default\":\"\"}]}','2015-10-25 08:54:10','2015-10-25 09:18:51','d7da143c-1a6c-4b02-a621-6e3af0856ab5'),(39,NULL,'Contact Number','contactNumber','matrixBlockType:9','International format: +27-114404841',0,'PlainText','{\"placeholder\":\"\",\"maxLength\":\"\",\"multiline\":\"\",\"initialRows\":\"4\"}','2015-10-25 08:54:10','2015-10-25 09:18:51','d52fcf5c-eb80-4890-8ab9-b12cd3abb5f5'),(40,5,'Site Type','siteType','global','',0,'Dropdown','{\"options\":[{\"label\":\"Organization\",\"value\":\"Organization\",\"default\":\"\"},{\"label\":\"Person\",\"value\":\"Person\",\"default\":\"\"}]}','2015-10-25 08:56:31','2015-10-25 08:56:31','23bc62f3-f834-4229-85f6-06054c35cb5d'),(41,6,'Slideshow','slideshow','global','',0,'Matrix','{\"maxBlocks\":null}','2015-10-25 14:02:30','2017-02-08 15:04:33','895ba852-4cae-4409-baac-bdc8d3c9f367'),(42,NULL,'Image','image','matrixBlockType:10','',0,'Assets','{\"useSingleFolder\":\"\",\"sources\":\"*\",\"defaultUploadLocationSource\":\"1\",\"defaultUploadLocationSubpath\":\"\",\"singleUploadLocationSource\":\"1\",\"singleUploadLocationSubpath\":\"\",\"restrictFiles\":\"\",\"limit\":\"1\",\"viewMode\":\"list\",\"selectionLabel\":\"Add an image\"}','2015-10-25 14:02:30','2017-02-08 15:04:33','cfc5b2ee-fa03-4def-98d7-08e12f6eae38'),(43,NULL,'Caption','caption','matrixBlockType:10','',0,'PlainText','{\"placeholder\":\"\",\"maxLength\":\"\",\"multiline\":\"\",\"initialRows\":\"4\"}','2015-10-25 14:03:42','2017-02-08 15:04:33','efca9255-b0a7-4a5a-9deb-ce0c769d0913'),(44,NULL,'URL','linkUrl','matrixBlockType:10','',0,'PlainText','{\"placeholder\":\"\",\"maxLength\":\"\",\"multiline\":\"\",\"initialRows\":\"4\"}','2015-10-25 14:03:42','2017-02-08 15:04:33','cbe6e17b-3001-4e39-96bb-faf8d2893f4f'),(45,7,'Twitter Handle','twitterHandle','global','',0,'PlainText','{\"placeholder\":\"\",\"maxLength\":\"\",\"multiline\":\"\",\"initialRows\":\"4\"}','2015-11-08 08:49:24','2015-11-08 08:49:24','2e4e84fd-0b41-462f-8dc5-a1c856a5f9f2'),(46,7,'Facebook Handle','facebookHandle','global','',0,'PlainText','{\"placeholder\":\"\",\"maxLength\":\"\",\"multiline\":\"\",\"initialRows\":\"4\"}','2015-11-08 08:49:39','2015-11-08 08:49:39','d263c4a3-6823-4e78-a2d7-1ae114caa4d0'),(47,7,'Google+ Handle','googleHandle','global','',0,'PlainText','{\"placeholder\":\"\",\"maxLength\":\"\",\"multiline\":\"\",\"initialRows\":\"4\"}','2015-11-08 08:49:51','2015-11-08 08:49:51','a2d7fde7-5e8e-4d12-b7d9-93ba6877eb65'),(48,7,'Pinterest Handle','pinterestHandle','global','',0,'PlainText','{\"placeholder\":\"\",\"maxLength\":\"\",\"multiline\":\"\",\"initialRows\":\"4\"}','2015-11-08 08:50:01','2015-11-08 08:50:01','77e44482-4512-43ac-8f23-807ae4763aec'),(49,7,'YouTube Handle','youtubeHandle','global','',0,'PlainText','{\"placeholder\":\"\",\"maxLength\":\"\",\"multiline\":\"\",\"initialRows\":\"4\"}','2015-11-08 08:50:07','2015-11-08 08:54:03','e518234b-4d2b-436c-ab30-87479acd8584'),(50,1,'Gallery','gallery','global','',0,'Matrix','{\"maxBlocks\":null}','2015-11-08 10:06:08','2015-11-08 10:06:08','c3da8608-7f11-4302-83f0-20cfd8c527d5'),(51,NULL,'Image','image','matrixBlockType:11','',0,'Assets','{\"useSingleFolder\":\"\",\"sources\":\"*\",\"defaultUploadLocationSource\":\"1\",\"defaultUploadLocationSubpath\":\"\",\"singleUploadLocationSource\":\"1\",\"singleUploadLocationSubpath\":\"\",\"restrictFiles\":\"\",\"limit\":\"1\",\"selectionLabel\":\"Add an image\"}','2015-11-08 10:06:08','2015-11-08 10:06:08','ac563608-e5cc-49c9-acde-75646c0c4c0f'),(52,NULL,'Caption','caption','matrixBlockType:11','',0,'PlainText','{\"placeholder\":\"\",\"maxLength\":\"\",\"multiline\":\"\",\"initialRows\":\"4\"}','2015-11-08 10:06:08','2015-11-08 10:06:08','f4ed3207-3d96-4cac-a564-56aec3b9bd40'),(54,9,'Success message','successMessage','global','',0,'PlainText','{\"placeholder\":\"\",\"maxLength\":\"\",\"multiline\":\"\",\"initialRows\":\"4\"}','2015-11-14 09:43:45','2016-09-03 14:51:06','960ebf2c-75f6-4284-a0c1-5eb9398ca4fb'),(55,9,'Associated form','associatedForm','global','',0,'Lj_DynamicFields_Dropdown','{\"json\":\"{ \\\"value\\\":\\\"\\\" , \\\"label\\\":\\\"{{ \'Select form\' |t|raw|trim }}\\\" },\\r\\n{% for type in craft.sections.getSectionByHandle(\'formSubmissions\').getEntryTypes(\'handle\') %}\\r\\n { \\\"value\\\":\\\"{{ type.handle }}\\\" , \\\"label\\\":\\\"{{ type.name |t|raw|trim }}\\\" }\\r\\n {% if not loop.last %},{% endif %}\\r\\n{% endfor %}\"}','2015-11-14 09:44:51','2016-09-03 14:47:42','06af6587-32f2-41d2-bf5a-9e556062bcfe'),(56,9,'Redirect Page','redirectPage','global','Where should the user be redirected upon form submission? NOTE: Leaving blank will redirect user back to the form.',0,'PlainText','{\"placeholder\":\"\",\"maxLength\":\"\",\"multiline\":\"\",\"initialRows\":\"4\"}','2015-11-14 09:45:29','2016-09-03 14:47:52','e672debd-c841-4ebf-a0e8-b9216a288f6e'),(57,9,'Submit button text','submitButtonText','global','What the text in the submit button should be.',0,'PlainText','{\"placeholder\":\"Submit\",\"maxLength\":\"\",\"multiline\":\"\",\"initialRows\":\"4\"}','2015-11-14 09:46:04','2016-09-03 14:47:59','ea54eb5e-25a3-406a-9b83-ee9bf215625b'),(58,8,'Email address','fromEmail','global','',0,'SproutFields_Email','{\"customPatternToggle\":\"\",\"customPattern\":\"\",\"customPatternErrorMessage\":\"\",\"uniqueEmail\":\"\"}','2015-11-14 10:23:09','2016-09-04 10:26:18','1f19cb94-9622-415b-96e0-e1a43f302ee1'),(59,8,'Full name','fullName','global','',0,'PlainText','{\"placeholder\":\"Full name...\",\"maxLength\":\"\",\"multiline\":\"\",\"initialRows\":\"4\"}','2015-11-14 10:23:25','2015-11-29 10:27:39','e38d0184-e226-4c3a-b5af-195caddb623c'),(60,8,'Message','formBody','global','',0,'PlainText','{\"placeholder\":\"\",\"maxLength\":\"\",\"multiline\":\"1\",\"initialRows\":\"4\"}','2015-11-14 10:23:56','2016-05-29 19:54:48','43ceb757-cf9f-4158-98c6-f9fc3eadf54b'),(61,NULL,'Form','form','matrixBlockType:12','',0,'Entries','{\"sources\":[\"section:8\"],\"limit\":\"1\",\"selectionLabel\":\"Add a form\"}','2015-11-29 10:34:15','2016-05-06 11:23:53','ef382b51-dc96-4463-9f75-da8a82fb6968'),(62,5,'Site Header Scripts','siteHeaderScriptTags','global','',0,'PlainText','{\"placeholder\":\"\",\"maxLength\":\"\",\"multiline\":\"1\",\"initialRows\":\"4\"}','2015-11-29 12:23:03','2016-03-03 11:17:09','f129b7f3-93b5-427d-b522-f9b3c08148d0'),(63,5,'Site Footer Script Tags','siteFooterScriptTags','global','',0,'PlainText','{\"placeholder\":\"\",\"maxLength\":\"\",\"multiline\":\"1\",\"initialRows\":\"4\"}','2015-11-29 12:23:33','2015-11-29 12:23:33','1e19f4a9-90e8-423c-a80d-ba67e20a51e3'),(64,5,'Site Webmaster Tag','siteWebmasterTag','global','',0,'PlainText','{\"placeholder\":\"\",\"maxLength\":\"\",\"multiline\":\"\",\"initialRows\":\"4\"}','2016-02-22 05:18:05','2016-03-03 11:13:46','2b3ccd2e-ef1f-4356-85bf-5ec25a932cb5'),(65,5,'Site Google Tag Manager ID','siteGoogleTagManagerId','global','',0,'PlainText','{\"placeholder\":\"\",\"maxLength\":\"\",\"multiline\":\"\",\"initialRows\":\"4\"}','2016-03-03 11:15:23','2016-03-03 11:17:03','36984dd9-ed57-4efd-85af-df831321ec52'),(66,1,'Video','video','global','Specify a YouTube/Vimeo URL e.g. https://www.youtube.com/watch?v=C0DPdy98e4c',0,'Embedder',NULL,'2016-05-05 10:12:29','2016-05-06 11:24:01','92ded349-f565-49ac-ac44-9273a5772be7'),(67,NULL,'Alignment','alignment','matrixBlockType:5','',0,'PositionSelect','{\"options\":[\"left\",\"right\",\"full\"]}','2016-05-05 13:14:51','2016-05-06 11:23:53','ee77c868-f9ad-4c29-af2a-d77f00268d45'),(68,NULL,'Clear','clear','matrixBlockType:5','',0,'Lj_DynamicFields_Dropdown','{\"json\":\"{ \\\"value\\\":\\\"none\\\" , \\\"label\\\":\\\"None\\\" },\\r\\n{ \\\"value\\\":\\\"both\\\" , \\\"label\\\":\\\"Both\\\" },\\r\\n{ \\\"value\\\":\\\"left\\\" , \\\"label\\\":\\\"Left\\\" },\\r\\n{ \\\"value\\\":\\\"right\\\" , \\\"label\\\":\\\"Right\\\" }\\r\\n\"}','2016-05-05 13:14:51','2016-05-06 11:23:53','c8c79485-9e00-4030-a8a7-eddef163a44a'),(69,2,'Focal Point','focalPoint','global','',0,'FocalPointField_FocalPoint','{\"defaultFocalPoint\":\"50% 50%\"}','2016-09-02 12:14:25','2016-09-02 12:14:25','700794d8-a736-4b15-b365-26d7ec73b27f'),(70,8,'Verification','recaptcha','global','',0,'Recaptcha_Recaptcha',NULL,'2016-09-03 13:56:56','2016-09-03 13:56:56','64a6173f-bca8-40e1-a457-f0715ab48213'),(71,9,'Failed Message','failedMessage','global','',0,'PlainText','{\"placeholder\":\"\",\"maxLength\":\"\",\"multiline\":\"\",\"initialRows\":\"4\"}','2016-09-03 14:48:36','2016-09-03 14:50:08','d584d704-f479-43ce-8418-33ecf56d1414'),(72,NULL,'Summary','summary','matrixBlockType:10','',0,'PlainText','{\"placeholder\":\"\",\"maxLength\":\"\",\"multiline\":\"1\",\"initialRows\":\"4\"}','2017-02-08 15:04:34','2017-02-08 15:04:34','f982a7f1-b002-49d0-b1d2-130464eb7bd4'),(73,4,'Group','group','global','',0,'Dropdown','{\"options\":[{\"label\":\"Let\'s Start\",\"value\":\"letsStart\",\"default\":\"\"},{\"label\":\"Other\",\"value\":\"other\",\"default\":\"\"}]}','2017-02-09 11:50:38','2017-02-09 11:50:38','060ad6ac-411d-4fe1-aeda-e447b81ac9fe'),(74,6,'Profiles','profiles','global','',0,'Matrix','{\"maxBlocks\":null}','2017-02-12 20:16:06','2017-02-12 20:55:11','6cb88504-548b-4609-b0bc-d69a47a9d5d1'),(75,NULL,'Member','member','matrixBlockType:13','',0,'PlainText','{\"placeholder\":\"\",\"maxLength\":\"\",\"multiline\":\"\",\"initialRows\":\"4\"}','2017-02-12 20:20:51','2017-02-12 20:55:12','22342111-a35a-4a06-a0d1-347e115038c1'),(76,NULL,'Summary','summary','matrixBlockType:13','',0,'PlainText','{\"placeholder\":\"\",\"maxLength\":\"\",\"multiline\":\"1\",\"initialRows\":\"4\"}','2017-02-12 20:20:52','2017-02-12 20:55:12','2d7532f7-c8fb-4574-8ddc-8d3e1bd26e4c'),(77,NULL,'Image','image','matrixBlockType:13','',0,'Assets','{\"useSingleFolder\":\"\",\"sources\":\"*\",\"defaultUploadLocationSource\":\"1\",\"defaultUploadLocationSubpath\":\"\",\"singleUploadLocationSource\":\"1\",\"singleUploadLocationSubpath\":\"\",\"restrictFiles\":\"1\",\"allowedKinds\":[\"image\"],\"limit\":\"\",\"viewMode\":\"list\",\"selectionLabel\":\"\"}','2017-02-12 20:20:52','2017-02-12 20:55:12','ea4f4974-af5f-4fdc-a391-57d79938f8bb'),(78,6,'Advice','advice','global','',0,'Matrix','{\"maxBlocks\":null}','2017-02-12 21:38:47','2017-02-12 21:38:47','4a53a151-12b3-45e8-aa98-8fc1df7d629a'),(79,NULL,'Image','image','matrixBlockType:14','',0,'Assets','{\"useSingleFolder\":\"\",\"sources\":\"*\",\"defaultUploadLocationSource\":\"1\",\"defaultUploadLocationSubpath\":\"\",\"singleUploadLocationSource\":\"1\",\"singleUploadLocationSubpath\":\"\",\"restrictFiles\":\"1\",\"allowedKinds\":[\"image\"],\"limit\":\"\",\"viewMode\":\"list\",\"selectionLabel\":\"\"}','2017-02-12 21:38:50','2017-02-12 21:38:50','a2e0d74c-50ff-4695-8740-d047ec66487b'),(80,NULL,'Summary','summary','matrixBlockType:14','',0,'PlainText','{\"placeholder\":\"\",\"maxLength\":\"\",\"multiline\":\"1\",\"initialRows\":\"4\"}','2017-02-12 21:38:51','2017-02-12 21:38:51','813947d2-3a1f-429e-9dba-ec1aeac2b48f'),(81,6,'Steps','steps','global','',0,'Matrix','{\"maxBlocks\":null}','2017-02-12 22:30:51','2017-02-12 22:41:13','79defd29-1adf-487b-92a3-496055e93b1f'),(82,NULL,'Display Title','displayTitle','matrixBlockType:15','',0,'PlainText','{\"placeholder\":\"\",\"maxLength\":\"\",\"multiline\":\"\",\"initialRows\":\"4\"}','2017-02-12 22:30:54','2017-02-12 22:41:13','60ff3682-4fe9-4959-8b32-39f5626e84ec'),(83,NULL,'Image','image','matrixBlockType:15','',0,'Assets','{\"useSingleFolder\":\"\",\"sources\":\"*\",\"defaultUploadLocationSource\":\"1\",\"defaultUploadLocationSubpath\":\"\",\"singleUploadLocationSource\":\"1\",\"singleUploadLocationSubpath\":\"\",\"restrictFiles\":\"1\",\"allowedKinds\":[\"image\"],\"limit\":\"\",\"viewMode\":\"list\",\"selectionLabel\":\"\"}','2017-02-12 22:30:54','2017-02-12 22:41:13','83eb6942-e77e-4805-8851-c2656c742c8b'),(84,NULL,'Summary','summary','matrixBlockType:15','',0,'PlainText','{\"placeholder\":\"\",\"maxLength\":\"\",\"multiline\":\"1\",\"initialRows\":\"4\"}','2017-02-12 22:30:55','2017-02-12 22:41:13','ea6a171b-527a-4480-aeb8-3c3ddc5d6e2b'),(85,6,'Buttons','buttons','global','',0,'Matrix','{\"maxBlocks\":null}','2017-02-13 01:17:25','2017-02-13 01:17:25','fa417e37-73bf-4ad1-948c-c3eb007e3d87'),(86,NULL,'Text','text','matrixBlockType:16','',0,'PlainText','{\"placeholder\":\"\",\"maxLength\":\"\",\"multiline\":\"\",\"initialRows\":\"4\"}','2017-02-13 01:17:31','2017-02-13 01:17:31','b32d0082-9778-4992-91db-9448a5cbc70e'),(87,NULL,'Link','customLink','matrixBlockType:16','',0,'PlainText','{\"placeholder\":\"\",\"maxLength\":\"\",\"multiline\":\"\",\"initialRows\":\"4\"}','2017-02-13 01:17:32','2017-02-13 01:17:32','c86b9cae-3952-475c-80df-21d29663ce28');
/*!40000 ALTER TABLE `craft_fields` ENABLE KEYS */;
UNLOCK TABLES;

--
-- Table structure for table `craft_globalsets`
--

DROP TABLE IF EXISTS `craft_globalsets`;
/*!40101 SET @saved_cs_client     = @@character_set_client */;
/*!40101 SET character_set_client = utf8 */;
CREATE TABLE `craft_globalsets` (
  `id` int(11) NOT NULL,
  `name` varchar(255) COLLATE utf8_unicode_ci NOT NULL,
  `handle` varchar(255) COLLATE utf8_unicode_ci NOT NULL,
  `fieldLayoutId` int(10) DEFAULT NULL,
  `dateCreated` datetime NOT NULL,
  `dateUpdated` datetime NOT NULL,
  `uid` char(36) COLLATE utf8_unicode_ci NOT NULL DEFAULT '0',
  PRIMARY KEY (`id`),
  UNIQUE KEY `craft_globalsets_name_unq_idx` (`name`),
  UNIQUE KEY `craft_globalsets_handle_unq_idx` (`handle`),
  KEY `craft_globalsets_fieldLayoutId_fk` (`fieldLayoutId`),
  CONSTRAINT `craft_globalsets_fieldLayoutId_fk` FOREIGN KEY (`fieldLayoutId`) REFERENCES `craft_fieldlayouts` (`id`) ON DELETE SET NULL,
  CONSTRAINT `craft_globalsets_id_fk` FOREIGN KEY (`id`) REFERENCES `craft_elements` (`id`) ON DELETE CASCADE
) ENGINE=InnoDB DEFAULT CHARSET=utf8 COLLATE=utf8_unicode_ci;
/*!40101 SET character_set_client = @saved_cs_client */;

--
-- Dumping data for table `craft_globalsets`
--

LOCK TABLES `craft_globalsets` WRITE;
/*!40000 ALTER TABLE `craft_globalsets` DISABLE KEYS */;
INSERT INTO `craft_globalsets` VALUES (27,'Site Globals','siteGlobals',170,'2015-10-25 08:20:15','2016-03-03 11:17:29','506e8a95-e1f9-4c78-a9d4-4da1731eb050'),(52,'Social Platforms','socialPlatforms',106,'2015-11-08 08:45:31','2015-11-08 08:51:31','887f4120-4397-4919-ab44-ac7fe60c7f85');
/*!40000 ALTER TABLE `craft_globalsets` ENABLE KEYS */;
UNLOCK TABLES;

--
-- Table structure for table `craft_info`
--

DROP TABLE IF EXISTS `craft_info`;
/*!40101 SET @saved_cs_client     = @@character_set_client */;
/*!40101 SET character_set_client = utf8 */;
CREATE TABLE `craft_info` (
  `id` int(11) NOT NULL AUTO_INCREMENT,
  `version` varchar(15) COLLATE utf8_unicode_ci NOT NULL,
  `build` int(11) unsigned NOT NULL,
  `schemaVersion` varchar(15) COLLATE utf8_unicode_ci NOT NULL,
  `releaseDate` datetime NOT NULL,
  `edition` tinyint(1) unsigned NOT NULL DEFAULT '0',
  `siteName` varchar(100) COLLATE utf8_unicode_ci NOT NULL,
  `siteUrl` varchar(255) COLLATE utf8_unicode_ci NOT NULL,
  `timezone` varchar(30) COLLATE utf8_unicode_ci DEFAULT NULL,
  `on` tinyint(1) unsigned NOT NULL DEFAULT '0',
  `maintenance` tinyint(1) unsigned NOT NULL DEFAULT '0',
  `track` varchar(40) COLLATE utf8_unicode_ci NOT NULL,
  `dateCreated` datetime NOT NULL,
  `dateUpdated` datetime NOT NULL,
  `uid` char(36) COLLATE utf8_unicode_ci NOT NULL DEFAULT '0',
  PRIMARY KEY (`id`)
) ENGINE=InnoDB AUTO_INCREMENT=2 DEFAULT CHARSET=utf8 COLLATE=utf8_unicode_ci;
/*!40101 SET character_set_client = @saved_cs_client */;

--
-- Dumping data for table `craft_info`
--

LOCK TABLES `craft_info` WRITE;
/*!40000 ALTER TABLE `craft_info` DISABLE KEYS */;
INSERT INTO `craft_info` VALUES (1,'2.6',2930,'2.6.6','2016-09-01 22:48:54',2,'Keep It Local','http://keepitlocal.dev','UTC',1,0,'stable','2015-10-24 08:36:36','2017-02-02 16:45:31','330f96c3-3f13-47b9-80f7-e2d5b6ed34e2');
/*!40000 ALTER TABLE `craft_info` ENABLE KEYS */;
UNLOCK TABLES;

--
-- Table structure for table `craft_locales`
--

DROP TABLE IF EXISTS `craft_locales`;
/*!40101 SET @saved_cs_client     = @@character_set_client */;
/*!40101 SET character_set_client = utf8 */;
CREATE TABLE `craft_locales` (
  `locale` char(12) COLLATE utf8_unicode_ci NOT NULL,
  `sortOrder` smallint(6) unsigned DEFAULT NULL,
  `dateCreated` datetime NOT NULL,
  `dateUpdated` datetime NOT NULL,
  `uid` char(36) COLLATE utf8_unicode_ci NOT NULL DEFAULT '0',
  PRIMARY KEY (`locale`),
  KEY `craft_locales_sortOrder_idx` (`sortOrder`)
) ENGINE=InnoDB DEFAULT CHARSET=utf8 COLLATE=utf8_unicode_ci;
/*!40101 SET character_set_client = @saved_cs_client */;

--
-- Dumping data for table `craft_locales`
--

LOCK TABLES `craft_locales` WRITE;
/*!40000 ALTER TABLE `craft_locales` DISABLE KEYS */;
INSERT INTO `craft_locales` VALUES ('en_us',1,'2015-10-24 08:36:36','2015-10-24 08:36:36','46ebd103-0d34-4d8f-9c79-8a2175ca5d69');
/*!40000 ALTER TABLE `craft_locales` ENABLE KEYS */;
UNLOCK TABLES;

--
-- Table structure for table `craft_matrixblocks`
--

DROP TABLE IF EXISTS `craft_matrixblocks`;
/*!40101 SET @saved_cs_client     = @@character_set_client */;
/*!40101 SET character_set_client = utf8 */;
CREATE TABLE `craft_matrixblocks` (
  `id` int(11) NOT NULL,
  `ownerId` int(11) NOT NULL,
  `fieldId` int(11) NOT NULL,
  `typeId` int(11) DEFAULT NULL,
  `sortOrder` smallint(6) unsigned DEFAULT NULL,
  `ownerLocale` char(12) COLLATE utf8_unicode_ci DEFAULT NULL,
  `dateCreated` datetime NOT NULL,
  `dateUpdated` datetime NOT NULL,
  `uid` char(36) COLLATE utf8_unicode_ci NOT NULL DEFAULT '0',
  PRIMARY KEY (`id`),
  KEY `craft_matrixblocks_ownerId_idx` (`ownerId`),
  KEY `craft_matrixblocks_fieldId_idx` (`fieldId`),
  KEY `craft_matrixblocks_typeId_idx` (`typeId`),
  KEY `craft_matrixblocks_sortOrder_idx` (`sortOrder`),
  KEY `craft_matrixblocks_ownerLocale_fk` (`ownerLocale`),
  CONSTRAINT `craft_matrixblocks_fieldId_fk` FOREIGN KEY (`fieldId`) REFERENCES `craft_fields` (`id`) ON DELETE CASCADE,
  CONSTRAINT `craft_matrixblocks_id_fk` FOREIGN KEY (`id`) REFERENCES `craft_elements` (`id`) ON DELETE CASCADE,
  CONSTRAINT `craft_matrixblocks_ownerId_fk` FOREIGN KEY (`ownerId`) REFERENCES `craft_elements` (`id`) ON DELETE CASCADE,
  CONSTRAINT `craft_matrixblocks_ownerLocale_fk` FOREIGN KEY (`ownerLocale`) REFERENCES `craft_locales` (`locale`) ON DELETE CASCADE ON UPDATE CASCADE,
  CONSTRAINT `craft_matrixblocks_typeId_fk` FOREIGN KEY (`typeId`) REFERENCES `craft_matrixblocktypes` (`id`) ON DELETE CASCADE
) ENGINE=InnoDB DEFAULT CHARSET=utf8 COLLATE=utf8_unicode_ci;
/*!40101 SET character_set_client = @saved_cs_client */;

--
-- Dumping data for table `craft_matrixblocks`
--

LOCK TABLES `craft_matrixblocks` WRITE;
/*!40000 ALTER TABLE `craft_matrixblocks` DISABLE KEYS */;
INSERT INTO `craft_matrixblocks` VALUES (8,3,1,2,1,NULL,'2015-10-24 09:11:24','2017-02-04 17:11:35','3998dcbc-10c5-44c6-a8f5-2534426ffc8a'),(21,20,1,2,1,NULL,'2015-10-24 10:47:23','2017-03-18 13:04:24','88996c5f-ca4a-46f3-96a7-0c2de31b3e62'),(22,2,1,7,1,NULL,'2015-10-24 10:50:39','2017-02-13 00:04:40','4a540f5b-9215-43cb-bb4a-8ffbecf00b82'),(23,2,1,2,3,NULL,'2015-10-24 10:50:39','2017-02-13 00:04:41','dac0e22d-967e-4505-806a-f4168716a2f8'),(29,27,37,9,1,NULL,'2015-10-25 09:01:26','2017-03-28 22:09:44','7c9cb894-32da-45aa-a6ff-4770a9c0be74'),(30,27,33,8,1,NULL,'2015-10-25 09:01:26','2017-03-28 22:09:44','34411094-ecb9-46b4-8922-c11169346e96'),(31,27,33,8,2,NULL,'2015-10-25 09:01:26','2017-03-28 22:09:44','fbffc707-788d-49c3-aeb6-7a7ecdf9903f'),(34,32,1,2,1,NULL,'2015-10-25 10:08:24','2017-02-04 17:12:24','6e9754c5-7146-4e5a-b1ec-c0b1181433ce'),(54,53,50,11,1,NULL,'2015-11-08 10:10:03','2017-02-02 18:19:08','de9f6e49-01ea-44e7-a3b5-e71d848ae11e'),(55,53,50,11,3,NULL,'2015-11-08 10:10:03','2017-02-02 18:19:08','2ced1ba9-d352-41d9-8da2-aac255de8936'),(57,53,50,11,2,NULL,'2015-11-08 10:35:08','2017-02-02 18:19:08','f8b872fc-baa2-4242-be60-e66ca5089035'),(71,70,1,12,2,NULL,'2015-11-29 10:35:19','2015-11-29 12:02:27','49653cc6-9a5e-45ef-84bd-4be486db5b5c'),(72,70,1,2,1,NULL,'2015-11-29 10:37:48','2015-11-29 12:02:27','a4af9960-6149-42c2-9740-5fcae520fba4'),(93,92,1,2,1,NULL,'2016-02-08 15:53:33','2017-03-18 13:08:08','5b40495a-b4a3-42a8-82e0-92834fd25f09'),(109,47,41,10,1,NULL,'2017-02-02 18:21:09','2017-02-07 16:24:38','de398b02-845c-4edf-871d-47af7c767e1c'),(110,47,41,10,2,NULL,'2017-02-02 18:21:09','2017-02-07 16:24:38','602e82d8-ad3c-422c-8d1f-9cca937d14f8'),(111,47,41,10,3,NULL,'2017-02-02 18:21:09','2017-02-07 16:24:39','dd9c315a-5113-4a5b-98d8-977aa23531ad'),(116,115,1,2,1,NULL,'2017-02-04 16:17:42','2017-03-25 13:45:01','0d7bad99-6bf1-485b-b432-6d0a9bcf17a8'),(117,115,1,2,2,NULL,'2017-02-04 16:17:42','2017-03-25 13:45:01','4a160714-b938-41f7-9221-155f1afa77a0'),(118,115,1,2,3,NULL,'2017-02-04 16:17:42','2017-03-25 13:45:01','7632d4cb-0315-4c46-b966-281d8058711f'),(120,119,1,2,1,NULL,'2017-02-04 16:18:52','2017-02-04 16:19:49','3c45e678-f65a-4b1b-9aea-66cf0ffbdd94'),(124,123,1,2,1,NULL,'2017-02-04 16:49:58','2017-02-04 16:49:58','bdc5e7c7-9dce-4aae-8485-15cc0701cfc5'),(126,125,1,2,1,NULL,'2017-02-04 16:51:29','2017-02-04 16:51:29','fb0c10ec-aacc-4804-a126-f6bdb09845d8'),(128,127,1,2,1,NULL,'2017-02-04 16:53:05','2017-02-04 16:53:05','bd2194c3-f764-4da6-a924-257aa67d9b2f'),(129,96,1,2,1,NULL,'2017-02-04 16:59:51','2017-02-11 18:29:35','7baece86-e363-4a0a-9f0f-4a1642f6f4f1'),(147,146,41,10,1,NULL,'2017-02-08 15:07:49','2017-02-08 15:10:36','eed7da8d-9722-47b9-aea7-719de93e838c'),(148,146,41,10,2,NULL,'2017-02-08 15:10:36','2017-02-08 15:10:36','c6e8a3dc-f4b9-4348-964e-d65145a4bdb4'),(149,146,41,10,3,NULL,'2017-02-08 15:10:36','2017-02-08 15:10:36','e5a0d969-ef25-4fed-a2e5-0becfca34871'),(150,2,1,7,4,NULL,'2017-02-08 15:13:24','2017-02-13 00:04:41','e89085f6-0b56-41ec-9a6b-dcba617cb4d4'),(156,155,1,2,2,NULL,'2017-02-09 11:40:34','2017-02-12 23:11:02','d5b60e87-42ca-4a6d-bf88-c50697134586'),(169,168,1,2,1,NULL,'2017-02-09 12:11:34','2017-02-09 12:11:34','4fa4bf2c-cd31-4ae0-8285-d271c0f0ce82'),(171,170,1,2,1,NULL,'2017-02-09 12:12:56','2017-03-28 23:34:03','1a6d5189-de02-472f-b723-257f984a86cf'),(173,172,1,2,1,NULL,'2017-02-09 12:13:54','2017-03-28 22:04:50','a856896d-954b-492f-a74f-eea568c6fda4'),(175,174,1,2,1,NULL,'2017-02-09 12:14:32','2017-03-28 22:06:09','a72e1bdf-c6e6-427f-ac1e-2bc284f298ac'),(177,176,1,2,1,NULL,'2017-02-09 12:15:11','2017-03-28 22:08:00','cd0792df-fbf8-49c1-8c65-723207bbde7a'),(185,184,1,2,1,NULL,'2017-02-09 14:12:38','2017-03-18 13:06:50','5ff2a194-9a6e-4e90-9ecb-9d8dd6f930c9'),(197,196,41,10,1,NULL,'2017-02-11 18:28:49','2017-02-11 18:28:49','6fb984c9-c3ef-40f3-9362-4a1ab569c061'),(198,196,41,10,2,NULL,'2017-02-11 18:28:49','2017-02-11 18:28:49','7b586170-e119-483a-81ba-0e535cbc9a0a'),(199,196,41,10,3,NULL,'2017-02-11 18:28:49','2017-02-11 18:28:49','83d46673-68b5-44cf-9474-ca6c849b0f62'),(200,196,41,10,4,NULL,'2017-02-11 18:28:50','2017-02-11 18:28:50','530d1513-2220-4700-985e-77eab3798bde'),(201,96,1,7,2,NULL,'2017-02-11 18:29:35','2017-02-11 18:29:35','caf45dbd-2935-4043-9939-78f2738f5d21'),(204,166,1,7,1,NULL,'2017-02-12 20:08:16','2017-03-28 22:02:44','816f78d0-2a5f-49cf-b733-d8b70c2bda04'),(206,205,74,13,1,NULL,'2017-02-12 20:44:34','2017-03-28 22:02:41','c1fb023b-8cd6-4762-bf34-5529446066e8'),(217,216,78,14,1,NULL,'2017-02-12 21:46:08','2017-02-12 21:46:08','66c2000c-9753-4785-bb7c-04d236b9d971'),(218,216,78,14,2,NULL,'2017-02-12 21:46:08','2017-02-12 21:46:08','938c4f2a-6dbd-49ee-99d2-1ad45b1f963e'),(219,216,78,14,3,NULL,'2017-02-12 21:46:08','2017-02-12 21:46:08','8a9f45a2-0008-4d58-bfd3-da6d95448ff4'),(220,113,1,7,2,NULL,'2017-02-12 21:47:44','2017-03-18 13:10:53','ef494f6b-6acc-4456-9700-9014cd312df5'),(225,221,81,15,1,NULL,'2017-02-12 22:43:45','2017-03-18 13:06:48','9ef2b87c-8604-48df-a062-86219421d388'),(226,221,81,15,2,NULL,'2017-02-12 22:43:46','2017-03-18 13:06:48','916ec0f3-55a7-4e65-84b4-2337c54eae61'),(227,221,81,15,3,NULL,'2017-02-12 22:43:46','2017-03-18 13:06:48','4b8a48ef-47ab-43c0-b6c5-c3467872691c'),(228,184,1,7,2,NULL,'2017-02-12 22:45:48','2017-03-18 13:06:51','31909e84-b8b6-4a82-a6ab-faaf76eae59c'),(229,216,81,15,1,NULL,'2017-02-12 22:58:55','2017-02-12 22:59:31','310e5394-8f96-41da-9b1f-e9c085b385df'),(230,216,81,15,2,NULL,'2017-02-12 22:58:55','2017-02-12 22:59:31','986be455-e2f5-4b85-9e09-d7cbd70ffb4d'),(231,216,81,15,3,NULL,'2017-02-12 22:58:55','2017-02-12 22:59:31','322b1a8a-05de-4dc7-8127-5f5b870c5280'),(232,113,1,2,1,NULL,'2017-02-12 23:03:05','2017-03-18 13:10:53','9df0d268-488e-4c81-aab8-2d4f2978ace9'),(234,233,81,15,1,NULL,'2017-02-12 23:10:06','2017-03-18 12:55:59','c7c65629-b3b9-4d84-85ee-de467b918244'),(235,233,81,15,2,NULL,'2017-02-12 23:10:06','2017-03-18 12:55:59','7cb4be2c-fcd2-444c-a6c4-a3050a1f0626'),(236,233,81,15,3,NULL,'2017-02-12 23:10:06','2017-03-18 12:55:59','89252530-5612-4295-a149-326e6adcf6e2'),(237,155,1,7,1,NULL,'2017-02-12 23:11:02','2017-02-12 23:11:02','32123a24-2f29-4060-b132-b41aad91b302'),(238,2,1,7,2,NULL,'2017-02-12 23:52:35','2017-02-13 00:04:41','21299eeb-4938-4761-a47a-ce07c5597764'),(240,239,85,16,1,NULL,'2017-02-13 01:20:22','2017-02-13 01:20:22','ee2b7da9-b53f-49f1-830f-ebf6a9635382'),(241,92,1,7,2,NULL,'2017-02-13 01:28:43','2017-03-18 13:08:08','1ecf42a0-bbf7-4277-8d6e-9524801f2083'),(243,242,1,2,2,NULL,'2017-02-17 08:34:26','2017-03-28 22:29:48','1d9ef7d2-5eb9-4ede-98ea-33d74594e15f'),(244,242,1,7,3,NULL,'2017-02-17 08:34:27','2017-03-28 22:29:48','100478ee-aac3-4384-b84a-e7b7934c85a7'),(246,245,1,2,1,NULL,'2017-02-17 08:35:56','2017-02-17 08:35:56','4ab502fd-887d-4adf-a28a-77ec780f42c9'),(261,260,81,15,1,NULL,'2017-02-17 09:03:42','2017-03-28 22:14:24','b371c5c7-b411-46e0-b587-59a893ab9fa5'),(262,260,81,15,2,NULL,'2017-02-17 09:03:42','2017-03-28 22:14:24','7f99d3dd-cffe-4329-ac99-e517678e36da'),(263,260,81,15,3,NULL,'2017-02-17 09:03:42','2017-03-28 22:14:24','f8285e45-2ffb-4035-8cb0-a7a1b4e2a3b9'),(265,264,41,10,1,NULL,'2017-02-17 09:06:02','2017-03-28 22:29:44','60a76c03-6d11-4a3b-9ef1-d97c0bc5ef12'),(266,242,1,7,1,NULL,'2017-02-17 09:07:18','2017-03-28 22:29:48','3a82d564-c5e8-42bc-9fe5-f8507929b2b1'),(268,267,81,15,1,NULL,'2017-02-17 12:04:37','2017-03-28 22:17:48','bcbb124c-5c2f-4b1b-afc9-b3efd638df0d'),(269,267,81,15,2,NULL,'2017-02-17 12:04:37','2017-03-28 22:17:48','2dd6966d-cf16-49fa-840b-5bc115c50f37'),(270,267,81,15,3,NULL,'2017-02-17 12:04:37','2017-03-28 22:17:48','ab0062d4-4906-4b45-9453-252b9ab8c075'),(273,272,81,15,1,NULL,'2017-02-17 12:10:26','2017-03-28 22:16:24','fbd400d6-05d7-4ed4-a8c4-a6ed6f4c1baf'),(274,272,81,15,2,NULL,'2017-02-17 12:10:27','2017-03-28 22:16:24','3a1d8eca-067a-4507-af21-f782c9f27e3f'),(275,272,81,15,3,NULL,'2017-02-17 12:10:27','2017-03-28 22:16:24','ddd47ed0-d26e-4a68-940b-9cecb09c1abf'),(276,272,81,15,4,NULL,'2017-02-17 12:10:27','2017-03-28 22:16:24','38445e6f-41af-4600-9787-1a394d182435'),(277,272,81,15,5,NULL,'2017-02-17 12:10:27','2017-03-28 22:16:24','1a70548d-bc6c-48c6-a00c-335d8990aa74'),(278,272,81,15,6,NULL,'2017-02-17 12:10:27','2017-03-28 22:16:24','3a60d4f9-b69f-4255-92cc-707a4729ece7'),(279,242,1,2,4,NULL,'2017-02-17 12:19:12','2017-03-28 22:29:48','1f8783bf-c585-44d4-92d3-c1a80493cf88'),(280,242,1,7,5,NULL,'2017-02-17 12:19:12','2017-03-28 22:29:48','8ef91218-2f81-46a3-8644-6ab3abadd52b'),(281,242,1,2,6,NULL,'2017-02-17 12:19:12','2017-03-28 22:29:48','e4e5df27-f12e-41a7-a31d-ce81e8e851d9'),(282,242,1,7,7,NULL,'2017-02-17 12:19:12','2017-03-28 22:29:48','4f0562c3-9d17-401f-b788-b964136fdf9d'),(290,115,1,2,4,NULL,'2017-03-25 13:45:01','2017-03-25 13:45:01','57c40edd-d57c-4c9e-87b5-b30b04b1726d'),(291,115,1,2,5,NULL,'2017-03-25 13:45:01','2017-03-25 13:45:01','4046cfc1-2336-4873-9822-ec4c5caba765'),(292,115,1,2,6,NULL,'2017-03-25 13:45:01','2017-03-25 13:45:01','44119fee-6d8d-4db3-b40e-60b4d9da2bd7'),(293,115,1,2,7,NULL,'2017-03-25 13:45:01','2017-03-25 13:45:01','ac8c5fbc-8652-43c1-922e-c042ca57738b'),(294,115,1,2,8,NULL,'2017-03-25 13:45:01','2017-03-25 13:45:01','3cdea6f7-9c36-44f0-a231-852f19f97b25'),(295,115,1,2,9,NULL,'2017-03-25 13:45:01','2017-03-25 13:45:01','fd603a3a-ba69-4dd3-b5b8-f24ad24658b4'),(296,115,1,2,10,NULL,'2017-03-25 13:45:01','2017-03-25 13:45:01','1782cf8c-2b1a-46e4-b4cd-64acb33cbbd2'),(297,115,1,2,11,NULL,'2017-03-25 13:45:01','2017-03-25 13:45:01','9e9659a2-e31a-45de-abd6-72b8b49ca68e'),(298,115,1,2,12,NULL,'2017-03-25 13:45:01','2017-03-25 13:45:01','44a289dd-418f-47a4-8bf4-4152a2a6f82e'),(299,115,1,2,13,NULL,'2017-03-25 13:45:01','2017-03-25 13:45:01','c7642594-4e27-42ec-a5ac-bb128b8e1934'),(300,115,1,2,14,NULL,'2017-03-25 13:45:01','2017-03-25 13:45:01','c171e026-1ba0-4add-ab25-3dd97492819d'),(301,115,1,2,15,NULL,'2017-03-25 13:45:01','2017-03-25 13:45:01','b7446db5-b7ed-40ed-9404-22ddb324ced6'),(302,115,1,2,16,NULL,'2017-03-25 13:45:01','2017-03-25 13:45:01','997c61d8-3a94-43ed-9351-8d6eba046016'),(303,115,1,2,17,NULL,'2017-03-25 13:45:01','2017-03-25 13:45:01','34766571-dc45-42cf-9dba-e716ffbfca2d'),(304,115,1,2,18,NULL,'2017-03-25 13:45:01','2017-03-25 13:45:01','e4480480-92e9-4395-8202-7ae665681bf5'),(305,115,1,2,19,NULL,'2017-03-25 13:45:01','2017-03-25 13:45:01','2caaae7b-1b5f-41c7-b033-95e0a245eaed'),(306,115,1,2,20,NULL,'2017-03-25 13:45:01','2017-03-25 13:45:01','cafaa64c-9a94-4328-b480-53258162f960'),(307,115,1,2,21,NULL,'2017-03-25 13:45:01','2017-03-25 13:45:01','a14f146c-9fad-4baf-b1b7-373c718440cf'),(308,115,1,2,22,NULL,'2017-03-25 13:45:01','2017-03-25 13:45:01','74e10769-70bf-4d4f-a2ff-e125fe0786f4');
/*!40000 ALTER TABLE `craft_matrixblocks` ENABLE KEYS */;
UNLOCK TABLES;

--
-- Table structure for table `craft_matrixblocktypes`
--

DROP TABLE IF EXISTS `craft_matrixblocktypes`;
/*!40101 SET @saved_cs_client     = @@character_set_client */;
/*!40101 SET character_set_client = utf8 */;
CREATE TABLE `craft_matrixblocktypes` (
  `id` int(11) NOT NULL AUTO_INCREMENT,
  `fieldId` int(11) NOT NULL,
  `fieldLayoutId` int(11) DEFAULT NULL,
  `name` varchar(255) COLLATE utf8_unicode_ci NOT NULL,
  `handle` varchar(255) COLLATE utf8_unicode_ci NOT NULL,
  `sortOrder` smallint(6) unsigned DEFAULT NULL,
  `dateCreated` datetime NOT NULL,
  `dateUpdated` datetime NOT NULL,
  `uid` char(36) COLLATE utf8_unicode_ci NOT NULL DEFAULT '0',
  PRIMARY KEY (`id`),
  UNIQUE KEY `craft_matrixblocktypes_name_fieldId_unq_idx` (`name`,`fieldId`),
  UNIQUE KEY `craft_matrixblocktypes_handle_fieldId_unq_idx` (`handle`,`fieldId`),
  KEY `craft_matrixblocktypes_fieldId_fk` (`fieldId`),
  KEY `craft_matrixblocktypes_fieldLayoutId_fk` (`fieldLayoutId`),
  CONSTRAINT `craft_matrixblocktypes_fieldId_fk` FOREIGN KEY (`fieldId`) REFERENCES `craft_fields` (`id`) ON DELETE CASCADE,
  CONSTRAINT `craft_matrixblocktypes_fieldLayoutId_fk` FOREIGN KEY (`fieldLayoutId`) REFERENCES `craft_fieldlayouts` (`id`) ON DELETE SET NULL
) ENGINE=InnoDB AUTO_INCREMENT=17 DEFAULT CHARSET=utf8 COLLATE=utf8_unicode_ci;
/*!40101 SET character_set_client = @saved_cs_client */;

--
-- Dumping data for table `craft_matrixblocktypes`
--

LOCK TABLES `craft_matrixblocktypes` WRITE;
/*!40000 ALTER TABLE `craft_matrixblocktypes` DISABLE KEYS */;
INSERT INTO `craft_matrixblocktypes` VALUES (1,1,188,'Heading','heading',1,'2015-10-24 08:46:27','2016-05-06 11:23:53','cbc15bff-9562-40a5-8cc2-f322e3579667'),(2,1,189,'Text','text',2,'2015-10-24 08:47:29','2016-05-06 11:23:53','6b2f32a6-c82c-4b58-ba4d-458f57e065fd'),(3,1,190,'Image','image',3,'2015-10-24 08:48:41','2016-05-06 11:23:53','f4697fae-fd5f-488b-9d57-d57c428a780b'),(4,1,191,'Downloads','downloads',4,'2015-10-24 08:49:30','2016-05-06 11:23:53','dfa506aa-6a6f-4102-a373-e31c7b22ec48'),(5,1,192,'Video','video',5,'2015-10-24 08:50:08','2016-05-06 11:23:53','c7ca06b5-3b14-4aeb-98f7-9be8b835c907'),(6,1,193,'Pull Quote','pullQuote',6,'2015-10-24 08:51:27','2016-05-06 11:23:53','16eadf2a-81ab-40ae-8eff-5aebf70a15b7'),(7,1,194,'Related Panel','relatedPanel',7,'2015-10-24 10:46:14','2016-05-06 11:23:53','c737fc8a-b5dc-44f2-9fcd-3000247125fe'),(8,33,107,'Profile','profile',1,'2015-10-25 08:51:48','2015-11-08 08:51:52','f785d26c-51db-486a-9b81-c8d12c7a8417'),(9,37,98,'Contact','contact',1,'2015-10-25 08:54:10','2015-10-25 09:18:51','423d3367-ce6e-4c79-b5ca-8932f8decb12'),(10,41,216,'Slide','slide',1,'2015-10-25 14:02:30','2017-02-08 15:04:35','04bf2d5b-0170-467e-b1bb-1f3fef0c2d89'),(11,50,110,'Image','image',1,'2015-11-08 10:06:08','2015-11-08 10:06:08','04249280-1c74-4010-8eae-806967ab0dd1'),(12,1,195,'Related Form','relatedForm',8,'2015-11-29 10:34:15','2016-05-06 11:23:53','b699b7ad-a6d7-492b-bfef-4f69a93c42e3'),(13,74,229,'Profile','profile',1,'2017-02-12 20:20:50','2017-02-12 20:55:12','270a930e-1999-4903-95e9-45ccb1b7397e'),(14,78,231,'advice','advice',1,'2017-02-12 21:38:50','2017-02-12 21:38:51','fbfa0ee3-98ab-465b-b732-637a31a940b5'),(15,81,238,'Step','step',1,'2017-02-12 22:30:53','2017-02-12 22:41:14','ad908196-ae17-4c19-bdf6-07fa592104e4'),(16,85,241,'Button','button',1,'2017-02-13 01:17:30','2017-02-13 01:17:32','520eca0c-eb27-49ea-9c4b-9b937bba25b8');
/*!40000 ALTER TABLE `craft_matrixblocktypes` ENABLE KEYS */;
UNLOCK TABLES;

--
-- Table structure for table `craft_matrixcontent_advice`
--

DROP TABLE IF EXISTS `craft_matrixcontent_advice`;
/*!40101 SET @saved_cs_client     = @@character_set_client */;
/*!40101 SET character_set_client = utf8 */;
CREATE TABLE `craft_matrixcontent_advice` (
  `id` int(11) NOT NULL AUTO_INCREMENT,
  `elementId` int(11) NOT NULL,
  `locale` char(12) COLLATE utf8_unicode_ci NOT NULL,
  `field_advice_summary` text COLLATE utf8_unicode_ci,
  `dateCreated` datetime NOT NULL,
  `dateUpdated` datetime NOT NULL,
  `uid` char(36) COLLATE utf8_unicode_ci NOT NULL DEFAULT '0',
  PRIMARY KEY (`id`),
  UNIQUE KEY `craft_matrixcontent_advice_elementId_locale_unq_idx` (`elementId`,`locale`),
  KEY `craft_matrixcontent_advice_locale_fk` (`locale`),
  CONSTRAINT `craft_matrixcontent_advice_elementId_fk` FOREIGN KEY (`elementId`) REFERENCES `craft_elements` (`id`) ON DELETE CASCADE,
  CONSTRAINT `craft_matrixcontent_advice_locale_fk` FOREIGN KEY (`locale`) REFERENCES `craft_locales` (`locale`) ON DELETE CASCADE ON UPDATE CASCADE
) ENGINE=InnoDB AUTO_INCREMENT=4 DEFAULT CHARSET=utf8 COLLATE=utf8_unicode_ci;
/*!40101 SET character_set_client = @saved_cs_client */;

--
-- Dumping data for table `craft_matrixcontent_advice`
--

LOCK TABLES `craft_matrixcontent_advice` WRITE;
/*!40000 ALTER TABLE `craft_matrixcontent_advice` DISABLE KEYS */;
INSERT INTO `craft_matrixcontent_advice` VALUES (1,217,'en_us','A short blurb on step 1. Select a location of destination.','2017-02-12 21:46:08','2017-02-12 21:46:08','7cd6f95e-fbfb-4e6a-b407-aad968e48dad'),(2,218,'en_us','A short blurb on step 2. Select a date. ','2017-02-12 21:46:08','2017-02-12 21:46:08','f86b653e-a4c0-4fa3-ba58-137be1d90150'),(3,219,'en_us','A short blurb on step 3. Select a local providing an experience of your choice.','2017-02-12 21:46:08','2017-02-12 21:46:08','95d9229f-50d2-472f-adb5-530ca68ff5df');
/*!40000 ALTER TABLE `craft_matrixcontent_advice` ENABLE KEYS */;
UNLOCK TABLES;

--
-- Table structure for table `craft_matrixcontent_body`
--

DROP TABLE IF EXISTS `craft_matrixcontent_body`;
/*!40101 SET @saved_cs_client     = @@character_set_client */;
/*!40101 SET character_set_client = utf8 */;
CREATE TABLE `craft_matrixcontent_body` (
  `id` int(11) NOT NULL AUTO_INCREMENT,
  `elementId` int(11) NOT NULL,
  `locale` char(12) COLLATE utf8_unicode_ci NOT NULL,
  `field_heading_heading` text COLLATE utf8_unicode_ci,
  `field_heading_headingType` varchar(255) COLLATE utf8_unicode_ci DEFAULT NULL,
  `field_text_text` text COLLATE utf8_unicode_ci,
  `field_image_alignment` varchar(255) COLLATE utf8_unicode_ci DEFAULT NULL,
  `field_video_video` varchar(255) COLLATE utf8_unicode_ci DEFAULT NULL,
  `field_pullQuote_pullQuote` text COLLATE utf8_unicode_ci,
  `field_pullQuote_alignment` varchar(255) COLLATE utf8_unicode_ci DEFAULT NULL,
  `field_image_clear` varchar(255) COLLATE utf8_unicode_ci DEFAULT NULL,
  `field_image_caption` text COLLATE utf8_unicode_ci,
  `field_video_alignment` varchar(255) COLLATE utf8_unicode_ci DEFAULT NULL,
  `field_video_clear` varchar(255) COLLATE utf8_unicode_ci DEFAULT NULL,
  `dateCreated` datetime NOT NULL,
  `dateUpdated` datetime NOT NULL,
  `uid` char(36) COLLATE utf8_unicode_ci NOT NULL DEFAULT '0',
  PRIMARY KEY (`id`),
  UNIQUE KEY `craft_matrixcontent_body_elementId_locale_unq_idx` (`elementId`,`locale`),
  KEY `craft_matrixcontent_body_locale_fk` (`locale`),
  CONSTRAINT `craft_matrixcontent_body_elementId_fk` FOREIGN KEY (`elementId`) REFERENCES `craft_elements` (`id`) ON DELETE CASCADE,
  CONSTRAINT `craft_matrixcontent_body_locale_fk` FOREIGN KEY (`locale`) REFERENCES `craft_locales` (`locale`) ON DELETE CASCADE ON UPDATE CASCADE
) ENGINE=InnoDB AUTO_INCREMENT=95 DEFAULT CHARSET=utf8 COLLATE=utf8_unicode_ci;
/*!40101 SET character_set_client = @saved_cs_client */;

--
-- Dumping data for table `craft_matrixcontent_body`
--

LOCK TABLES `craft_matrixcontent_body` WRITE;
/*!40000 ALTER TABLE `craft_matrixcontent_body` DISABLE KEYS */;
INSERT INTO `craft_matrixcontent_body` VALUES (2,8,'en_us',NULL,NULL,'<p>With close to 2700km of coastline, South Africa is an ocean-side lover’s dream. From the golden beaches of KwaZulu-Natal to the marine life wonderlands of the Western Cape there’s no shortage of fun to be had on South Africa’s sun-soaked coasts.<br></p>\r\n\r\n<p>There’s nothing more amazing than getting right up close to a thousand dancing and diving dolphins, their splashes speckling your camera lens with water. Nothing stops time like the explosion of sound and feeling of pure awe as a Southern Right whale breaches the blue ocean just metres away from you. No moment is more dreamlike than standing in frozen silence, witnessing baby loggerhead turtles hatch in the moonlight and make their awkward way to the ocean for the very first time. These are the moments that make South Africa special. And there are plenty more of them to be seen and felt along our 2700km of coastline.</p>\r\n\r\n<p>It’s more than just the place where the cool Atlantic and warm Indian Oceans meet. It’s where the folklore of fishing communities is as charming and real today as it ever was; where perfect beaches lure you into staying all day and the freshest flavours of the sea are piled onto your plate at seaside restaurants or right there on the sand, while the smell of the ocean fills your lungs.</p>\r\n\r\n<p><img src=\"http://www.southafrica.net/cache/ce_cache/made/cb43030a00a807f4/SAT_KZN_DBN_Oyster_Box_RET_lr_RGB_640_359_80auto_s.jpg\" alt=\"\" width=\"640\" height=\"359\" class=\"img-responsive\" style=\"box-sizing: border-box; vertical-align: middle; display: block; max-width: 100%; height: auto;\"></p>\r\n\r\n\r\n\r\n<p>Explore South Africa’s natural wetlands where fauna and vegetation range from thickets and woodlands to marshes, forests and reed: home to hippo, crocodiles, black rhino, thousands of fish and bird species that go on with life just like they have for thousands of years. Be a welcomed guest in their world, go hiking along famous trails, crossing secret beaches, jumping over hidden rock pools and stopping to watch ocean sunsets with only the waves for company.</p>\r\n\r\n\r\n\r\n<p><img src=\"http://www.southafrica.net/cache/ce_cache/made/cb43030a00a807f4/SAT_CT_Chapmans_2_RET_lr_RGB_640_401_80auto_s.jpg\" alt=\"\" width=\"640\" height=\"401\" class=\"img-responsive\" style=\"box-sizing: border-box; vertical-align: middle; display: block; max-width: 100%; height: auto;\"></p>\r\n\r\n\r\n\r\n<p>Come experience beach days that feel like they should never end and the finest beach-side hotels to spoil you when they eventually do. South Africa’s sun-soaked coast lies ready, all-year round, to share its secrets, adventures and lazy days with you.</p>\r\n\r\n\r\n\r\n<p>So go ahead&nbsp;<a href=\"http://www.southafrica.net/za/en/articles/overview/sun-soaked-coasts\">explore South Africa\'s sun-soaked coast</a>&nbsp;and get ready for the seaside adventure of your dreams.</p>',NULL,NULL,NULL,NULL,NULL,NULL,NULL,NULL,'2015-10-24 09:11:24','2017-02-04 17:11:35','801d33c1-31f1-49f8-8b9d-c3187f15ef5d'),(14,21,'en_us',NULL,NULL,'<p>Keep\r\nit Local launched in 2017 after identifying a gap in the local travel\r\nmarket. Our website gives you the opportunity to experience our Cape\r\nTown like a local, with a local. \r\n</p>\r\n\r\n<p>Keep\r\nit Local is 100% safe and secure, all hosts are personally vetted by\r\nour staff and their reviews displayed on their profile. Local South\r\nAfricans will be given the opportunity to share their lives and\r\nactivities with travellers and make extra money. Our hosts are\r\nordinary people who loves to entertain and invite travellers into\r\ntheir lives. Keep it Local gives our hosts the opportunity to run\r\ntheir own business.</p>',NULL,NULL,NULL,NULL,NULL,NULL,NULL,NULL,'2015-10-24 10:47:23','2017-03-18 13:04:24','474cd813-3fec-4afa-9f9a-bb04f1c2dc7c'),(15,22,'en_us',NULL,NULL,NULL,NULL,NULL,NULL,NULL,NULL,NULL,NULL,NULL,'2015-10-24 10:50:39','2017-02-13 00:04:40','d4d670bd-289c-478a-8a37-c6cc6098e634'),(16,23,'en_us',NULL,NULL,'<p>We\'ve ensured that your <strong>experience</strong> be beyond satisfying...</p>',NULL,NULL,NULL,NULL,NULL,NULL,NULL,NULL,'2015-10-24 10:50:39','2017-02-13 00:04:41','3525efb6-76c5-440a-9216-c3ea23a0a10e'),(18,34,'en_us',NULL,NULL,'<p>It was here that the world’s human story first began, a staggering four million years ago. Today a World Heritage Site, South Africa’s Cradle of Humankind stands as humbling evidence of the earliest origin of modern humans, who lived and evolved here at the tip of the continent before spreading to the rest of the world. This is where it all started, and we can’t wait to welcome you home.</p>\r\n\r\n<p>The spirit of ancient Africa can still be seen today at the site of the lost Iron Age Kingdom of Mapungubwe, an advanced civilisation famous for its gold, which was traded as far as Asia hundreds of years ago. That spirit lives on in culture, tradition and myths, none more fascinating than the Limpopo province’s Rain Queen Modjadji who still rules today.<br></p>\r\n\r\n<p>Journey back to a time of war in KwaZulu-Natal, and walk the haunting battlefields where the mighty Zulu Kingdom fought under the reign of the warrior King Shaka Zulu. Then meet the proud Zulu culture of today at one of many cultural villages, and be charmed by their famous animal prints, art, food and traditions passed down over centuries. Of course, you can’t leave South Africa without immersing yourself in the inspiring story of Nelson Mandela. Follow his footsteps from humble beginnings at Mvezo in the Eastern Cape to his former home in Soweto and on to the tiny prison cell on Robben Island where he spent 18 of his 27 years in prison.<br></p>',NULL,NULL,NULL,NULL,NULL,NULL,NULL,NULL,'2015-10-25 10:08:24','2017-02-04 17:12:24','2859cecd-d2f4-4e16-8149-cfdb5b723fc4'),(32,71,'en_us',NULL,NULL,NULL,NULL,NULL,NULL,NULL,NULL,NULL,NULL,NULL,'2015-11-29 10:35:19','2015-11-29 12:02:27','8dd62eaf-5924-47c1-837c-b8b7b3bceaec'),(33,72,'en_us',NULL,NULL,'<p>Fill in the form below and we\'ll get back to you as soon as possible...</p>',NULL,NULL,NULL,NULL,NULL,NULL,NULL,NULL,'2015-11-29 10:37:48','2015-11-29 12:02:27','df38ec87-0ac8-4762-a930-027206e77f29'),(37,93,'en_us',NULL,NULL,'<p>Are\r\nyou looking for an adventure, a unique and authentic travel\r\nexperience? Do you want to explore Cape Town through the eyes of\r\nlocals? Keep it Local will make it happen. We will take you away from\r\nthe typical touristy attractions with the long queues and go behind\r\nthe scenes. We are a peer-to-peer marketplace connecting travellers\r\nto Cape Town with local Capetonians. Our goal is to offer travellers\r\na unique local experience which will create long-lasting memories and\r\nshared with friends and family.&nbsp;\r\n</p>',NULL,NULL,NULL,NULL,NULL,NULL,NULL,NULL,'2016-02-08 15:53:33','2017-03-18 13:08:08','d057e848-2a03-46c4-aa9e-b4a9804f08d3'),(42,116,'en_us',NULL,NULL,'<h2>How do I become a host?</h2>\r\n\r\n<p>Click on ‘Become a Host’ on the Keep it Local website then ‘Create your Local Experience’.&nbsp;</p><p>\r\nFollow the steps to complete your profile.&nbsp;</p><p>\r\nAdd a detailed description of the local experience you’re offering.&nbsp;</p><p>\r\nAdd your price per person and time availability for the experience.&nbsp;</p><p>\r\nYour profile will attract more bookings if you upload photos.&nbsp;</p><p>You can upload 3 images and a\r\n\r\ncover photo.&nbsp;</p><p>\r\nPreview your experience added and save it to your profile.&nbsp;</p><p>\r\nYou must agree to be contacted by a Keep it Local ambassador for a verification meeting\r\n\r\nwithin 3 weeks after creating your profile.&nbsp;</p><p>\r\nYour profile/experience will only be live and bookable after successful verification by Keep it\r\n\r\nLocal.</p>',NULL,NULL,NULL,NULL,NULL,NULL,NULL,NULL,'2017-02-04 16:17:41','2017-03-25 13:45:01','209d81d0-86fc-4110-a7f5-a58048bc4fb8'),(43,117,'en_us',NULL,NULL,'<h2>What do I need to become a host?</h2>\r\n\r\n<p>You need to be warm and hospitable with a patriotic mindset. You need to have a good&nbsp;knowledge on the experience you offer, although you don’t need to be a professional.&nbsp;All hosts are vetted to ensure complete transparency and peace of mind to guests. We need&nbsp;your basic personal and contact details to perform the vetting process.<br></p>',NULL,NULL,NULL,NULL,NULL,NULL,NULL,NULL,'2017-02-04 16:17:42','2017-03-25 13:45:01','26628633-0fe9-46a9-992d-a9da8972f6fe'),(44,118,'en_us',NULL,NULL,'<h2>Does Keep it Local pay me for hosting guests?</h2>\r\n\r\n<p>Yes! You can earn a full time or part time income by using Keep it Local.</p>\r\n\r\n<p><br></p>',NULL,NULL,NULL,NULL,NULL,NULL,NULL,NULL,'2017-02-04 16:17:42','2017-03-25 13:45:01','a0c6d1e9-1605-438a-8db8-eece0401c72e'),(45,120,'en_us',NULL,NULL,'<h2>This is a sub-header</h2><p><br>Lorem ipsum dolor sit amet, vis saperet delectus eu, id vel recusabo facilisis. Graece tibique periculis<br>eu cum, at fabulas omittam nec, et vis vitae tantas quaerendum. Pri inani platonem at, vix eu scaevola<br>officiis luptatum. Iusto putent consequat mel ut, dicit nonumes definitiones qui ad.<br>Ius in possim hendrerit, libris electram eos ei. Inani graece vel ei, ipsum melius no mea. Ea usu ullum<br>alterum. Vim ut bonorum efficiantur philosophia.</p><h2><br>This is a sub-header</h2><p><br>Lorem ipsum dolor sit amet, vis saperet delectus eu, id vel recusabo facilisis. Graece tibique periculis<br>eu cum, at fabulas omittam nec, et vis vitae tantas quaerendum. Pri inani platonem at, vix eu scaevola<br>officiis luptatum. Iusto putent consequat mel ut, dicit nonumes definitiones qui ad.</p><h2><br>This is a sub-header</h2><p><br>Lorem ipsum dolor sit amet, vis saperet delectus eu, id vel recusabo facilisis. Graece tibique periculis<br>eu cum, at fabulas omittam nec, et vis vitae tantas quaerendum. Pri inani platonem at, vix eu scaevola<br>officiis luptatum. Iusto putent consequat mel ut, dicit nonumes definitiones qui ad.</p>',NULL,NULL,NULL,NULL,NULL,NULL,NULL,NULL,'2017-02-04 16:18:52','2017-02-04 16:19:49','8576357e-ae8c-4f79-b54e-2b34d4e86816'),(46,124,'en_us',NULL,NULL,'<p>Bill is a&nbsp;professional local with enormous local experience.</p>',NULL,NULL,NULL,NULL,NULL,NULL,NULL,NULL,'2017-02-04 16:49:58','2017-02-04 16:49:58','eef76b80-a540-4a08-ba2f-c910f2da5f8e'),(47,126,'en_us',NULL,NULL,'<p>Kinky was a wonderful guide -&nbsp;I was interested in trying local Teochew&nbsp;-Thai food, so much fun.</p>',NULL,NULL,NULL,NULL,NULL,NULL,NULL,NULL,'2017-02-04 16:51:29','2017-02-04 16:51:29','e4369f0b-0f4f-4e69-b44e-c69c4f97539b'),(48,128,'en_us',NULL,NULL,'<p>Olivia was just spectacular and she took us to so many different places around Cape Town. We met many local people who were also friendly to us.</p>',NULL,NULL,NULL,NULL,NULL,NULL,NULL,NULL,'2017-02-04 16:53:05','2017-02-04 16:53:05','7ac16328-6dad-4b6b-a8b1-28dea3f30021'),(49,129,'en_us',NULL,NULL,'<p>South Africa is the ultimate destination for wanderlusters looking to backpack their way through the adventure of a lifetime. The country is renowned for scenic beauty, friendly people and sun-soaked coastlines. What better place to set off on a backpacking adventure than the spectacular Garden Route in the Western Cape.</p>\r\n\r\n<p>Let it be the canvas of your journey like&nbsp;<a href=\"http://budgettraveller.org/\" target=\"_blank\" class=\"external_link\">Kash Bhattacharya</a>&nbsp;who began his adventure at&nbsp; Chinsta in the Eastern Cape and went all the way along the Western Cape coastline to end up in Cape Town.&nbsp; This led him to put together an impressive guide to packing in South Africa, covering the best accommodation, routes, and unforgettable experiences.</p>\r\n\r\n\r\n\r\n<p>“The perfect way to start your day in Chintsa is to go for a walk along the beach at dawn (it’s right on the doorstep of the hostel). Check out the beach horse trail (R350/€33 – 3.5 hours long) that leaves from the hostel at sunrise, before enjoying your breakfast and coffee on the sun terrace.”</p>\r\n\r\n\r\n\r\n<p>“ The craft beer revolution has come to Chintsa, and there is a fantastic local brewery, the Emerald Vale Craft Brewery. There you can get a tour of the factory and afterwards have a few tastings before hopping back onto the bus feeling refreshed “ he says.</p>\r\n\r\n\r\n\r\n<p><br></p>',NULL,NULL,NULL,NULL,NULL,NULL,NULL,NULL,'2017-02-04 16:59:51','2017-02-11 18:29:35','3f69b5d3-62dd-4ac8-9588-0e9d143741f3'),(50,150,'en_us',NULL,NULL,NULL,NULL,NULL,NULL,NULL,NULL,NULL,NULL,NULL,'2017-02-08 15:13:24','2017-02-13 00:04:41','800e40a4-916c-420f-8bd8-f583d015c6cb'),(52,156,'en_us',NULL,NULL,'<p>Lorem ipsum dolor sit amet, vis saperet delectus eu, id vel recusabo facilisis. Graece tibique periculis&nbsp;eu cum, at fabulas omittam nec, et vis vitae tantas quaerendum. Pri inani platonem at, vix eu scaevola&nbsp;officiis luptatum. Iusto putent consequat mel ut, dicit nonumes definitiones qui ad.</p>\r\n\r\n\r\n\r\n<p>Ius in possim hendrerit, libris electram eos ei. Inani graece vel ei, ipsum melius no mea. Ea usu ullum&nbsp;alterum. Vim ut bonorum efficiantur philosophia.</p>',NULL,NULL,NULL,NULL,NULL,NULL,NULL,NULL,'2017-02-09 11:40:34','2017-02-12 23:11:02','a28ab9cd-161e-4f6a-b406-99fe28aae04d'),(54,169,'en_us',NULL,NULL,'<p>Lorem ipsum dolor sit amet, vis saperet delectus eu, id vel recusabo facilisis. Graece tibique periculis</p>\r\n\r\n<p>eu cum, at fabulas omittam nec, et vis vitae tantas quaerendum. Pri inani platonem at, vix eu scaevola</p>\r\n\r\n<p>officiis luptatum. Iusto putent consequat mel ut, dicit nonumes definitiones qui ad.</p><p><br></p>\r\n\r\n<p>Ius in possim hendrerit, libris electram eos ei. Inani graece vel ei, ipsum melius no mea. Ea usu ullum</p>\r\n\r\n<p>alterum. Vim ut bonorum efficiantur philosophia.</p>',NULL,NULL,NULL,NULL,NULL,NULL,NULL,NULL,'2017-02-09 12:11:34','2017-02-09 12:11:34','fc46c010-0b23-44cf-9745-7a5072b0ede5'),(55,171,'en_us',NULL,NULL,'<p>We’ve partnered with PayFast, an online processing payment solution, allowing a safe and 3D&nbsp;transaction. All payments will be made on this third-party service to process your preferred payment&nbsp;method.</p>\r\n\r\n<p>You can pay with the following:</p>\r\n\r\n\r\n\r\n<ul><li>VISA & MasterCard</li><li>Instant EFT (with a South African bank)</li><li>Bitcoin (digital payment method)</li><li>Masterpass</li><li>Cash deposit at the bank.</li></ul>\r\n\r\n\r\n\r\n\r\n\r\n\r\n\r\n\r\n\r\n\r\n\r\n<p>Bookings are confirmed once full payment is received and hosts are after the experience. Payment is&nbsp;immediate and you will receive a notification of the successful transaction.</p>',NULL,NULL,NULL,NULL,NULL,NULL,NULL,NULL,'2017-02-09 12:12:56','2017-03-28 23:34:03','9afa5027-2487-4a8a-b1e7-869c914525bf'),(56,173,'en_us',NULL,NULL,'<p>Life happens and we respect your need to cancel or amend your booking. We’ve got you covered&nbsp;and will attend to your request based on our cancellation policy. Have a look here (cancellation&nbsp;policy on T&amp;Cs - should link to the specific content) for all the details.</p>\r\n\r\n<p>Please contact us via email as soon as you can with the following details:</p>\r\n\r\n<ul><li>Your reason for cancelling</li><li>Your booking details including experience booked, date of experience</li><li>Refund request: full refund or rescheduling.</li></ul>\r\n\r\n\r\n\r\n',NULL,NULL,NULL,NULL,NULL,NULL,NULL,NULL,'2017-02-09 12:13:53','2017-03-28 22:04:50','c29f0b8c-57e1-49d1-af77-cce4c0b04724'),(57,175,'en_us',NULL,NULL,'<p>Your safety is of the utmost importance at Keep it Local and we go out of our way to ensure your&nbsp;peace of mind.</p>\r\n\r\n<p>This is how we do it:</p>\r\n\r\n<ul><li>Handpicked hosts through a vigorous screening process.</li><li>Detailed and verified host profiles.</li><li>All host and guest communication done via our platform.</li><li>Secure transactions</li><li>Honest review system</li></ul>\r\n\r\n\r\n\r\n\r\n\r\n\r\n\r\n',NULL,NULL,NULL,NULL,NULL,NULL,NULL,NULL,'2017-02-09 12:14:32','2017-03-28 22:06:09','94a3e69c-f32a-433e-b6fa-02eda6fa2745'),(58,177,'en_us',NULL,NULL,'<p>Sharing is what we do best and we’d love to hear about your amazing experience!&nbsp;</p>\r\n\r\n<p>Inspire fellow travellers with the uniqueness of Cape Town. You can use these platforms to&nbsp;recommend our hosts, congratulate us, give us some advice or if you’re unhappy about something.</p><p>Email: reviews@keepitlocal.co.za</p><p>Facebook: <a href=\"https://www.facebook.com/keepitlocal.co.za/\">https://www.facebook.com/keepi...</a></p>\r\n\r\n<p>Twitter: <a href=\"https://twitter.com/KeepitLocalSA\">https://twitter.com/KeepitLoca...</a></p>\r\n\r\n<p>Skype: Keep it Local</p>',NULL,NULL,NULL,NULL,NULL,NULL,NULL,NULL,'2017-02-09 12:15:11','2017-03-28 22:08:00','fe2a9c50-56d0-4e85-bfee-5c7fb9cb06c2'),(59,185,'en_us',NULL,NULL,'<p>Hosting\r\nfor Keep it Local will be a fun, unique and connected experience. Are\r\nyou a proud Capetonian, willing to share your story and life in Cape\r\nTown? South Africans are naturally friendly, fun, warm and loves\r\nhosting and we want the world to experience this first-hand, by\r\nmeeting you. You will meet interesting people from all over the\r\nworld, show them our beautiful city and her people, make new friends\r\nand explore new cultures.</p>\r\n\r\n<p>You\r\ndon’t need to be Jan Braai to braai for your guests, Jenny Morris\r\nfor a cooking lesson, Benni McCarthy for soccer tips, DJ Zinhle for a\r\nsession behind the decks or Wayde Van Niekerk for a run in the park.\r\nAll you need is a good sense of hospitality, a warm heart and ready\r\nto meet people from all around the world.</p>\r\n\r\n\r\n\r\n<p>Offer\r\nan experience that you normally do, an interest, hobby, or something\r\nyou like doing to past time. Remember, these travellers are looking\r\nfor a unique experience, not something they can easily do on their\r\nown and away from the typical touristy locations. Make it an\r\nexperience they’ll always remember.</p>',NULL,NULL,NULL,NULL,NULL,NULL,NULL,NULL,'2017-02-09 14:12:38','2017-03-18 13:06:50','64dcda15-32d9-47f5-b037-a38dccaefce6'),(60,201,'en_us',NULL,NULL,NULL,NULL,NULL,NULL,NULL,NULL,NULL,NULL,NULL,'2017-02-11 18:29:35','2017-02-11 18:29:35','052ceecd-1fc1-4d87-8222-b6b7f26e1ca3'),(61,204,'en_us',NULL,NULL,NULL,NULL,NULL,NULL,NULL,NULL,NULL,NULL,NULL,'2017-02-12 20:08:16','2017-03-28 22:02:44','88ba7fb3-2f1d-4833-b22f-0daf96f95a56'),(62,220,'en_us',NULL,NULL,NULL,NULL,NULL,NULL,NULL,NULL,NULL,NULL,NULL,'2017-02-12 21:47:44','2017-03-18 13:10:53','021d683a-765a-4d85-b754-6d757b269826'),(63,228,'en_us',NULL,NULL,NULL,NULL,NULL,NULL,NULL,NULL,NULL,NULL,NULL,'2017-02-12 22:45:48','2017-03-18 13:06:51','bc3a27d8-99b2-4057-906f-1da3f66fb056'),(64,232,'en_us',NULL,NULL,'<ul><li>Sign\r\nup for complete transparency</li><li>Search\r\nfor host by category</li><li>Read\r\nthrough their profile and reviews</li><li>Check\r\nlocation & logistics</li><li>Make\r\nsure you’ve chosen the right date and time</li><li>Select\r\nspecial request</li><li>Contact\r\nhost should there be any uncertainties</li></ul>\r\n\r\n\r\n\r\n\r\n\r\n\r\n\r\n\r\n\r\n\r\n\r\n\r\n\r\n\r\n\r\n\r\n\r\n\r\n\r\n\r\n\r\n\r\n\r\n\r\n\r\n\r\n\r\n\r\n\r\n\r\n\r\n\r\n\r\n\r\n\r\n\r\n\r\n<p>Life\r\nhappens and should you need to cancel, please read our policy <a href=\"{entry:172:url}\">here</a>\r\n(Cancellation & refunds)</p>\r\n\r\n\r\n\r\n\r\n\r\n<p>Keep\r\ninitial contact on our website, we can’t take responsibility for\r\nany communication/arrangements made directly with the hosts. Ps. We\r\nencourage you to directly stay in touch with your host after the\r\nexperience, you never know, you might make a lifetime friend.   \r\n</p>\r\n\r\n\r\n\r\n\r\n\r\n<p><a href=\"/local/contact-us\">Contact us</a> at any time!</p>',NULL,NULL,NULL,NULL,NULL,NULL,NULL,NULL,'2017-02-12 23:03:05','2017-03-18 13:10:53','243aa875-696d-4db7-8b28-a6441196186c'),(65,237,'en_us',NULL,NULL,NULL,NULL,NULL,NULL,NULL,NULL,NULL,NULL,NULL,'2017-02-12 23:11:01','2017-02-12 23:11:01','b0cc7c47-136b-4c5b-b4fa-267a9399f5d3'),(66,238,'en_us',NULL,NULL,NULL,NULL,NULL,NULL,NULL,NULL,NULL,NULL,NULL,'2017-02-12 23:52:35','2017-02-13 00:04:40','a07af9ab-ef22-49f1-ba40-1177b9562fba'),(67,241,'en_us',NULL,NULL,NULL,NULL,NULL,NULL,NULL,NULL,NULL,NULL,NULL,'2017-02-13 01:28:43','2017-03-18 13:08:08','120993f0-008c-4437-9646-e5189b9e3965'),(68,243,'en_us',NULL,NULL,'<p>Show travellers your way of life and earn an income.</p>',NULL,NULL,NULL,NULL,NULL,NULL,NULL,NULL,'2017-02-17 08:34:26','2017-03-28 22:29:48','4beec2e9-e64b-43bb-b5cd-e106b9d89b7c'),(69,244,'en_us',NULL,NULL,NULL,NULL,NULL,NULL,NULL,NULL,NULL,NULL,NULL,'2017-02-17 08:34:26','2017-03-28 22:29:48','584abca2-ec7a-46f7-808e-a7996bb976b1'),(70,246,'en_us',NULL,NULL,'<p>Perfecting the body.</p>',NULL,NULL,NULL,NULL,NULL,NULL,NULL,NULL,'2017-02-17 08:35:56','2017-02-17 08:35:56','69a38d90-a290-4747-ba5d-7a53cc1a4e36'),(71,266,'en_us',NULL,NULL,NULL,NULL,NULL,NULL,NULL,NULL,NULL,NULL,NULL,'2017-02-17 09:07:18','2017-03-28 22:29:48','d1744686-5615-46cb-a458-e8eda55621fe'),(72,279,'en_us',NULL,NULL,'<p>Becoming a <strong>local</strong> offers many perks as well as our <strong>full support system</strong>:</p>',NULL,NULL,NULL,NULL,NULL,NULL,NULL,NULL,'2017-02-17 12:19:12','2017-03-28 22:29:48','5f460add-6deb-4360-b773-85b7e8e4e15b'),(73,280,'en_us',NULL,NULL,NULL,NULL,NULL,NULL,NULL,NULL,NULL,NULL,NULL,'2017-02-17 12:19:12','2017-03-28 22:29:48','5979e21d-3653-4523-956d-a150166855f1'),(74,281,'en_us',NULL,NULL,'<p><strong>Becoming a local</strong> is a real stroll in the park!</p>',NULL,NULL,NULL,NULL,NULL,NULL,NULL,NULL,'2017-02-17 12:19:12','2017-03-28 22:29:48','b7b8e619-1fe2-48f9-9318-8a5e73c39d90'),(75,282,'en_us',NULL,NULL,NULL,NULL,NULL,NULL,NULL,NULL,NULL,NULL,NULL,'2017-02-17 12:19:12','2017-03-28 22:29:48','95246136-ef1d-45e3-9557-63ed670debad'),(76,290,'en_us',NULL,NULL,'<h2>How do I price my experience and what is a fair price?</h2>\r\n<p>The price will be different for each experience offered. Here’s a few tips: If the main part of\r\n\r\nyour experience is a meal then a fair price would be based on the price of the ingredients\r\n\r\nused and the time used to prepare the meal. If your experience is a specific event, a fair\r\n\r\nprice would be the costs to attend the event. Calculate the time it will take you to perfect\r\n\r\nthe experience and add this to your price. If you’re still a bit unsure, look at what other hosts\r\n\r\nare charging or contact us and we’ll guide you.</p>',NULL,NULL,NULL,NULL,NULL,NULL,NULL,NULL,'2017-03-25 13:45:01','2017-03-25 13:45:01','9a37a10b-894c-4c3a-966e-1c86d6e9fdaf'),(77,291,'en_us',NULL,NULL,'<h2>When and how is, payment made?</h2>\r\n<p>Payment is made two to three working days after you have hosted your guests. All payments\r\n\r\nwill be made into the precise banking account provided at sign up. Please ensure that the\r\n\r\nright banking details are displayed in your profile always. Keep it Local does not take any\r\n\r\nresponsibility for wrong banking details entered on your profile.</p>',NULL,NULL,NULL,NULL,NULL,NULL,NULL,NULL,'2017-03-25 13:45:01','2017-03-25 13:45:01','15c62942-ebec-406a-9846-81b59aa049d6'),(78,292,'en_us',NULL,NULL,'<h2>What experience/s can I offer my guests?</h2>\r\n\r\n<p>We have different experience categories. Here are a few examples of the type of\r\n\r\nexperiences you can offer:&nbsp;</p><p>\r\n<strong>Eat with Locals</strong> -&nbsp;A meal offered at your house. You don’t need to be a chef, but you should\r\n\r\nbe comfortable preparing this meal for your guests. Anything from a braai, a traditional\r\n\r\nmeal, a tasting, cake and tea, a cooking lesson or even a picnic on your stop. Whatever your\r\n\r\nspecialty in terms of food.&nbsp;</p><p>\r\n<strong>Tours with Locals</strong> -You can take your guest on a tour around your neighbourhood, show\r\n\r\nthem how the locals live. Anything from a graffiti tour around Woodstock, a culinary tour\r\n\r\nthrough Franschhoek, yoga tour or fishing tour. Use your imagination and create your\r\n\r\nunique tour showcasing our beautiful city.&nbsp;</p><p>\r\n<strong>Activities with Locals</strong> -&nbsp;This can be anything from a hobby, a charity you support or an\r\n\r\nactivity you do in your spare time. Invite your guests along for a Shisa Nyama, a Newlands\r\n\r\nsports day, surf lesson, hike, beach day or music festival. The possibilities are endless.</p>',NULL,NULL,NULL,NULL,NULL,NULL,NULL,NULL,'2017-03-25 13:45:01','2017-03-25 13:45:01','259388ee-aff7-451b-8104-f46eb9997087'),(79,293,'en_us',NULL,NULL,'<h2>Why do I have to manage my own calendar?</h2>\r\n\r\n\r\n\r\n<p>You are in complete control of your experience offered. By managing your calendar and\r\n\r\nupdating your availability, only the experiences offered on the selected date will appear on\r\n\r\nthe website. This will speed up the booking process as an added convenience for guests.</p>',NULL,NULL,NULL,NULL,NULL,NULL,NULL,NULL,'2017-03-25 13:45:01','2017-03-25 13:45:01','4ad1db1f-f2a8-423b-9a32-635134ddb905'),(80,294,'en_us',NULL,NULL,'<h2>Can I host if I have a fulltime job?</h2>\r\n<p>Yes! You set your own availability. An experience does not have to be long, it can vary from 1\r\n\r\nhour to a full day. It all depends on you and the time you dedicate to offer guests an\r\n\r\nauthentic travel experience.</p>',NULL,NULL,NULL,NULL,NULL,NULL,NULL,NULL,'2017-03-25 13:45:01','2017-03-25 13:45:01','8c197d30-d026-4ad9-82d5-c6ad35c6780e'),(81,295,'en_us',NULL,NULL,'<h2>How do I know when I’ve received booking/booking request?&nbsp;</h2><p>(TBC)<br></p>',NULL,NULL,NULL,NULL,NULL,NULL,NULL,NULL,'2017-03-25 13:45:01','2017-03-25 13:45:01','a0ffb01d-dc9b-4632-aeb0-9441c6917b6a'),(82,296,'en_us',NULL,NULL,'<h2>Can I reject bookings?</h2>\r\n\r\n<p>Yes, you have the freedom and are in control. Please note that this can however affect your&nbsp;ratings on the website.<br></p>',NULL,NULL,NULL,NULL,NULL,NULL,NULL,NULL,'2017-03-25 13:45:01','2017-03-25 13:45:01','b3a6c9eb-a259-4562-ab2f-f5c028ac0fc5'),(83,297,'en_us',NULL,NULL,'<h2>Do I have to host alone or can I host together with other people?</h2><p>The more the merrier. Invite your friends around for a braai or take your partner with you on\r\n\r\na tour. You need to specify this in your experience, although you don’t need to be accurate\r\n\r\nas to who’ll be joining but you need to give the amount of people part of your experience.</p>\r\n',NULL,NULL,NULL,NULL,NULL,NULL,NULL,NULL,'2017-03-25 13:45:01','2017-03-25 13:45:01','f43a5045-4d62-489f-aea7-53a95145929c'),(84,298,'en_us',NULL,NULL,'<h2>How do I get more bookings?</h2>\r\n\r\n<p>There are many ways to do this. We will get the visitors to the website. All you need to do is&nbsp;have a positive mindset, ready to meet the world, create an authentic experience, load eye-catching photos, set fair prices, ensure your availability, and make sure your guests talk&nbsp;about your experience and most importantly give you a great review.</p>',NULL,NULL,NULL,NULL,NULL,NULL,NULL,NULL,'2017-03-25 13:45:01','2017-03-25 13:45:01','1627c008-8c38-4c5c-ad0f-55fb9f828242'),(85,299,'en_us',NULL,NULL,'<h2>Who deals with guest reviews, positive or negative?</h2>\r\n\r\n<p>Please encourage your guests to review your experience and to add this to the website.\r\n\r\nKeep it Local will add these reviews to your profile and could be highlighted on our\r\n\r\nhomepage. Negative reviews will be dealt with by Keep it local in accordance with the\r\n\r\napplicable host.</p>',NULL,NULL,NULL,NULL,NULL,NULL,NULL,NULL,'2017-03-25 13:45:01','2017-03-25 13:45:01','6079121f-6069-44ad-934e-2bdc5b0beb73'),(86,300,'en_us',NULL,NULL,'<h2>How do I manage my calendar?</h2>\r\n\r\n<p>Log on to your dashboard, go to calendar and manage it there. The calendar allows you to\r\n\r\nspecify when you are available and unavailable.</p>',NULL,NULL,NULL,NULL,NULL,NULL,NULL,NULL,'2017-03-25 13:45:01','2017-03-25 13:45:01','268c2159-34ea-4fdb-9949-4f02bdd02f8d'),(87,301,'en_us',NULL,NULL,'<h2>When do I need to reply to a guest?</h2>\r\n\r\n<p>The sooner the better. Bookings must be answered within 24 hours, if not, then the booking\r\n\r\nwill be cancelled.</p>',NULL,NULL,NULL,NULL,NULL,NULL,NULL,NULL,'2017-03-25 13:45:01','2017-03-25 13:45:01','d465e55d-a122-47f7-b3b3-6d89635f6250'),(88,302,'en_us',NULL,NULL,'<h2>Are guests allowed to request a customised experience?</h2><p>Yes, only if you are willing and able to customise it.<br></p>',NULL,NULL,NULL,NULL,NULL,NULL,NULL,NULL,'2017-03-25 13:45:01','2017-03-25 13:45:01','37f30f2c-7a9c-494a-ae6b-f4b9a518a599'),(89,303,'en_us',NULL,NULL,'<h2>Can I cancel a booking?</h2>\r\n\r\n<p>You may if you have a valid reason. Please contact us in advance should you need to cancel.\r\n\r\nWe will monitor all cancellations and cancel your hosting should it deem necessary.</p>',NULL,NULL,NULL,NULL,NULL,NULL,NULL,NULL,'2017-03-25 13:45:01','2017-03-25 13:45:01','839728b1-6dbf-4181-8969-fb4231da834f'),(90,304,'en_us',NULL,NULL,'<h2>How do I communicate with my guests and Keep it Local?</h2>\r\n\r\n<p>All communication between you and your guest/s happens through the messenger platform\r\n\r\non Keep it Local’s website. You can stay in contact with Keep it Local via email:\r\n\r\ninfo@keepitlocal.co.za or phone: &hellip;&hellip;&hellip;&hellip;&hellip;&hellip;..</p>',NULL,NULL,NULL,NULL,NULL,NULL,NULL,NULL,'2017-03-25 13:45:01','2017-03-25 13:45:01','d77bc693-4495-4158-96e1-28f38ebb479c'),(91,305,'en_us',NULL,NULL,'<h2>Can someone host in my place if I’m unavailable?</h2>\r\n\r\n<p>No, this is prohibited. Keep it Local ensures guests that all hosts are vetted with clear\r\n\r\ntransparency as to who they will be meeting.</p>',NULL,NULL,NULL,NULL,NULL,NULL,NULL,NULL,'2017-03-25 13:45:01','2017-03-25 13:45:01','628d20b8-a9b9-4e74-bba7-5c8fdd1ae042'),(92,306,'en_us',NULL,NULL,'<h2>Am I liable to pay tax on the money I earn from Keep it Local?</h2><p>Yes, you must declare all income to the South African Revenue Service (SARS).<br></p>',NULL,NULL,NULL,NULL,NULL,NULL,NULL,NULL,'2017-03-25 13:45:01','2017-03-25 13:45:01','531bed35-1cc4-4b83-bb57-ce6637a1c522'),(93,307,'en_us',NULL,NULL,'<h2>What happens if my experience is cancelled or no one shows up?</h2><p>Please refer to our cancellation policy.</p>',NULL,NULL,NULL,NULL,NULL,NULL,NULL,NULL,'2017-03-25 13:45:01','2017-03-25 13:45:01','756ef876-9a8e-480e-bc67-e33140d6de45'),(94,308,'en_us',NULL,NULL,'<h2>How do I know if a guest can be trusted?</h2>\r\n\r\n<p>Guests must create a profile before paying for a booking and your details, other that’s\r\n\r\ndisplayed on your experience offered will be displayed to the guest. After the booking is paid\r\n\r\nyou can ask message your guest and get to know them a bit better.</p>',NULL,NULL,NULL,NULL,NULL,NULL,NULL,NULL,'2017-03-25 13:45:01','2017-03-25 13:45:01','5cfc63e9-0195-4fa9-a18d-fbb5e4b3c8bc');
/*!40000 ALTER TABLE `craft_matrixcontent_body` ENABLE KEYS */;
UNLOCK TABLES;

--
-- Table structure for table `craft_matrixcontent_buttons`
--

DROP TABLE IF EXISTS `craft_matrixcontent_buttons`;
/*!40101 SET @saved_cs_client     = @@character_set_client */;
/*!40101 SET character_set_client = utf8 */;
CREATE TABLE `craft_matrixcontent_buttons` (
  `id` int(11) NOT NULL AUTO_INCREMENT,
  `elementId` int(11) NOT NULL,
  `locale` char(12) COLLATE utf8_unicode_ci NOT NULL,
  `field_button_text` text COLLATE utf8_unicode_ci,
  `field_button_customLink` text COLLATE utf8_unicode_ci,
  `dateCreated` datetime NOT NULL,
  `dateUpdated` datetime NOT NULL,
  `uid` char(36) COLLATE utf8_unicode_ci NOT NULL DEFAULT '0',
  PRIMARY KEY (`id`),
  UNIQUE KEY `craft_matrixcontent_buttons_elementId_locale_unq_idx` (`elementId`,`locale`),
  KEY `craft_matrixcontent_buttons_locale_fk` (`locale`),
  CONSTRAINT `craft_matrixcontent_buttons_elementId_fk` FOREIGN KEY (`elementId`) REFERENCES `craft_elements` (`id`) ON DELETE CASCADE,
  CONSTRAINT `craft_matrixcontent_buttons_locale_fk` FOREIGN KEY (`locale`) REFERENCES `craft_locales` (`locale`) ON DELETE CASCADE ON UPDATE CASCADE
) ENGINE=InnoDB AUTO_INCREMENT=2 DEFAULT CHARSET=utf8 COLLATE=utf8_unicode_ci;
/*!40101 SET character_set_client = @saved_cs_client */;

--
-- Dumping data for table `craft_matrixcontent_buttons`
--

LOCK TABLES `craft_matrixcontent_buttons` WRITE;
/*!40000 ALTER TABLE `craft_matrixcontent_buttons` DISABLE KEYS */;
INSERT INTO `craft_matrixcontent_buttons` VALUES (1,240,'en_us','Find  a local','/pages/finding-a-local','2017-02-13 01:20:22','2017-02-13 01:20:22','c781abd6-d951-4e28-8e86-a35e08fc17de');
/*!40000 ALTER TABLE `craft_matrixcontent_buttons` ENABLE KEYS */;
UNLOCK TABLES;

--
-- Table structure for table `craft_matrixcontent_gallery`
--

DROP TABLE IF EXISTS `craft_matrixcontent_gallery`;
/*!40101 SET @saved_cs_client     = @@character_set_client */;
/*!40101 SET character_set_client = utf8 */;
CREATE TABLE `craft_matrixcontent_gallery` (
  `id` int(11) NOT NULL AUTO_INCREMENT,
  `elementId` int(11) NOT NULL,
  `locale` char(12) COLLATE utf8_unicode_ci NOT NULL,
  `field_image_caption` text COLLATE utf8_unicode_ci,
  `dateCreated` datetime NOT NULL,
  `dateUpdated` datetime NOT NULL,
  `uid` char(36) COLLATE utf8_unicode_ci NOT NULL DEFAULT '0',
  PRIMARY KEY (`id`),
  UNIQUE KEY `craft_matrixcontent_gallery_elementId_locale_unq_idx` (`elementId`,`locale`),
  KEY `craft_matrixcontent_gallery_locale_fk` (`locale`),
  CONSTRAINT `craft_matrixcontent_gallery_elementId_fk` FOREIGN KEY (`elementId`) REFERENCES `craft_elements` (`id`) ON DELETE CASCADE,
  CONSTRAINT `craft_matrixcontent_gallery_locale_fk` FOREIGN KEY (`locale`) REFERENCES `craft_locales` (`locale`) ON DELETE CASCADE ON UPDATE CASCADE
) ENGINE=InnoDB AUTO_INCREMENT=4 DEFAULT CHARSET=utf8 COLLATE=utf8_unicode_ci;
/*!40101 SET character_set_client = @saved_cs_client */;

--
-- Dumping data for table `craft_matrixcontent_gallery`
--

LOCK TABLES `craft_matrixcontent_gallery` WRITE;
/*!40000 ALTER TABLE `craft_matrixcontent_gallery` DISABLE KEYS */;
INSERT INTO `craft_matrixcontent_gallery` VALUES (1,54,'en_us','Cape Town - Table Mountain','2015-11-08 10:10:03','2017-02-02 18:19:07','c1f964e4-7195-42f5-8ca8-9b6bdfd238a4'),(2,55,'en_us','Beautiful Waterfront','2015-11-08 10:10:03','2017-02-02 18:19:08','d803d569-43ef-48f2-aeec-185b1f428d4a'),(3,57,'en_us','South Africa','2015-11-08 10:35:08','2017-02-02 18:19:08','1762458e-12ae-4ecc-b11d-5adb60f50668');
/*!40000 ALTER TABLE `craft_matrixcontent_gallery` ENABLE KEYS */;
UNLOCK TABLES;

--
-- Table structure for table `craft_matrixcontent_profiles`
--

DROP TABLE IF EXISTS `craft_matrixcontent_profiles`;
/*!40101 SET @saved_cs_client     = @@character_set_client */;
/*!40101 SET character_set_client = utf8 */;
CREATE TABLE `craft_matrixcontent_profiles` (
  `id` int(11) NOT NULL AUTO_INCREMENT,
  `elementId` int(11) NOT NULL,
  `locale` char(12) COLLATE utf8_unicode_ci NOT NULL,
  `field_profile_member` text COLLATE utf8_unicode_ci,
  `field_profile_summary` text COLLATE utf8_unicode_ci,
  `dateCreated` datetime NOT NULL,
  `dateUpdated` datetime NOT NULL,
  `uid` char(36) COLLATE utf8_unicode_ci NOT NULL DEFAULT '0',
  PRIMARY KEY (`id`),
  UNIQUE KEY `craft_matrixcontent_profiles_elementId_locale_unq_idx` (`elementId`,`locale`),
  KEY `craft_matrixcontent_profiles_locale_fk` (`locale`),
  CONSTRAINT `craft_matrixcontent_profiles_elementId_fk` FOREIGN KEY (`elementId`) REFERENCES `craft_elements` (`id`) ON DELETE CASCADE,
  CONSTRAINT `craft_matrixcontent_profiles_locale_fk` FOREIGN KEY (`locale`) REFERENCES `craft_locales` (`locale`) ON DELETE CASCADE ON UPDATE CASCADE
) ENGINE=InnoDB AUTO_INCREMENT=2 DEFAULT CHARSET=utf8 COLLATE=utf8_unicode_ci;
/*!40101 SET character_set_client = @saved_cs_client */;

--
-- Dumping data for table `craft_matrixcontent_profiles`
--

LOCK TABLES `craft_matrixcontent_profiles` WRITE;
/*!40000 ALTER TABLE `craft_matrixcontent_profiles` DISABLE KEYS */;
INSERT INTO `craft_matrixcontent_profiles` VALUES (1,206,'en_us','Lazanne Truter - Founder','I’ve hosted many travellers from around the world and some have become my closest friends. I love all types of travelling, but my best is around a camp fire in my beautiful country.','2017-02-12 20:44:33','2017-03-28 22:02:41','34c8f4c6-f9b7-4462-8e2f-42733d699c22');
/*!40000 ALTER TABLE `craft_matrixcontent_profiles` ENABLE KEYS */;
UNLOCK TABLES;

--
-- Table structure for table `craft_matrixcontent_sitecontacts`
--

DROP TABLE IF EXISTS `craft_matrixcontent_sitecontacts`;
/*!40101 SET @saved_cs_client     = @@character_set_client */;
/*!40101 SET character_set_client = utf8 */;
CREATE TABLE `craft_matrixcontent_sitecontacts` (
  `id` int(11) NOT NULL AUTO_INCREMENT,
  `elementId` int(11) NOT NULL,
  `locale` char(12) COLLATE utf8_unicode_ci NOT NULL,
  `field_contact_contactType` varchar(255) COLLATE utf8_unicode_ci DEFAULT NULL,
  `field_contact_contactNumber` text COLLATE utf8_unicode_ci,
  `dateCreated` datetime NOT NULL,
  `dateUpdated` datetime NOT NULL,
  `uid` char(36) COLLATE utf8_unicode_ci NOT NULL DEFAULT '0',
  PRIMARY KEY (`id`),
  UNIQUE KEY `craft_matrixcontent_sitecontacts_elementId_locale_unq_idx` (`elementId`,`locale`),
  KEY `craft_matrixcontent_sitecontacts_locale_fk` (`locale`),
  CONSTRAINT `craft_matrixcontent_sitecontacts_elementId_fk` FOREIGN KEY (`elementId`) REFERENCES `craft_elements` (`id`) ON DELETE CASCADE,
  CONSTRAINT `craft_matrixcontent_sitecontacts_locale_fk` FOREIGN KEY (`locale`) REFERENCES `craft_locales` (`locale`) ON DELETE CASCADE ON UPDATE CASCADE
) ENGINE=InnoDB AUTO_INCREMENT=2 DEFAULT CHARSET=utf8 COLLATE=utf8_unicode_ci;
/*!40101 SET character_set_client = @saved_cs_client */;

--
-- Dumping data for table `craft_matrixcontent_sitecontacts`
--

LOCK TABLES `craft_matrixcontent_sitecontacts` WRITE;
/*!40000 ALTER TABLE `craft_matrixcontent_sitecontacts` DISABLE KEYS */;
INSERT INTO `craft_matrixcontent_sitecontacts` VALUES (1,29,'en_us','customer service','+27-55555555','2015-10-25 09:01:26','2017-03-28 22:09:44','3211b98b-d5ce-494a-acc4-c9b6663228f4');
/*!40000 ALTER TABLE `craft_matrixcontent_sitecontacts` ENABLE KEYS */;
UNLOCK TABLES;

--
-- Table structure for table `craft_matrixcontent_sitesocialprofiles`
--

DROP TABLE IF EXISTS `craft_matrixcontent_sitesocialprofiles`;
/*!40101 SET @saved_cs_client     = @@character_set_client */;
/*!40101 SET character_set_client = utf8 */;
CREATE TABLE `craft_matrixcontent_sitesocialprofiles` (
  `id` int(11) NOT NULL AUTO_INCREMENT,
  `elementId` int(11) NOT NULL,
  `locale` char(12) COLLATE utf8_unicode_ci NOT NULL,
  `field_profile_platform` varchar(255) COLLATE utf8_unicode_ci DEFAULT NULL,
  `field_profile_profileUrl` text COLLATE utf8_unicode_ci,
  `dateCreated` datetime NOT NULL,
  `dateUpdated` datetime NOT NULL,
  `uid` char(36) COLLATE utf8_unicode_ci NOT NULL DEFAULT '0',
  PRIMARY KEY (`id`),
  UNIQUE KEY `craft_matrixcontent_sitesocialprofiles_elementId_locale_unq_idx` (`elementId`,`locale`),
  KEY `craft_matrixcontent_sitesocialprofiles_locale_fk` (`locale`),
  CONSTRAINT `craft_matrixcontent_sitesocialprofiles_elementId_fk` FOREIGN KEY (`elementId`) REFERENCES `craft_elements` (`id`) ON DELETE CASCADE,
  CONSTRAINT `craft_matrixcontent_sitesocialprofiles_locale_fk` FOREIGN KEY (`locale`) REFERENCES `craft_locales` (`locale`) ON DELETE CASCADE ON UPDATE CASCADE
) ENGINE=InnoDB AUTO_INCREMENT=3 DEFAULT CHARSET=utf8 COLLATE=utf8_unicode_ci;
/*!40101 SET character_set_client = @saved_cs_client */;

--
-- Dumping data for table `craft_matrixcontent_sitesocialprofiles`
--

LOCK TABLES `craft_matrixcontent_sitesocialprofiles` WRITE;
/*!40000 ALTER TABLE `craft_matrixcontent_sitesocialprofiles` DISABLE KEYS */;
INSERT INTO `craft_matrixcontent_sitesocialprofiles` VALUES (1,30,'en_us','facebook','https://www.facebook.com/keepitlocal.co.za','2015-10-25 09:01:26','2017-03-28 22:09:44','855f1b7c-7c82-4efb-88e2-6b898cb3dc63'),(2,31,'en_us','twitter','https://twitter.com/KeepitLocalSA','2015-10-25 09:01:26','2017-03-28 22:09:44','344cd4aa-276f-47ed-97f9-18321ecb4706');
/*!40000 ALTER TABLE `craft_matrixcontent_sitesocialprofiles` ENABLE KEYS */;
UNLOCK TABLES;

--
-- Table structure for table `craft_matrixcontent_slideshow`
--

DROP TABLE IF EXISTS `craft_matrixcontent_slideshow`;
/*!40101 SET @saved_cs_client     = @@character_set_client */;
/*!40101 SET character_set_client = utf8 */;
CREATE TABLE `craft_matrixcontent_slideshow` (
  `id` int(11) NOT NULL AUTO_INCREMENT,
  `elementId` int(11) NOT NULL,
  `locale` char(12) COLLATE utf8_unicode_ci NOT NULL,
  `field_slide_caption` text COLLATE utf8_unicode_ci,
  `field_slide_linkUrl` text COLLATE utf8_unicode_ci,
  `field_slide_summary` text COLLATE utf8_unicode_ci,
  `dateCreated` datetime NOT NULL,
  `dateUpdated` datetime NOT NULL,
  `uid` char(36) COLLATE utf8_unicode_ci NOT NULL DEFAULT '0',
  PRIMARY KEY (`id`),
  UNIQUE KEY `craft_matrixcontent_slideshow_elementId_locale_unq_idx` (`elementId`,`locale`),
  KEY `craft_matrixcontent_slideshow_locale_fk` (`locale`),
  CONSTRAINT `craft_matrixcontent_slideshow_elementId_fk` FOREIGN KEY (`elementId`) REFERENCES `craft_elements` (`id`) ON DELETE CASCADE,
  CONSTRAINT `craft_matrixcontent_slideshow_locale_fk` FOREIGN KEY (`locale`) REFERENCES `craft_locales` (`locale`) ON DELETE CASCADE ON UPDATE CASCADE
) ENGINE=InnoDB AUTO_INCREMENT=18 DEFAULT CHARSET=utf8 COLLATE=utf8_unicode_ci;
/*!40101 SET character_set_client = @saved_cs_client */;

--
-- Dumping data for table `craft_matrixcontent_slideshow`
--

LOCK TABLES `craft_matrixcontent_slideshow` WRITE;
/*!40000 ALTER TABLE `craft_matrixcontent_slideshow` DISABLE KEYS */;
INSERT INTO `craft_matrixcontent_slideshow` VALUES (4,109,'en_us','Explore</br>Cape Town</br>with a Local','',NULL,'2017-02-02 18:21:09','2017-02-07 16:24:38','438d4f44-d167-440e-a95a-9cd8c39f9487'),(5,110,'en_us','Beautiful Cape Town','',NULL,'2017-02-02 18:21:09','2017-02-07 16:24:38','68ac5f88-4356-4117-a70d-5305da5efe61'),(6,111,'en_us','Cape Town','',NULL,'2017-02-02 18:21:09','2017-02-07 16:24:38','27316d1e-3e25-49cc-9609-07a1e33cfb8a'),(7,147,'en_us','100% With locals','','Who you see is who you get. The Keep It Local host you book is the host that welcomes you.','2017-02-08 15:07:48','2017-02-08 15:10:36','2e4b9d9f-d368-4b94-9a2e-c70b0f056882'),(8,148,'en_us','100% Private','','All Keep It Local experiences are private, meaning exclusively for you or your group.','2017-02-08 15:10:36','2017-02-08 15:10:36','c496dcd2-69f5-4c60-9cf5-43f3bac9564e'),(9,149,'en_us','A 100% taste of the city','','From city highlights to hidden gems. From food essentials to home dinners. Our hosts share it with you.','2017-02-08 15:10:36','2017-02-08 15:10:36','ad05d3dc-9c33-4d0d-856f-e40be324f08a'),(10,197,'en_us','','','Testing','2017-02-11 18:28:49','2017-02-11 18:28:49','2141020b-e051-4b1d-9afe-453c39b29fb2'),(11,198,'en_us','','','Auto','2017-02-11 18:28:49','2017-02-11 18:28:49','06836d06-c0ba-4a38-813d-1d951a8f58b4'),(12,199,'en_us','','','Bathurst','2017-02-11 18:28:49','2017-02-11 18:28:49','26356d5e-e0f4-44c6-8fd2-dca0fc7f18a2'),(13,200,'en_us','','','Auto Center','2017-02-11 18:28:49','2017-02-11 18:28:49','e87a4a7c-729a-406e-8790-9c69ad956d19'),(17,265,'en_us','','','THE WORLD TO <br /> YOUR DOORSTEP','2017-02-17 09:06:02','2017-03-28 22:29:44','eba2f755-7c0a-4d37-9338-264373efc75b');
/*!40000 ALTER TABLE `craft_matrixcontent_slideshow` ENABLE KEYS */;
UNLOCK TABLES;

--
-- Table structure for table `craft_matrixcontent_steps`
--

DROP TABLE IF EXISTS `craft_matrixcontent_steps`;
/*!40101 SET @saved_cs_client     = @@character_set_client */;
/*!40101 SET character_set_client = utf8 */;
CREATE TABLE `craft_matrixcontent_steps` (
  `id` int(11) NOT NULL AUTO_INCREMENT,
  `elementId` int(11) NOT NULL,
  `locale` char(12) COLLATE utf8_unicode_ci NOT NULL,
  `field_step_displayTitle` text COLLATE utf8_unicode_ci,
  `field_step_summary` text COLLATE utf8_unicode_ci,
  `dateCreated` datetime NOT NULL,
  `dateUpdated` datetime NOT NULL,
  `uid` char(36) COLLATE utf8_unicode_ci NOT NULL DEFAULT '0',
  PRIMARY KEY (`id`),
  UNIQUE KEY `craft_matrixcontent_steps_elementId_locale_unq_idx` (`elementId`,`locale`),
  KEY `craft_matrixcontent_steps_locale_idx` (`locale`),
  CONSTRAINT `craft_matrixcontent_steps_elementId_fk` FOREIGN KEY (`elementId`) REFERENCES `craft_elements` (`id`) ON DELETE CASCADE,
  CONSTRAINT `craft_matrixcontent_steps_locale_fk` FOREIGN KEY (`locale`) REFERENCES `craft_locales` (`locale`) ON DELETE CASCADE ON UPDATE CASCADE
) ENGINE=InnoDB AUTO_INCREMENT=28 DEFAULT CHARSET=utf8 COLLATE=utf8_unicode_ci;
/*!40101 SET character_set_client = @saved_cs_client */;

--
-- Dumping data for table `craft_matrixcontent_steps`
--

LOCK TABLES `craft_matrixcontent_steps` WRITE;
/*!40000 ALTER TABLE `craft_matrixcontent_steps` DISABLE KEYS */;
INSERT INTO `craft_matrixcontent_steps` VALUES (4,225,'en_us','Step 1','Create your profile','2017-02-12 22:43:45','2017-03-18 13:06:48','3b7d330a-59e7-4d8c-bc20-2e062cf4b6ef'),(5,226,'en_us','Step 2','Create your local experience','2017-02-12 22:43:45','2017-03-18 13:06:48','33ad09f4-7c0c-41f1-bb59-0a586265d103'),(6,227,'en_us','Step 3','Add the nitty-gritty details like price and availability and watch your inbox for bookings.','2017-02-12 22:43:46','2017-03-18 13:06:48','ad774e16-3baa-4b3f-b133-56483a074bdc'),(7,229,'en_us','','A short blurb on step 1. Select a location of destination.','2017-02-12 22:58:54','2017-02-12 22:59:31','50f18afd-4f04-46ed-b23f-b42d3cb86d13'),(8,230,'en_us','','A short blurb on step 2. Select a date. ','2017-02-12 22:58:55','2017-02-12 22:59:31','fd31a82b-1be2-445e-9eac-233d6084b374'),(9,231,'en_us','','A short blurb on step 3. Select a local providing an experience of your choice.','2017-02-12 22:58:55','2017-02-12 22:59:31','3cb7c01e-a407-4992-9960-890ad354c302'),(10,234,'en_us','Step 1','View and pick your favourite of our experienced and readily available locals.','2017-02-12 23:10:06','2017-03-18 12:55:58','1c6065af-f8a0-459e-bdf9-9f764c928103'),(11,235,'en_us','Step 2','Use our secure payment options to book.','2017-02-12 23:10:06','2017-03-18 12:55:59','38f97d08-21b1-42d2-b63b-1ade5f9282ab'),(12,236,'en_us','Step 3','Enjoy your personalised experience of Cape Town. (Don’t forget your camera!)','2017-02-12 23:10:06','2017-03-18 12:55:59','26ce883f-cf8f-4df7-aac5-0496fd8ddd50'),(16,261,'en_us','Share your passion &amp; skills:','Take them off-the- beaten-track and create long-lasting memories by  doing what you love.','2017-02-17 09:03:42','2017-03-28 22:14:24','d0b4bd40-6d4c-45d9-a322-f82ba25ec6d9'),(17,262,'en_us','Make new friends:','They share your interests, show them a good time and you might just meet your BFF along the way.','2017-02-17 09:03:42','2017-03-28 22:14:24','eaaf9275-5899-4f1e-a460-51c457bebca3'),(18,263,'en_us','Earn an income:','Entertain your guests in your own time. You could do this part time or even turn it\r\n\r\ninto your own business.','2017-02-17 09:03:42','2017-03-28 22:14:24','8b3c3a76-33cd-4e01-9db4-672430e04069'),(19,268,'en_us','Register as a host:','Enter your basic details and tell us a bit about yourself.','2017-02-17 12:04:36','2017-03-28 22:17:48','7847e8be-8107-40e9-b8b9-0c5a4a4e6c3d'),(20,269,'en_us','Create experience:','Describe what you’re offering, add your price, availability and a few  photos.','2017-02-17 12:04:37','2017-03-28 22:17:48','79fc99a5-341a-4e17-8da7-9611b7c86b53'),(21,270,'en_us','Submit experience:','Preview experience, sit back and watch your inbox for bookings.','2017-02-17 12:04:37','2017-03-28 22:17:48','1b7e6172-7f3b-43a1-a2c1-83ade33cfd7e'),(22,273,'en_us','Perk 1','Easy sign up process.','2017-02-17 12:10:26','2017-03-28 22:16:24','affdaad5-3caa-4e7b-accc-bd31a9ddf176'),(23,274,'en_us','Perk 2','We’ll do the marketing.','2017-02-17 12:10:26','2017-03-28 22:16:24','e090114c-2f03-4a7a-ac50-46534755a5f3'),(24,275,'en_us','Perk 3','Set your own price','2017-02-17 12:10:27','2017-03-28 22:16:24','5575036c-e4c1-41f3-aa7f-774e5fa14693'),(25,276,'en_us','Perk 4','Do it in your spare time.','2017-02-17 12:10:27','2017-03-28 22:16:24','3821282f-7c4b-4104-9cb9-82fde31cce47'),(26,277,'en_us','Perk 5','Guaranteed payment &amp; full transparency.','2017-02-17 12:10:27','2017-03-28 22:16:24','35a1185b-ffe2-4334-80a8-a06cb501b1c9'),(27,278,'en_us','Perk 6','Dashboard to manage bookings.','2017-02-17 12:10:27','2017-03-28 22:16:24','d834a9ae-b75a-4f28-b967-6779a73809d4');
/*!40000 ALTER TABLE `craft_matrixcontent_steps` ENABLE KEYS */;
UNLOCK TABLES;

--
-- Table structure for table `craft_migrations`
--

DROP TABLE IF EXISTS `craft_migrations`;
/*!40101 SET @saved_cs_client     = @@character_set_client */;
/*!40101 SET character_set_client = utf8 */;
CREATE TABLE `craft_migrations` (
  `id` int(11) NOT NULL AUTO_INCREMENT,
  `pluginId` int(11) DEFAULT NULL,
  `version` varchar(255) COLLATE utf8_unicode_ci NOT NULL,
  `applyTime` datetime NOT NULL,
  `dateCreated` datetime NOT NULL,
  `dateUpdated` datetime NOT NULL,
  `uid` char(36) COLLATE utf8_unicode_ci NOT NULL DEFAULT '0',
  PRIMARY KEY (`id`),
  UNIQUE KEY `craft_migrations_version_unq_idx` (`version`),
  KEY `craft_migrations_pluginId_fk` (`pluginId`),
  CONSTRAINT `craft_migrations_pluginId_fk` FOREIGN KEY (`pluginId`) REFERENCES `craft_plugins` (`id`) ON DELETE CASCADE
) ENGINE=InnoDB AUTO_INCREMENT=48 DEFAULT CHARSET=utf8 COLLATE=utf8_unicode_ci;
/*!40101 SET character_set_client = @saved_cs_client */;

--
-- Dumping data for table `craft_migrations`
--

LOCK TABLES `craft_migrations` WRITE;
/*!40000 ALTER TABLE `craft_migrations` DISABLE KEYS */;
INSERT INTO `craft_migrations` VALUES (1,NULL,'m000000_000000_base','2015-10-24 08:36:36','2015-10-24 08:36:36','2015-10-24 08:36:36','8530cb08-5627-4238-97b9-d8e1e3b2c424'),(2,NULL,'m140730_000001_add_filename_and_format_to_transformindex','2015-10-24 08:36:36','2015-10-24 08:36:36','2015-10-24 08:36:36','63de0528-fa23-4f27-96f0-1a358f8bf6bc'),(3,NULL,'m140815_000001_add_format_to_transforms','2015-10-24 08:36:36','2015-10-24 08:36:36','2015-10-24 08:36:36','2938153a-03f4-46b2-89d7-1b8cb0659617'),(4,NULL,'m140822_000001_allow_more_than_128_items_per_field','2015-10-24 08:36:36','2015-10-24 08:36:36','2015-10-24 08:36:36','fbaa8db8-8e67-4b88-b81b-fdf824662eb3'),(5,NULL,'m140829_000001_single_title_formats','2015-10-24 08:36:36','2015-10-24 08:36:36','2015-10-24 08:36:36','3bce4ed0-6da6-4a56-81c5-1b6f8c44c45b'),(6,NULL,'m140831_000001_extended_cache_keys','2015-10-24 08:36:36','2015-10-24 08:36:36','2015-10-24 08:36:36','cc8c1120-3334-477c-b87b-cb9650bf464b'),(7,NULL,'m140922_000001_delete_orphaned_matrix_blocks','2015-10-24 08:36:36','2015-10-24 08:36:36','2015-10-24 08:36:36','99cd34b9-dced-4003-8b24-c06e3aaa0553'),(8,NULL,'m141008_000001_elements_index_tune','2015-10-24 08:36:36','2015-10-24 08:36:36','2015-10-24 08:36:36','bd9f02c2-720c-4550-89df-1e426f4a53da'),(9,NULL,'m141009_000001_assets_source_handle','2015-10-24 08:36:36','2015-10-24 08:36:36','2015-10-24 08:36:36','d2f9d44b-7fc8-48fe-b58f-3bf6b046562f'),(10,NULL,'m141024_000001_field_layout_tabs','2015-10-24 08:36:36','2015-10-24 08:36:36','2015-10-24 08:36:36','522d49b1-7a82-4dd1-ae3c-c807bfd95604'),(11,NULL,'m141030_000001_drop_structure_move_permission','2015-10-24 08:36:36','2015-10-24 08:36:36','2015-10-24 08:36:36','877d6f38-c19c-458d-bb05-8126665bcd30'),(12,NULL,'m141103_000001_tag_titles','2015-10-24 08:36:36','2015-10-24 08:36:36','2015-10-24 08:36:36','e504075d-45b6-4488-868e-f5d98add6a97'),(13,NULL,'m141109_000001_user_status_shuffle','2015-10-24 08:36:36','2015-10-24 08:36:36','2015-10-24 08:36:36','82986b18-cdf9-461f-93af-f598c572a13c'),(14,NULL,'m141126_000001_user_week_start_day','2015-10-24 08:36:36','2015-10-24 08:36:36','2015-10-24 08:36:36','d3f74311-fc58-46d4-9c88-ee8a1514bcef'),(15,NULL,'m150210_000001_adjust_user_photo_size','2015-10-24 08:36:36','2015-10-24 08:36:36','2015-10-24 08:36:36','80f97c50-c119-4ef5-93ff-9c75d08559ec'),(16,4,'m141211_074724_postmaster_remove_ping_service_from_parcels','2015-11-14 09:55:55','2015-11-14 09:55:55','2015-11-14 09:55:55','06430002-2e70-4051-8c06-277dc47cc4d1'),(17,4,'m141211_170000_postmaster_clear_transport_response_table','2015-11-14 09:55:55','2015-11-14 09:55:55','2015-11-14 09:55:55','7a2426d6-26f0-4c42-8649-80205f7231ec'),(18,4,'m141212_003800_postmaster_queue_table','2015-11-14 09:55:55','2015-11-14 09:55:55','2015-11-14 09:55:55','1df09766-75d9-47dd-b7d4-b4465da9d210'),(19,4,'m141212_193600_postmaster_notifications_table','2015-11-14 09:55:55','2015-11-14 09:55:55','2015-11-14 09:55:55','1334954a-1839-4569-91d0-b12470b29ae4'),(20,4,'m141213_013600_postmaster_notifications_sent_table','2015-11-14 09:55:55','2015-11-14 09:55:55','2015-11-14 09:55:55','b439973b-4e3e-4f42-aa4f-fb20730b847a'),(21,4,'m141213_150000_postmaster_parcels_sent_table','2015-11-14 09:55:55','2015-11-14 09:55:55','2015-11-14 09:55:55','81e5d914-3e41-47d7-ae49-cf63f98e2089'),(22,4,'m141214_160500_postmaster_message_templates_table','2015-11-14 09:55:55','2015-11-14 09:55:55','2015-11-14 09:55:55','91a49bd4-c013-4a2a-9b0e-3fccc04fea31'),(23,4,'m191214_121800_postmaster_add_sender_id_to_notifications_sent_table','2015-11-14 09:55:55','2015-11-14 09:55:55','2015-11-14 09:55:55','5da1b3a0-8b6b-46ab-8e16-cf1c9c8b9f55'),(24,NULL,'m141030_000000_plugin_schema_versions','2016-01-22 03:29:28','2016-01-22 03:29:28','2016-01-22 03:29:28','ca79edbc-c157-48d4-9f9d-4a43735adb46'),(25,NULL,'m150724_000001_adjust_quality_settings','2016-01-22 03:29:28','2016-01-22 03:29:28','2016-01-22 03:29:28','2290923c-5578-4c38-b025-03c7b36ac3eb'),(26,NULL,'m150827_000000_element_index_settings','2016-01-22 03:29:28','2016-01-22 03:29:28','2016-01-22 03:29:28','b46ff9e5-e49d-47fd-a6ef-7eeac6581699'),(27,NULL,'m150918_000001_add_colspan_to_widgets','2016-01-22 03:29:28','2016-01-22 03:29:28','2016-01-22 03:29:28','2edc8b83-ef02-4c7a-8762-7eff1637127c'),(28,NULL,'m151007_000000_clear_asset_caches','2016-01-22 03:29:28','2016-01-22 03:29:28','2016-01-22 03:29:28','28cfb74e-5d61-4395-830c-23ef37733e3d'),(29,NULL,'m151109_000000_text_url_formats','2016-01-22 03:29:28','2016-01-22 03:29:28','2016-01-22 03:29:28','5468d4b9-9b37-4ba1-9cc6-77b14472447e'),(30,NULL,'m151110_000000_move_logo','2016-01-22 03:29:28','2016-01-22 03:29:28','2016-01-22 03:29:28','dd91c664-392c-4b7e-8cd5-a28a00daa57a'),(31,NULL,'m151117_000000_adjust_image_widthheight','2016-01-22 03:29:28','2016-01-22 03:29:28','2016-01-22 03:29:28','52af0b6a-680e-45b4-b7fe-2599488dd7e2'),(32,NULL,'m151127_000000_clear_license_key_status','2016-01-22 03:29:28','2016-01-22 03:29:28','2016-01-22 03:29:28','dcb359fe-b912-4289-bce6-3784e0f4f8a3'),(33,NULL,'m151127_000000_plugin_license_keys','2016-01-22 03:29:29','2016-01-22 03:29:29','2016-01-22 03:29:29','83100566-51cf-488e-8b33-f12913a2eac8'),(34,NULL,'m151130_000000_update_pt_widget_feeds','2016-01-22 03:29:29','2016-01-22 03:29:29','2016-01-22 03:29:29','310a9b0d-90e9-470d-a802-1bcf3bdf8930'),(35,NULL,'m160114_000000_asset_sources_public_url_default_true','2016-05-05 10:39:30','2016-05-05 10:39:30','2016-05-05 10:39:30','aaabb5a1-e3fb-44f4-b163-9b33d2c84a3f'),(36,NULL,'m160223_000000_sortorder_to_smallint','2016-05-05 10:39:30','2016-05-05 10:39:30','2016-05-05 10:39:30','01ae2c59-83af-4c54-9031-b39d4ea7868f'),(37,NULL,'m160229_000000_set_default_entry_statuses','2016-05-05 10:39:30','2016-05-05 10:39:30','2016-05-05 10:39:30','9543a8a6-5577-47e0-9d29-a7e0b17d8a86'),(38,NULL,'m160304_000000_client_permissions','2016-05-05 10:39:30','2016-05-05 10:39:30','2016-05-05 10:39:30','6ded62a5-c471-4976-b354-046e61f51cef'),(39,NULL,'m160322_000000_asset_filesize','2016-05-05 10:39:30','2016-05-05 10:39:30','2016-05-05 10:39:30','a9456e56-a080-4de0-ad8e-18395540c6c3'),(40,NULL,'m160503_000000_orphaned_fieldlayouts','2016-05-05 10:39:30','2016-05-05 10:39:30','2016-05-05 10:39:30','79bff28a-764f-448c-9c43-a71933bc2ce8'),(41,NULL,'m160510_000000_tasksettings','2016-05-29 18:34:08','2016-05-29 18:34:08','2016-05-29 18:34:08','d5e09570-c5f7-40e0-8e61-fd2750ba6e17'),(42,NULL,'m160829_000000_pending_user_content_cleanup','2016-09-02 14:47:53','2016-09-02 14:47:53','2016-09-02 14:47:53','c6841e59-fe9a-40b0-9501-3a2b9bc0666a'),(43,NULL,'m160830_000000_asset_index_uri_increase','2016-09-02 14:47:53','2016-09-02 14:47:53','2016-09-02 14:47:53','e275385b-607e-4b7b-966e-46af91b62a2b'),(44,17,'m151115_000000_sproutFields_addNotesStyles','2016-09-04 10:25:49','2016-09-04 10:25:49','2016-09-04 10:25:49','e6c662ec-4dce-45f7-af87-c1ef1fbe1468'),(45,NULL,'m160919_000000_usergroup_handle_title_unique','2016-11-23 14:44:58','2016-11-23 14:44:58','2016-11-23 14:44:58','2f96387b-9699-4211-b5ed-56ba4688dfc5'),(46,NULL,'m161108_000000_new_version_format','2016-11-23 14:44:58','2016-11-23 14:44:58','2016-11-23 14:44:58','5a68283b-857e-4b3f-8547-cc1c30d42a3a'),(47,NULL,'m161109_000000_index_shuffle','2016-11-23 14:44:58','2016-11-23 14:44:58','2016-11-23 14:44:58','b970c5ef-46b8-424b-aa0f-5015b6eb9f52');
/*!40000 ALTER TABLE `craft_migrations` ENABLE KEYS */;
UNLOCK TABLES;

--
-- Table structure for table `craft_plugins`
--

DROP TABLE IF EXISTS `craft_plugins`;
/*!40101 SET @saved_cs_client     = @@character_set_client */;
/*!40101 SET character_set_client = utf8 */;
CREATE TABLE `craft_plugins` (
  `id` int(11) NOT NULL AUTO_INCREMENT,
  `class` varchar(150) COLLATE utf8_unicode_ci NOT NULL,
  `version` varchar(15) COLLATE utf8_unicode_ci NOT NULL,
  `schemaVersion` varchar(15) COLLATE utf8_unicode_ci DEFAULT NULL,
  `licenseKey` char(24) COLLATE utf8_unicode_ci DEFAULT NULL,
  `licenseKeyStatus` enum('valid','invalid','mismatched','unknown') COLLATE utf8_unicode_ci NOT NULL DEFAULT 'unknown',
  `enabled` tinyint(1) unsigned NOT NULL DEFAULT '0',
  `settings` text COLLATE utf8_unicode_ci,
  `installDate` datetime NOT NULL,
  `dateCreated` datetime NOT NULL,
  `dateUpdated` datetime NOT NULL,
  `uid` char(36) COLLATE utf8_unicode_ci NOT NULL DEFAULT '0',
  PRIMARY KEY (`id`)
) ENGINE=InnoDB AUTO_INCREMENT=19 DEFAULT CHARSET=utf8 COLLATE=utf8_unicode_ci;
/*!40101 SET character_set_client = @saved_cs_client */;

--
-- Dumping data for table `craft_plugins`
--

LOCK TABLES `craft_plugins` WRITE;
/*!40000 ALTER TABLE `craft_plugins` DISABLE KEYS */;
INSERT INTO `craft_plugins` VALUES (1,'GuestEntries','1.3.1',NULL,NULL,'unknown',1,'{\"allowGuestSubmissions\":\"1\",\"defaultAuthors\":{\"formSubmissions\":\"65\",\"forms\":\"none\",\"galleries\":\"none\",\"mainNavigation\":\"none\",\"news\":\"none\",\"pages\":\"none\",\"panels\":\"none\"},\"enabledByDefault\":{\"formSubmissions\":\"1\",\"forms\":\"\",\"galleries\":\"\",\"mainNavigation\":\"\",\"news\":\"\",\"pages\":\"\",\"panels\":\"\"},\"validateEntry\":{\"formSubmissions\":\"\",\"forms\":\"1\",\"galleries\":\"1\",\"mainNavigation\":\"1\",\"news\":\"1\",\"pages\":\"1\",\"panels\":\"1\"}}','2015-11-14 09:55:51','2015-11-14 09:55:51','2017-04-02 12:03:50','f6fe18e9-bd8e-4e62-9c80-dad5bb517626'),(2,'Hacksaw','1.0',NULL,NULL,'unknown',1,NULL,'2015-11-14 09:55:52','2015-11-14 09:55:52','2017-04-02 12:03:50','b655d32f-0a5c-4106-adcf-1ff2f74aced4'),(3,'Lj_DynamicFields','0.5',NULL,NULL,'unknown',1,NULL,'2015-11-14 09:55:53','2015-11-14 09:55:53','2017-04-02 12:03:50','9084b648-46b0-4308-bc01-4a4e61dfcdf6'),(4,'Postmaster','0.5.1',NULL,NULL,'unknown',1,NULL,'2015-11-14 09:55:55','2015-11-14 09:55:55','2017-04-02 12:03:50','3a8996cc-9c81-4fc7-b43d-a44a3b98b94c'),(6,'Snaptcha','1.1.0',NULL,NULL,'unknown',1,NULL,'2016-05-05 10:01:49','2016-05-05 10:01:49','2016-06-27 07:21:34','edf942dc-1b2c-40b4-b1f7-721d9c26a766'),(7,'Embedder','0.9.4',NULL,NULL,'unknown',1,NULL,'2016-05-05 10:09:08','2016-05-05 10:09:08','2017-04-02 12:03:50','67b485c0-6e66-40fb-82f7-f152e4987699'),(8,'CpFieldLinks','1.2','1.0',NULL,'unknown',1,NULL,'2016-05-05 13:25:01','2016-05-05 13:25:01','2017-01-23 18:54:40','0988847f-46e8-4675-8358-226938572aa0'),(9,'FieldProxy','1.0.0',NULL,NULL,'unknown',1,NULL,'2016-05-29 18:51:23','2016-05-29 18:51:23','2017-04-02 12:03:50','82d5298b-ce6c-46d9-b2e6-98e61e720e97'),(10,'FocalPointField','1.0.1',NULL,NULL,'unknown',1,NULL,'2016-09-02 12:12:45','2016-09-02 12:12:45','2017-04-02 12:03:50','0d28be27-1735-4141-af4a-2ee0b4991b0d'),(11,'Imager','1.2.1','1.0.0',NULL,'unknown',1,NULL,'2016-09-02 12:12:54','2016-09-02 12:12:54','2017-04-02 12:03:50','e61a49c2-8b59-4582-9b11-b0f013843a20'),(13,'Bust','1.0',NULL,NULL,'unknown',1,NULL,'2016-09-02 18:02:23','2016-09-02 18:02:23','2017-04-02 12:03:50','a2162632-2d4b-49d2-b1e1-3d590fcc0c89'),(16,'Recaptcha','1.0',NULL,NULL,'unknown',1,'{\"siteKey\":\"6LemdxsTAAAAAB63APxd1xk3bR96FV4cdobkxBaf\",\"secretKey\":\"6LemdxsTAAAAADbY-iyL2n1lD1oRwOCI6LEtOjsU\"}','2016-09-03 13:48:41','2016-09-03 13:48:41','2017-04-02 12:03:50','5d143889-8c75-49fe-ab56-895df04a9eea'),(17,'SproutFields','2.0.3','2.0.3',NULL,'unknown',1,'{\"infoPrimaryDocumentation\":\".field[id$=fields-{{ name }}-field] {\\r\\n  background-color: #d9edf7;\\r\\n  padding: 10px;\\r\\n}\\r\\n.field[id$=fields-{{ name }}-field] label {\\r\\n  color: #000;\\r\\n  cursor: pointer;\\r\\n  display: block;\\r\\n  font-size: 1em;\\r\\n  font-weight: bold;\\r\\n}\\r\\n.field[id$=fields-{{ name }}-field] .input {\\r\\n  border-top: 1px solid #bbd2dd;\\r\\n  padding-top:.5em;\\r\\n  margin-top: .5em;\\r\\n}\\r\\n.field[id$=fields-{{ name }}-field] h1,\\r\\n.field[id$=fields-{{ name }}-field] h2,\\r\\n.field[id$=fields-{{ name }}-field] h3 {\\r\\n  color: #29323d;\\r\\n  font-size: 1em;\\r\\n  font-weight: bold;\\r\\n}\\r\\n.field[id$=fields-{{ name }}-field] h1,\\r\\n.field[id$=fields-{{ name }}-field] h2 {\\r\\n  border-bottom: 1px solid #c8dae2;\\r\\n  font-weight: bold;\\r\\n  padding: 0 0 .5em;\\r\\n  margin: .5em 0;\\r\\n}\\r\\n.field[id$=fields-{{ name }}-field] h1 {\\r\\n  text-transform: uppercase;\\r\\n}\\r\\n.field[id$=fields-{{ name }}-field] h3 {\\r\\n  color: #444;\\r\\n  margin-bottom: .2em;\\r\\n}\\r\\n.field[id$=fields-{{ name }}-field] h3 + p {\\r\\n  margin-top: 0;\\r\\n  padding-top: 0;\\r\\n}\\r\\n.field[id$=fields-{{ name }}-field] p {\\r\\n  color: #232323;\\r\\n  font-size: 1em;\\r\\n}\\r\\n.field[id$=fields-{{ name }}-field] ul {\\r\\n  color: #232323;\\r\\n  list-style-type: disc;\\r\\n  margin: 0 0 1em 3em;\\r\\n}\",\"infoSecondaryDocumentation\":\".field[id$=fields-{{ name }}-field] {\\r\\n  background-color: #eee;\\r\\n  padding: 10px;\\r\\n}\\r\\n.field[id$=fields-{{ name }}-field] label {\\r\\n  color: #000;\\r\\n  cursor: pointer;\\r\\n  display: block;\\r\\n  font-size: 1em;\\r\\n  font-weight: bold;\\r\\n}\\r\\n.field[id$=fields-{{ name }}-field] .input {\\r\\n  border-top: 1px solid #c6c6c6;\\r\\n  padding-top:.5em;\\r\\n  margin-top: .5em;\\r\\n}\\r\\n.field[id$=fields-{{ name }}-field] h1,\\r\\n.field[id$=fields-{{ name }}-field] h2,\\r\\n.field[id$=fields-{{ name }}-field] h3 {\\r\\n  color: #29323d;\\r\\n  font-size: 1em;\\r\\n  font-weight: bold;\\r\\n}\\r\\n.field[id$=fields-{{ name }}-field] h1,\\r\\n.field[id$=fields-{{ name }}-field] h2 {\\r\\n  border-bottom: 1px solid #dddddd;\\r\\n  font-weight: bold;\\r\\n  padding: 0 0 .5em;\\r\\n  margin: .5em 0;\\r\\n}\\r\\n.field[id$=fields-{{ name }}-field] h1 {\\r\\n  text-transform: uppercase;\\r\\n}\\r\\n.field[id$=fields-{{ name }}-field] h3 {\\r\\n  color: #444;\\r\\n  margin-bottom: .2em;\\r\\n}\\r\\n.field[id$=fields-{{ name }}-field] h3 + p {\\r\\n  margin-top: 0;\\r\\n  padding-top: 0;\\r\\n}\\r\\n.field[id$=fields-{{ name }}-field] p {\\r\\n  color: #232323;\\r\\n  font-size: 1em;\\r\\n}\\r\\n.field[id$=fields-{{ name }}-field] ul {\\r\\n  color: #232323;\\r\\n  list-style-type: disc;\\r\\n  margin: 0 0 1em 3em;\\r\\n}\",\"warningDocumentation\":\".field[id$=fields-{{ name }}-field] {\\r\\n  background-color: #fcf8e3;\\r\\n  padding: 10px;\\r\\n}\\r\\n.field[id$=fields-{{ name }}-field] label {\\r\\n  color: #000;\\r\\n  cursor: pointer;\\r\\n  display: block;\\r\\n  font-size: 1em;\\r\\n  font-weight: bold;\\r\\n}\\r\\n.field[id$=fields-{{ name }}-field] .input {\\r\\n  border-top: 1px solid #e4d1b0;\\r\\n  padding-top:.5em;\\r\\n  margin-top: .5em;\\r\\n}\\r\\n.field[id$=fields-{{ name }}-field] h1,\\r\\n.field[id$=fields-{{ name }}-field] h2,\\r\\n.field[id$=fields-{{ name }}-field] h3 {\\r\\n  color: #29323d;\\r\\n  font-size: 1em;\\r\\n  font-weight: bold;\\r\\n}\\r\\n.field[id$=fields-{{ name }}-field] h1,\\r\\n.field[id$=fields-{{ name }}-field] h2 {\\r\\n  border-bottom: 1px solid #f7e9d1;\\r\\n  font-weight: bold;\\r\\n  padding: 0 0 .5em;\\r\\n  margin: .5em 0;\\r\\n}\\r\\n.field[id$=fields-{{ name }}-field] h1 {\\r\\n  text-transform: uppercase;\\r\\n}\\r\\n.field[id$=fields-{{ name }}-field] h3 {\\r\\n  color: #444;\\r\\n  margin-bottom: .2em;\\r\\n}\\r\\n.field[id$=fields-{{ name }}-field] h3 + p {\\r\\n  margin-top: 0;\\r\\n  padding-top: 0;\\r\\n}\\r\\n.field[id$=fields-{{ name }}-field] p {\\r\\n  color: #232323;\\r\\n  font-size: 1em;\\r\\n}\\r\\n.field[id$=fields-{{ name }}-field] ul {\\r\\n  color: #232323;\\r\\n  list-style-type: disc;\\r\\n  margin: 0 0 1em 3em;\\r\\n}\",\"dangerDocumentation\":\".field[id$=fields-{{ name }}-field] {\\r\\n  background-color: #ffe1e1;\\r\\n  padding: 10px;\\r\\n}\\r\\n.field[id$=fields-{{ name }}-field] label {\\r\\n  color: #000;\\r\\n  cursor: pointer;\\r\\n  display: block;\\r\\n  font-size: 1em;\\r\\n  font-weight: bold;\\r\\n}\\r\\n.field[id$=fields-{{ name }}-field] .input {\\r\\n  border-top: 1px solid #ddb9b9;\\r\\n  padding-top:.5em;\\r\\n  margin-top: .5em;\\r\\n}\\r\\n.field[id$=fields-{{ name }}-field] h1,\\r\\n.field[id$=fields-{{ name }}-field] h2,\\r\\n.field[id$=fields-{{ name }}-field] h3 {\\r\\n  color: #29323d;\\r\\n  font-size: 1em;\\r\\n  font-weight: bold;\\r\\n}\\r\\n.field[id$=fields-{{ name }}-field] h1,\\r\\n.field[id$=fields-{{ name }}-field] h2 {\\r\\n  border-bottom: 1px solid #f3cccc;\\r\\n  font-weight: bold;\\r\\n  padding: 0 0 .5em;\\r\\n  margin: .5em 0;\\r\\n}\\r\\n.field[id$=fields-{{ name }}-field] h1 {\\r\\n  text-transform: uppercase;\\r\\n}\\r\\n.field[id$=fields-{{ name }}-field] h3 {\\r\\n  color: #444;\\r\\n  margin-bottom: .2em;\\r\\n}\\r\\n.field[id$=fields-{{ name }}-field] h3 + p {\\r\\n  margin-top: 0;\\r\\n  padding-top: 0;\\r\\n}\\r\\n.field[id$=fields-{{ name }}-field] p {\\r\\n  color: #232323;\\r\\n  font-size: 1em;\\r\\n}\\r\\n.field[id$=fields-{{ name }}-field] ul {\\r\\n  color: #232323;\\r\\n  list-style-type: disc;\\r\\n  margin: 0 0 1em 3em;\\r\\n}\",\"highlightDocumentation\":\".field[id$=fields-{{ name }}-field] {\\r\\n  background-color: #dbf7d9;\\r\\n  padding: 10px;\\r\\n}\\r\\n.field[id$=fields-{{ name }}-field] label {\\r\\n  color: #000;\\r\\n  cursor: pointer;\\r\\n  display: block;\\r\\n  font-size: 1em;\\r\\n  font-weight: bold;\\r\\n}\\r\\n.field[id$=fields-{{ name }}-field] .input {\\r\\n  border-top: 1px solid #b6c8b5;\\r\\n  padding-top:.5em;\\r\\n  margin-top: .5em;\\r\\n}\\r\\n.field[id$=fields-{{ name }}-field] h1,\\r\\n.field[id$=fields-{{ name }}-field] h2,\\r\\n.field[id$=fields-{{ name }}-field] h3 {\\r\\n  color: #29323d;\\r\\n  font-size: 1em;\\r\\n  font-weight: bold;\\r\\n}\\r\\n.field[id$=fields-{{ name }}-field] h1,\\r\\n.field[id$=fields-{{ name }}-field] h2 {\\r\\n  border-bottom: 1px solid #c5e1c3;\\r\\n  font-weight: bold;\\r\\n  padding: 0 0 .5em;\\r\\n  margin: .5em 0;\\r\\n}\\r\\n.field[id$=fields-{{ name }}-field] h1 {\\r\\n  text-transform: uppercase;\\r\\n}\\r\\n.field[id$=fields-{{ name }}-field] h3 {\\r\\n  color: #444;\\r\\n  margin-bottom: .2em;\\r\\n}\\r\\n.field[id$=fields-{{ name }}-field] h3 + p {\\r\\n  margin-top: 0;\\r\\n  padding-top: 0;\\r\\n}\\r\\n.field[id$=fields-{{ name }}-field] p {\\r\\n  color: #232323;\\r\\n  font-size: 1em;\\r\\n}\\r\\n.field[id$=fields-{{ name }}-field] ul {\\r\\n  color: #232323;\\r\\n  list-style-type: disc;\\r\\n  margin: 0 0 1em 3em;\\r\\n}\"}','2016-09-04 10:25:49','2016-09-04 10:25:49','2017-04-02 12:03:50','d5a5bd6f-c0f5-40ec-b97d-7508916da427'),(18,'ElementApi','1.2.1','1.0.0',NULL,'unknown',1,NULL,'2016-11-17 22:35:14','2016-11-17 22:35:14','2016-11-17 22:35:14','caced8ef-4cd9-45ce-b36d-312f9a5ea138');
/*!40000 ALTER TABLE `craft_plugins` ENABLE KEYS */;
UNLOCK TABLES;

--
-- Table structure for table `craft_postmastermessagetemplates`
--

DROP TABLE IF EXISTS `craft_postmastermessagetemplates`;
/*!40101 SET @saved_cs_client     = @@character_set_client */;
/*!40101 SET character_set_client = utf8 */;
CREATE TABLE `craft_postmastermessagetemplates` (
  `id` int(11) NOT NULL AUTO_INCREMENT,
  `plain` longtext COLLATE utf8_unicode_ci,
  `html` longtext COLLATE utf8_unicode_ci,
  `dateCreated` datetime NOT NULL,
  `dateUpdated` datetime NOT NULL,
  `uid` char(36) COLLATE utf8_unicode_ci NOT NULL DEFAULT '0',
  PRIMARY KEY (`id`)
) ENGINE=InnoDB DEFAULT CHARSET=utf8 COLLATE=utf8_unicode_ci;
/*!40101 SET character_set_client = @saved_cs_client */;

--
-- Dumping data for table `craft_postmastermessagetemplates`
--

LOCK TABLES `craft_postmastermessagetemplates` WRITE;
/*!40000 ALTER TABLE `craft_postmastermessagetemplates` DISABLE KEYS */;
/*!40000 ALTER TABLE `craft_postmastermessagetemplates` ENABLE KEYS */;
UNLOCK TABLES;

--
-- Table structure for table `craft_postmasternotifications`
--

DROP TABLE IF EXISTS `craft_postmasternotifications`;
/*!40101 SET @saved_cs_client     = @@character_set_client */;
/*!40101 SET character_set_client = utf8 */;
CREATE TABLE `craft_postmasternotifications` (
  `id` int(11) NOT NULL AUTO_INCREMENT,
  `title` text COLLATE utf8_unicode_ci,
  `settings` longtext COLLATE utf8_unicode_ci,
  `enabled` int(1) unsigned NOT NULL DEFAULT '1',
  `dateCreated` datetime NOT NULL,
  `dateUpdated` datetime NOT NULL,
  `uid` char(36) COLLATE utf8_unicode_ci NOT NULL DEFAULT '0',
  PRIMARY KEY (`id`)
) ENGINE=InnoDB DEFAULT CHARSET=utf8 COLLATE=utf8_unicode_ci;
/*!40101 SET character_set_client = @saved_cs_client */;

--
-- Dumping data for table `craft_postmasternotifications`
--

LOCK TABLES `craft_postmasternotifications` WRITE;
/*!40000 ALTER TABLE `craft_postmasternotifications` DISABLE KEYS */;
/*!40000 ALTER TABLE `craft_postmasternotifications` ENABLE KEYS */;
UNLOCK TABLES;

--
-- Table structure for table `craft_postmasternotificationssent`
--

DROP TABLE IF EXISTS `craft_postmasternotificationssent`;
/*!40101 SET @saved_cs_client     = @@character_set_client */;
/*!40101 SET character_set_client = utf8 */;
CREATE TABLE `craft_postmasternotificationssent` (
  `id` int(11) NOT NULL AUTO_INCREMENT,
  `notificationId` int(11) DEFAULT NULL,
  `senderId` int(11) DEFAULT NULL,
  `dateCreated` datetime NOT NULL,
  `dateUpdated` datetime NOT NULL,
  `uid` char(36) COLLATE utf8_unicode_ci NOT NULL DEFAULT '0',
  PRIMARY KEY (`id`),
  KEY `craft_postmasternotificationssent_notificationId_fk` (`notificationId`),
  CONSTRAINT `craft_postmasternotificationssent_notificationId_fk` FOREIGN KEY (`notificationId`) REFERENCES `craft_postmasternotifications` (`id`) ON DELETE CASCADE
) ENGINE=InnoDB DEFAULT CHARSET=utf8 COLLATE=utf8_unicode_ci;
/*!40101 SET character_set_client = @saved_cs_client */;

--
-- Dumping data for table `craft_postmasternotificationssent`
--

LOCK TABLES `craft_postmasternotificationssent` WRITE;
/*!40000 ALTER TABLE `craft_postmasternotificationssent` DISABLE KEYS */;
/*!40000 ALTER TABLE `craft_postmasternotificationssent` ENABLE KEYS */;
UNLOCK TABLES;

--
-- Table structure for table `craft_postmasterparcels`
--

DROP TABLE IF EXISTS `craft_postmasterparcels`;
/*!40101 SET @saved_cs_client     = @@character_set_client */;
/*!40101 SET character_set_client = utf8 */;
CREATE TABLE `craft_postmasterparcels` (
  `id` int(11) NOT NULL AUTO_INCREMENT,
  `title` text COLLATE utf8_unicode_ci,
  `settings` longtext COLLATE utf8_unicode_ci,
  `enabled` int(1) unsigned NOT NULL DEFAULT '1',
  `dateCreated` datetime NOT NULL,
  `dateUpdated` datetime NOT NULL,
  `uid` char(36) COLLATE utf8_unicode_ci NOT NULL DEFAULT '0',
  PRIMARY KEY (`id`)
) ENGINE=InnoDB AUTO_INCREMENT=4 DEFAULT CHARSET=utf8 COLLATE=utf8_unicode_ci;
/*!40101 SET character_set_client = @saved_cs_client */;

--
-- Dumping data for table `craft_postmasterparcels`
--

LOCK TABLES `craft_postmasterparcels` WRITE;
/*!40000 ALTER TABLE `craft_postmasterparcels` DISABLE KEYS */;
INSERT INTO `craft_postmasterparcels` VALUES (3,'Contact Form Submissions','{\"parcelType\":\"Craft\\\\Plugins\\\\Postmaster\\\\ParcelTypes\\\\DefaultParcelType\",\"parcelTypeSettings\":{\"default\":{\"fromEmail\":\"{{ entry.fromEmail }}\",\"fromName\":\"{{ entry.fullName }}\",\"toEmail\":\"admin@keepitlocalsa.com\",\"toFirstName\":null,\"toLastName\":null,\"subject\":\"{{ entry.type | capitalize }} submission from {{ entry.fullName }}\",\"body\":null,\"htmlBody\":null,\"replyTo\":\"\",\"sender\":null,\"cc\":\"\",\"bcc\":\"admin@keepitlocalsa.com\",\"stringAttachments\":null,\"attachments\":null,\"customHeaders\":null,\"toName\":\"Administrator\",\"bodyTemplate\":\"\",\"htmlBodyTemplate\":\"_emails\\/contact-form\",\"events\":[\"entries.saveEntry\"],\"sections\":[\"7\"],\"statuses\":[],\"triggers\":[\"new\"],\"extraConditionals\":\"{% if entry.type != \'enquiry\' %}false{% endif %}\",\"__model__\":\"Craft\\\\Postmaster_DefaultParcelTypeSettingsModel\"},\"userEmail\":{\"fromEmail\":\"\",\"fromName\":\"\",\"toEmail\":\"\",\"toFirstName\":null,\"toLastName\":null,\"subject\":\"\",\"body\":null,\"htmlBody\":null,\"replyTo\":\"\",\"sender\":null,\"cc\":\"\",\"bcc\":\"\",\"stringAttachments\":null,\"attachments\":null,\"customHeaders\":null,\"toName\":\"\",\"bodyTemplate\":\"\",\"htmlBodyTemplate\":\"\",\"events\":[],\"triggers\":[],\"extraConditionals\":\"\",\"__model__\":\"Craft\\\\Postmaster_UserEmailParcelTypeSettingsModel\"},\"systemEmail\":{\"fromEmail\":\"\",\"fromName\":\"\",\"toEmail\":\"\",\"toFirstName\":null,\"toLastName\":null,\"subject\":\"\",\"body\":null,\"htmlBody\":null,\"replyTo\":\"\",\"sender\":null,\"cc\":\"\",\"bcc\":\"\",\"stringAttachments\":null,\"attachments\":null,\"customHeaders\":null,\"toName\":\"\",\"bodyTemplate\":\"\",\"htmlBodyTemplate\":\"\",\"__model__\":\"Craft\\\\Postmaster_EmailModel\"},\"emailForm\":{\"fromEmail\":\"\",\"fromName\":\"\",\"toEmail\":\"\",\"toFirstName\":null,\"toLastName\":null,\"subject\":\"\",\"body\":null,\"htmlBody\":null,\"replyTo\":\"\",\"sender\":null,\"cc\":\"\",\"bcc\":\"\",\"stringAttachments\":null,\"attachments\":null,\"customHeaders\":null,\"toName\":\"\",\"bodyTemplate\":\"\",\"htmlBodyTemplate\":\"\",\"extraConditionals\":\"\",\"__model__\":\"Craft\\\\Postmaster_EmailFormParcelTypeSettingsModel\"}},\"service\":\"Craft\\\\Plugins\\\\Postmaster\\\\Services\\\\CraftService\",\"serviceSettings\":{\"mandrill\":{\"apiKey\":\"\",\"trackOpens\":\"1\",\"trackClicks\":\"1\",\"autoText\":\"\",\"stripQuery\":\"\",\"preserveRecipients\":\"\",\"__model__\":\"Craft\\\\Postmaster_MandrillServiceSettingsModel\"},\"mailchimp\":{\"apiKey\":\"\",\"campaignType\":\"regular\",\"subscriberType\":\"html\",\"title\":\"\",\"listIds\":[\"\"],\"listId\":\"\",\"action\":\"createAndSend\",\"doubleOptin\":\"1\",\"updateExisting\":\"1\",\"replaceInterests\":\"0\",\"sendWelcome\":\"0\",\"subscriberEmail\":\"\",\"subscriberNewEmail\":\"\",\"deleteMember\":\"0\",\"sendGoodbye\":\"1\",\"sendNotify\":\"1\",\"trackOpens\":\"1\",\"trackHtmlClicks\":\"1\",\"trackTextClicks\":\"1\",\"googleAnalytics\":\"\",\"profileVars\":[{\"name\":\"First Name\",\"value\":\"\"},{\"name\":\"Last Name\",\"value\":\"\"},{\"name\":\"Address 1\",\"value\":\"\"},{\"name\":\"Address 2\",\"value\":\"\"},{\"name\":\"City\",\"value\":\"\"},{\"name\":\"State\",\"value\":\"\"},{\"name\":\"Zip\",\"value\":\"\"},{\"name\":\"Country\",\"value\":\"\"},{\"name\":\"Date\",\"value\":\"\"},{\"name\":\"Birthday\",\"value\":\"\"},{\"name\":\"Phone\",\"value\":\"\"},{\"name\":\"Website\",\"value\":\"\"}],\"__model__\":\"Craft\\\\Postmaster_MailchimpServiceSettingsModel\"},\"campaignmonitor\":{\"apiKey\":\"\",\"clientId\":\"\",\"listIds\":[\"\"],\"listId\":\"\",\"action\":\"createAndSend\",\"name\":\"\",\"segmentIds\":[],\"subscriberEmail\":\"\",\"subscriberName\":\"\",\"confirmationEmail\":\"\",\"customFields\":[],\"resubscribe\":\"0\",\"__model__\":\"Craft\\\\Postmaster_CampaignMonitorServiceSettingsModel\"},\"twilio\":{\"accountSid\":\"\",\"authToken\":\"\",\"from\":\"\",\"to\":\"\",\"message\":\"\",\"mediaUrl\":\"\",\"__model__\":\"Craft\\\\Postmaster_TwilioServiceSettingsModel\"},\"http\":{\"url\":\"\",\"action\":\"post\",\"postVars\":[],\"headers\":[],\"files\":[],\"__model__\":\"Craft\\\\Postmaster_HttpRequestServiceSettingsModel\"},\"testing\":{\"status\":\"success\",\"code\":\"200\",\"errors\":[],\"__model__\":\"Craft\\\\Postmaster_TestServiceSettingsModel\"},\"craft\":{\"__model__\":\"Craft\\\\Postmaster_ServiceSettingsModel\"}},\"parcelSchedule\":\"Craft\\\\Plugins\\\\Postmaster\\\\ParcelSchedules\\\\DefaultParcelSchedule\",\"parcelScheduleSettings\":{\"senddate\":{\"sendDateSpecific\":\"\",\"sendDateRelative\":\"\",\"__model__\":\"Craft\\\\Postmaster_SendDateParcelScheduleSettingsModel\"},\"default\":{\"__model__\":\"Craft\\\\Postmaster_ParcelScheduleSettingsModel\"}},\"__model__\":\"Craft\\\\Postmaster_ParcelSettingsModel\"}',1,'2015-11-15 11:38:47','2016-09-03 11:53:14','989c7814-aca6-42c3-a733-59f18de1ad9d');
/*!40000 ALTER TABLE `craft_postmasterparcels` ENABLE KEYS */;
UNLOCK TABLES;

--
-- Table structure for table `craft_postmasterparcelssent`
--

DROP TABLE IF EXISTS `craft_postmasterparcelssent`;
/*!40101 SET @saved_cs_client     = @@character_set_client */;
/*!40101 SET character_set_client = utf8 */;
CREATE TABLE `craft_postmasterparcelssent` (
  `id` int(11) NOT NULL AUTO_INCREMENT,
  `parcelId` int(11) DEFAULT NULL,
  `dateCreated` datetime NOT NULL,
  `dateUpdated` datetime NOT NULL,
  `uid` char(36) COLLATE utf8_unicode_ci NOT NULL DEFAULT '0',
  PRIMARY KEY (`id`),
  KEY `craft_postmasterparcelssent_parcelId_fk` (`parcelId`),
  CONSTRAINT `craft_postmasterparcelssent_parcelId_fk` FOREIGN KEY (`parcelId`) REFERENCES `craft_postmasterparcels` (`id`) ON DELETE CASCADE
) ENGINE=InnoDB AUTO_INCREMENT=10 DEFAULT CHARSET=utf8 COLLATE=utf8_unicode_ci;
/*!40101 SET character_set_client = @saved_cs_client */;

--
-- Dumping data for table `craft_postmasterparcelssent`
--

LOCK TABLES `craft_postmasterparcelssent` WRITE;
/*!40000 ALTER TABLE `craft_postmasterparcelssent` DISABLE KEYS */;
INSERT INTO `craft_postmasterparcelssent` VALUES (1,3,'2015-11-29 11:27:26','2015-11-29 11:27:26','3b4110a3-9491-4f7b-ad40-b668299b30e1'),(2,3,'2015-11-29 12:03:08','2015-11-29 12:03:08','305178f7-f305-4a8a-ac14-4557f4f2fd12'),(3,3,'2015-11-29 12:06:33','2015-11-29 12:06:33','4412a5f4-2d83-4dbf-ba31-7e93029d9fb0'),(4,3,'2015-11-29 12:07:52','2015-11-29 12:07:52','b6a8ddac-395a-46b8-848f-2992af71eae0'),(5,3,'2015-11-29 12:11:10','2015-11-29 12:11:10','61eef1ae-53c6-4ed2-a114-064bf43f4a91'),(6,3,'2015-11-30 09:38:05','2015-11-30 09:38:05','b55eac5c-80da-4006-a3df-e8525dccecfd'),(7,3,'2016-09-03 14:30:22','2016-09-03 14:30:22','910b86e7-36c4-447d-ab22-0c0bf88876d8'),(8,3,'2016-09-03 14:55:34','2016-09-03 14:55:34','4b4cd3e0-da59-4b74-9fde-cbe15998e485'),(9,3,'2016-11-07 06:46:50','2016-11-07 06:46:50','e1e4baf0-ad45-4fb2-a54f-13f286b7799f');
/*!40000 ALTER TABLE `craft_postmasterparcelssent` ENABLE KEYS */;
UNLOCK TABLES;

--
-- Table structure for table `craft_postmasterqueue`
--

DROP TABLE IF EXISTS `craft_postmasterqueue`;
/*!40101 SET @saved_cs_client     = @@character_set_client */;
/*!40101 SET character_set_client = utf8 */;
CREATE TABLE `craft_postmasterqueue` (
  `id` int(11) NOT NULL AUTO_INCREMENT,
  `model` longtext COLLATE utf8_unicode_ci,
  `sendDate` longtext COLLATE utf8_unicode_ci,
  `dateCreated` datetime NOT NULL,
  `dateUpdated` datetime NOT NULL,
  `uid` char(36) COLLATE utf8_unicode_ci NOT NULL DEFAULT '0',
  PRIMARY KEY (`id`)
) ENGINE=InnoDB DEFAULT CHARSET=utf8 COLLATE=utf8_unicode_ci;
/*!40101 SET character_set_client = @saved_cs_client */;

--
-- Dumping data for table `craft_postmasterqueue`
--

LOCK TABLES `craft_postmasterqueue` WRITE;
/*!40000 ALTER TABLE `craft_postmasterqueue` DISABLE KEYS */;
/*!40000 ALTER TABLE `craft_postmasterqueue` ENABLE KEYS */;
UNLOCK TABLES;

--
-- Table structure for table `craft_postmastertransportresponses`
--

DROP TABLE IF EXISTS `craft_postmastertransportresponses`;
/*!40101 SET @saved_cs_client     = @@character_set_client */;
/*!40101 SET character_set_client = utf8 */;
CREATE TABLE `craft_postmastertransportresponses` (
  `id` int(11) NOT NULL AUTO_INCREMENT,
  `success` int(1) unsigned NOT NULL DEFAULT '0',
  `errors` longtext COLLATE utf8_unicode_ci,
  `code` text COLLATE utf8_unicode_ci,
  `service` text COLLATE utf8_unicode_ci,
  `model` longtext COLLATE utf8_unicode_ci,
  `dateCreated` datetime NOT NULL,
  `dateUpdated` datetime NOT NULL,
  `uid` char(36) COLLATE utf8_unicode_ci NOT NULL DEFAULT '0',
  PRIMARY KEY (`id`)
) ENGINE=InnoDB AUTO_INCREMENT=10 DEFAULT CHARSET=utf8 COLLATE=utf8_unicode_ci;
/*!40101 SET character_set_client = @saved_cs_client */;

--
-- Dumping data for table `craft_postmastertransportresponses`
--

LOCK TABLES `craft_postmastertransportresponses` WRITE;
/*!40000 ALTER TABLE `craft_postmastertransportresponses` DISABLE KEYS */;
INSERT INTO `craft_postmastertransportresponses` VALUES (1,1,'[]','200','Craft','{\"service\":{\"__class__\":\"Craft\\\\Plugins\\\\Postmaster\\\\Services\\\\CraftService\",\"settings\":{}},\"settings\":{\"fromEmail\":\"stephen@keepitlocalsa.com\",\"fromName\":\"Stephen\",\"toEmail\":\"admin@keepitlocalsa.com\",\"toFirstName\":null,\"toLastName\":null,\"subject\":\"Enquiry entry submission.\",\"body\":null,\"htmlBody\":\"<!DOCTYPE html PUBLIC \\\"-\\/\\/W3C\\/\\/DTD XHTML 1.0 Strict\\/\\/EN\\\" \\\"http:\\/\\/www.w3.org\\/TR\\/xhtml1\\/DTD\\/xhtml1-strict.dtd\\\">\\n\\n<html xmlns=\\\"http:\\/\\/www.w3.org\\/1999\\/xhtml\\\">\\n<head>\\n    <meta http-equiv=\\\"Content-Type\\\" content=\\\"text\\/html; charset=utf-8\\\" \\/>\\n    <meta name=\\\"viewport\\\" content=\\\"width=device-width, initial-scale=1.0\\\"\\/>\\n    <title>Email Base<\\/title>\\n    <style type=\\\"text\\/css\\\">\\n\\n        body{ width:100% !important; -webkit-text-size-adjust:100%; -ms-text-size-adjust:100%; margin:0; padding:0;}\\n        img { outline:none; text-decoration:none; -ms-interpolation-mode: bicubic; display: block;}\\n        a img { border:none;}\\n        p { margin: 1em 0;}\\n\\n        h1, h3, h4, h5, h6 {color: black !important;}\\n\\n        h1 a, h2 a, h3 a, h4 a, h5 a, h6 a {color: blue !important;}\\n\\n        h1 a:active, h2 a:active,  h3 a:active, h4 a:active, h5 a:active, h6 a:active {\\n            color: red !important;\\n        }\\n\\n        h1 a:visited, h2 a:visited,  h3 a:visited, h4 a:visited, h5 a:visited, h6 a:visited {\\n            color: purple !important;\\n        }\\n\\n        h2 {\\n            font-family: Verdana, Arial, sans-serif;\\n            font-size: 16px;\\n            line-height: 25px;\\n            margin: 0em 0em 1em;\\n            font-weight: normal !important;\\n            font-style: italic;\\n        }\\n        p {\\n            font-family: Verdana, Arial, sans-serif;\\n            font-size: 12px;\\n            line-height: 18px;\\n            color: #444444;\\n        }\\n\\n        table td {border-collapse: collapse;}\\n        table, tr, td { vertical-align: top;}\\n\\n        a {color: #E72486;}\\n\\n    <\\/style>\\n\\n    <!--[if gte mso 9]>\\n    <style>\\n        \\/* Target Outlook 2007 and 2010 *\\/\\n    <\\/style>\\n    <![endif]-->\\n<\\/head>\\n<body>\\n<table cellpadding=\\\"0\\\" cellspacing=\\\"0\\\" border=\\\"0\\\" align=\\\"center\\\" width=\\\"600\\\">\\n    <tr>\\n        <td width=\\\"600\\\" valign=\\\"top\\\">\\n            Header\\n        <\\/td>\\n    <\\/tr>\\n\\n    <tr>\\n        <td width=\\\"600\\\" valign=\\\"top\\\">\\n            <table>\\n                <tr><td height=\\\"20\\\">&nbsp;<\\/td><\\/tr>\\n                <tr>\\n                    <td>\\n                            <h1>Form submission from Default2016<\\/h1>\\n    <h2>Enquiry: Stephen stephen@keepitlocalsa.com Sun, 29 Nov 2015 11:27:26<\\/h2>\\n    <table width=\\\"600\\\">\\n                                                        <tr>\\n                    <td width=\\\"200\\\" valign=\\\"top\\\"><strong>Full name<\\/strong>:<\\/td>\\n                    <td width=\\\"400\\\" valign=\\\"top\\\">Stephen<\\/td>\\n                <\\/tr>\\n                                                            <tr>\\n                    <td width=\\\"200\\\" valign=\\\"top\\\"><strong>Email address<\\/strong>:<\\/td>\\n                    <td width=\\\"400\\\" valign=\\\"top\\\">stephen@keepitlocalsa.com<\\/td>\\n                <\\/tr>\\n                                                            <tr>\\n                    <td width=\\\"200\\\" valign=\\\"top\\\"><strong>Message<\\/strong>:<\\/td>\\n                    <td width=\\\"400\\\" valign=\\\"top\\\">test\\r\\n<\\/td>\\n                <\\/tr>\\n                                                            <tr>\\n                    <td width=\\\"200\\\" valign=\\\"top\\\"><strong>To Email<\\/strong>:<\\/td>\\n                    <td width=\\\"400\\\" valign=\\\"top\\\">admin@keepitlocalsa.com<\\/td>\\n                <\\/tr>\\n                        <\\/table>\\n                    <\\/td>\\n                <\\/tr>\\n                <tr><td height=\\\"20\\\">&nbsp;<\\/td><\\/tr>\\n            <\\/table>\\n        <\\/td>\\n    <\\/tr>\\n    <tr>\\n        <td width=\\\"600\\\" valign=\\\"top\\\">\\n           Footer\\n        <\\/td>\\n    <\\/tr>\\n<\\/table>\\n<\\/body>\\n<\\/html>\",\"replyTo\":\"\",\"sender\":null,\"cc\":\"\",\"bcc\":\"\",\"stringAttachments\":null,\"attachments\":null,\"customHeaders\":null,\"toName\":\"Administrator\",\"bodyTemplate\":\"\",\"htmlBodyTemplate\":\"_emails\\/contact\",\"events\":[\"entries.saveEntry\"],\"sections\":[\"7\"],\"statuses\":[],\"triggers\":[\"new\"],\"extraConditionals\":\"\",\"__model__\":\"Craft\\\\Postmaster_DefaultParcelTypeSettingsModel\"},\"data\":{\"entry\":{\"id\":\"77\",\"enabled\":1,\"archived\":0,\"locale\":\"en_us\",\"localeEnabled\":1,\"slug\":\"enquiry-stephen-stephen-keepitlocalsa-com-sun-29-nov-2015-112726\",\"uri\":null,\"dateCreated\":null,\"dateUpdated\":null,\"root\":null,\"lft\":null,\"rgt\":null,\"level\":null,\"sectionId\":\"7\",\"typeId\":\"10\",\"authorId\":\"65\",\"postDate\":\"2015-11-29 11:27:26\",\"expiryDate\":null,\"parentId\":null,\"revisionNotes\":null,\"__model__\":\"Craft\\\\EntryModel\"},\"isNewEntry\":1},\"senderId\":0,\"sendDate\":\"2015-11-29 11:27:26\",\"queueId\":0,\"__model__\":\"Craft\\\\Postmaster_TransportModel\"}','2015-11-29 11:27:26','2015-11-29 11:27:26','c48068e2-c383-43f9-b763-8a16be5776f1'),(2,1,'[]','200','Craft','{\"service\":{\"__class__\":\"Craft\\\\Plugins\\\\Postmaster\\\\Services\\\\CraftService\",\"settings\":{}},\"settings\":{\"fromEmail\":\"test@example.com\",\"fromName\":\"Test\",\"toEmail\":\"admin@keepitlocalsa.com\",\"toFirstName\":null,\"toLastName\":null,\"subject\":\"Enquiry submission.\",\"body\":null,\"htmlBody\":\"<!DOCTYPE html PUBLIC \\\"-\\/\\/W3C\\/\\/DTD XHTML 1.0 Strict\\/\\/EN\\\" \\\"http:\\/\\/www.w3.org\\/TR\\/xhtml1\\/DTD\\/xhtml1-strict.dtd\\\">\\n\\n<html xmlns=\\\"http:\\/\\/www.w3.org\\/1999\\/xhtml\\\">\\n<head>\\n    <meta http-equiv=\\\"Content-Type\\\" content=\\\"text\\/html; charset=utf-8\\\" \\/>\\n    <meta name=\\\"viewport\\\" content=\\\"width=device-width, initial-scale=1.0\\\"\\/>\\n    <title>Email Base<\\/title>\\n    <style type=\\\"text\\/css\\\">\\n\\n        body {\\n            font-family: sans-serif;\\n            width:100% !important;\\n            -webkit-text-size-adjust:100%;\\n            -ms-text-size-adjust:100%;\\n            margin:0;\\n            padding:0;\\n            background: #cccccc;\\n        }\\n\\n        img { outline:none; text-decoration:none; -ms-interpolation-mode: bicubic; display: block;}\\n        a img { border:none;}\\n        p { margin: 1em 0;}\\n\\n        h1, h3, h4, h5, h6 {\\n            color: black !important;\\n            font-weight: normal\\n        }\\n\\n        h1 a, h2 a, h3 a, h4 a, h5 a, h6 a {\\n            color: blue !important;\\n        }\\n\\n        h1 a:active, h2 a:active,  h3 a:active, h4 a:active, h5 a:active, h6 a:active {\\n            color: red !important;\\n        }\\n\\n        h1 a:visited, h2 a:visited,  h3 a:visited, h4 a:visited, h5 a:visited, h6 a:visited {\\n            color: purple !important;\\n        }\\n\\n        h2 {\\n            font-size: 16px;\\n            line-height: 25px;\\n            margin: 0em 0em 1em;\\n            font-weight: normal !important;\\n        }\\n        p {\\n            font-family: Verdana, Arial, sans-serif;\\n            font-size: 12px;\\n            line-height: 18px;\\n            color: #444444;\\n        }\\n\\n        table td {border-collapse: collapse;}\\n        table, tr, td {\\n            border-collapse: collapse;\\n            vertical-align: top;\\n            border: 0;\\n        }\\n\\n        a {color: #E72486;}\\n\\n        #content {\\n            padding: 20px;\\n            background: #fff;\\n        }\\n\\n        .table {\\n            border: 0;\\n        }\\n\\n        .table td {\\n            border: 0;\\n            border-top: 1px solid #dddddd;\\n            padding: 8px 0;\\n        }\\n\\n        .table tr:last-child td {\\n            border-bottom: 1px solid #dddddd;\\n        }\\n\\n        #footer {\\n            font-size:14px;\\n        }\\n\\n    <\\/style>\\n\\n    <!--[if gte mso 9]>\\n    <style>\\n        \\/* Target Outlook 2007 and 2010 *\\/\\n    <\\/style>\\n    <![endif]-->\\n<\\/head>\\n<body>\\n<table id=\\\"content\\\" cellpadding=\\\"0\\\" cellspacing=\\\"0\\\" border=\\\"0\\\" align=\\\"center\\\" width=\\\"600\\\">\\n    <tr>\\n        <td valign=\\\"top\\\" style=\\\"padding: 20px; text-align: center\\\">\\n            <img src=\\\"http:\\/\\/default2016.dev\\/uploads\\/_AUTOx100_crop_center-center\\/default-logo.jpg\\\" alt=\\\"Default2016\\\" style=\\\"display: inline\\\">\\n        <\\/td>\\n    <\\/tr>\\n\\n    <tr>\\n        <td valign=\\\"top\\\" style=\\\"padding: 0 20px;\\\">\\n                <h1>Enquiry submission<\\/h1>\\n        <table width=\\\"100%\\\" class=\\\"table\\\">\\n                                                        <tr>\\n                    <td width=\\\"150\\\" valign=\\\"top\\\"><strong>Full name<\\/strong><\\/td>\\n                    <td valign=\\\"top\\\">Test<\\/td>\\n                <\\/tr>\\n                                                            <tr>\\n                    <td width=\\\"150\\\" valign=\\\"top\\\"><strong>Email address<\\/strong><\\/td>\\n                    <td valign=\\\"top\\\">test@example.com<\\/td>\\n                <\\/tr>\\n                                                            <tr>\\n                    <td width=\\\"150\\\" valign=\\\"top\\\"><strong>Message<\\/strong><\\/td>\\n                    <td valign=\\\"top\\\">Test<\\/td>\\n                <\\/tr>\\n                                                            <tr>\\n                    <td width=\\\"150\\\" valign=\\\"top\\\"><strong>To Email<\\/strong><\\/td>\\n                    <td valign=\\\"top\\\">admin@keepitlocalsa.com<\\/td>\\n                <\\/tr>\\n                        <\\/table>\\n        <\\/td>\\n    <\\/tr>\\n    <tr>\\n        <td valign=\\\"top\\\" style=\\\"padding: 20px; text-align: center;\\\" id=\\\"footer\\\">\\n            &copy; 2015 Default2016\\n        <\\/td>\\n    <\\/tr>\\n<\\/table>\\n<\\/body>\\n<\\/html>\",\"replyTo\":\"\",\"sender\":null,\"cc\":\"\",\"bcc\":\"\",\"stringAttachments\":null,\"attachments\":null,\"customHeaders\":null,\"toName\":\"Administrator\",\"bodyTemplate\":\"\",\"htmlBodyTemplate\":\"_emails\\/contact\",\"events\":[\"entries.saveEntry\"],\"sections\":[\"7\"],\"statuses\":[],\"triggers\":[\"new\"],\"extraConditionals\":\"\",\"__model__\":\"Craft\\\\Postmaster_DefaultParcelTypeSettingsModel\"},\"data\":{\"entry\":{\"id\":\"79\",\"enabled\":1,\"archived\":0,\"locale\":\"en_us\",\"localeEnabled\":1,\"slug\":\"enquiry-test-test-example-com-sun-29-nov-2015-120308\",\"uri\":null,\"dateCreated\":null,\"dateUpdated\":null,\"root\":null,\"lft\":null,\"rgt\":null,\"level\":null,\"sectionId\":\"7\",\"typeId\":\"10\",\"authorId\":\"65\",\"postDate\":\"2015-11-29 12:03:08\",\"expiryDate\":null,\"parentId\":null,\"revisionNotes\":null,\"__model__\":\"Craft\\\\EntryModel\"},\"isNewEntry\":1},\"senderId\":0,\"sendDate\":\"2015-11-29 12:03:08\",\"queueId\":0,\"__model__\":\"Craft\\\\Postmaster_TransportModel\"}','2015-11-29 12:03:08','2015-11-29 12:03:08','1a6f8186-524f-409d-9851-07a9ae7b2639'),(3,1,'[]','200','Craft','{\"service\":{\"__class__\":\"Craft\\\\Plugins\\\\Postmaster\\\\Services\\\\CraftService\",\"settings\":{}},\"settings\":{\"fromEmail\":\"test@test.com\",\"fromName\":\"Test\",\"toEmail\":\"admin@keepitlocalsa.com\",\"toFirstName\":null,\"toLastName\":null,\"subject\":\"Enquiry submission from Test\",\"body\":null,\"htmlBody\":\"<!DOCTYPE html PUBLIC \\\"-\\/\\/W3C\\/\\/DTD XHTML 1.0 Strict\\/\\/EN\\\" \\\"http:\\/\\/www.w3.org\\/TR\\/xhtml1\\/DTD\\/xhtml1-strict.dtd\\\">\\n\\n<html xmlns=\\\"http:\\/\\/www.w3.org\\/1999\\/xhtml\\\">\\n<head>\\n    <meta http-equiv=\\\"Content-Type\\\" content=\\\"text\\/html; charset=utf-8\\\" \\/>\\n    <meta name=\\\"viewport\\\" content=\\\"width=device-width, initial-scale=1.0\\\"\\/>\\n    <title>Email Base<\\/title>\\n    <style type=\\\"text\\/css\\\">\\n\\n        body {\\n            font-family: sans-serif;\\n            width:100% !important;\\n            -webkit-text-size-adjust:100%;\\n            -ms-text-size-adjust:100%;\\n            margin:0;\\n            padding:0;\\n        }\\n\\n        img { outline:none; text-decoration:none; -ms-interpolation-mode: bicubic; display: block;}\\n        a img { border:none;}\\n        p { margin: 1em 0;}\\n\\n        h1, h3, h4, h5, h6 {\\n            color: black !important;\\n            font-weight: normal\\n        }\\n\\n        h1 a, h2 a, h3 a, h4 a, h5 a, h6 a {\\n            color: blue !important;\\n        }\\n\\n        h1 a:active, h2 a:active,  h3 a:active, h4 a:active, h5 a:active, h6 a:active {\\n            color: red !important;\\n        }\\n\\n        h1 a:visited, h2 a:visited,  h3 a:visited, h4 a:visited, h5 a:visited, h6 a:visited {\\n            color: purple !important;\\n        }\\n\\n        h2 {\\n            font-size: 16px;\\n            line-height: 25px;\\n            margin: 0em 0em 1em;\\n            font-weight: normal !important;\\n        }\\n        p {\\n            font-family: Verdana, Arial, sans-serif;\\n            font-size: 12px;\\n            line-height: 18px;\\n            color: #444444;\\n        }\\n\\n        table td {border-collapse: collapse;}\\n        table, tr, td {\\n            border-collapse: collapse;\\n            vertical-align: top;\\n            border: 0;\\n        }\\n\\n        a {color: #E72486;}\\n\\n        #content {\\n            margin-top: 30px;\\n            background: #fff;\\n            border: 2px solid #efefef;\\n        }\\n\\n        .table {\\n            border: 0;\\n        }\\n\\n        .table td {\\n            border: 0;\\n            border-top: 1px solid #dddddd;\\n            padding: 8px 0;\\n        }\\n\\n        .table tr:last-child td {\\n            border-bottom: 1px solid #dddddd;\\n        }\\n\\n        #footer {\\n            font-size:14px;\\n        }\\n\\n    <\\/style>\\n\\n    <!--[if gte mso 9]>\\n    <style>\\n        \\/* Target Outlook 2007 and 2010 *\\/\\n    <\\/style>\\n    <![endif]-->\\n<\\/head>\\n<body>\\n<table id=\\\"content\\\" cellpadding=\\\"0\\\" cellspacing=\\\"0\\\" border=\\\"0\\\" align=\\\"center\\\" width=\\\"600\\\">\\n    <tr>\\n        <td valign=\\\"top\\\" style=\\\"padding: 20px; text-align: center\\\">\\n            <img src=\\\"http:\\/\\/default2016.dev\\/uploads\\/_AUTOx100_crop_center-center\\/default-logo.jpg\\\" alt=\\\"Default2016\\\" style=\\\"display: inline\\\">\\n        <\\/td>\\n    <\\/tr>\\n\\n    <tr>\\n        <td valign=\\\"top\\\" style=\\\"padding: 0 20px;\\\">\\n                <h1>Enquiry submission<\\/h1>\\n        <table width=\\\"100%\\\" class=\\\"table\\\">\\n                                                        <tr>\\n                    <td width=\\\"150\\\" valign=\\\"top\\\"><strong>Full name<\\/strong><\\/td>\\n                    <td valign=\\\"top\\\">Test<\\/td>\\n                <\\/tr>\\n                                                            <tr>\\n                    <td width=\\\"150\\\" valign=\\\"top\\\"><strong>Email address<\\/strong><\\/td>\\n                    <td valign=\\\"top\\\">test@test.com<\\/td>\\n                <\\/tr>\\n                                                            <tr>\\n                    <td width=\\\"150\\\" valign=\\\"top\\\"><strong>Message<\\/strong><\\/td>\\n                    <td valign=\\\"top\\\">qweqwe\\r\\n<\\/td>\\n                <\\/tr>\\n                                                            <tr>\\n                    <td width=\\\"150\\\" valign=\\\"top\\\"><strong>To Email<\\/strong><\\/td>\\n                    <td valign=\\\"top\\\">admin@keepitlocalsa.com<\\/td>\\n                <\\/tr>\\n                        <\\/table>\\n        <\\/td>\\n    <\\/tr>\\n    <tr>\\n        <td valign=\\\"top\\\" style=\\\"padding: 20px; text-align: center;\\\" id=\\\"footer\\\">\\n            &copy; 2015 Default2016\\n        <\\/td>\\n    <\\/tr>\\n<\\/table>\\n<\\/body>\\n<\\/html>\",\"replyTo\":\"\",\"sender\":null,\"cc\":\"\",\"bcc\":\"\",\"stringAttachments\":null,\"attachments\":null,\"customHeaders\":null,\"toName\":\"Administrator\",\"bodyTemplate\":\"\",\"htmlBodyTemplate\":\"_emails\\/contact\",\"events\":[\"entries.saveEntry\"],\"sections\":[\"7\"],\"statuses\":[],\"triggers\":[\"new\"],\"extraConditionals\":\"\",\"__model__\":\"Craft\\\\Postmaster_DefaultParcelTypeSettingsModel\"},\"data\":{\"entry\":{\"id\":\"80\",\"enabled\":1,\"archived\":0,\"locale\":\"en_us\",\"localeEnabled\":1,\"slug\":\"enquiry-test-test-test-com-sun-29-nov-2015-120632\",\"uri\":null,\"dateCreated\":null,\"dateUpdated\":null,\"root\":null,\"lft\":null,\"rgt\":null,\"level\":null,\"sectionId\":\"7\",\"typeId\":\"10\",\"authorId\":\"65\",\"postDate\":\"2015-11-29 12:06:32\",\"expiryDate\":null,\"parentId\":null,\"revisionNotes\":null,\"__model__\":\"Craft\\\\EntryModel\"},\"isNewEntry\":1},\"senderId\":0,\"sendDate\":\"2015-11-29 12:06:33\",\"queueId\":0,\"__model__\":\"Craft\\\\Postmaster_TransportModel\"}','2015-11-29 12:06:33','2015-11-29 12:06:33','76daaddb-2fa5-4a30-a8db-1666755a6f65'),(4,1,'[]','200','Craft','{\"service\":{\"__class__\":\"Craft\\\\Plugins\\\\Postmaster\\\\Services\\\\CraftService\",\"settings\":{}},\"settings\":{\"fromEmail\":\"test@example.com\",\"fromName\":\"Test\",\"toEmail\":\"admin@keepitlocalsa.com\",\"toFirstName\":null,\"toLastName\":null,\"subject\":\"Enquiry submission from Test\",\"body\":null,\"htmlBody\":\"<!DOCTYPE html PUBLIC \\\"-\\/\\/W3C\\/\\/DTD XHTML 1.0 Strict\\/\\/EN\\\" \\\"http:\\/\\/www.w3.org\\/TR\\/xhtml1\\/DTD\\/xhtml1-strict.dtd\\\">\\n\\n<html xmlns=\\\"http:\\/\\/www.w3.org\\/1999\\/xhtml\\\">\\n<head>\\n    <meta http-equiv=\\\"Content-Type\\\" content=\\\"text\\/html; charset=utf-8\\\" \\/>\\n    <meta name=\\\"viewport\\\" content=\\\"width=device-width, initial-scale=1.0\\\"\\/>\\n    <title>Email Base<\\/title>\\n    <style type=\\\"text\\/css\\\">\\n\\n        body {\\n            font-family: sans-serif;\\n            width:100% !important;\\n            -webkit-text-size-adjust:100%;\\n            -ms-text-size-adjust:100%;\\n            margin:0;\\n            padding:0;\\n            color: #444;\\n        }\\n\\n        img { outline:none; text-decoration:none; -ms-interpolation-mode: bicubic; display: block;}\\n        a img { border:none;}\\n        p { margin: 1em 0;}\\n\\n        h1, h3, h4, h5, h6 {\\n            color: #444 !important;\\n            font-weight: normal\\n        }\\n\\n        h1 a, h2 a, h3 a, h4 a, h5 a, h6 a {\\n            color: blue !important;\\n        }\\n\\n        h1 a:active, h2 a:active,  h3 a:active, h4 a:active, h5 a:active, h6 a:active {\\n            color: red !important;\\n        }\\n\\n        h1 a:visited, h2 a:visited,  h3 a:visited, h4 a:visited, h5 a:visited, h6 a:visited {\\n            color: purple !important;\\n        }\\n\\n        h2 {\\n            font-size: 16px;\\n            line-height: 25px;\\n            margin: 0em 0em 1em;\\n            font-weight: normal !important;\\n        }\\n        p {\\n            font-family: sans-serif;\\n            font-size: 12px;\\n            line-height: 18px;\\n            color: #444444;\\n        }\\n\\n        table td {border-collapse: collapse;}\\n        table, tr, td {\\n            border-collapse: collapse;\\n            vertical-align: top;\\n            border: 0;\\n        }\\n\\n        a {\\n            color: #4285f4;\\n        }\\n\\n        #content {\\n            margin-top: 30px;\\n            background: #fff;\\n            border: 2px solid #efefef;\\n        }\\n\\n        .table {\\n            border: 0;\\n        }\\n\\n        .table td {\\n            border: 0;\\n            border-top: 1px solid #dddddd;\\n            padding: 8px 0;\\n        }\\n\\n        .table tr:last-child td {\\n            border-bottom: 1px solid #dddddd;\\n        }\\n\\n        #footer {\\n            font-size:14px;\\n        }\\n\\n    <\\/style>\\n\\n    <!--[if gte mso 9]>\\n    <style>\\n        \\/* Target Outlook 2007 and 2010 *\\/\\n    <\\/style>\\n    <![endif]-->\\n<\\/head>\\n<body>\\n<table id=\\\"content\\\" cellpadding=\\\"0\\\" cellspacing=\\\"0\\\" border=\\\"0\\\" align=\\\"center\\\" width=\\\"600\\\">\\n    <tr>\\n        <td valign=\\\"top\\\" style=\\\"padding: 20px; text-align: center\\\">\\n            <img src=\\\"http:\\/\\/default2016.dev\\/uploads\\/_AUTOx100_crop_center-center\\/default-logo.jpg\\\" alt=\\\"Default2016\\\" style=\\\"display: inline\\\">\\n        <\\/td>\\n    <\\/tr>\\n\\n    <tr>\\n        <td valign=\\\"top\\\" style=\\\"padding: 0 20px;\\\">\\n                <h1>Enquiry submission<\\/h1>\\n        <table width=\\\"100%\\\" class=\\\"table\\\">\\n                                                        <tr>\\n                    <td width=\\\"150\\\" valign=\\\"top\\\"><strong>Full name<\\/strong><\\/td>\\n                    <td valign=\\\"top\\\">Test<\\/td>\\n                <\\/tr>\\n                                                            <tr>\\n                    <td width=\\\"150\\\" valign=\\\"top\\\"><strong>Email address<\\/strong><\\/td>\\n                    <td valign=\\\"top\\\">test@example.com<\\/td>\\n                <\\/tr>\\n                                                            <tr>\\n                    <td width=\\\"150\\\" valign=\\\"top\\\"><strong>Message<\\/strong><\\/td>\\n                    <td valign=\\\"top\\\">test<\\/td>\\n                <\\/tr>\\n                                                            <tr>\\n                    <td width=\\\"150\\\" valign=\\\"top\\\"><strong>To Email<\\/strong><\\/td>\\n                    <td valign=\\\"top\\\">admin@keepitlocalsa.com<\\/td>\\n                <\\/tr>\\n                        <\\/table>\\n        <\\/td>\\n    <\\/tr>\\n    <tr>\\n        <td valign=\\\"top\\\" style=\\\"padding: 20px; text-align: center;\\\" id=\\\"footer\\\">\\n            &copy; 2015 Default2016\\n        <\\/td>\\n    <\\/tr>\\n<\\/table>\\n<\\/body>\\n<\\/html>\",\"replyTo\":\"\",\"sender\":null,\"cc\":\"\",\"bcc\":\"\",\"stringAttachments\":null,\"attachments\":null,\"customHeaders\":null,\"toName\":\"Administrator\",\"bodyTemplate\":\"\",\"htmlBodyTemplate\":\"_emails\\/contact\",\"events\":[\"entries.saveEntry\"],\"sections\":[\"7\"],\"statuses\":[],\"triggers\":[\"new\"],\"extraConditionals\":\"\",\"__model__\":\"Craft\\\\Postmaster_DefaultParcelTypeSettingsModel\"},\"data\":{\"entry\":{\"id\":\"81\",\"enabled\":1,\"archived\":0,\"locale\":\"en_us\",\"localeEnabled\":1,\"slug\":\"enquiry-test-test-example-com-sun-29-nov-2015-120752\",\"uri\":null,\"dateCreated\":null,\"dateUpdated\":null,\"root\":null,\"lft\":null,\"rgt\":null,\"level\":null,\"sectionId\":\"7\",\"typeId\":\"10\",\"authorId\":\"65\",\"postDate\":\"2015-11-29 12:07:52\",\"expiryDate\":null,\"parentId\":null,\"revisionNotes\":null,\"__model__\":\"Craft\\\\EntryModel\"},\"isNewEntry\":1},\"senderId\":0,\"sendDate\":\"2015-11-29 12:07:52\",\"queueId\":0,\"__model__\":\"Craft\\\\Postmaster_TransportModel\"}','2015-11-29 12:07:52','2015-11-29 12:07:52','aa67d993-9511-48fb-ab62-2123c033729b'),(5,1,'[]','200','Craft','{\"service\":{\"__class__\":\"Craft\\\\Plugins\\\\Postmaster\\\\Services\\\\CraftService\",\"settings\":{}},\"settings\":{\"fromEmail\":\"stephen@keepitlocalsa.com\",\"fromName\":\"Stephen\",\"toEmail\":\"admin@keepitlocalsa.com\",\"toFirstName\":null,\"toLastName\":null,\"subject\":\"Enquiry submission from Stephen\",\"body\":null,\"htmlBody\":\"<!DOCTYPE html PUBLIC \\\"-\\/\\/W3C\\/\\/DTD XHTML 1.0 Strict\\/\\/EN\\\" \\\"http:\\/\\/www.w3.org\\/TR\\/xhtml1\\/DTD\\/xhtml1-strict.dtd\\\">\\n\\n<html xmlns=\\\"http:\\/\\/www.w3.org\\/1999\\/xhtml\\\">\\n<head>\\n    <meta http-equiv=\\\"Content-Type\\\" content=\\\"text\\/html; charset=utf-8\\\" \\/>\\n    <meta name=\\\"viewport\\\" content=\\\"width=device-width, initial-scale=1.0\\\"\\/>\\n    <title>Email Base<\\/title>\\n    <style type=\\\"text\\/css\\\">\\n\\n        body {\\n            font-family: sans-serif;\\n            width:100% !important;\\n            -webkit-text-size-adjust:100%;\\n            -ms-text-size-adjust:100%;\\n            margin:0;\\n            padding:0;\\n            color: #444;\\n        }\\n\\n        img { outline:none; text-decoration:none; -ms-interpolation-mode: bicubic; display: block;}\\n        a img { border:none;}\\n        p { margin: 1em 0;}\\n\\n        h1, h3, h4, h5, h6 {\\n            color: #444 !important;\\n            font-weight: normal\\n        }\\n\\n        h1 a, h2 a, h3 a, h4 a, h5 a, h6 a {\\n            color: blue !important;\\n        }\\n\\n        h1 a:active, h2 a:active,  h3 a:active, h4 a:active, h5 a:active, h6 a:active {\\n            color: red !important;\\n        }\\n\\n        h1 a:visited, h2 a:visited,  h3 a:visited, h4 a:visited, h5 a:visited, h6 a:visited {\\n            color: purple !important;\\n        }\\n\\n        h2 {\\n            font-size: 16px;\\n            line-height: 25px;\\n            margin: 0em 0em 1em;\\n            font-weight: normal !important;\\n        }\\n        p {\\n            font-family: sans-serif;\\n            font-size: 12px;\\n            line-height: 18px;\\n            color: #444444;\\n        }\\n\\n        table td {border-collapse: collapse;}\\n        table, tr, td {\\n            border-collapse: collapse;\\n            vertical-align: top;\\n            border: 0;\\n        }\\n\\n        a {\\n            color: #4285f4;\\n        }\\n\\n        #content {\\n            margin-top: 30px;\\n            background: #fff;\\n            border: 2px solid #efefef;\\n        }\\n\\n        .table {\\n            border: 0;\\n        }\\n\\n        .table td {\\n            border: 0;\\n            border-top: 1px solid #dddddd;\\n            padding: 8px 0;\\n        }\\n\\n        .table tr:last-child td {\\n            border-bottom: 1px solid #dddddd;\\n        }\\n\\n        #footer {\\n            font-size:14px;\\n        }\\n\\n    <\\/style>\\n\\n    <!--[if gte mso 9]>\\n    <style>\\n        \\/* Target Outlook 2007 and 2010 *\\/\\n    <\\/style>\\n    <![endif]-->\\n<\\/head>\\n<body>\\n<table id=\\\"content\\\" cellpadding=\\\"0\\\" cellspacing=\\\"0\\\" border=\\\"0\\\" align=\\\"center\\\" width=\\\"600\\\">\\n    <tr>\\n        <td valign=\\\"top\\\" style=\\\"padding: 20px; text-align: center\\\">\\n            <img src=\\\"http:\\/\\/default2016.dev\\/uploads\\/_AUTOx100_crop_center-center\\/default-logo.jpg\\\" alt=\\\"Default2016\\\" style=\\\"display: inline\\\">\\n        <\\/td>\\n    <\\/tr>\\n\\n    <tr>\\n        <td valign=\\\"top\\\" style=\\\"padding: 0 20px;\\\">\\n                <h1>Enquiry submission<\\/h1>\\n        <table width=\\\"100%\\\" class=\\\"table\\\">\\n                                                        <tr>\\n                    <td width=\\\"150\\\" valign=\\\"top\\\"><strong>Full name<\\/strong><\\/td>\\n                    <td valign=\\\"top\\\">Stephen<\\/td>\\n                <\\/tr>\\n                                                            <tr>\\n                    <td width=\\\"150\\\" valign=\\\"top\\\"><strong>Email address<\\/strong><\\/td>\\n                    <td valign=\\\"top\\\">stephen@keepitlocalsa.com<\\/td>\\n                <\\/tr>\\n                                                            <tr>\\n                    <td width=\\\"150\\\" valign=\\\"top\\\"><strong>Message<\\/strong><\\/td>\\n                    <td valign=\\\"top\\\">test\\r\\n<\\/td>\\n                <\\/tr>\\n                                                            <tr>\\n                    <td width=\\\"150\\\" valign=\\\"top\\\"><strong>To Email<\\/strong><\\/td>\\n                    <td valign=\\\"top\\\">admin@keepitlocalsa.com<\\/td>\\n                <\\/tr>\\n                        <\\/table>\\n        <\\/td>\\n    <\\/tr>\\n    <tr>\\n        <td valign=\\\"top\\\" style=\\\"padding: 20px; text-align: center;\\\" id=\\\"footer\\\">\\n            &copy; 2015 Default2016\\n        <\\/td>\\n    <\\/tr>\\n<\\/table>\\n<\\/body>\\n<\\/html>\",\"replyTo\":\"\",\"sender\":null,\"cc\":\"\",\"bcc\":\"\",\"stringAttachments\":null,\"attachments\":null,\"customHeaders\":null,\"toName\":\"Administrator\",\"bodyTemplate\":\"\",\"htmlBodyTemplate\":\"_emails\\/contact\",\"events\":[\"entries.saveEntry\"],\"sections\":[\"7\"],\"statuses\":[],\"triggers\":[\"new\"],\"extraConditionals\":\"\",\"__model__\":\"Craft\\\\Postmaster_DefaultParcelTypeSettingsModel\"},\"data\":{\"entry\":{\"id\":\"82\",\"enabled\":1,\"archived\":0,\"locale\":\"en_us\",\"localeEnabled\":1,\"slug\":\"enquiry-stephen-stephen-keepitlocalsa-com-sun-29-nov-2015-121110\",\"uri\":null,\"dateCreated\":null,\"dateUpdated\":null,\"root\":null,\"lft\":null,\"rgt\":null,\"level\":null,\"sectionId\":\"7\",\"typeId\":\"10\",\"authorId\":\"65\",\"postDate\":\"2015-11-29 12:11:10\",\"expiryDate\":null,\"parentId\":null,\"revisionNotes\":null,\"__model__\":\"Craft\\\\EntryModel\"},\"isNewEntry\":1},\"senderId\":0,\"sendDate\":\"2015-11-29 12:11:10\",\"queueId\":0,\"__model__\":\"Craft\\\\Postmaster_TransportModel\"}','2015-11-29 12:11:10','2015-11-29 12:11:10','eccf8ff7-1e27-4686-9b9a-1aa323f9e11c'),(6,1,'[]','200','Craft','{\"service\":{\"__class__\":\"Craft\\\\Plugins\\\\Postmaster\\\\Services\\\\CraftService\",\"settings\":{}},\"settings\":{\"fromEmail\":\"stephen@keepitlocalsa.com\",\"fromName\":\"Stephen\",\"toEmail\":\"admin@keepitlocalsa.com\",\"toFirstName\":null,\"toLastName\":null,\"subject\":\"Enquiry submission from Stephen\",\"body\":null,\"htmlBody\":\"<!DOCTYPE html PUBLIC \\\"-\\/\\/W3C\\/\\/DTD XHTML 1.0 Strict\\/\\/EN\\\" \\\"http:\\/\\/www.w3.org\\/TR\\/xhtml1\\/DTD\\/xhtml1-strict.dtd\\\">\\n\\n<html xmlns=\\\"http:\\/\\/www.w3.org\\/1999\\/xhtml\\\">\\n<head>\\n  <meta http-equiv=\\\"Content-Type\\\" content=\\\"text\\/html; charset=utf-8\\\"\\/>\\n  <meta name=\\\"viewport\\\" content=\\\"width=device-width, initial-scale=1.0\\\"\\/>\\n  <title>Email Base<\\/title>\\n  <style type=\\\"text\\/css\\\">\\n\\n    body {\\n      font-family: sans-serif;\\n      width: 100% !important;\\n      -webkit-text-size-adjust: 100%;\\n      -ms-text-size-adjust: 100%;\\n      margin: 0;\\n      padding: 0;\\n      color: #444;\\n    }\\n\\n    img {\\n      outline: none;\\n      text-decoration: none;\\n      -ms-interpolation-mode: bicubic;\\n      display: block;\\n    }\\n\\n    a img {\\n      border: none;\\n    }\\n\\n    p {\\n      margin: 1em 0;\\n    }\\n\\n    h1, h3, h4, h5, h6 {\\n      color: #444 !important;\\n      font-weight: normal !important;\\n    }\\n\\n    h1 a, h2 a, h3 a, h4 a, h5 a, h6 a {\\n      color: blue !important;\\n    }\\n\\n    h1 a:active, h2 a:active, h3 a:active, h4 a:active, h5 a:active, h6 a:active {\\n      color: red !important;\\n    }\\n\\n    h1 a:visited, h2 a:visited, h3 a:visited, h4 a:visited, h5 a:visited, h6 a:visited {\\n      color: purple !important;\\n    }\\n\\n    h2 {\\n      font-size: 16px;\\n      line-height: 25px;\\n      margin: 0 0 1em;\\n    }\\n\\n    p {\\n      font-family: sans-serif;\\n      font-size: 12px;\\n      line-height: 18px;\\n      color: #444444;\\n    }\\n\\n    table td {\\n      border-collapse: collapse;\\n    }\\n\\n    table, tr, td {\\n      border-collapse: collapse;\\n      vertical-align: top;\\n      border: 0;\\n    }\\n\\n    a {\\n      color: #4285f4;\\n    }\\n\\n    #content {\\n      margin-top: 30px;\\n      background: #fff;\\n      border: 2px solid #efefef;\\n    }\\n\\n    .table {\\n      border: 0;\\n    }\\n\\n    .table td {\\n      border: 0;\\n      border-top: 1px solid #dddddd;\\n      padding: 8px 0;\\n    }\\n\\n    .table tr:last-child td {\\n      border-bottom: 1px solid #dddddd;\\n    }\\n\\n    #footer {\\n      font-size: 14px;\\n    }\\n\\n  <\\/style>\\n\\n  <!--[if gte mso 9]>\\n  <style>\\n    \\/* Target Outlook 2007 and 2010 *\\/\\n  <\\/style>\\n  <![endif]-->\\n<\\/head>\\n<body>\\n<table id=\\\"content\\\" cellpadding=\\\"0\\\" cellspacing=\\\"0\\\" border=\\\"0\\\" align=\\\"center\\\" width=\\\"600\\\">\\n  <tr>\\n    <td valign=\\\"top\\\" style=\\\"padding: 20px; text-align: center\\\">\\n      <img src=\\\"http:\\/\\/default2016.dev\\/uploads\\/_AUTOx100_crop_center-center\\/default-logo.jpg\\\" alt=\\\"Default2016\\\" style=\\\"display: inline\\\">\\n    <\\/td>\\n  <\\/tr>\\n\\n  <tr>\\n    <td valign=\\\"top\\\" style=\\\"padding: 0 20px;\\\">\\n          <h1>Enquiry submission<\\/h1>\\n        <table width=\\\"100%\\\" class=\\\"table\\\">\\n                                                        <tr>\\n                    <td width=\\\"150\\\" valign=\\\"top\\\"><strong>Full name<\\/strong><\\/td>\\n                    <td valign=\\\"top\\\">Stephen<\\/td>\\n                <\\/tr>\\n                                                            <tr>\\n                    <td width=\\\"150\\\" valign=\\\"top\\\"><strong>Email address<\\/strong><\\/td>\\n                    <td valign=\\\"top\\\">stephen@keepitlocalsa.com<\\/td>\\n                <\\/tr>\\n                                                            <tr>\\n                    <td width=\\\"150\\\" valign=\\\"top\\\"><strong>Message<\\/strong><\\/td>\\n                    <td valign=\\\"top\\\">asdf<\\/td>\\n                <\\/tr>\\n                                                            <tr>\\n                    <td width=\\\"150\\\" valign=\\\"top\\\"><strong>To Email<\\/strong><\\/td>\\n                    <td valign=\\\"top\\\">admin@keepitlocalsa.com<\\/td>\\n                <\\/tr>\\n                        <\\/table>\\n    <\\/td>\\n  <\\/tr>\\n  <tr>\\n    <td valign=\\\"top\\\" style=\\\"padding: 20px; text-align: center;\\\" id=\\\"footer\\\">\\n      &copy; 2015 Default2016\\n    <\\/td>\\n  <\\/tr>\\n<\\/table>\\n<\\/body>\\n<\\/html>\",\"replyTo\":\"\",\"sender\":null,\"cc\":\"\",\"bcc\":\"\",\"stringAttachments\":null,\"attachments\":null,\"customHeaders\":null,\"toName\":\"Administrator\",\"bodyTemplate\":\"\",\"htmlBodyTemplate\":\"_emails\\/contact\",\"events\":[\"entries.saveEntry\"],\"sections\":[\"7\"],\"statuses\":[],\"triggers\":[\"new\"],\"extraConditionals\":\"\",\"__model__\":\"Craft\\\\Postmaster_DefaultParcelTypeSettingsModel\"},\"data\":{\"entry\":{\"id\":\"84\",\"enabled\":1,\"archived\":0,\"locale\":\"en_us\",\"localeEnabled\":1,\"slug\":\"enquiry-stephen-stephen-keepitlocalsa-com-mon-30-nov-2015-093804\",\"uri\":null,\"dateCreated\":null,\"dateUpdated\":null,\"root\":null,\"lft\":null,\"rgt\":null,\"level\":null,\"sectionId\":\"7\",\"typeId\":\"10\",\"authorId\":\"65\",\"postDate\":\"2015-11-30 09:38:04\",\"expiryDate\":null,\"parentId\":null,\"revisionNotes\":null,\"__model__\":\"Craft\\\\EntryModel\"},\"isNewEntry\":1},\"senderId\":0,\"sendDate\":\"2015-11-30 09:38:04\",\"queueId\":0,\"__model__\":\"Craft\\\\Postmaster_TransportModel\"}','2015-11-30 09:38:05','2015-11-30 09:38:05','5a367323-93d0-43ed-a0b9-39c853e89635'),(7,1,'[]','200','Craft','{\"service\":{\"__class__\":\"Craft\\\\Plugins\\\\Postmaster\\\\Services\\\\CraftService\",\"settings\":{}},\"settings\":{\"fromEmail\":\"stephen@keepitlocalsa.com\",\"fromName\":\"stephen\",\"toEmail\":\"admin@keepitlocalsa.com\",\"toFirstName\":null,\"toLastName\":null,\"subject\":\"Enquiry submission from stephen\",\"body\":null,\"htmlBody\":\"<!DOCTYPE html PUBLIC \\\"-\\/\\/W3C\\/\\/DTD XHTML 1.0 Strict\\/\\/EN\\\" \\\"http:\\/\\/www.w3.org\\/TR\\/xhtml1\\/DTD\\/xhtml1-strict.dtd\\\">\\n\\n<html xmlns=\\\"http:\\/\\/www.w3.org\\/1999\\/xhtml\\\">\\n<head>\\n  <meta http-equiv=\\\"Content-Type\\\" content=\\\"text\\/html; charset=utf-8\\\"\\/>\\n  <meta name=\\\"viewport\\\" content=\\\"width=device-width, initial-scale=1.0\\\"\\/>\\n  <title>Email Base<\\/title>\\n  <style type=\\\"text\\/css\\\">\\n\\n    body {\\n      font-family: sans-serif;\\n      width: 100% !important;\\n      -webkit-text-size-adjust: 100%;\\n      -ms-text-size-adjust: 100%;\\n      margin: 0;\\n      padding: 0;\\n      color: #444;\\n    }\\n\\n    img {\\n      outline: none;\\n      text-decoration: none;\\n      -ms-interpolation-mode: bicubic;\\n      display: block;\\n    }\\n\\n    a img {\\n      border: none;\\n    }\\n\\n    p {\\n      margin: 1em 0;\\n    }\\n\\n    h1, h3, h4, h5, h6 {\\n      color: #444 !important;\\n      font-weight: normal !important;\\n    }\\n\\n    h1 a, h2 a, h3 a, h4 a, h5 a, h6 a {\\n      color: blue !important;\\n    }\\n\\n    h1 a:active, h2 a:active, h3 a:active, h4 a:active, h5 a:active, h6 a:active {\\n      color: red !important;\\n    }\\n\\n    h1 a:visited, h2 a:visited, h3 a:visited, h4 a:visited, h5 a:visited, h6 a:visited {\\n      color: purple !important;\\n    }\\n\\n    h2 {\\n      font-size: 16px;\\n      line-height: 25px;\\n      margin: 0 0 1em;\\n    }\\n\\n    p {\\n      font-family: sans-serif;\\n      font-size: 12px;\\n      line-height: 18px;\\n      color: #444444;\\n    }\\n\\n    table td {\\n      border-collapse: collapse;\\n    }\\n\\n    table, tr, td {\\n      border-collapse: collapse;\\n      vertical-align: top;\\n      border: 0;\\n    }\\n\\n    a {\\n      color: #4285f4;\\n    }\\n\\n    #content {\\n      margin-top: 30px;\\n      background: #fff;\\n      border: 2px solid #efefef;\\n    }\\n\\n    .table {\\n      border: 0;\\n    }\\n\\n    .table td {\\n      border: 0;\\n      border-top: 1px solid #dddddd;\\n      padding: 8px 0;\\n    }\\n\\n    .table tr:last-child td {\\n      border-bottom: 1px solid #dddddd;\\n    }\\n\\n    #footer {\\n      font-size: 14px;\\n    }\\n\\n  <\\/style>\\n\\n  <!--[if gte mso 9]>\\n  <style>\\n    \\/* Target Outlook 2007 and 2010 *\\/\\n  <\\/style>\\n  <![endif]-->\\n<\\/head>\\n<body>\\n<table id=\\\"content\\\" cellpadding=\\\"0\\\" cellspacing=\\\"0\\\" border=\\\"0\\\" align=\\\"center\\\" width=\\\"600\\\">\\n  <tr>\\n    <td valign=\\\"top\\\" style=\\\"padding: 20px; text-align: center\\\">\\n      <img src=\\\"http:\\/\\/default2016.dev\\/cpresources\\/transforms\\/11?x=sMR3AGSlF\\\" alt=\\\"Default2016\\\" style=\\\"display: inline\\\">\\n    <\\/td>\\n  <\\/tr>\\n\\n  <tr>\\n    <td valign=\\\"top\\\" style=\\\"padding: 0 20px;\\\">\\n          <h1>Enquiry submission<\\/h1>\\n        <table width=\\\"100%\\\" class=\\\"table\\\">\\n                                                        <tr>\\n                    <td width=\\\"150\\\" valign=\\\"top\\\"><strong>Full name<\\/strong><\\/td>\\n                    <td valign=\\\"top\\\">stephen<\\/td>\\n                <\\/tr>\\n                                                            <tr>\\n                    <td width=\\\"150\\\" valign=\\\"top\\\"><strong>Email address<\\/strong><\\/td>\\n                    <td valign=\\\"top\\\">stephen@keepitlocalsa.com<\\/td>\\n                <\\/tr>\\n                                                            <tr>\\n                    <td width=\\\"150\\\" valign=\\\"top\\\"><strong>Message<\\/strong><\\/td>\\n                    <td valign=\\\"top\\\">qwe<\\/td>\\n                <\\/tr>\\n                                                            <tr>\\n                    <td width=\\\"150\\\" valign=\\\"top\\\"><strong>Verification<\\/strong><\\/td>\\n                    <td valign=\\\"top\\\">1<\\/td>\\n                <\\/tr>\\n                        <\\/table>\\n    <\\/td>\\n  <\\/tr>\\n  <tr>\\n    <td valign=\\\"top\\\" style=\\\"padding: 20px; text-align: center;\\\" id=\\\"footer\\\">\\n      &copy; 2016 Default2016\\n    <\\/td>\\n  <\\/tr>\\n<\\/table>\\n<\\/body>\\n<\\/html>\",\"replyTo\":\"\",\"sender\":null,\"cc\":\"\",\"bcc\":\"admin@keepitlocalsa.com\",\"stringAttachments\":null,\"attachments\":null,\"customHeaders\":null,\"toName\":\"Administrator\",\"bodyTemplate\":\"\",\"htmlBodyTemplate\":\"_emails\\/contact-form\",\"events\":[\"entries.saveEntry\"],\"sections\":[\"7\"],\"statuses\":[],\"triggers\":[\"new\"],\"extraConditionals\":\"\",\"__model__\":\"Craft\\\\Postmaster_DefaultParcelTypeSettingsModel\"},\"data\":{\"entry\":{\"id\":\"102\",\"enabled\":1,\"archived\":0,\"locale\":\"en_us\",\"localeEnabled\":1,\"slug\":\"enquiry-stephen-stephen-keepitlocalsa-com-sat-03-sep-2016-143021\",\"uri\":null,\"dateCreated\":\"2016-09-03 14:30:22\",\"dateUpdated\":\"2016-09-03 14:30:22\",\"root\":null,\"lft\":null,\"rgt\":null,\"level\":null,\"searchScore\":null,\"sectionId\":\"7\",\"typeId\":\"10\",\"authorId\":\"65\",\"postDate\":\"2016-09-03 14:30:21\",\"expiryDate\":null,\"parentId\":null,\"revisionNotes\":null,\"__model__\":\"Craft\\\\EntryModel\"},\"isNewEntry\":1},\"senderId\":0,\"sendDate\":\"2016-09-03 14:30:22\",\"queueId\":0,\"__model__\":\"Craft\\\\Postmaster_TransportModel\"}','2016-09-03 14:30:22','2016-09-03 14:30:22','9189268c-d998-4f9c-b49b-d047d781c4b3'),(8,1,'[]','200','Craft','{\"service\":{\"__class__\":\"Craft\\\\Plugins\\\\Postmaster\\\\Services\\\\CraftService\",\"settings\":{}},\"settings\":{\"fromEmail\":\"stephen@keepitlocalsa.com\",\"fromName\":\"Stephen\",\"toEmail\":\"admin@keepitlocalsa.com\",\"toFirstName\":null,\"toLastName\":null,\"subject\":\"Enquiry submission from Stephen\",\"body\":null,\"htmlBody\":\"<!DOCTYPE html PUBLIC \\\"-\\/\\/W3C\\/\\/DTD XHTML 1.0 Strict\\/\\/EN\\\" \\\"http:\\/\\/www.w3.org\\/TR\\/xhtml1\\/DTD\\/xhtml1-strict.dtd\\\">\\n\\n<html xmlns=\\\"http:\\/\\/www.w3.org\\/1999\\/xhtml\\\">\\n<head>\\n  <meta http-equiv=\\\"Content-Type\\\" content=\\\"text\\/html; charset=utf-8\\\"\\/>\\n  <meta name=\\\"viewport\\\" content=\\\"width=device-width, initial-scale=1.0\\\"\\/>\\n  <title>Email Base<\\/title>\\n  <style type=\\\"text\\/css\\\">\\n\\n    body {\\n      font-family: sans-serif;\\n      width: 100% !important;\\n      -webkit-text-size-adjust: 100%;\\n      -ms-text-size-adjust: 100%;\\n      margin: 0;\\n      padding: 0;\\n      color: #444;\\n    }\\n\\n    img {\\n      outline: none;\\n      text-decoration: none;\\n      -ms-interpolation-mode: bicubic;\\n      display: block;\\n    }\\n\\n    a img {\\n      border: none;\\n    }\\n\\n    p {\\n      margin: 1em 0;\\n    }\\n\\n    h1, h3, h4, h5, h6 {\\n      color: #444 !important;\\n      font-weight: normal !important;\\n    }\\n\\n    h1 a, h2 a, h3 a, h4 a, h5 a, h6 a {\\n      color: blue !important;\\n    }\\n\\n    h1 a:active, h2 a:active, h3 a:active, h4 a:active, h5 a:active, h6 a:active {\\n      color: red !important;\\n    }\\n\\n    h1 a:visited, h2 a:visited, h3 a:visited, h4 a:visited, h5 a:visited, h6 a:visited {\\n      color: purple !important;\\n    }\\n\\n    h2 {\\n      font-size: 16px;\\n      line-height: 25px;\\n      margin: 0 0 1em;\\n    }\\n\\n    p {\\n      font-family: sans-serif;\\n      font-size: 12px;\\n      line-height: 18px;\\n      color: #444444;\\n    }\\n\\n    table td {\\n      border-collapse: collapse;\\n    }\\n\\n    table, tr, td {\\n      border-collapse: collapse;\\n      vertical-align: top;\\n      border: 0;\\n    }\\n\\n    a {\\n      color: #4285f4;\\n    }\\n\\n    #content {\\n      margin-top: 30px;\\n      background: #fff;\\n      border: 2px solid #efefef;\\n    }\\n\\n    .table {\\n      border: 0;\\n    }\\n\\n    .table td {\\n      border: 0;\\n      border-top: 1px solid #dddddd;\\n      padding: 8px 0;\\n    }\\n\\n    .table tr:last-child td {\\n      border-bottom: 1px solid #dddddd;\\n    }\\n\\n    #footer {\\n      font-size: 14px;\\n    }\\n\\n  <\\/style>\\n\\n  <!--[if gte mso 9]>\\n  <style>\\n    \\/* Target Outlook 2007 and 2010 *\\/\\n  <\\/style>\\n  <![endif]-->\\n<\\/head>\\n<body>\\n<table id=\\\"content\\\" cellpadding=\\\"0\\\" cellspacing=\\\"0\\\" border=\\\"0\\\" align=\\\"center\\\" width=\\\"600\\\">\\n  <tr>\\n    <td valign=\\\"top\\\" style=\\\"padding: 20px; text-align: center\\\">\\n      <img src=\\\"http:\\/\\/default2016.dev\\/uploads\\/files\\/_AUTOx100_crop_center-center\\/default-logo.jpg\\\" alt=\\\"Default2016\\\" style=\\\"display: inline\\\">\\n    <\\/td>\\n  <\\/tr>\\n\\n  <tr>\\n    <td valign=\\\"top\\\" style=\\\"padding: 0 20px;\\\">\\n          <h1>Enquiry submission<\\/h1>\\n        <table width=\\\"100%\\\" class=\\\"table\\\">\\n                                                        <tr>\\n                    <td width=\\\"150\\\" valign=\\\"top\\\"><strong>Full name<\\/strong><\\/td>\\n                    <td valign=\\\"top\\\">Stephen<\\/td>\\n                <\\/tr>\\n                                                            <tr>\\n                    <td width=\\\"150\\\" valign=\\\"top\\\"><strong>Email address<\\/strong><\\/td>\\n                    <td valign=\\\"top\\\">stephen@keepitlocalsa.com<\\/td>\\n                <\\/tr>\\n                                                            <tr>\\n                    <td width=\\\"150\\\" valign=\\\"top\\\"><strong>Message<\\/strong><\\/td>\\n                    <td valign=\\\"top\\\">asdf<\\/td>\\n                <\\/tr>\\n                                                            <tr>\\n                    <td width=\\\"150\\\" valign=\\\"top\\\"><strong>Verification<\\/strong><\\/td>\\n                    <td valign=\\\"top\\\">1<\\/td>\\n                <\\/tr>\\n                        <\\/table>\\n    <\\/td>\\n  <\\/tr>\\n  <tr>\\n    <td valign=\\\"top\\\" style=\\\"padding: 20px; text-align: center;\\\" id=\\\"footer\\\">\\n      &copy; 2016 Default2016\\n    <\\/td>\\n  <\\/tr>\\n<\\/table>\\n<\\/body>\\n<\\/html>\",\"replyTo\":\"\",\"sender\":null,\"cc\":\"\",\"bcc\":\"admin@keepitlocalsa.com\",\"stringAttachments\":null,\"attachments\":null,\"customHeaders\":null,\"toName\":\"Administrator\",\"bodyTemplate\":\"\",\"htmlBodyTemplate\":\"_emails\\/contact-form\",\"events\":[\"entries.saveEntry\"],\"sections\":[\"7\"],\"statuses\":[],\"triggers\":[\"new\"],\"extraConditionals\":\"\",\"__model__\":\"Craft\\\\Postmaster_DefaultParcelTypeSettingsModel\"},\"data\":{\"entry\":{\"id\":\"103\",\"enabled\":1,\"archived\":0,\"locale\":\"en_us\",\"localeEnabled\":1,\"slug\":\"enquiry-stephen-stephen-keepitlocalsa-com-sat-03-sep-2016-145533\",\"uri\":null,\"dateCreated\":\"2016-09-03 14:55:34\",\"dateUpdated\":\"2016-09-03 14:55:34\",\"root\":null,\"lft\":null,\"rgt\":null,\"level\":null,\"searchScore\":null,\"sectionId\":\"7\",\"typeId\":\"10\",\"authorId\":\"65\",\"postDate\":\"2016-09-03 14:55:33\",\"expiryDate\":null,\"parentId\":null,\"revisionNotes\":null,\"__model__\":\"Craft\\\\EntryModel\"},\"isNewEntry\":1},\"senderId\":0,\"sendDate\":\"2016-09-03 14:55:34\",\"queueId\":0,\"__model__\":\"Craft\\\\Postmaster_TransportModel\"}','2016-09-03 14:55:34','2016-09-03 14:55:34','0ddf6c04-69ca-4d8a-8730-228b5b83d290'),(9,1,'[]','200','Craft','{\"service\":{\"__class__\":\"Craft\\\\Plugins\\\\Postmaster\\\\Services\\\\CraftService\",\"settings\":{}},\"settings\":{\"fromEmail\":\"tina@keepitlocalsa.com\",\"fromName\":\"dfh\",\"toEmail\":\"admin@keepitlocalsa.com\",\"toFirstName\":null,\"toLastName\":null,\"subject\":\"Enquiry submission from dfh\",\"body\":null,\"htmlBody\":\"<!DOCTYPE html PUBLIC \\\"-\\/\\/W3C\\/\\/DTD XHTML 1.0 Strict\\/\\/EN\\\" \\\"http:\\/\\/www.w3.org\\/TR\\/xhtml1\\/DTD\\/xhtml1-strict.dtd\\\">\\n\\n<html xmlns=\\\"http:\\/\\/www.w3.org\\/1999\\/xhtml\\\">\\n<head>\\n  <meta http-equiv=\\\"Content-Type\\\" content=\\\"text\\/html; charset=utf-8\\\"\\/>\\n  <meta name=\\\"viewport\\\" content=\\\"width=device-width, initial-scale=1.0\\\"\\/>\\n  <title>Email Base<\\/title>\\n  <style type=\\\"text\\/css\\\">\\n\\n    body {\\n      font-family: sans-serif;\\n      width: 100% !important;\\n      -webkit-text-size-adjust: 100%;\\n      -ms-text-size-adjust: 100%;\\n      margin: 0;\\n      padding: 0;\\n      color: #444;\\n    }\\n\\n    img {\\n      outline: none;\\n      text-decoration: none;\\n      -ms-interpolation-mode: bicubic;\\n      display: block;\\n    }\\n\\n    a img {\\n      border: none;\\n    }\\n\\n    p {\\n      margin: 1em 0;\\n    }\\n\\n    h1, h3, h4, h5, h6 {\\n      color: #444 !important;\\n      font-weight: normal !important;\\n    }\\n\\n    h1 a, h2 a, h3 a, h4 a, h5 a, h6 a {\\n      color: blue !important;\\n    }\\n\\n    h1 a:active, h2 a:active, h3 a:active, h4 a:active, h5 a:active, h6 a:active {\\n      color: red !important;\\n    }\\n\\n    h1 a:visited, h2 a:visited, h3 a:visited, h4 a:visited, h5 a:visited, h6 a:visited {\\n      color: purple !important;\\n    }\\n\\n    h2 {\\n      font-size: 16px;\\n      line-height: 25px;\\n      margin: 0 0 1em;\\n    }\\n\\n    p {\\n      font-family: sans-serif;\\n      font-size: 12px;\\n      line-height: 18px;\\n      color: #444444;\\n    }\\n\\n    table td {\\n      border-collapse: collapse;\\n    }\\n\\n    table, tr, td {\\n      border-collapse: collapse;\\n      vertical-align: top;\\n      border: 0;\\n    }\\n\\n    a {\\n      color: #4285f4;\\n    }\\n\\n    #content {\\n      margin-top: 30px;\\n      background: #fff;\\n      border: 2px solid #efefef;\\n    }\\n\\n    .table {\\n      border: 0;\\n    }\\n\\n    .table td {\\n      border: 0;\\n      border-top: 1px solid #dddddd;\\n      padding: 8px 0;\\n    }\\n\\n    .table tr:last-child td {\\n      border-bottom: 1px solid #dddddd;\\n    }\\n\\n    #footer {\\n      font-size: 14px;\\n    }\\n\\n  <\\/style>\\n\\n  <!--[if gte mso 9]>\\n  <style>\\n    \\/* Target Outlook 2007 and 2010 *\\/\\n  <\\/style>\\n  <![endif]-->\\n<\\/head>\\n<body>\\n<table id=\\\"content\\\" cellpadding=\\\"0\\\" cellspacing=\\\"0\\\" border=\\\"0\\\" align=\\\"center\\\" width=\\\"600\\\">\\n  <tr>\\n    <td valign=\\\"top\\\" style=\\\"padding: 20px; text-align: center\\\">\\n      <img src=\\\"http:\\/\\/default2016.dev\\/uploads\\/files\\/_AUTOx100_crop_center-center\\/default-logo.jpg\\\" alt=\\\"Default2016\\\" style=\\\"display: inline\\\">\\n    <\\/td>\\n  <\\/tr>\\n\\n  <tr>\\n    <td valign=\\\"top\\\" style=\\\"padding: 0 20px;\\\">\\n          <h1>Enquiry submission<\\/h1>\\n        <table width=\\\"100%\\\" class=\\\"table\\\">\\n                                                        <tr>\\n                    <td width=\\\"150\\\" valign=\\\"top\\\"><strong>Full name<\\/strong><\\/td>\\n                    <td valign=\\\"top\\\">dfh<\\/td>\\n                <\\/tr>\\n                                                            <tr>\\n                    <td width=\\\"150\\\" valign=\\\"top\\\"><strong>Email address<\\/strong><\\/td>\\n                    <td valign=\\\"top\\\">tina@keepitlocalsa.com<\\/td>\\n                <\\/tr>\\n                                                            <tr>\\n                    <td width=\\\"150\\\" valign=\\\"top\\\"><strong>Message<\\/strong><\\/td>\\n                    <td valign=\\\"top\\\">hghfas<\\/td>\\n                <\\/tr>\\n                                                            <tr>\\n                    <td width=\\\"150\\\" valign=\\\"top\\\"><strong>Verification<\\/strong><\\/td>\\n                    <td valign=\\\"top\\\">1<\\/td>\\n                <\\/tr>\\n                        <\\/table>\\n    <\\/td>\\n  <\\/tr>\\n  <tr>\\n    <td valign=\\\"top\\\" style=\\\"padding: 20px; text-align: center;\\\" id=\\\"footer\\\">\\n      &copy; 2016 Default2016\\n    <\\/td>\\n  <\\/tr>\\n<\\/table>\\n<\\/body>\\n<\\/html>\",\"replyTo\":\"\",\"sender\":null,\"cc\":\"\",\"bcc\":\"admin@keepitlocalsa.com\",\"stringAttachments\":null,\"attachments\":null,\"customHeaders\":null,\"toName\":\"Administrator\",\"bodyTemplate\":\"\",\"htmlBodyTemplate\":\"_emails\\/contact-form\",\"events\":[\"entries.saveEntry\"],\"sections\":[\"7\"],\"statuses\":[],\"triggers\":[\"new\"],\"extraConditionals\":\"\",\"__model__\":\"Craft\\\\Postmaster_DefaultParcelTypeSettingsModel\"},\"data\":{\"entry\":{\"id\":\"104\",\"enabled\":1,\"archived\":0,\"locale\":\"en_us\",\"localeEnabled\":1,\"slug\":\"enquiry-dfh-tina-keepitlocalsa-com-mon-07-nov-2016-064648\",\"uri\":null,\"dateCreated\":\"2016-11-07 06:46:49\",\"dateUpdated\":\"2016-11-07 06:46:49\",\"root\":null,\"lft\":null,\"rgt\":null,\"level\":null,\"searchScore\":null,\"sectionId\":\"7\",\"typeId\":\"10\",\"authorId\":\"65\",\"postDate\":\"2016-11-07 06:46:48\",\"expiryDate\":null,\"parentId\":null,\"revisionNotes\":null,\"__model__\":\"Craft\\\\EntryModel\"},\"isNewEntry\":1},\"senderId\":0,\"sendDate\":\"2016-11-07 06:46:49\",\"queueId\":0,\"__model__\":\"Craft\\\\Postmaster_TransportModel\"}','2016-11-07 06:46:50','2016-11-07 06:46:50','b89130a8-84d2-4ad2-9da1-5b7183384d95');
/*!40000 ALTER TABLE `craft_postmastertransportresponses` ENABLE KEYS */;
UNLOCK TABLES;

--
-- Table structure for table `craft_rackspaceaccess`
--

DROP TABLE IF EXISTS `craft_rackspaceaccess`;
/*!40101 SET @saved_cs_client     = @@character_set_client */;
/*!40101 SET character_set_client = utf8 */;
CREATE TABLE `craft_rackspaceaccess` (
  `id` int(11) NOT NULL AUTO_INCREMENT,
  `connectionKey` varchar(255) COLLATE utf8_unicode_ci NOT NULL,
  `token` varchar(255) COLLATE utf8_unicode_ci NOT NULL,
  `storageUrl` varchar(255) COLLATE utf8_unicode_ci NOT NULL,
  `cdnUrl` varchar(255) COLLATE utf8_unicode_ci NOT NULL,
  `dateCreated` datetime NOT NULL,
  `dateUpdated` datetime NOT NULL,
  `uid` char(36) COLLATE utf8_unicode_ci NOT NULL DEFAULT '0',
  PRIMARY KEY (`id`),
  UNIQUE KEY `craft_rackspaceaccess_connectionKey_unq_idx` (`connectionKey`)
) ENGINE=InnoDB DEFAULT CHARSET=utf8 COLLATE=utf8_unicode_ci;
/*!40101 SET character_set_client = @saved_cs_client */;

--
-- Dumping data for table `craft_rackspaceaccess`
--

LOCK TABLES `craft_rackspaceaccess` WRITE;
/*!40000 ALTER TABLE `craft_rackspaceaccess` DISABLE KEYS */;
/*!40000 ALTER TABLE `craft_rackspaceaccess` ENABLE KEYS */;
UNLOCK TABLES;

--
-- Table structure for table `craft_relations`
--

DROP TABLE IF EXISTS `craft_relations`;
/*!40101 SET @saved_cs_client     = @@character_set_client */;
/*!40101 SET character_set_client = utf8 */;
CREATE TABLE `craft_relations` (
  `id` int(11) NOT NULL AUTO_INCREMENT,
  `fieldId` int(11) NOT NULL,
  `sourceId` int(11) NOT NULL,
  `sourceLocale` char(12) COLLATE utf8_unicode_ci DEFAULT NULL,
  `targetId` int(11) NOT NULL,
  `sortOrder` smallint(6) DEFAULT NULL,
  `dateCreated` datetime NOT NULL,
  `dateUpdated` datetime NOT NULL,
  `uid` char(36) COLLATE utf8_unicode_ci NOT NULL DEFAULT '0',
  PRIMARY KEY (`id`),
  UNIQUE KEY `craft_relations_fieldId_sourceId_sourceLocale_targetId_unq_idx` (`fieldId`,`sourceId`,`sourceLocale`,`targetId`),
  KEY `craft_relations_sourceId_fk` (`sourceId`),
  KEY `craft_relations_sourceLocale_fk` (`sourceLocale`),
  KEY `craft_relations_targetId_fk` (`targetId`),
  CONSTRAINT `craft_relations_fieldId_fk` FOREIGN KEY (`fieldId`) REFERENCES `craft_fields` (`id`) ON DELETE CASCADE,
  CONSTRAINT `craft_relations_sourceId_fk` FOREIGN KEY (`sourceId`) REFERENCES `craft_elements` (`id`) ON DELETE CASCADE,
  CONSTRAINT `craft_relations_sourceLocale_fk` FOREIGN KEY (`sourceLocale`) REFERENCES `craft_locales` (`locale`) ON DELETE CASCADE ON UPDATE CASCADE,
  CONSTRAINT `craft_relations_targetId_fk` FOREIGN KEY (`targetId`) REFERENCES `craft_elements` (`id`) ON DELETE CASCADE
) ENGINE=InnoDB AUTO_INCREMENT=549 DEFAULT CHARSET=utf8 COLLATE=utf8_unicode_ci;
/*!40101 SET character_set_client = @saved_cs_client */;

--
-- Dumping data for table `craft_relations`
--

LOCK TABLES `craft_relations` WRITE;
/*!40000 ALTER TABLE `craft_relations` DISABLE KEYS */;
INSERT INTO `craft_relations` VALUES (244,61,71,NULL,58,1,'2015-11-29 12:02:27','2015-11-29 12:02:27','0ad665a0-3ee7-493d-b4da-8d88137ed47f'),(324,25,60,NULL,70,1,'2017-02-02 16:58:42','2017-02-02 16:58:42','0c50a447-b69e-4673-9ffb-9a7ad313889d'),(325,51,54,NULL,106,1,'2017-02-02 18:19:08','2017-02-02 18:19:08','5481c0c9-5133-4591-bb96-75bb15d20c5f'),(326,51,57,NULL,107,1,'2017-02-02 18:19:08','2017-02-02 18:19:08','8b65ea7b-3eca-4403-8bac-b31b84843a81'),(327,51,55,NULL,108,1,'2017-02-02 18:19:08','2017-02-02 18:19:08','62e5c60a-6ecb-4a4b-97bf-02d741c890ef'),(343,23,123,NULL,121,1,'2017-02-04 16:49:58','2017-02-04 16:49:58','6bf9b5b8-b900-43bd-b4ee-473f11435e86'),(344,23,125,NULL,121,1,'2017-02-04 16:51:29','2017-02-04 16:51:29','c66e58ed-24f1-4848-8b29-3d8fc3d0a5b6'),(345,23,127,NULL,121,1,'2017-02-04 16:53:05','2017-02-04 16:53:05','95dbf26a-c122-45c6-936c-1691e9f2f1e5'),(349,23,3,NULL,132,1,'2017-02-04 17:11:35','2017-02-04 17:11:35','1dff769f-5e4a-4cd2-a171-69b7c347fe62'),(350,23,32,NULL,133,1,'2017-02-04 17:12:24','2017-02-04 17:12:24','621488e3-3d25-4b16-a440-2db8ef3b5b55'),(356,42,109,NULL,107,1,'2017-02-07 16:24:38','2017-02-07 16:24:38','72d592cf-116f-4b82-a406-ba302ccc493f'),(357,42,110,NULL,108,1,'2017-02-07 16:24:38','2017-02-07 16:24:38','26957655-8ea1-4e9b-9fe4-b895b4e08b6b'),(358,42,111,NULL,106,1,'2017-02-07 16:24:39','2017-02-07 16:24:39','62babbe5-bccf-455e-b291-a16fa9c0d393'),(360,23,136,NULL,121,1,'2017-02-07 18:26:07','2017-02-07 18:26:07','e701d943-accc-415b-928a-2c84f4195970'),(361,23,138,NULL,137,1,'2017-02-07 18:44:19','2017-02-07 18:44:19','be4f6871-5083-4462-a700-d8e3f479c798'),(362,23,139,NULL,121,1,'2017-02-07 18:49:59','2017-02-07 18:49:59','13b1ce4a-7424-42ed-9998-103675d67534'),(363,23,143,NULL,142,1,'2017-02-08 11:21:04','2017-02-08 11:21:04','8d22ab4e-f908-4daa-83ae-d44334828e8a'),(364,23,144,NULL,140,1,'2017-02-08 11:21:49','2017-02-08 11:21:49','c3266221-2559-4881-a350-4ed9c9956878'),(365,23,145,NULL,141,1,'2017-02-08 11:22:30','2017-02-08 11:22:30','eb944e27-e94a-467d-97b2-6a952725fff3'),(367,42,147,NULL,121,1,'2017-02-08 15:10:36','2017-02-08 15:10:36','64db9ab6-3f50-419a-a570-9d6509697eb5'),(368,42,148,NULL,121,1,'2017-02-08 15:10:36','2017-02-08 15:10:36','cc687a01-f403-4aa3-83f2-60cda036e0bd'),(369,42,149,NULL,121,1,'2017-02-08 15:10:36','2017-02-08 15:10:36','0ee9867d-49af-4bc3-8aab-b0eee0ef918e'),(376,25,158,NULL,155,1,'2017-02-09 12:02:06','2017-02-09 12:02:06','00e6e95a-a7bd-4554-8d97-76c7d6024a39'),(377,25,160,NULL,92,1,'2017-02-09 12:03:24','2017-02-09 12:03:24','ab0ebb50-feef-4e2b-b4c8-d5445218bebe'),(378,25,161,NULL,113,1,'2017-02-09 12:03:55','2017-02-09 12:03:55','d51cda82-3cf8-4ba6-b1bd-94d67ee4798d'),(379,25,164,NULL,115,1,'2017-02-09 12:06:08','2017-02-09 12:06:08','70be13d8-cce7-47be-9547-c3ee90dc1b55'),(380,25,165,NULL,119,1,'2017-02-09 12:08:17','2017-02-09 12:08:17','61ead4ab-b609-4c6a-8c75-48dad600d6cd'),(383,25,179,NULL,168,1,'2017-02-09 12:19:13','2017-02-09 12:19:13','3d121c4f-a5e8-41e9-8525-fd75fed68cec'),(384,25,180,NULL,170,1,'2017-02-09 12:19:49','2017-02-09 12:19:49','7f5089d2-96f1-44c8-b31a-666a39adcedf'),(385,25,181,NULL,172,1,'2017-02-09 12:21:08','2017-02-09 12:21:08','13abd852-a628-40ba-8122-e35cbed92da1'),(387,25,183,NULL,176,1,'2017-02-09 12:23:27','2017-02-09 12:23:27','be8cf2b0-4fa1-44b9-89e5-8f5d12dab3fd'),(388,25,182,NULL,174,1,'2017-02-09 12:23:46','2017-02-09 12:23:46','72cb2e2a-1efe-4c4c-842c-25facc39f613'),(389,25,26,NULL,155,1,'2017-02-09 14:11:12','2017-02-09 14:11:12','905c970f-90d7-4ec7-a361-d34543240a52'),(393,25,24,NULL,20,1,'2017-02-11 14:29:12','2017-02-11 14:29:12','6fcfdb9b-c600-42b2-b187-eb66a20028c2'),(395,25,157,NULL,20,1,'2017-02-11 14:34:09','2017-02-11 14:34:09','4c5605f6-9054-4a68-92ed-3eec38b116ff'),(397,25,159,NULL,184,1,'2017-02-11 14:50:31','2017-02-11 14:50:31','11c43fde-802e-47fa-9698-b69fce48483f'),(398,42,197,NULL,190,1,'2017-02-11 18:28:49','2017-02-11 18:28:49','0b34b1a9-a053-47c0-a23c-e79e961232ca'),(399,42,198,NULL,187,1,'2017-02-11 18:28:49','2017-02-11 18:28:49','57caf215-8436-48a7-8376-07d4bd13ed8d'),(400,42,199,NULL,191,1,'2017-02-11 18:28:49','2017-02-11 18:28:49','b284a6a5-2eed-4d22-b874-1171c4080f1b'),(401,42,200,NULL,130,1,'2017-02-11 18:28:50','2017-02-11 18:28:50','2962982e-9ae6-4c73-a34b-aa4892f2a564'),(402,23,96,NULL,130,1,'2017-02-11 18:29:34','2017-02-11 18:29:34','377e8e55-b221-4481-a302-c792e6b55862'),(403,18,201,NULL,196,1,'2017-02-11 18:29:35','2017-02-11 18:29:35','be038a5e-53be-4d3a-85e8-a69aafa1e62b'),(420,79,217,NULL,213,1,'2017-02-12 21:46:08','2017-02-12 21:46:08','3b59d57f-5f7f-44b6-8444-4bbb9bcad737'),(421,79,218,NULL,214,1,'2017-02-12 21:46:08','2017-02-12 21:46:08','b8e23c5e-d5da-4686-bd39-9cefa62449a1'),(422,79,219,NULL,215,1,'2017-02-12 21:46:08','2017-02-12 21:46:08','27ad2b15-9de0-4f9d-aca4-d4b13e9f7c90'),(434,83,229,NULL,213,1,'2017-02-12 22:59:31','2017-02-12 22:59:31','b4928650-ecec-4fc2-8798-79a009c6ff98'),(435,83,230,NULL,214,1,'2017-02-12 22:59:31','2017-02-12 22:59:31','36aae2fb-497a-4e1f-817c-20b54d4747ac'),(436,83,231,NULL,215,1,'2017-02-12 22:59:31','2017-02-12 22:59:31','b6cbc95c-122c-4f40-a6ba-3574c900b0ce'),(443,18,237,NULL,233,1,'2017-02-12 23:11:01','2017-02-12 23:11:01','bbe893d8-bbd6-4fdb-aa8f-7b70a48934dc'),(452,18,22,NULL,47,1,'2017-02-13 00:04:40','2017-02-13 00:04:40','3153141b-caaa-4e7f-9442-658294488fe5'),(453,18,238,NULL,233,1,'2017-02-13 00:04:40','2017-02-13 00:04:40','c718e0f0-de9d-41cb-ab2d-f30695c63394'),(454,18,150,NULL,146,1,'2017-02-13 00:04:41','2017-02-13 00:04:41','6838481d-a80b-48dc-9204-8a829117c1ba'),(457,23,248,NULL,247,1,'2017-02-17 08:50:03','2017-02-17 08:50:03','19261800-570e-402a-8067-f0447d4797b2'),(458,23,250,NULL,249,1,'2017-02-17 08:51:11','2017-02-17 08:51:11','07abc152-7213-4fb8-bddc-fcd5731ffcb8'),(459,23,252,NULL,251,1,'2017-02-17 08:52:10','2017-02-17 08:52:10','04f93193-fe78-4963-85fb-66f6ae5ff936'),(494,23,153,NULL,284,1,'2017-03-18 12:48:49','2017-03-18 12:48:49','968ca3bf-d89a-476c-83de-11af30018260'),(495,23,152,NULL,285,1,'2017-03-18 12:49:38','2017-03-18 12:49:38','d0b319f8-8461-4551-9796-f070a57d69d9'),(496,23,154,NULL,286,1,'2017-03-18 12:51:18','2017-03-18 12:51:18','183ac960-c210-4207-b8f6-8306a59e3378'),(497,83,234,NULL,287,1,'2017-03-18 12:55:58','2017-03-18 12:55:58','93966237-0326-417d-a189-e27e9134a341'),(498,83,235,NULL,288,1,'2017-03-18 12:55:59','2017-03-18 12:55:59','75d3ef10-38e1-4d53-820a-2b5a8f853781'),(499,83,236,NULL,289,1,'2017-03-18 12:55:59','2017-03-18 12:55:59','f43d582e-8f7b-4ebb-b7c5-c41b80de36a0'),(500,83,225,NULL,202,1,'2017-03-18 13:06:48','2017-03-18 13:06:48','33032f17-29ab-480c-bd5d-2db010406781'),(501,83,226,NULL,202,1,'2017-03-18 13:06:48','2017-03-18 13:06:48','69e0dbe5-38fd-4abd-8ca0-91898fbf3e3f'),(502,83,227,NULL,202,1,'2017-03-18 13:06:48','2017-03-18 13:06:48','5adc5a35-f6ac-468d-84b3-88ff84c0be2d'),(503,18,228,NULL,221,1,'2017-03-18 13:06:51','2017-03-18 13:06:51','4ed94386-a304-4aaf-aa94-60076b166017'),(504,18,241,NULL,239,1,'2017-03-18 13:08:08','2017-03-18 13:08:08','107f1c4b-8dd7-4dfe-8f61-4580f1c5ee64'),(505,18,220,NULL,216,1,'2017-03-18 13:10:53','2017-03-18 13:10:53','226e9cd1-e900-4658-b6df-cb806f4b7a72'),(506,25,95,NULL,242,1,'2017-03-26 19:32:08','2017-03-26 19:32:08','d343d8d7-ff91-4b2b-879d-eb3be07c07a9'),(522,25,25,NULL,242,1,'2017-03-26 19:49:26','2017-03-26 19:49:26','89ac2032-4a67-41b2-84f7-e583886a9ace'),(523,77,206,NULL,202,1,'2017-03-28 22:02:41','2017-03-28 22:02:41','7be8a8e8-333d-4052-9741-e02fd66dadb2'),(524,18,204,NULL,205,1,'2017-03-28 22:02:44','2017-03-28 22:02:44','47114cf1-c713-4acf-9121-b918a52c927b'),(525,32,27,NULL,135,1,'2017-03-28 22:09:44','2017-03-28 22:09:44','d2584aca-bfa4-462c-8bcc-b769fdaf0d49'),(526,28,27,NULL,134,1,'2017-03-28 22:09:44','2017-03-28 22:09:44','712c517f-378b-4b9a-9a24-7b08b8ea781e'),(528,83,261,NULL,247,1,'2017-03-28 22:14:24','2017-03-28 22:14:24','1fa49d1b-7170-4b54-9b28-79ce235c3c1a'),(529,83,262,NULL,249,1,'2017-03-28 22:14:24','2017-03-28 22:14:24','481fd954-6031-4086-b3fc-09ad573acc79'),(530,83,263,NULL,251,1,'2017-03-28 22:14:24','2017-03-28 22:14:24','fb1b0a1e-5e05-4155-8cff-b7e67f672a20'),(531,83,273,NULL,271,1,'2017-03-28 22:16:24','2017-03-28 22:16:24','4b25bda2-8db5-4d5d-aa2e-2813d7b5ec84'),(532,83,274,NULL,271,1,'2017-03-28 22:16:24','2017-03-28 22:16:24','1b4e146b-4a1c-472b-8f4c-9c979befb728'),(533,83,275,NULL,271,1,'2017-03-28 22:16:24','2017-03-28 22:16:24','b2170ca3-e61f-4e13-81b7-5aeed214fd9c'),(534,83,276,NULL,271,1,'2017-03-28 22:16:24','2017-03-28 22:16:24','4e432f53-d3d0-498f-a0a2-2baa303b0274'),(535,83,277,NULL,271,1,'2017-03-28 22:16:24','2017-03-28 22:16:24','ade1b28e-1c97-4730-8c90-e8e677370f11'),(536,83,278,NULL,271,1,'2017-03-28 22:16:24','2017-03-28 22:16:24','0da72da9-56ef-4f32-a361-e376968e4765'),(537,83,268,NULL,121,1,'2017-03-28 22:17:48','2017-03-28 22:17:48','6721cea3-6a27-4ff6-a9fc-bf122db0dd88'),(538,83,269,NULL,121,1,'2017-03-28 22:17:48','2017-03-28 22:17:48','44cc4182-9f49-4851-bc4a-dc18c2efc62e'),(539,83,270,NULL,121,1,'2017-03-28 22:17:48','2017-03-28 22:17:48','acda30e7-31ae-4491-81f8-fcefcf04d2d6'),(544,42,265,NULL,106,1,'2017-03-28 22:29:44','2017-03-28 22:29:44','3727af8c-9b71-4e62-a747-c78602e20209'),(545,18,266,NULL,264,1,'2017-03-28 22:29:48','2017-03-28 22:29:48','49b9700c-dee6-40d2-9a1a-a3c7de885b51'),(546,18,244,NULL,260,1,'2017-03-28 22:29:48','2017-03-28 22:29:48','2cce7287-3cd3-43c0-af54-b90d7af52df3'),(547,18,280,NULL,272,1,'2017-03-28 22:29:48','2017-03-28 22:29:48','5ffc10f5-fd10-46cb-9b09-7e48cba9791a'),(548,18,282,NULL,267,1,'2017-03-28 22:29:48','2017-03-28 22:29:48','26156931-583e-4613-9565-12c478fbedea');
/*!40000 ALTER TABLE `craft_relations` ENABLE KEYS */;
UNLOCK TABLES;

--
-- Table structure for table `craft_routes`
--

DROP TABLE IF EXISTS `craft_routes`;
/*!40101 SET @saved_cs_client     = @@character_set_client */;
/*!40101 SET character_set_client = utf8 */;
CREATE TABLE `craft_routes` (
  `id` int(11) NOT NULL AUTO_INCREMENT,
  `locale` char(12) COLLATE utf8_unicode_ci DEFAULT NULL,
  `urlParts` varchar(255) COLLATE utf8_unicode_ci NOT NULL,
  `urlPattern` varchar(255) COLLATE utf8_unicode_ci NOT NULL,
  `template` varchar(255) COLLATE utf8_unicode_ci NOT NULL,
  `sortOrder` smallint(6) unsigned DEFAULT NULL,
  `dateCreated` datetime NOT NULL,
  `dateUpdated` datetime NOT NULL,
  `uid` char(36) COLLATE utf8_unicode_ci NOT NULL DEFAULT '0',
  PRIMARY KEY (`id`),
  UNIQUE KEY `craft_routes_urlPattern_unq_idx` (`urlPattern`),
  KEY `craft_routes_locale_idx` (`locale`),
  CONSTRAINT `craft_routes_locale_fk` FOREIGN KEY (`locale`) REFERENCES `craft_locales` (`locale`) ON DELETE CASCADE ON UPDATE CASCADE
) ENGINE=InnoDB DEFAULT CHARSET=utf8 COLLATE=utf8_unicode_ci;
/*!40101 SET character_set_client = @saved_cs_client */;

--
-- Dumping data for table `craft_routes`
--

LOCK TABLES `craft_routes` WRITE;
/*!40000 ALTER TABLE `craft_routes` DISABLE KEYS */;
/*!40000 ALTER TABLE `craft_routes` ENABLE KEYS */;
UNLOCK TABLES;

--
-- Table structure for table `craft_searchindex`
--

DROP TABLE IF EXISTS `craft_searchindex`;
/*!40101 SET @saved_cs_client     = @@character_set_client */;
/*!40101 SET character_set_client = utf8 */;
CREATE TABLE `craft_searchindex` (
  `elementId` int(11) NOT NULL,
  `attribute` varchar(25) COLLATE utf8_unicode_ci NOT NULL,
  `fieldId` int(11) NOT NULL,
  `locale` char(12) COLLATE utf8_unicode_ci NOT NULL,
  `keywords` text COLLATE utf8_unicode_ci NOT NULL,
  PRIMARY KEY (`elementId`,`attribute`,`fieldId`,`locale`),
  FULLTEXT KEY `craft_searchindex_keywords_idx` (`keywords`)
) ENGINE=MyISAM DEFAULT CHARSET=utf8 COLLATE=utf8_unicode_ci;
/*!40101 SET character_set_client = @saved_cs_client */;

--
-- Dumping data for table `craft_searchindex`
--

LOCK TABLES `craft_searchindex` WRITE;
/*!40000 ALTER TABLE `craft_searchindex` DISABLE KEYS */;
INSERT INTO `craft_searchindex` VALUES (4,'filename',0,'en_us',' lorem 3 jpg '),(4,'extension',0,'en_us',' jpg '),(4,'kind',0,'en_us',' image '),(4,'slug',0,'en_us',' lorem 3 '),(4,'title',0,'en_us',' lorem image 3 '),(4,'field',16,'en_us',''),(4,'field',17,'en_us',''),(6,'filename',0,'en_us',' lorem 1 jpg '),(6,'extension',0,'en_us',' jpg '),(6,'kind',0,'en_us',' image '),(6,'slug',0,'en_us',' lorem 1 '),(6,'title',0,'en_us',' lorem image 1 '),(6,'field',16,'en_us',' joe smith '),(6,'field',17,'en_us',' http www google com '),(28,'filename',0,'en_us',' 500x500 png '),(28,'extension',0,'en_us',' png '),(28,'kind',0,'en_us',' image '),(28,'slug',0,'en_us',' 500x500 '),(28,'title',0,'en_us',' 500x500 '),(28,'field',16,'en_us',''),(28,'field',17,'en_us',''),(2,'slug',0,'en_us',' homepage '),(2,'title',0,'en_us',' home page '),(2,'field',1,'en_us',' home page slideshow how it works we ve ensured that your experience be beyond satisfying experiences '),(3,'slug',0,'en_us',''),(3,'title',0,'en_us',' let the waves lift your soul along south africa s sun soaked coast '),(3,'field',13,'en_us',' let the waves lift your soul along south africa s sun soaked coast '),(3,'field',19,'en_us',''),(3,'field',15,'en_us',' john smith '),(3,'field',20,'en_us',''),(3,'field',23,'en_us',' sat ct penguins ret lr rgb 640 317 80auto s '),(3,'field',24,'en_us',''),(3,'field',21,'en_us',' with close to 2700km of coastline south africa is an ocean side lover s dream from the golden beaches of kwazulu natal to the marine life wonderlands of the western cape there s no shortage of fun to be had on south africa s sun soaked coasts '),(3,'field',1,'en_us',' with close to 2700km of coastline south africa is an ocean side lover s dream from the golden beaches of kwazulu natal to the marine life wonderlands of the western cape there s no shortage of fun to be had on south africa s sun soaked coasts there s nothing more amazing than getting right up close to a thousand dancing and diving dolphins their splashes speckling your camera lens with water nothing stops time like the explosion of sound and feeling of pure awe as a southern right whale breaches the blue ocean just metres away from you no moment is more dreamlike than standing in frozen silence witnessing baby loggerhead turtles hatch in the moonlight and make their awkward way to the ocean for the very first time these are the moments that make south africa special and there are plenty more of them to be seen and felt along our 2700km of coastline it s more than just the place where the cool atlantic and warm indian oceans meet it s where the folklore of fishing communities is as charming and real today as it ever was where perfect beaches lure you into staying all day and the freshest flavours of the sea are piled onto your plate at seaside restaurants or right there on the sand while the smell of the ocean fills your lungs explore south africa s natural wetlands where fauna and vegetation range from thickets and woodlands to marshes forests and reed home to hippo crocodiles black rhino thousands of fish and bird species that go on with life just like they have for thousands of years be a welcomed guest in their world go hiking along famous trails crossing secret beaches jumping over hidden rock pools and stopping to watch ocean sunsets with only the waves for company come experience beach days that feel like they should never end and the finest beach side hotels to spoil you when they eventually do south africa s sun soaked coast lies ready all year round to share its secrets adventures and lazy days with you so go ahead explore south africa s sun soaked coast and get ready for the seaside adventure of your dreams '),(144,'field',23,'en_us',' enjoy image 1 aqwhgp '),(144,'field',21,'en_us',' you found the host you want book directly or contact the host to get a 100% personalised offer just as you wish '),(144,'slug',0,'en_us',' step 2 '),(144,'title',0,'en_us',' step 2 '),(145,'field',13,'en_us',''),(145,'field',23,'en_us',' book image 1a ik oy b '),(145,'field',21,'en_us',' you re there your host welcomes you enjoy this memorable experience together '),(145,'slug',0,'en_us',' step 3 '),(145,'title',0,'en_us',' step 3 '),(146,'field',41,'en_us',' 100% with locals image place holder who you see is who you get the keep it local host you book is the host that welcomes you 100% private image place holder all keep it local experiences are private meaning exclusively for you or your group a 100% taste of the city image place holder from city highlights to hidden gems from food essentials to home dinners our hosts share it with you '),(146,'slug',0,'en_us',' experiences '),(146,'title',0,'en_us',' experiences '),(147,'field',42,'en_us',' image place holder '),(147,'field',43,'en_us',' 100% with locals '),(20,'slug',0,'en_us',' about keep it local '),(20,'title',0,'en_us',' about keep it local '),(20,'field',13,'en_us',' about keep it local '),(20,'field',19,'en_us',''),(20,'field',1,'en_us',' keep it local launched in 2017 after identifying a gap in the local travel market our website gives you the opportunity to experience our cape town like a local with a local keep it local is 100% safe and secure all hosts are personally vetted by our staff and their reviews displayed on their profile local south africans will be given the opportunity to share their lives and activities with travellers and make extra money our hosts are ordinary people who loves to entertain and invite travellers into their lives keep it local gives our hosts the opportunity to run their own business '),(20,'field',20,'en_us',''),(20,'field',24,'en_us',''),(24,'slug',0,'en_us',' about keep it local '),(24,'title',0,'en_us',' about us '),(24,'field',25,'en_us',' about keep it local '),(25,'slug',0,'en_us',' become a local '),(25,'title',0,'en_us',' become a local '),(25,'field',26,'en_us',' become a local '),(26,'slug',0,'en_us',' how it works '),(26,'title',0,'en_us',' how it works '),(26,'field',26,'en_us',''),(32,'slug',0,'en_us',' from the roots of all humanity to a human story that inspired the world '),(32,'title',0,'en_us',' from the roots of all humanity to a human story that inspired the world '),(32,'field',13,'en_us',' from the roots of all humanity to a human story that inspired the world '),(32,'field',19,'en_us',''),(32,'field',15,'en_us',' john smith '),(32,'field',20,'en_us',''),(32,'field',23,'en_us',' sat kzn sardine run 1 ret lr rgb 620 400 80auto s c1 center top '),(32,'field',24,'en_us',''),(32,'field',21,'en_us',' it was here that the world s human story first began a staggering four million years ago today a world heritage site south africa s cradle of humankind stands as humbling evidence of the earliest origin of modern humans who lived and evolved here at the tip of the continent before spreading to the rest of the world '),(32,'field',1,'en_us',' it was here that the world s human story first began a staggering four million years ago today a world heritage site south africa s cradle of humankind stands as humbling evidence of the earliest origin of modern humans who lived and evolved here at the tip of the continent before spreading to the rest of the world this is where it all started and we can t wait to welcome you home the spirit of ancient africa can still be seen today at the site of the lost iron age kingdom of mapungubwe an advanced civilisation famous for its gold which was traded as far as asia hundreds of years ago that spirit lives on in culture tradition and myths none more fascinating than the limpopo province s rain queen modjadji who still rules today journey back to a time of war in kwazulu natal and walk the haunting battlefields where the mighty zulu kingdom fought under the reign of the warrior king shaka zulu then meet the proud zulu culture of today at one of many cultural villages and be charmed by their famous animal prints art food and traditions passed down over centuries of course you can t leave south africa without immersing yourself in the inspiring story of nelson mandela follow his footsteps from humble beginnings at mvezo in the eastern cape to his former home in soweto and on to the tiny prison cell on robben island where he spent 18 of his 27 years in prison '),(160,'field',73,'en_us',' letsstart '),(160,'slug',0,'en_us',' finding a local '),(160,'title',0,'en_us',' finding a local '),(161,'field',25,'en_us',' booking advice '),(161,'field',26,'en_us',' pages booking advice '),(161,'field',73,'en_us',' letsstart '),(161,'slug',0,'en_us',' booking advice '),(161,'title',0,'en_us',' booking advice '),(162,'field',25,'en_us',''),(162,'field',26,'en_us',' blog '),(162,'field',73,'en_us',' letsstart '),(162,'slug',0,'en_us',' blog '),(162,'title',0,'en_us',' blog '),(163,'field',25,'en_us',''),(163,'field',26,'en_us',' gallery '),(163,'field',73,'en_us',' letsstart '),(163,'slug',0,'en_us',' gallery '),(163,'title',0,'en_us',' gallery '),(164,'field',25,'en_us',' faq '),(164,'field',26,'en_us',' pages faq '),(164,'field',73,'en_us',' letsstart '),(164,'slug',0,'en_us',' faq '),(164,'title',0,'en_us',' faq '),(165,'field',25,'en_us',' privacy policy '),(165,'field',26,'en_us',' pages privacy policy '),(165,'field',73,'en_us',' letsstart '),(165,'slug',0,'en_us',' privacy policy '),(165,'title',0,'en_us',' privacy policy '),(166,'field',13,'en_us',' meet the team '),(166,'field',1,'en_us',' team '),(204,'field',18,'en_us',' team '),(204,'slug',0,'en_us',''),(205,'slug',0,'en_us',' team '),(205,'title',0,'en_us',' team '),(206,'field',75,'en_us',' lazanne truter founder '),(206,'field',76,'en_us',' i ve hosted many travellers from around the world and some have become my closest friends i love all types of travelling but my best is around a camp fire in my beautiful country '),(206,'field',77,'en_us',' gray image place holder '),(206,'slug',0,'en_us',''),(166,'field',19,'en_us',''),(166,'field',20,'en_us',''),(166,'field',24,'en_us',''),(166,'slug',0,'en_us',' meet the team '),(166,'title',0,'en_us',' meet the team '),(106,'filename',0,'en_us',' cape town 1562907_1920 jpg '),(47,'slug',0,'en_us',' home page slideshow '),(47,'title',0,'en_us',' home page slideshow '),(47,'field',41,'en_us',' explorecape townwith a local south africa 207799 1920 beautiful cape town beautiful 1214780 1920 cape town cape town 1562907 1920 '),(53,'slug',0,'en_us',' first gallery entry '),(53,'title',0,'en_us',' home page banners '),(53,'field',13,'en_us',' first gallery entry '),(53,'field',50,'en_us',' cape town table mountain cape town 1562907 1920 south africa south africa 207799 1920 beautiful waterfront beautiful 1214780 1920 '),(27,'slug',0,'en_us',''),(27,'field',27,'en_us',''),(27,'field',32,'en_us',' keep it local website assets asset 1 '),(27,'field',28,'en_us',' keep it local website assets asset 2 3x '),(27,'field',40,'en_us',' organization '),(27,'field',37,'en_us',' 27 55555555 customer service '),(27,'field',33,'en_us',' facebook https www facebook com keepitlocal co za twitter https twitter com keepitlocalsa '),(52,'slug',0,'en_us',''),(52,'field',45,'en_us',''),(52,'field',46,'en_us',''),(52,'field',47,'en_us',''),(52,'field',48,'en_us',''),(52,'field',49,'en_us',''),(8,'slug',0,'en_us',''),(8,'field',5,'en_us',' with close to 2700km of coastline south africa is an ocean side lover s dream from the golden beaches of kwazulu natal to the marine life wonderlands of the western cape there s no shortage of fun to be had on south africa s sun soaked coasts there s nothing more amazing than getting right up close to a thousand dancing and diving dolphins their splashes speckling your camera lens with water nothing stops time like the explosion of sound and feeling of pure awe as a southern right whale breaches the blue ocean just metres away from you no moment is more dreamlike than standing in frozen silence witnessing baby loggerhead turtles hatch in the moonlight and make their awkward way to the ocean for the very first time these are the moments that make south africa special and there are plenty more of them to be seen and felt along our 2700km of coastline it s more than just the place where the cool atlantic and warm indian oceans meet it s where the folklore of fishing communities is as charming and real today as it ever was where perfect beaches lure you into staying all day and the freshest flavours of the sea are piled onto your plate at seaside restaurants or right there on the sand while the smell of the ocean fills your lungs explore south africa s natural wetlands where fauna and vegetation range from thickets and woodlands to marshes forests and reed home to hippo crocodiles black rhino thousands of fish and bird species that go on with life just like they have for thousands of years be a welcomed guest in their world go hiking along famous trails crossing secret beaches jumping over hidden rock pools and stopping to watch ocean sunsets with only the waves for company come experience beach days that feel like they should never end and the finest beach side hotels to spoil you when they eventually do south africa s sun soaked coast lies ready all year round to share its secrets adventures and lazy days with you so go ahead explore south africa s sun soaked coast and get ready for the seaside adventure of your dreams '),(143,'slug',0,'en_us',' step 1 '),(144,'field',13,'en_us',''),(143,'title',0,'en_us',' step 1 '),(139,'slug',0,'en_us',' 2nd great stay '),(139,'title',0,'en_us',' 2nd great stay '),(140,'field',16,'en_us',''),(140,'field',17,'en_us',''),(140,'field',69,'en_us',' 50% 50% '),(140,'filename',0,'en_us',' enjoy image 1aqwhgp jpg '),(140,'extension',0,'en_us',' jpg '),(140,'kind',0,'en_us',' image '),(140,'slug',0,'en_us',''),(140,'title',0,'en_us',' enjoy image 1 aqwhgp '),(141,'field',16,'en_us',''),(141,'field',17,'en_us',''),(141,'field',69,'en_us',' 50% 50% '),(141,'filename',0,'en_us',' book image 1aikoyb jpg '),(141,'extension',0,'en_us',' jpg '),(141,'kind',0,'en_us',' image '),(141,'slug',0,'en_us',''),(141,'title',0,'en_us',' book image 1a ik oy b '),(142,'field',16,'en_us',''),(142,'field',17,'en_us',''),(142,'field',69,'en_us',' 50% 50% '),(142,'filename',0,'en_us',' find image 14azvcu jpg '),(142,'extension',0,'en_us',' jpg '),(142,'kind',0,'en_us',' image '),(142,'slug',0,'en_us',''),(142,'title',0,'en_us',' find image 14a zvcu '),(143,'field',13,'en_us',''),(143,'field',23,'en_us',' find image 14a zvcu '),(143,'field',21,'en_us',' our hosts share with you the best their city has to offer from highlights to hidden gems from street food to home dinners find them here '),(139,'field',13,'en_us',''),(139,'field',21,'en_us',' this hotel is just divine everything we could have hoped for the most comfortable bed amazing food and first class service nothing was too much trouble we had candles rose petals and champagne in our room and tea snuggled by the fire after dinner it was perfect we can t wait to come back '),(139,'field',23,'en_us',' image place holder '),(136,'field',23,'en_us',' image place holder '),(136,'field',21,'en_us',' i ve a marvellous time in cape town my local took me to so many beautiful places that i wouldn t have dared to alone '),(136,'slug',0,'en_us',' incredible experience '),(136,'title',0,'en_us',' incredible experience '),(137,'field',16,'en_us',''),(137,'field',17,'en_us',''),(137,'field',69,'en_us',' 50% 50% '),(137,'filename',0,'en_us',' avatar075 jpg '),(137,'extension',0,'en_us',' jpg '),(137,'kind',0,'en_us',' image '),(137,'slug',0,'en_us',''),(137,'title',0,'en_us',' avatar075 '),(138,'field',15,'en_us',' robertmperth '),(138,'field',13,'en_us',''),(138,'field',23,'en_us',' avatar075 '),(138,'field',21,'en_us',' we ve just returned from a fantastic stay at the milestone if you re looking for a large contemporary hotel this is not for you but if you re looking for somewhere which is full of history and character where you will be looked after wonderfully then look no further the staff could not have been nicer special mention to the lady '),(138,'slug',0,'en_us',' charming '),(138,'title',0,'en_us',' charming '),(139,'field',15,'en_us',' bill gates '),(135,'kind',0,'en_us',' image '),(135,'slug',0,'en_us',''),(135,'title',0,'en_us',' keep it local website assets asset 1 '),(136,'field',15,'en_us',' ford harrison '),(136,'field',13,'en_us',''),(135,'filename',0,'en_us',' keep it local website assetsasset 1 png '),(135,'extension',0,'en_us',' png '),(135,'field',17,'en_us',''),(135,'field',69,'en_us',' 50% 50% '),(133,'field',69,'en_us',' 50% 50% '),(133,'filename',0,'en_us',' sat_kzn_sardine_run_1_ret_lr_rgb_620_400_80auto_s_c1_center_top jpg '),(133,'extension',0,'en_us',' jpg '),(133,'kind',0,'en_us',' image '),(133,'slug',0,'en_us',''),(133,'title',0,'en_us',' sat kzn sardine run 1 ret lr rgb 620 400 80auto s c1 center top '),(134,'field',16,'en_us',''),(134,'field',17,'en_us',''),(134,'field',69,'en_us',' 50% 50% '),(134,'filename',0,'en_us',' keep it local website assetsasset 2 3x png '),(134,'extension',0,'en_us',' png '),(134,'kind',0,'en_us',' image '),(134,'slug',0,'en_us',''),(134,'title',0,'en_us',' keep it local website assets asset 2 3x '),(135,'field',16,'en_us',''),(133,'field',16,'en_us',''),(133,'field',17,'en_us',''),(21,'slug',0,'en_us',''),(21,'field',5,'en_us',' keep it local launched in 2017 after identifying a gap in the local travel market our website gives you the opportunity to experience our cape town like a local with a local keep it local is 100% safe and secure all hosts are personally vetted by our staff and their reviews displayed on their profile local south africans will be given the opportunity to share their lives and activities with travellers and make extra money our hosts are ordinary people who loves to entertain and invite travellers into their lives keep it local gives our hosts the opportunity to run their own business '),(22,'slug',0,'en_us',''),(22,'field',18,'en_us',' home page slideshow '),(23,'slug',0,'en_us',''),(23,'field',5,'en_us',' we ve ensured that your experience be beyond satisfying '),(29,'slug',0,'en_us',''),(29,'field',38,'en_us',' customer service '),(29,'field',39,'en_us',' 27 55555555 '),(30,'slug',0,'en_us',''),(30,'field',34,'en_us',' facebook '),(30,'field',35,'en_us',' https www facebook com keepitlocal co za '),(31,'slug',0,'en_us',''),(31,'field',34,'en_us',' twitter '),(31,'field',35,'en_us',' https twitter com keepitlocalsa '),(160,'field',25,'en_us',' finding a local '),(160,'field',26,'en_us',' pages finding a local '),(34,'slug',0,'en_us',''),(34,'field',5,'en_us',' it was here that the world s human story first began a staggering four million years ago today a world heritage site south africa s cradle of humankind stands as humbling evidence of the earliest origin of modern humans who lived and evolved here at the tip of the continent before spreading to the rest of the world this is where it all started and we can t wait to welcome you home the spirit of ancient africa can still be seen today at the site of the lost iron age kingdom of mapungubwe an advanced civilisation famous for its gold which was traded as far as asia hundreds of years ago that spirit lives on in culture tradition and myths none more fascinating than the limpopo province s rain queen modjadji who still rules today journey back to a time of war in kwazulu natal and walk the haunting battlefields where the mighty zulu kingdom fought under the reign of the warrior king shaka zulu then meet the proud zulu culture of today at one of many cultural villages and be charmed by their famous animal prints art food and traditions passed down over centuries of course you can t leave south africa without immersing yourself in the inspiring story of nelson mandela follow his footsteps from humble beginnings at mvezo in the eastern cape to his former home in soweto and on to the tiny prison cell on robben island where he spent 18 of his 27 years in prison '),(159,'field',73,'en_us',' letsstart '),(159,'title',0,'en_us',' becoming a local '),(159,'slug',0,'en_us',' becoming a local '),(155,'field',19,'en_us',''),(155,'field',20,'en_us',''),(155,'field',24,'en_us',''),(155,'slug',0,'en_us',' how it works '),(155,'title',0,'en_us',' how it works '),(156,'field',5,'en_us',' lorem ipsum dolor sit amet vis saperet delectus eu id vel recusabo facilisis graece tibique periculis eu cum at fabulas omittam nec et vis vitae tantas quaerendum pri inani platonem at vix eu scaevola officiis luptatum iusto putent consequat mel ut dicit nonumes definitiones qui ad ius in possim hendrerit libris electram eos ei inani graece vel ei ipsum melius no mea ea usu ullum alterum vim ut bonorum efficiantur philosophia '),(156,'slug',0,'en_us',''),(157,'field',25,'en_us',' about keep it local '),(157,'field',26,'en_us',' pages about keep it local '),(157,'field',73,'en_us',' letsstart '),(157,'slug',0,'en_us',' about keep it local '),(157,'title',0,'en_us',' about keep it local '),(158,'field',25,'en_us',' how it works '),(158,'field',26,'en_us',' pages how it works '),(158,'field',73,'en_us',' letsstart '),(158,'slug',0,'en_us',' how it works '),(158,'title',0,'en_us',' how it works '),(159,'field',25,'en_us',' becoming a local '),(159,'field',26,'en_us',' pages becoming a local '),(154,'slug',0,'en_us',' a 100 taste of the city '),(154,'title',0,'en_us',' eat with locals '),(155,'field',13,'en_us',' how it works '),(155,'field',1,'en_us',' how it works lorem ipsum dolor sit amet vis saperet delectus eu id vel recusabo facilisis graece tibique periculis eu cum at fabulas omittam nec et vis vitae tantas quaerendum pri inani platonem at vix eu scaevola officiis luptatum iusto putent consequat mel ut dicit nonumes definitiones qui ad ius in possim hendrerit libris electram eos ei inani graece vel ei ipsum melius no mea ea usu ullum alterum vim ut bonorum efficiantur philosophia '),(153,'title',0,'en_us',' tour with locals '),(154,'field',21,'en_us',' experience cape town cuisine in the home of a local '),(284,'field',16,'en_us',''),(154,'field',23,'en_us',' die word rol food truck '),(148,'field',42,'en_us',' image place holder '),(148,'field',43,'en_us',' 100% private '),(148,'field',44,'en_us',''),(148,'field',72,'en_us',' all keep it local experiences are private meaning exclusively for you or your group '),(148,'slug',0,'en_us',''),(149,'field',42,'en_us',' image place holder '),(149,'field',43,'en_us',' a 100% taste of the city '),(149,'field',44,'en_us',''),(149,'field',72,'en_us',' from city highlights to hidden gems from food essentials to home dinners our hosts share it with you '),(149,'slug',0,'en_us',''),(150,'field',18,'en_us',' experiences '),(150,'slug',0,'en_us',''),(238,'field',18,'en_us',' how it works '),(152,'field',23,'en_us',' 3 '),(152,'field',21,'en_us',' from wine farms to kite surfing we ll show you how to cape town '),(152,'slug',0,'en_us',' keep it local '),(152,'title',0,'en_us',' play with locals '),(153,'field',23,'en_us',' hot air baloon cape town tourism '),(153,'field',21,'en_us',' get acquainted with cape town through the eyes of a local '),(153,'slug',0,'en_us',' 100 private '),(54,'field',51,'en_us',' cape town 1562907 1920 '),(54,'field',52,'en_us',' cape town table mountain '),(54,'slug',0,'en_us',''),(57,'field',51,'en_us',' south africa 207799 1920 '),(57,'field',52,'en_us',' south africa '),(57,'slug',0,'en_us',''),(55,'field',51,'en_us',' beautiful 1214780 1920 '),(55,'field',52,'en_us',' beautiful waterfront '),(55,'slug',0,'en_us',''),(58,'field',55,'en_us',' enquiry '),(58,'field',53,'en_us',' admin keepitlocalsa com '),(58,'field',54,'en_us',' thank you we will contact you soon '),(58,'field',56,'en_us',' pages contact us '),(58,'field',57,'en_us',' send '),(58,'slug',0,'en_us',' contact '),(58,'title',0,'en_us',' contact form '),(58,'field',13,'en_us',' contact us '),(106,'field',69,'en_us',' 50% 50% '),(106,'field',17,'en_us',''),(106,'field',16,'en_us',''),(60,'field',25,'en_us',' contact us '),(60,'slug',0,'en_us',' contact '),(60,'title',0,'en_us',' contact '),(72,'field',5,'en_us',' fill in the form below and we ll get back to you as soon as possible '),(72,'slug',0,'en_us',''),(64,'field',16,'en_us',''),(64,'field',17,'en_us',''),(64,'filename',0,'en_us',' lorem 2 jpg '),(64,'extension',0,'en_us',' jpg '),(64,'kind',0,'en_us',' image '),(64,'slug',0,'en_us',' lorem 2 '),(64,'title',0,'en_us',' lorem 2 '),(132,'field',69,'en_us',' 50% 50% '),(132,'filename',0,'en_us',' sat_ct_penguins_ret_lr_rgb_640_317_80auto_s jpg '),(132,'extension',0,'en_us',' jpg '),(132,'kind',0,'en_us',' image '),(132,'slug',0,'en_us',''),(132,'title',0,'en_us',' sat ct penguins ret lr rgb 640 317 80auto s '),(147,'field',44,'en_us',''),(147,'field',72,'en_us',' who you see is who you get the keep it local host you book is the host that welcomes you '),(147,'slug',0,'en_us',''),(132,'field',17,'en_us',''),(132,'field',16,'en_us',''),(65,'username',0,'en_us',' guest keepitlocalsa com '),(65,'firstname',0,'en_us',' guest '),(65,'lastname',0,'en_us',' admin '),(65,'fullname',0,'en_us',' guest admin '),(65,'email',0,'en_us',' guest keepitlocalsa com '),(65,'slug',0,'en_us',''),(81,'title',0,'en_us',' enquiry test test example com sun 29 nov 2015 12 07 52 '),(81,'slug',0,'en_us',''),(81,'field',53,'en_us',' admin keepitlocalsa com '),(81,'field',58,'en_us',' test example com '),(81,'field',60,'en_us',' test '),(81,'field',59,'en_us',' test '),(80,'slug',0,'en_us',''),(80,'title',0,'en_us',' enquiry test test test com sun 29 nov 2015 12 06 32 '),(70,'field',20,'en_us',''),(70,'field',1,'en_us',' fill in the form below and we ll get back to you as soon as possible contact form '),(70,'field',19,'en_us',''),(70,'field',13,'en_us',' contact us '),(70,'field',24,'en_us',''),(70,'slug',0,'en_us',' contact us '),(70,'title',0,'en_us',' contact us '),(71,'field',61,'en_us',' contact form '),(71,'slug',0,'en_us',''),(80,'field',53,'en_us',' admin keepitlocalsa com '),(80,'field',60,'en_us',' qweqwe '),(80,'field',59,'en_us',' test '),(80,'field',58,'en_us',' test test com '),(79,'title',0,'en_us',' enquiry test test example com sun 29 nov 2015 12 03 08 '),(79,'slug',0,'en_us',''),(79,'field',60,'en_us',' test '),(79,'field',53,'en_us',' admin keepitlocalsa com '),(79,'field',58,'en_us',' test example com '),(79,'field',59,'en_us',' test '),(78,'slug',0,'en_us',' default logo '),(78,'title',0,'en_us',' default logo '),(78,'extension',0,'en_us',' jpg '),(78,'kind',0,'en_us',' image '),(78,'filename',0,'en_us',' default logo jpg '),(78,'field',16,'en_us',''),(78,'field',17,'en_us',''),(77,'field',59,'en_us',' stephen '),(77,'field',58,'en_us',' stephen keepitlocalsa com '),(77,'field',60,'en_us',' test '),(77,'field',53,'en_us',' admin keepitlocalsa com '),(77,'slug',0,'en_us',''),(77,'title',0,'en_us',' enquiry stephen stephen keepitlocalsa com sun 29 nov 2015 11 27 26 '),(82,'field',59,'en_us',' stephen '),(82,'field',58,'en_us',' stephen keepitlocalsa com '),(82,'field',60,'en_us',' test '),(82,'field',53,'en_us',' admin keepitlocalsa com '),(82,'slug',0,'en_us',''),(82,'title',0,'en_us',' enquiry stephen stephen keepitlocalsa com sun 29 nov 2015 12 11 10 '),(27,'field',62,'en_us',''),(27,'field',64,'en_us',''),(27,'field',63,'en_us',''),(84,'field',59,'en_us',' stephen '),(84,'field',58,'en_us',' stephen keepitlocalsa com '),(84,'field',60,'en_us',' asdf '),(84,'field',53,'en_us',' admin keepitlocalsa com '),(84,'slug',0,'en_us',''),(84,'title',0,'en_us',' enquiry stephen stephen keepitlocalsa com mon 30 nov 2015 09 38 04 '),(1,'username',0,'en_us',' adminkeepitlocal '),(1,'firstname',0,'en_us',' keep it '),(1,'lastname',0,'en_us',' local '),(1,'fullname',0,'en_us',' keep it local '),(1,'email',0,'en_us',' admin keepitlocalsa com '),(1,'slug',0,'en_us',''),(24,'field',26,'en_us',' about us '),(92,'field',13,'en_us',' finding a local '),(92,'field',1,'en_us',' are you looking for an adventure a unique and authentic travel experience do you want to explore cape town through the eyes of locals keep it local will make it happen we will take you away from the typical touristy attractions with the long queues and go behind the scenes we are a peer to peer marketplace connecting travellers to cape town with local capetonians our goal is to offer travellers a unique local experience which will create long lasting memories and shared with friends and family find a local '),(92,'field',19,'en_us',''),(92,'field',20,'en_us',''),(92,'field',24,'en_us',''),(92,'slug',0,'en_us',' finding a local '),(92,'title',0,'en_us',' finding a local '),(93,'field',5,'en_us',' are you looking for an adventure a unique and authentic travel experience do you want to explore cape town through the eyes of locals keep it local will make it happen we will take you away from the typical touristy attractions with the long queues and go behind the scenes we are a peer to peer marketplace connecting travellers to cape town with local capetonians our goal is to offer travellers a unique local experience which will create long lasting memories and shared with friends and family '),(93,'slug',0,'en_us',''),(216,'field',81,'en_us',' advice1 a short blurb on step 1 select a location of destination advice2 a short blurb on step 2 select a date advice3 a short blurb on step 3 select a local providing an experience of your choice '),(113,'field',1,'en_us',' sign up for complete transparencysearch for host by categoryread through their profile and reviewscheck location logisticsmake sure you ve chosen the right date and timeselect special requestcontact host should there be any uncertainties life happens and should you need to cancel please read our policy here cancellation refunds keep initial contact on our website we can t take responsibility for any communication arrangements made directly with the hosts ps we encourage you to directly stay in touch with your host after the experience you never know you might make a lifetime friend contact us at any time booking advice '),(113,'field',13,'en_us',' booking advice '),(95,'field',26,'en_us',' local search '),(95,'slug',0,'en_us',' find a host '),(95,'title',0,'en_us',' find a host '),(27,'field',65,'en_us',''),(96,'field',13,'en_us',' brilliant backpacking along the garden route '),(96,'field',15,'en_us',' someone '),(96,'field',23,'en_us',' 19891560543 00424eb5d6 k 620 400 80auto s c1 center top '),(96,'field',21,'en_us',' south africa is the ultimate destination for wanderlusters looking to backpack their way through the adventure of a lifetime the country is renowned for scenic beauty friendly people and sun soaked coastlines what better place to set off on a backpacking adventure than the spectacular garden route in the western cape '),(96,'field',1,'en_us',' south africa is the ultimate destination for wanderlusters looking to backpack their way through the adventure of a lifetime the country is renowned for scenic beauty friendly people and sun soaked coastlines what better place to set off on a backpacking adventure than the spectacular garden route in the western cape let it be the canvas of your journey like kash bhattacharya who began his adventure at chinsta in the eastern cape and went all the way along the western cape coastline to end up in cape town this led him to put together an impressive guide to packing in south africa covering the best accommodation routes and unforgettable experiences the perfect way to start your day in chintsa is to go for a walk along the beach at dawn it s right on the doorstep of the hostel check out the beach horse trail r350 33 3 5 hours long that leaves from the hostel at sunrise before enjoying your breakfast and coffee on the sun terrace the craft beer revolution has come to chintsa and there is a fantastic local brewery the emerald vale craft brewery there you can get a tour of the factory and afterwards have a few tastings before hopping back onto the bus feeling refreshed he says blog images '),(96,'field',19,'en_us',''),(96,'field',20,'en_us',''),(96,'field',24,'en_us',''),(96,'slug',0,'en_us',' brilliant backpacking along the garden route '),(96,'title',0,'en_us',' brilliant backpacking along the garden route '),(130,'field',69,'en_us',' 50% 50% '),(130,'field',17,'en_us',''),(130,'field',16,'en_us',''),(98,'field',66,'en_us',' https www youtube com watch v=c0dpdy98e4c '),(98,'slug',0,'en_us',' video panel on home page '),(98,'title',0,'en_us',' video panel on home page '),(6,'field',69,'en_us',' 96 85% 91 57% '),(28,'field',69,'en_us',' 50% 50% '),(78,'field',69,'en_us',' 50% 50% '),(100,'field',16,'en_us',''),(100,'field',17,'en_us',''),(100,'field',69,'en_us',' 50% 50% '),(100,'filename',0,'en_us',' screen shot 2016 01 22 at 1 31 05 pm png '),(100,'extension',0,'en_us',' png '),(100,'kind',0,'en_us',' image '),(100,'slug',0,'en_us',' screen shot 2016 01 22 at 1 31 05 pm '),(100,'title',0,'en_us',' screen shot 2016 01 22 at 1 31 05 pm '),(64,'field',69,'en_us',' 50% 50% '),(4,'field',69,'en_us',' 50% 50% '),(101,'field',16,'en_us',''),(101,'field',17,'en_us',''),(101,'field',69,'en_us',' 50% 50% '),(101,'filename',0,'en_us',' lorem 4 portrait jpg '),(101,'extension',0,'en_us',' jpg '),(101,'kind',0,'en_us',' image '),(101,'slug',0,'en_us',' lorem 4 portrait '),(101,'title',0,'en_us',' lorem 4 portrait '),(102,'field',59,'en_us',' stephen '),(102,'field',58,'en_us',' stephen keepitlocalsa com '),(102,'field',60,'en_us',' qwe '),(102,'field',70,'en_us',' 1 '),(102,'slug',0,'en_us',''),(102,'title',0,'en_us',' enquiry stephen stephen keepitlocalsa com sat 03 sep 2016 14 30 21 '),(58,'field',71,'en_us',' your enquiry could not be sent '),(103,'field',59,'en_us',' stephen '),(103,'field',58,'en_us',' stephen keepitlocalsa com '),(103,'field',60,'en_us',' asdf '),(103,'field',70,'en_us',' 1 '),(103,'slug',0,'en_us',''),(103,'title',0,'en_us',' enquiry stephen stephen keepitlocalsa com sat 03 sep 2016 14 55 33 '),(104,'field',59,'en_us',' dfh '),(104,'field',58,'en_us',' tina keepitlocalsa com '),(104,'field',60,'en_us',' hghfas '),(104,'field',70,'en_us',' 1 '),(104,'slug',0,'en_us',''),(104,'title',0,'en_us',' enquiry dfh tina keepitlocalsa com mon 07 nov 2016 06 46 48 '),(105,'field',16,'en_us',''),(105,'field',17,'en_us',''),(105,'field',69,'en_us',' 50% 50% '),(105,'filename',0,'en_us',' logo png '),(105,'extension',0,'en_us',' png '),(105,'kind',0,'en_us',' image '),(105,'slug',0,'en_us',''),(105,'title',0,'en_us',' logo '),(106,'extension',0,'en_us',' jpg '),(106,'kind',0,'en_us',' image '),(106,'slug',0,'en_us',''),(106,'title',0,'en_us',' cape town 1562907 1920 '),(107,'field',16,'en_us',''),(107,'field',17,'en_us',''),(107,'field',69,'en_us',' 50% 50% '),(107,'filename',0,'en_us',' south africa 207799_1920 jpg '),(107,'extension',0,'en_us',' jpg '),(107,'kind',0,'en_us',' image '),(107,'slug',0,'en_us',''),(107,'title',0,'en_us',' south africa 207799 1920 '),(108,'field',16,'en_us',''),(108,'field',17,'en_us',''),(108,'field',69,'en_us',' 50% 50% '),(108,'filename',0,'en_us',' beautiful 1214780_1920 jpg '),(108,'extension',0,'en_us',' jpg '),(108,'kind',0,'en_us',' image '),(108,'slug',0,'en_us',''),(108,'title',0,'en_us',' beautiful 1214780 1920 '),(109,'field',42,'en_us',' south africa 207799 1920 '),(109,'field',43,'en_us',' explorecape townwith a local '),(109,'field',44,'en_us',''),(109,'slug',0,'en_us',''),(110,'field',42,'en_us',' beautiful 1214780 1920 '),(110,'field',43,'en_us',' beautiful cape town '),(110,'field',44,'en_us',''),(110,'slug',0,'en_us',''),(111,'field',42,'en_us',' cape town 1562907 1920 '),(111,'field',43,'en_us',' cape town '),(111,'field',44,'en_us',''),(111,'slug',0,'en_us',''),(187,'field',17,'en_us',''),(187,'field',16,'en_us',''),(220,'field',18,'en_us',' booking advice '),(220,'slug',0,'en_us',''),(226,'slug',0,'en_us',''),(227,'field',82,'en_us',' step 3 '),(113,'field',19,'en_us',''),(113,'field',20,'en_us',''),(113,'field',24,'en_us',''),(113,'slug',0,'en_us',' booking advice '),(113,'title',0,'en_us',' booking advice '),(221,'field',81,'en_us',' step 1 gray image place holder create your profile step 2 gray image place holder create your local experience step 3 gray image place holder add the nitty gritty details like price and availability and watch your inbox for bookings '),(115,'field',13,'en_us',' frequently asked questions '),(115,'field',1,'en_us',' how do i become a host click on become a host on the keep it local website then create your local experience follow the steps to complete your profile add a detailed description of the local experience you re offering add your price per person and time availability for the experience your profile will attract more bookings if you upload photos you can upload 3 images and a cover photo preview your experience added and save it to your profile you must agree to be contacted by a keep it local ambassador for a verification meeting within 3 weeks after creating your profile your profile experience will only be live and bookable after successful verification by keep it local what do i need to become a host you need to be warm and hospitable with a patriotic mindset you need to have a good knowledge on the experience you offer although you don t need to be a professional all hosts are vetted to ensure complete transparency and peace of mind to guests we need your basic personal and contact details to perform the vetting process does keep it local pay me for hosting guests yes you can earn a full time or part time income by using keep it local how do i price my experience and what is a fair price the price will be different for each experience offered here s a few tips if the main part of your experience is a meal then a fair price would be based on the price of the ingredients used and the time used to prepare the meal if your experience is a specific event a fair price would be the costs to attend the event calculate the time it will take you to perfect the experience and add this to your price if you re still a bit unsure look at what other hosts are charging or contact us and we ll guide you when and how is payment made payment is made two to three working days after you have hosted your guests all payments will be made into the precise banking account provided at sign up please ensure that the right banking details are displayed in your profile always keep it local does not take any responsibility for wrong banking details entered on your profile what experience s can i offer my guests we have different experience categories here are a few examples of the type of experiences you can offer eat with locals a meal offered at your house you don t need to be a chef but you should be comfortable preparing this meal for your guests anything from a braai a traditional meal a tasting cake and tea a cooking lesson or even a picnic on your stop whatever your specialty in terms of food tours with locals you can take your guest on a tour around your neighbourhood show them how the locals live anything from a graffiti tour around woodstock a culinary tour through franschhoek yoga tour or fishing tour use your imagination and create your unique tour showcasing our beautiful city activities with locals this can be anything from a hobby a charity you support or an activity you do in your spare time invite your guests along for a shisa nyama a newlands sports day surf lesson hike beach day or music festival the possibilities are endless why do i have to manage my own calendar you are in complete control of your experience offered by managing your calendar and updating your availability only the experiences offered on the selected date will appear on the website this will speed up the booking process as an added convenience for guests can i host if i have a fulltime job yes you set your own availability an experience does not have to be long it can vary from 1 hour to a full day it all depends on you and the time you dedicate to offer guests an authentic travel experience how do i know when i ve received booking booking request tbc can i reject bookings yes you have the freedom and are in control please note that this can however affect your ratings on the website do i have to host alone or can i host together with other people the more the merrier invite your friends around for a braai or take your partner with you on a tour you need to specify this in your experience although you don t need to be accurate as to who ll be joining but you need to give the amount of people part of your experience how do i get more bookings there are many ways to do this we will get the visitors to the website all you need to do is have a positive mindset ready to meet the world create an authentic experience load eye catching photos set fair prices ensure your availability and make sure your guests talk about your experience and most importantly give you a great review who deals with guest reviews positive or negative please encourage your guests to review your experience and to add this to the website keep it local will add these reviews to your profile and could be highlighted on our homepage negative reviews will be dealt with by keep it local in accordance with the applicable host how do i manage my calendar log on to your dashboard go to calendar and manage it there the calendar allows you to specify when you are available and unavailable when do i need to reply to a guest the sooner the better bookings must be answered within 24 hours if not then the booking will be cancelled are guests allowed to request a customised experience yes only if you are willing and able to customise it can i cancel a booking you may if you have a valid reason please contact us in advance should you need to cancel we will monitor all cancellations and cancel your hosting should it deem necessary how do i communicate with my guests and keep it local all communication between you and your guest s happens through the messenger platform on keep it local s website you can stay in contact with keep it local via email info keepitlocal co za or phone can someone host in my place if i m unavailable no this is prohibited keep it local ensures guests that all hosts are vetted with clear transparency as to who they will be meeting am i liable to pay tax on the money i earn from keep it local yes you must declare all income to the south african revenue service sars what happens if my experience is cancelled or no one shows up please refer to our cancellation policy how do i know if a guest can be trusted guests must create a profile before paying for a booking and your details other that s displayed on your experience offered will be displayed to the guest after the booking is paid you can ask message your guest and get to know them a bit better '),(115,'field',19,'en_us',''),(115,'field',20,'en_us',''),(115,'field',24,'en_us',''),(115,'slug',0,'en_us',' faq '),(115,'title',0,'en_us',' faq '),(116,'field',5,'en_us',' how do i become a host click on become a host on the keep it local website then create your local experience follow the steps to complete your profile add a detailed description of the local experience you re offering add your price per person and time availability for the experience your profile will attract more bookings if you upload photos you can upload 3 images and a cover photo preview your experience added and save it to your profile you must agree to be contacted by a keep it local ambassador for a verification meeting within 3 weeks after creating your profile your profile experience will only be live and bookable after successful verification by keep it local '),(116,'slug',0,'en_us',''),(117,'field',5,'en_us',' what do i need to become a host you need to be warm and hospitable with a patriotic mindset you need to have a good knowledge on the experience you offer although you don t need to be a professional all hosts are vetted to ensure complete transparency and peace of mind to guests we need your basic personal and contact details to perform the vetting process '),(117,'slug',0,'en_us',''),(118,'field',5,'en_us',' does keep it local pay me for hosting guests yes you can earn a full time or part time income by using keep it local '),(290,'field',5,'en_us',' how do i price my experience and what is a fair price the price will be different for each experience offered here s a few tips if the main part of your experience is a meal then a fair price would be based on the price of the ingredients used and the time used to prepare the meal if your experience is a specific event a fair price would be the costs to attend the event calculate the time it will take you to perfect the experience and add this to your price if you re still a bit unsure look at what other hosts are charging or contact us and we ll guide you '),(118,'slug',0,'en_us',''),(119,'field',13,'en_us',' privacy policy '),(119,'field',1,'en_us',' this is a sub headerlorem ipsum dolor sit amet vis saperet delectus eu id vel recusabo facilisis graece tibique periculiseu cum at fabulas omittam nec et vis vitae tantas quaerendum pri inani platonem at vix eu scaevolaofficiis luptatum iusto putent consequat mel ut dicit nonumes definitiones qui ad ius in possim hendrerit libris electram eos ei inani graece vel ei ipsum melius no mea ea usu ullumalterum vim ut bonorum efficiantur philosophia this is a sub headerlorem ipsum dolor sit amet vis saperet delectus eu id vel recusabo facilisis graece tibique periculiseu cum at fabulas omittam nec et vis vitae tantas quaerendum pri inani platonem at vix eu scaevolaofficiis luptatum iusto putent consequat mel ut dicit nonumes definitiones qui ad this is a sub headerlorem ipsum dolor sit amet vis saperet delectus eu id vel recusabo facilisis graece tibique periculiseu cum at fabulas omittam nec et vis vitae tantas quaerendum pri inani platonem at vix eu scaevolaofficiis luptatum iusto putent consequat mel ut dicit nonumes definitiones qui ad '),(119,'field',19,'en_us',''),(119,'field',20,'en_us',''),(119,'field',24,'en_us',''),(119,'slug',0,'en_us',' privacy policy '),(119,'title',0,'en_us',' privacy policy '),(120,'field',5,'en_us',' this is a sub headerlorem ipsum dolor sit amet vis saperet delectus eu id vel recusabo facilisis graece tibique periculiseu cum at fabulas omittam nec et vis vitae tantas quaerendum pri inani platonem at vix eu scaevolaofficiis luptatum iusto putent consequat mel ut dicit nonumes definitiones qui ad ius in possim hendrerit libris electram eos ei inani graece vel ei ipsum melius no mea ea usu ullumalterum vim ut bonorum efficiantur philosophia this is a sub headerlorem ipsum dolor sit amet vis saperet delectus eu id vel recusabo facilisis graece tibique periculiseu cum at fabulas omittam nec et vis vitae tantas quaerendum pri inani platonem at vix eu scaevolaofficiis luptatum iusto putent consequat mel ut dicit nonumes definitiones qui ad this is a sub headerlorem ipsum dolor sit amet vis saperet delectus eu id vel recusabo facilisis graece tibique periculiseu cum at fabulas omittam nec et vis vitae tantas quaerendum pri inani platonem at vix eu scaevolaofficiis luptatum iusto putent consequat mel ut dicit nonumes definitiones qui ad '),(120,'slug',0,'en_us',''),(121,'field',16,'en_us',''),(121,'field',17,'en_us',''),(121,'field',69,'en_us',' 50% 50% '),(121,'filename',0,'en_us',' image_place_holder png '),(121,'extension',0,'en_us',' png '),(121,'kind',0,'en_us',' image '),(121,'slug',0,'en_us',''),(121,'title',0,'en_us',' image place holder '),(122,'field',16,'en_us',''),(122,'field',17,'en_us',''),(122,'field',69,'en_us',' 50% 50% '),(122,'filename',0,'en_us',' gray_right_arrow png '),(122,'extension',0,'en_us',' png '),(122,'kind',0,'en_us',' image '),(122,'slug',0,'en_us',''),(122,'title',0,'en_us',' gray right arrow '),(123,'field',1,'en_us',' bill is a professional local with enormous local experience '),(123,'field',23,'en_us',' image place holder '),(123,'field',26,'en_us',' https www withlocals com experience the real bangkok bike tour 3a91c6f1 '),(123,'slug',0,'en_us',' bill '),(123,'title',0,'en_us',' bill '),(124,'field',5,'en_us',' bill is a professional local with enormous local experience '),(124,'slug',0,'en_us',''),(125,'field',1,'en_us',' kinky was a wonderful guide i was interested in trying local teochew thai food so much fun '),(125,'field',23,'en_us',' image place holder '),(125,'field',26,'en_us',' https www withlocals com experience local food tour by night a51660a0 '),(125,'slug',0,'en_us',' kinky '),(125,'title',0,'en_us',' kinky '),(126,'field',5,'en_us',' kinky was a wonderful guide i was interested in trying local teochew thai food so much fun '),(126,'slug',0,'en_us',''),(127,'field',1,'en_us',' olivia was just spectacular and she took us to so many different places around cape town we met many local people who were also friendly to us '),(127,'field',23,'en_us',' image place holder '),(127,'field',26,'en_us',' https www withlocals com experience 2h walking tour see the best of madrid 95877c58 '),(127,'slug',0,'en_us',' olivia '),(127,'title',0,'en_us',' olivia '),(128,'field',5,'en_us',' olivia was just spectacular and she took us to so many different places around cape town we met many local people who were also friendly to us '),(128,'slug',0,'en_us',''),(129,'field',5,'en_us',' south africa is the ultimate destination for wanderlusters looking to backpack their way through the adventure of a lifetime the country is renowned for scenic beauty friendly people and sun soaked coastlines what better place to set off on a backpacking adventure than the spectacular garden route in the western cape let it be the canvas of your journey like kash bhattacharya who began his adventure at chinsta in the eastern cape and went all the way along the western cape coastline to end up in cape town this led him to put together an impressive guide to packing in south africa covering the best accommodation routes and unforgettable experiences the perfect way to start your day in chintsa is to go for a walk along the beach at dawn it s right on the doorstep of the hostel check out the beach horse trail r350 33 3 5 hours long that leaves from the hostel at sunrise before enjoying your breakfast and coffee on the sun terrace the craft beer revolution has come to chintsa and there is a fantastic local brewery the emerald vale craft brewery there you can get a tour of the factory and afterwards have a few tastings before hopping back onto the bus feeling refreshed he says '),(129,'slug',0,'en_us',''),(130,'filename',0,'en_us',' 19891560543_00424eb5d6_k_620_400_80auto_s_c1_center_top jpg '),(130,'extension',0,'en_us',' jpg '),(130,'kind',0,'en_us',' image '),(130,'slug',0,'en_us',' 19891560543 00424eb5d6 k 620 400 80auto s c1 center top '),(130,'title',0,'en_us',' 19891560543 00424eb5d6 k 620 400 80auto s c1 center top '),(131,'field',16,'en_us',''),(131,'field',17,'en_us',''),(131,'field',69,'en_us',' 50% 50% '),(131,'filename',0,'en_us',' sat_lim_rain_dance_2_ret_lr_rgb_620_400_80auto_s_c1_center_top jpg '),(131,'extension',0,'en_us',' jpg '),(131,'kind',0,'en_us',' image '),(131,'slug',0,'en_us',''),(131,'title',0,'en_us',' sat lim rain dance 2 ret lr rgb 620 400 80auto s c1 center top '),(168,'field',13,'en_us',' terms conditions '),(168,'field',1,'en_us',' lorem ipsum dolor sit amet vis saperet delectus eu id vel recusabo facilisis graece tibique periculis eu cum at fabulas omittam nec et vis vitae tantas quaerendum pri inani platonem at vix eu scaevola officiis luptatum iusto putent consequat mel ut dicit nonumes definitiones qui ad ius in possim hendrerit libris electram eos ei inani graece vel ei ipsum melius no mea ea usu ullum alterum vim ut bonorum efficiantur philosophia '),(168,'field',19,'en_us',''),(168,'field',20,'en_us',''),(168,'field',24,'en_us',''),(168,'slug',0,'en_us',' terms conditions '),(168,'title',0,'en_us',' terms conditions '),(169,'field',5,'en_us',' lorem ipsum dolor sit amet vis saperet delectus eu id vel recusabo facilisis graece tibique periculis eu cum at fabulas omittam nec et vis vitae tantas quaerendum pri inani platonem at vix eu scaevola officiis luptatum iusto putent consequat mel ut dicit nonumes definitiones qui ad ius in possim hendrerit libris electram eos ei inani graece vel ei ipsum melius no mea ea usu ullum alterum vim ut bonorum efficiantur philosophia '),(169,'slug',0,'en_us',''),(170,'field',13,'en_us',' payments pricing '),(170,'field',1,'en_us',' we ve partnered with payfast an online processing payment solution allowing a safe and 3d transaction all payments will be made on this third party service to process your preferred payment method you can pay with the following visa mastercardinstant eft with a south african bank bitcoin digital payment method masterpasscash deposit at the bank bookings are confirmed once full payment is received and hosts are after the experience payment is immediate and you will receive a notification of the successful transaction '),(170,'field',19,'en_us',''),(170,'field',20,'en_us',''),(170,'field',24,'en_us',''),(170,'slug',0,'en_us',' payments pricing '),(170,'title',0,'en_us',' payments pricing '),(171,'field',5,'en_us',' we ve partnered with payfast an online processing payment solution allowing a safe and 3d transaction all payments will be made on this third party service to process your preferred payment method you can pay with the following visa mastercardinstant eft with a south african bank bitcoin digital payment method masterpasscash deposit at the bank bookings are confirmed once full payment is received and hosts are after the experience payment is immediate and you will receive a notification of the successful transaction '),(171,'slug',0,'en_us',''),(172,'field',13,'en_us',' cancellation refunds '),(172,'field',1,'en_us',' life happens and we respect your need to cancel or amend your booking we ve got you covered and will attend to your request based on our cancellation policy have a look here cancellation policy on tcs should link to the specific content for all the details please contact us via email as soon as you can with the following details your reason for cancellingyour booking details including experience booked date of experiencerefund request full refund or rescheduling '),(172,'field',19,'en_us',''),(172,'field',20,'en_us',''),(172,'field',24,'en_us',''),(172,'slug',0,'en_us',' cancellation refunds '),(172,'title',0,'en_us',' cancellation refunds '),(173,'field',5,'en_us',' life happens and we respect your need to cancel or amend your booking we ve got you covered and will attend to your request based on our cancellation policy have a look here cancellation policy on tcs should link to the specific content for all the details please contact us via email as soon as you can with the following details your reason for cancellingyour booking details including experience booked date of experiencerefund request full refund or rescheduling '),(173,'slug',0,'en_us',''),(174,'field',13,'en_us',' security '),(174,'field',1,'en_us',' your safety is of the utmost importance at keep it local and we go out of our way to ensure your peace of mind this is how we do it handpicked hosts through a vigorous screening process detailed and verified host profiles all host and guest communication done via our platform secure transactionshonest review system '),(174,'field',19,'en_us',''),(174,'field',20,'en_us',''),(174,'field',24,'en_us',''),(174,'slug',0,'en_us',' security '),(174,'title',0,'en_us',' security '),(175,'field',5,'en_us',' your safety is of the utmost importance at keep it local and we go out of our way to ensure your peace of mind this is how we do it handpicked hosts through a vigorous screening process detailed and verified host profiles all host and guest communication done via our platform secure transactionshonest review system '),(175,'slug',0,'en_us',''),(176,'field',13,'en_us',' reviews ratings '),(176,'field',1,'en_us',' sharing is what we do best and we d love to hear about your amazing experience inspire fellow travellers with the uniqueness of cape town you can use these platforms to recommend our hosts congratulate us give us some advice or if you re unhappy about something email reviews keepitlocal co zafacebook https www facebook com keepi twitter https twitter com keepitloca skype keep it local '),(176,'field',19,'en_us',''),(176,'field',20,'en_us',''),(176,'field',24,'en_us',''),(176,'slug',0,'en_us',' reviews ratings '),(176,'title',0,'en_us',' reviews ratings '),(177,'field',5,'en_us',' sharing is what we do best and we d love to hear about your amazing experience inspire fellow travellers with the uniqueness of cape town you can use these platforms to recommend our hosts congratulate us give us some advice or if you re unhappy about something email reviews keepitlocal co zafacebook https www facebook com keepi twitter https twitter com keepitloca skype keep it local '),(177,'slug',0,'en_us',''),(179,'field',25,'en_us',' terms conditions '),(179,'field',26,'en_us',' pages terms conditions '),(179,'field',73,'en_us',' other '),(179,'slug',0,'en_us',' terms conditions '),(179,'title',0,'en_us',' terms conditions '),(180,'field',25,'en_us',' payments pricing '),(180,'field',26,'en_us',' pages payments pricing '),(180,'field',73,'en_us',' other '),(180,'slug',0,'en_us',' payments pricing '),(180,'title',0,'en_us',' payments pricing '),(181,'field',25,'en_us',' cancellation refunds '),(181,'field',26,'en_us',' pages cancellation refunds '),(181,'field',73,'en_us',' other '),(181,'slug',0,'en_us',' cancellation refunds '),(181,'title',0,'en_us',' cancellation refunds '),(182,'field',25,'en_us',' security '),(182,'field',26,'en_us',' pages security '),(182,'field',73,'en_us',' other '),(182,'slug',0,'en_us',' security '),(182,'title',0,'en_us',' security '),(183,'field',25,'en_us',' reviews ratings '),(183,'field',26,'en_us',' pages reviews ratings '),(183,'field',73,'en_us',' other '),(183,'slug',0,'en_us',' reviews ratings '),(183,'title',0,'en_us',' reviews ratings '),(26,'field',25,'en_us',' how it works '),(184,'field',13,'en_us',' becoming a local '),(184,'field',1,'en_us',' hosting for keep it local will be a fun unique and connected experience are you a proud capetonian willing to share your story and life in cape town south africans are naturally friendly fun warm and loves hosting and we want the world to experience this first hand by meeting you you will meet interesting people from all over the world show them our beautiful city and her people make new friends and explore new cultures you don t need to be jan braai to braai for your guests jenny morris for a cooking lesson benni mccarthy for soccer tips dj zinhle for a session behind the decks or wayde van niekerk for a run in the park all you need is a good sense of hospitality a warm heart and ready to meet people from all around the world offer an experience that you normally do an interest hobby or something you like doing to past time remember these travellers are looking for a unique experience not something they can easily do on their own and away from the typical touristy locations make it an experience they ll always remember becoming a local '),(184,'field',19,'en_us',''),(184,'field',20,'en_us',''),(184,'field',24,'en_us',''),(184,'slug',0,'en_us',' becoming a local '),(184,'title',0,'en_us',' becoming a local '),(185,'field',5,'en_us',' hosting for keep it local will be a fun unique and connected experience are you a proud capetonian willing to share your story and life in cape town south africans are naturally friendly fun warm and loves hosting and we want the world to experience this first hand by meeting you you will meet interesting people from all over the world show them our beautiful city and her people make new friends and explore new cultures you don t need to be jan braai to braai for your guests jenny morris for a cooking lesson benni mccarthy for soccer tips dj zinhle for a session behind the decks or wayde van niekerk for a run in the park all you need is a good sense of hospitality a warm heart and ready to meet people from all around the world offer an experience that you normally do an interest hobby or something you like doing to past time remember these travellers are looking for a unique experience not something they can easily do on their own and away from the typical touristy locations make it an experience they ll always remember '),(228,'field',18,'en_us',' becoming a local '),(228,'slug',0,'en_us',''),(185,'slug',0,'en_us',''),(25,'field',25,'en_us',' become a local '),(95,'field',25,'en_us',' find a host '),(186,'field',16,'en_us',''),(186,'field',17,'en_us',''),(186,'field',69,'en_us',' 50% 50% '),(186,'filename',0,'en_us',' img_20161224_005149 jpg '),(186,'extension',0,'en_us',' jpg '),(186,'kind',0,'en_us',' image '),(186,'slug',0,'en_us',''),(186,'title',0,'en_us',' img 20161224 005149 '),(187,'field',69,'en_us',' 50% 50% '),(187,'filename',0,'en_us',' 153169_640_367_80auto_s jpg '),(187,'extension',0,'en_us',' jpg '),(187,'kind',0,'en_us',' image '),(187,'slug',0,'en_us',''),(187,'title',0,'en_us',' 153169 640 367 80auto s '),(188,'field',16,'en_us',''),(188,'field',17,'en_us',''),(188,'field',69,'en_us',' 50% 50% '),(188,'filename',0,'en_us',' marb_640_427_80auto_s jpg '),(188,'extension',0,'en_us',' jpg '),(188,'kind',0,'en_us',' image '),(188,'slug',0,'en_us',''),(188,'title',0,'en_us',' marb 640 427 80auto s '),(189,'field',16,'en_us',''),(189,'field',17,'en_us',''),(189,'field',69,'en_us',' 50% 50% '),(189,'filename',0,'en_us',' jhb 1024x767_640_479_80auto_s jpg '),(189,'extension',0,'en_us',' jpg '),(189,'kind',0,'en_us',' image '),(189,'slug',0,'en_us',''),(189,'title',0,'en_us',' jhb 1024x767 640 479 80auto s '),(190,'field',16,'en_us',''),(190,'field',17,'en_us',''),(190,'field',69,'en_us',' 50% 50% '),(190,'filename',0,'en_us',' poster jpg '),(190,'extension',0,'en_us',' jpg '),(190,'kind',0,'en_us',' image '),(190,'slug',0,'en_us',''),(190,'title',0,'en_us',' poster '),(191,'field',16,'en_us',''),(191,'field',17,'en_us',''),(191,'field',69,'en_us',' 50% 50% '),(191,'filename',0,'en_us',' bathurst_640_413_80auto_s jpg '),(191,'extension',0,'en_us',' jpg '),(191,'kind',0,'en_us',' image '),(191,'slug',0,'en_us',' bathurst 640 413 80auto s '),(191,'title',0,'en_us',' bathurst 640 413 80auto s '),(192,'field',16,'en_us',''),(192,'field',17,'en_us',''),(192,'field',69,'en_us',' 50% 50% '),(192,'filename',0,'en_us',' 19891560543_00424eb5d6_k jpg '),(192,'extension',0,'en_us',' jpg '),(192,'kind',0,'en_us',' image '),(192,'slug',0,'en_us',''),(192,'title',0,'en_us',' 19891560543 00424eb5d6 k '),(197,'field',44,'en_us',''),(196,'title',0,'en_us',' blog images '),(197,'field',42,'en_us',' poster '),(197,'field',43,'en_us',''),(196,'slug',0,'en_us',' blog images '),(196,'field',41,'en_us',' poster testing 153169 640 367 80auto s auto bathurst 640 413 80auto s bathurst 19891560543 00424eb5d6 k 620 400 80auto s c1 center top auto center '),(197,'slug',0,'en_us',''),(197,'field',72,'en_us',' testing '),(198,'field',42,'en_us',' 153169 640 367 80auto s '),(198,'field',43,'en_us',''),(198,'field',44,'en_us',''),(198,'field',72,'en_us',' auto '),(198,'slug',0,'en_us',''),(199,'field',42,'en_us',' bathurst 640 413 80auto s '),(199,'field',43,'en_us',''),(199,'field',44,'en_us',''),(199,'field',72,'en_us',' bathurst '),(199,'slug',0,'en_us',''),(200,'field',42,'en_us',' 19891560543 00424eb5d6 k 620 400 80auto s c1 center top '),(200,'field',43,'en_us',''),(200,'field',44,'en_us',''),(200,'field',72,'en_us',' auto center '),(200,'slug',0,'en_us',''),(201,'field',18,'en_us',' blog images '),(201,'slug',0,'en_us',''),(202,'field',16,'en_us',''),(202,'field',17,'en_us',''),(202,'field',69,'en_us',' 50% 50% '),(202,'filename',0,'en_us',' gray_image_place_holder png '),(202,'extension',0,'en_us',' png '),(202,'kind',0,'en_us',' image '),(202,'slug',0,'en_us',''),(202,'title',0,'en_us',' gray image place holder '),(205,'field',74,'en_us',' gray image place holder lazanne truter founder i ve hosted many travellers from around the world and some have become my closest friends i love all types of travelling but my best is around a camp fire in my beautiful country '),(213,'field',16,'en_us',''),(213,'field',17,'en_us',''),(213,'field',69,'en_us',' 50% 50% '),(213,'filename',0,'en_us',' advice1 jpg '),(213,'extension',0,'en_us',' jpg '),(213,'kind',0,'en_us',' image '),(213,'slug',0,'en_us',''),(213,'title',0,'en_us',' advice1 '),(214,'field',16,'en_us',''),(214,'field',17,'en_us',''),(214,'field',69,'en_us',' 50% 50% '),(214,'filename',0,'en_us',' advice2 jpg '),(214,'extension',0,'en_us',' jpg '),(214,'kind',0,'en_us',' image '),(214,'slug',0,'en_us',''),(214,'title',0,'en_us',' advice2 '),(215,'field',16,'en_us',''),(215,'field',17,'en_us',''),(215,'field',69,'en_us',' 50% 50% '),(215,'filename',0,'en_us',' advice3 jpg '),(215,'extension',0,'en_us',' jpg '),(215,'kind',0,'en_us',' image '),(215,'slug',0,'en_us',''),(215,'title',0,'en_us',' advice3 '),(216,'field',78,'en_us',' advice1 a short blurb on step 1 select a location of destination advice2 a short blurb on step 2 select a date advice3 a short blurb on step 3 select a local providing an experience of your choice '),(216,'slug',0,'en_us',' booking advice '),(216,'title',0,'en_us',' booking advice '),(217,'field',79,'en_us',' advice1 '),(217,'field',80,'en_us',' a short blurb on step 1 select a location of destination '),(217,'slug',0,'en_us',''),(218,'field',79,'en_us',' advice2 '),(218,'field',80,'en_us',' a short blurb on step 2 select a date '),(218,'slug',0,'en_us',''),(219,'field',79,'en_us',' advice3 '),(219,'field',80,'en_us',' a short blurb on step 3 select a local providing an experience of your choice '),(219,'slug',0,'en_us',''),(221,'slug',0,'en_us',' becoming a local '),(221,'title',0,'en_us',' becoming a local '),(226,'field',84,'en_us',' create your local experience '),(226,'field',83,'en_us',' gray image place holder '),(225,'slug',0,'en_us',''),(226,'field',82,'en_us',' step 2 '),(225,'field',83,'en_us',' gray image place holder '),(225,'field',84,'en_us',' create your profile '),(225,'field',82,'en_us',' step 1 '),(227,'field',83,'en_us',' gray image place holder '),(227,'field',84,'en_us',' add the nitty gritty details like price and availability and watch your inbox for bookings '),(227,'slug',0,'en_us',''),(229,'field',82,'en_us',''),(229,'field',83,'en_us',' advice1 '),(229,'field',84,'en_us',' a short blurb on step 1 select a location of destination '),(229,'slug',0,'en_us',''),(230,'field',82,'en_us',''),(230,'field',83,'en_us',' advice2 '),(230,'field',84,'en_us',' a short blurb on step 2 select a date '),(230,'slug',0,'en_us',''),(231,'field',82,'en_us',''),(231,'field',83,'en_us',' advice3 '),(231,'field',84,'en_us',' a short blurb on step 3 select a local providing an experience of your choice '),(231,'slug',0,'en_us',''),(232,'field',5,'en_us',' sign up for complete transparencysearch for host by categoryread through their profile and reviewscheck location logisticsmake sure you ve chosen the right date and timeselect special requestcontact host should there be any uncertainties life happens and should you need to cancel please read our policy here cancellation refunds keep initial contact on our website we can t take responsibility for any communication arrangements made directly with the hosts ps we encourage you to directly stay in touch with your host after the experience you never know you might make a lifetime friend contact us at any time '),(232,'slug',0,'en_us',''),(233,'field',81,'en_us',' step 1 playground1 view and pick your favourite of our experienced and readily available locals step 2 table mountain 600x356 use our secure payment options to book step 3 david making pap good shot enjoy your personalised experience of cape town don t forget your camera '),(233,'slug',0,'en_us',' how it works '),(233,'title',0,'en_us',' how it works '),(234,'field',82,'en_us',' step 1 '),(234,'field',83,'en_us',' playground1 '),(234,'field',84,'en_us',' view and pick your favourite of our experienced and readily available locals '),(234,'slug',0,'en_us',''),(235,'field',82,'en_us',' step 2 '),(235,'field',83,'en_us',' table mountain 600x356 '),(235,'field',84,'en_us',' use our secure payment options to book '),(235,'slug',0,'en_us',''),(236,'field',82,'en_us',' step 3 '),(236,'field',83,'en_us',' david making pap good shot '),(236,'field',84,'en_us',' enjoy your personalised experience of cape town don t forget your camera '),(236,'slug',0,'en_us',''),(237,'field',18,'en_us',' how it works '),(237,'slug',0,'en_us',''),(238,'slug',0,'en_us',''),(239,'field',85,'en_us',' pages finding a local find a local '),(239,'slug',0,'en_us',' find a local '),(239,'title',0,'en_us',' find a local '),(240,'field',86,'en_us',' find a local '),(240,'field',87,'en_us',' pages finding a local '),(240,'slug',0,'en_us',''),(241,'field',18,'en_us',' find a local '),(241,'slug',0,'en_us',''),(242,'slug',0,'en_us',' landing '),(242,'title',0,'en_us',' become a local '),(242,'field',1,'en_us',' find a host slideshow show travellers your way of life and earn an income find a host steps becoming a local offers many perks as well as our full support system perks becoming a local becoming a local is a real stroll in the park steps becoming a local '),(242,'field',15,'en_us',''),(242,'field',13,'en_us',''),(242,'field',23,'en_us',''),(242,'field',50,'en_us',''),(242,'field',21,'en_us',''),(242,'field',66,'en_us',''),(242,'field',20,'en_us',''),(242,'field',24,'en_us',''),(242,'field',19,'en_us',''),(243,'field',5,'en_us',' show travellers your way of life and earn an income '),(243,'slug',0,'en_us',''),(244,'field',18,'en_us',' find a host steps '),(244,'slug',0,'en_us',''),(245,'field',13,'en_us',' find a host '),(245,'field',1,'en_us',' perfecting the body '),(245,'field',19,'en_us',''),(245,'field',20,'en_us',''),(245,'field',24,'en_us',''),(245,'slug',0,'en_us',' find a host '),(245,'title',0,'en_us',' find a host '),(246,'field',5,'en_us',' perfecting the body '),(246,'slug',0,'en_us',''),(247,'field',16,'en_us',''),(247,'field',17,'en_us',''),(247,'field',69,'en_us',' 50% 50% '),(247,'filename',0,'en_us',' host1 png '),(247,'extension',0,'en_us',' png '),(247,'kind',0,'en_us',' image '),(247,'slug',0,'en_us',''),(247,'title',0,'en_us',' host1 '),(248,'field',13,'en_us',' key point 1 header '),(248,'field',23,'en_us',' host1 '),(248,'field',21,'en_us',' a short blurb on key point 1 great for solidifying premium services which are backed byreliability and security '),(248,'slug',0,'en_us',' key point 1 header '),(248,'title',0,'en_us',' key point 1 header '),(249,'field',16,'en_us',''),(249,'field',17,'en_us',''),(249,'field',69,'en_us',' 50% 50% '),(249,'filename',0,'en_us',' host2 png '),(249,'extension',0,'en_us',' png '),(249,'kind',0,'en_us',' image '),(249,'slug',0,'en_us',''),(249,'title',0,'en_us',' host2 '),(250,'field',13,'en_us',' key point 2 header '),(250,'field',23,'en_us',' host2 '),(250,'field',21,'en_us',' a short blurb on key point 2 great for solidifying premium services which are backed by reliability and security '),(250,'slug',0,'en_us',' key point 2 header '),(250,'title',0,'en_us',' key point 2 header '),(251,'field',16,'en_us',''),(251,'field',17,'en_us',''),(251,'field',69,'en_us',' 50% 50% '),(251,'filename',0,'en_us',' host3 png '),(251,'extension',0,'en_us',' png '),(251,'kind',0,'en_us',' image '),(251,'slug',0,'en_us',''),(251,'title',0,'en_us',' host3 '),(252,'field',13,'en_us',' key point 3 header '),(252,'field',23,'en_us',' host3 '),(252,'field',21,'en_us',' a short blurb on key point 3 great for solidifying premium services which are backed by reliability and security '),(252,'slug',0,'en_us',' key point 3 header '),(252,'title',0,'en_us',' key point 3 header '),(262,'slug',0,'en_us',''),(263,'field',82,'en_us',' earn an income '),(263,'field',83,'en_us',' host3 '),(263,'field',84,'en_us',' entertain your guests in your own time you could do this part time or even turn it into your own business '),(263,'slug',0,'en_us',''),(264,'field',41,'en_us',' cape town 1562907 1920 the world to your doorstep '),(260,'field',81,'en_us',' share your passion skills host1 take them off the beaten track and create long lasting memories by doing what you love make new friends host2 they share your interests show them a good time and you might just meet your bff along the way earn an income host3 entertain your guests in your own time you could do this part time or even turn it into your own business '),(267,'field',81,'en_us',' register as a host image place holder enter your basic details and tell us a bit about yourself create experience image place holder describe what you re offering add your price availability and a few photos submit experience image place holder preview experience sit back and watch your inbox for bookings '),(266,'field',18,'en_us',' find a host slideshow '),(266,'slug',0,'en_us',''),(265,'slug',0,'en_us',''),(265,'field',72,'en_us',' the world to your doorstep '),(265,'field',43,'en_us',''),(265,'field',44,'en_us',''),(265,'field',42,'en_us',' cape town 1562907 1920 '),(260,'slug',0,'en_us',' become a local '),(260,'title',0,'en_us',' find a host steps '),(261,'field',82,'en_us',' share your passion skills '),(261,'field',83,'en_us',' host1 '),(261,'field',84,'en_us',' take them off the beaten track and create long lasting memories by doing what you love '),(261,'slug',0,'en_us',''),(262,'field',82,'en_us',' make new friends '),(262,'field',83,'en_us',' host2 '),(262,'field',84,'en_us',' they share your interests show them a good time and you might just meet your bff along the way '),(264,'slug',0,'en_us',' become a local slideshow '),(264,'title',0,'en_us',' find a host slideshow '),(267,'slug',0,'en_us',' steps becoming a local '),(267,'title',0,'en_us',' steps becoming a local '),(268,'field',82,'en_us',' register as a host '),(268,'field',83,'en_us',' image place holder '),(268,'field',84,'en_us',' enter your basic details and tell us a bit about yourself '),(268,'slug',0,'en_us',''),(269,'field',82,'en_us',' create experience '),(269,'field',83,'en_us',' image place holder '),(269,'field',84,'en_us',' describe what you re offering add your price availability and a few photos '),(269,'slug',0,'en_us',''),(270,'field',82,'en_us',' submit experience '),(270,'field',83,'en_us',' image place holder '),(270,'field',84,'en_us',' preview experience sit back and watch your inbox for bookings '),(60,'field',26,'en_us',' local contact us create '),(270,'slug',0,'en_us',''),(271,'field',16,'en_us',''),(271,'field',17,'en_us',''),(271,'field',69,'en_us',' 50% 50% '),(271,'filename',0,'en_us',' local png '),(271,'extension',0,'en_us',' png '),(271,'kind',0,'en_us',' image '),(271,'slug',0,'en_us',''),(271,'title',0,'en_us',' local '),(272,'field',81,'en_us',' perk 1 local easy sign up process perk 2 local we ll do the marketing perk 3 local set your own price perk 4 local do it in your spare time perk 5 local guaranteed payment full transparency perk 6 local dashboard to manage bookings '),(272,'slug',0,'en_us',' perks becoming a local '),(272,'title',0,'en_us',' perks becoming a local '),(273,'field',82,'en_us',' perk 1 '),(273,'field',83,'en_us',' local '),(273,'field',84,'en_us',' easy sign up process '),(273,'slug',0,'en_us',''),(274,'field',82,'en_us',' perk 2 '),(274,'field',83,'en_us',' local '),(274,'field',84,'en_us',' we ll do the marketing '),(274,'slug',0,'en_us',''),(275,'field',82,'en_us',' perk 3 '),(275,'field',83,'en_us',' local '),(275,'field',84,'en_us',' set your own price '),(275,'slug',0,'en_us',''),(276,'field',82,'en_us',' perk 4 '),(276,'field',83,'en_us',' local '),(276,'field',84,'en_us',' do it in your spare time '),(276,'slug',0,'en_us',''),(277,'field',82,'en_us',' perk 5 '),(277,'field',83,'en_us',' local '),(277,'field',84,'en_us',' guaranteed payment full transparency '),(277,'slug',0,'en_us',''),(278,'field',82,'en_us',' perk 6 '),(278,'field',83,'en_us',' local '),(278,'field',84,'en_us',' dashboard to manage bookings '),(278,'slug',0,'en_us',''),(279,'field',5,'en_us',' becoming a local offers many perks as well as our full support system '),(279,'slug',0,'en_us',''),(280,'field',18,'en_us',' perks becoming a local '),(280,'slug',0,'en_us',''),(281,'field',5,'en_us',' becoming a local is a real stroll in the park '),(281,'slug',0,'en_us',''),(282,'field',18,'en_us',' steps becoming a local '),(282,'slug',0,'en_us',''),(283,'field',16,'en_us',''),(283,'field',17,'en_us',''),(283,'field',69,'en_us',' 50% 50% '),(283,'filename',0,'en_us',' table mountain aerial cableway in cape town south africa jpg '),(283,'extension',0,'en_us',' jpg '),(283,'kind',0,'en_us',' image '),(283,'slug',0,'en_us',''),(283,'title',0,'en_us',' table mountain aerial cableway in cape town south africa '),(284,'field',17,'en_us',''),(284,'field',69,'en_us',' 50% 50% '),(284,'filename',0,'en_us',' hot air baloon cape town tourism jpg '),(284,'extension',0,'en_us',' jpg '),(284,'kind',0,'en_us',' image '),(284,'slug',0,'en_us',''),(284,'title',0,'en_us',' hot air baloon cape town tourism '),(285,'field',16,'en_us',''),(285,'field',17,'en_us',''),(285,'field',69,'en_us',' 50% 50% '),(285,'filename',0,'en_us',' 3 jpg '),(285,'extension',0,'en_us',' jpg '),(285,'kind',0,'en_us',' image '),(285,'slug',0,'en_us',''),(285,'title',0,'en_us',' 3 '),(286,'field',16,'en_us',''),(286,'field',17,'en_us',''),(286,'field',69,'en_us',' 50% 50% '),(286,'filename',0,'en_us',' die word rol food truck jpg '),(286,'extension',0,'en_us',' jpg '),(286,'kind',0,'en_us',' image '),(286,'slug',0,'en_us',''),(286,'title',0,'en_us',' die word rol food truck '),(287,'field',16,'en_us',''),(287,'field',17,'en_us',''),(287,'field',69,'en_us',' 50% 50% '),(287,'filename',0,'en_us',' playground1 jpeg '),(287,'extension',0,'en_us',' jpeg '),(287,'kind',0,'en_us',' image '),(287,'slug',0,'en_us',''),(287,'title',0,'en_us',' playground1 '),(288,'field',16,'en_us',''),(288,'field',17,'en_us',''),(288,'field',69,'en_us',' 50% 50% '),(288,'filename',0,'en_us',' table mountain 600x356 jpg '),(288,'extension',0,'en_us',' jpg '),(288,'kind',0,'en_us',' image '),(288,'slug',0,'en_us',''),(288,'title',0,'en_us',' table mountain 600x356 '),(289,'field',16,'en_us',''),(289,'field',17,'en_us',''),(289,'field',69,'en_us',' 50% 50% '),(289,'filename',0,'en_us',' david making pap good shot jpg '),(289,'extension',0,'en_us',' jpg '),(289,'kind',0,'en_us',' image '),(289,'slug',0,'en_us',''),(289,'title',0,'en_us',' david making pap good shot '),(290,'slug',0,'en_us',''),(291,'field',5,'en_us',' when and how is payment made payment is made two to three working days after you have hosted your guests all payments will be made into the precise banking account provided at sign up please ensure that the right banking details are displayed in your profile always keep it local does not take any responsibility for wrong banking details entered on your profile '),(291,'slug',0,'en_us',''),(292,'field',5,'en_us',' what experience s can i offer my guests we have different experience categories here are a few examples of the type of experiences you can offer eat with locals a meal offered at your house you don t need to be a chef but you should be comfortable preparing this meal for your guests anything from a braai a traditional meal a tasting cake and tea a cooking lesson or even a picnic on your stop whatever your specialty in terms of food tours with locals you can take your guest on a tour around your neighbourhood show them how the locals live anything from a graffiti tour around woodstock a culinary tour through franschhoek yoga tour or fishing tour use your imagination and create your unique tour showcasing our beautiful city activities with locals this can be anything from a hobby a charity you support or an activity you do in your spare time invite your guests along for a shisa nyama a newlands sports day surf lesson hike beach day or music festival the possibilities are endless '),(292,'slug',0,'en_us',''),(293,'field',5,'en_us',' why do i have to manage my own calendar you are in complete control of your experience offered by managing your calendar and updating your availability only the experiences offered on the selected date will appear on the website this will speed up the booking process as an added convenience for guests '),(293,'slug',0,'en_us',''),(294,'field',5,'en_us',' can i host if i have a fulltime job yes you set your own availability an experience does not have to be long it can vary from 1 hour to a full day it all depends on you and the time you dedicate to offer guests an authentic travel experience '),(294,'slug',0,'en_us',''),(295,'field',5,'en_us',' how do i know when i ve received booking booking request tbc '),(295,'slug',0,'en_us',''),(296,'field',5,'en_us',' can i reject bookings yes you have the freedom and are in control please note that this can however affect your ratings on the website '),(296,'slug',0,'en_us',''),(297,'field',5,'en_us',' do i have to host alone or can i host together with other people the more the merrier invite your friends around for a braai or take your partner with you on a tour you need to specify this in your experience although you don t need to be accurate as to who ll be joining but you need to give the amount of people part of your experience '),(297,'slug',0,'en_us',''),(298,'field',5,'en_us',' how do i get more bookings there are many ways to do this we will get the visitors to the website all you need to do is have a positive mindset ready to meet the world create an authentic experience load eye catching photos set fair prices ensure your availability and make sure your guests talk about your experience and most importantly give you a great review '),(298,'slug',0,'en_us',''),(299,'field',5,'en_us',' who deals with guest reviews positive or negative please encourage your guests to review your experience and to add this to the website keep it local will add these reviews to your profile and could be highlighted on our homepage negative reviews will be dealt with by keep it local in accordance with the applicable host '),(299,'slug',0,'en_us',''),(300,'field',5,'en_us',' how do i manage my calendar log on to your dashboard go to calendar and manage it there the calendar allows you to specify when you are available and unavailable '),(300,'slug',0,'en_us',''),(301,'field',5,'en_us',' when do i need to reply to a guest the sooner the better bookings must be answered within 24 hours if not then the booking will be cancelled '),(301,'slug',0,'en_us',''),(302,'field',5,'en_us',' are guests allowed to request a customised experience yes only if you are willing and able to customise it '),(302,'slug',0,'en_us',''),(303,'field',5,'en_us',' can i cancel a booking you may if you have a valid reason please contact us in advance should you need to cancel we will monitor all cancellations and cancel your hosting should it deem necessary '),(303,'slug',0,'en_us',''),(304,'field',5,'en_us',' how do i communicate with my guests and keep it local all communication between you and your guest s happens through the messenger platform on keep it local s website you can stay in contact with keep it local via email info keepitlocal co za or phone '),(304,'slug',0,'en_us',''),(305,'field',5,'en_us',' can someone host in my place if i m unavailable no this is prohibited keep it local ensures guests that all hosts are vetted with clear transparency as to who they will be meeting '),(305,'slug',0,'en_us',''),(306,'field',5,'en_us',' am i liable to pay tax on the money i earn from keep it local yes you must declare all income to the south african revenue service sars '),(306,'slug',0,'en_us',''),(307,'field',5,'en_us',' what happens if my experience is cancelled or no one shows up please refer to our cancellation policy '),(307,'slug',0,'en_us',''),(308,'field',5,'en_us',' how do i know if a guest can be trusted guests must create a profile before paying for a booking and your details other that s displayed on your experience offered will be displayed to the guest after the booking is paid you can ask message your guest and get to know them a bit better '),(308,'slug',0,'en_us','');
/*!40000 ALTER TABLE `craft_searchindex` ENABLE KEYS */;
UNLOCK TABLES;

--
-- Table structure for table `craft_sections`
--

DROP TABLE IF EXISTS `craft_sections`;
/*!40101 SET @saved_cs_client     = @@character_set_client */;
/*!40101 SET character_set_client = utf8 */;
CREATE TABLE `craft_sections` (
  `id` int(11) NOT NULL AUTO_INCREMENT,
  `structureId` int(11) DEFAULT NULL,
  `name` varchar(255) COLLATE utf8_unicode_ci NOT NULL,
  `handle` varchar(255) COLLATE utf8_unicode_ci NOT NULL,
  `type` enum('single','channel','structure') COLLATE utf8_unicode_ci NOT NULL DEFAULT 'channel',
  `hasUrls` tinyint(1) unsigned NOT NULL DEFAULT '1',
  `template` varchar(500) COLLATE utf8_unicode_ci DEFAULT NULL,
  `enableVersioning` tinyint(1) unsigned NOT NULL DEFAULT '0',
  `dateCreated` datetime NOT NULL,
  `dateUpdated` datetime NOT NULL,
  `uid` char(36) COLLATE utf8_unicode_ci NOT NULL DEFAULT '0',
  PRIMARY KEY (`id`),
  UNIQUE KEY `craft_sections_name_unq_idx` (`name`),
  UNIQUE KEY `craft_sections_handle_unq_idx` (`handle`),
  KEY `craft_sections_structureId_fk` (`structureId`),
  CONSTRAINT `craft_sections_structureId_fk` FOREIGN KEY (`structureId`) REFERENCES `craft_structures` (`id`) ON DELETE SET NULL
) ENGINE=InnoDB AUTO_INCREMENT=15 DEFAULT CHARSET=utf8 COLLATE=utf8_unicode_ci;
/*!40101 SET character_set_client = @saved_cs_client */;

--
-- Dumping data for table `craft_sections`
--

LOCK TABLES `craft_sections` WRITE;
/*!40000 ALTER TABLE `craft_sections` DISABLE KEYS */;
INSERT INTO `craft_sections` VALUES (1,NULL,'Homepage','homepage','single',1,'index',1,'2015-10-24 08:36:38','2015-10-24 08:36:38','e0bea8c1-0c1c-408b-93e4-690267f824af'),(2,NULL,'Blog','blog','channel',1,'blog/_entry',1,'2015-10-24 08:36:38','2017-02-04 16:04:33','3d3b06d3-c7b3-4606-ae54-27fc47f5f6a2'),(3,NULL,'Pages','pages','channel',1,'pages/_entry',1,'2015-10-24 10:44:10','2015-10-24 10:44:10','c1a8df0a-27ec-49b1-ab10-88e2ba3ac767'),(4,NULL,'Panels','panels','channel',1,'panels/_entry',1,'2015-10-24 10:48:41','2015-10-24 10:48:41','d6446b04-c876-4f31-b843-fe109ae370fd'),(5,1,'Main Navigation','mainNavigation','structure',1,'main-navigation/_entry',1,'2015-10-24 11:43:10','2015-10-24 11:43:10','8a7f2508-93c0-4176-9c2c-deabe19486e8'),(6,NULL,'Galleries','galleries','channel',1,'galleries/_entry',1,'2015-11-08 10:03:56','2015-11-08 10:03:56','09b65af3-10ef-4650-b995-4fc3d33a038b'),(7,NULL,'Form Submissions','formSubmissions','channel',0,NULL,0,'2015-11-14 09:38:57','2015-11-14 09:38:57','dd5fc498-b7b9-4faf-b60a-217acdb7d229'),(8,NULL,'Form Configs','formConfigs','channel',0,NULL,1,'2015-11-14 09:39:32','2016-09-03 14:50:31','e1ba4cd8-b2db-4355-bfde-bde7f1199b8e'),(10,NULL,'Reviews','reviews','channel',0,NULL,1,'2017-02-07 17:54:08','2017-02-07 17:54:08','a7ec2b47-374c-4379-a189-5b47f6c99af3'),(11,NULL,'Steps','steps','channel',0,NULL,1,'2017-02-08 11:15:28','2017-02-08 11:15:28','1846475e-4fff-4ca8-9404-bc4a19ddfd20'),(12,NULL,'Home Points','points','channel',0,NULL,1,'2017-02-09 11:11:42','2017-02-09 11:17:47','f4c026de-0853-40b3-8fb1-6dc1d3a4fce7'),(13,2,'Sidebar','sidebar','structure',0,NULL,1,'2017-02-09 11:34:16','2017-02-09 11:34:16','894bf9e8-6410-4670-9859-08c852089d11'),(14,NULL,'Landing','landing','single',1,'host',1,'2017-02-17 08:31:00','2017-02-17 08:39:20','d3a1fd89-24e0-450b-bd3a-ba848c9c44de');
/*!40000 ALTER TABLE `craft_sections` ENABLE KEYS */;
UNLOCK TABLES;

--
-- Table structure for table `craft_sections_i18n`
--

DROP TABLE IF EXISTS `craft_sections_i18n`;
/*!40101 SET @saved_cs_client     = @@character_set_client */;
/*!40101 SET character_set_client = utf8 */;
CREATE TABLE `craft_sections_i18n` (
  `id` int(11) NOT NULL AUTO_INCREMENT,
  `sectionId` int(11) NOT NULL,
  `locale` char(12) COLLATE utf8_unicode_ci NOT NULL,
  `enabledByDefault` tinyint(1) unsigned NOT NULL DEFAULT '1',
  `urlFormat` text COLLATE utf8_unicode_ci,
  `nestedUrlFormat` text COLLATE utf8_unicode_ci,
  `dateCreated` datetime NOT NULL,
  `dateUpdated` datetime NOT NULL,
  `uid` char(36) COLLATE utf8_unicode_ci NOT NULL DEFAULT '0',
  PRIMARY KEY (`id`),
  UNIQUE KEY `craft_sections_i18n_sectionId_locale_unq_idx` (`sectionId`,`locale`),
  KEY `craft_sections_i18n_locale_fk` (`locale`),
  CONSTRAINT `craft_sections_i18n_locale_fk` FOREIGN KEY (`locale`) REFERENCES `craft_locales` (`locale`) ON DELETE CASCADE ON UPDATE CASCADE,
  CONSTRAINT `craft_sections_i18n_sectionId_fk` FOREIGN KEY (`sectionId`) REFERENCES `craft_sections` (`id`) ON DELETE CASCADE
) ENGINE=InnoDB AUTO_INCREMENT=15 DEFAULT CHARSET=utf8 COLLATE=utf8_unicode_ci;
/*!40101 SET character_set_client = @saved_cs_client */;

--
-- Dumping data for table `craft_sections_i18n`
--

LOCK TABLES `craft_sections_i18n` WRITE;
/*!40000 ALTER TABLE `craft_sections_i18n` DISABLE KEYS */;
INSERT INTO `craft_sections_i18n` VALUES (1,1,'en_us',1,'__home__',NULL,'2015-10-24 08:36:38','2016-05-05 10:39:30','70e9ff96-718b-400e-89ec-ef20438364d1'),(2,2,'en_us',1,'blog/{postDate.year}/{slug}',NULL,'2015-10-24 08:36:38','2017-02-04 16:04:33','c085106f-7d86-457d-bc82-e66a351cfc74'),(3,3,'en_us',1,'pages/{slug}',NULL,'2015-10-24 10:44:10','2016-05-05 10:39:30','b9bd8a9a-f25e-4fef-9e5e-01d5bba2299c'),(4,4,'en_us',1,'panels/{slug}',NULL,'2015-10-24 10:48:41','2016-05-05 10:39:30','ebe5c729-05a6-4905-bfa1-96dad36f2e11'),(5,5,'en_us',1,'main-navigation/{slug}','{parent.uri}/{slug}','2015-10-24 11:43:10','2016-05-05 10:39:30','4f3e3bbe-8750-45ea-b11e-b5613735bf4a'),(6,6,'en_us',1,'galleries/{slug}',NULL,'2015-11-08 10:03:56','2016-05-05 10:39:30','4a0ab1fb-aa4c-4e34-804b-066d28acbd16'),(7,7,'en_us',1,NULL,NULL,'2015-11-14 09:38:57','2016-05-05 10:39:30','25832c26-a120-4aa7-9f97-d81bec89c56f'),(8,8,'en_us',1,NULL,NULL,'2015-11-14 09:39:32','2016-05-05 10:39:30','efe0863b-7a1f-4b2c-b819-2f45f450ef45'),(10,10,'en_us',1,NULL,NULL,'2017-02-07 17:54:08','2017-02-07 17:54:08','13e39aa1-27fe-4b97-9056-4812468eba60'),(11,11,'en_us',1,NULL,NULL,'2017-02-08 11:15:28','2017-02-08 11:15:28','687dfdd1-40ea-4685-8314-4bb4143fa505'),(12,12,'en_us',1,NULL,NULL,'2017-02-09 11:11:42','2017-02-09 11:11:42','43c3985d-b81d-4c00-b019-57870c0cbe84'),(13,13,'en_us',1,NULL,NULL,'2017-02-09 11:34:16','2017-02-09 11:34:16','a8ac2849-9672-4853-a993-d13e6836c295'),(14,14,'en_us',1,'become-a-local',NULL,'2017-02-17 08:31:00','2017-02-17 08:39:20','87e29d37-ce36-491d-a523-cf53d24e50ad');
/*!40000 ALTER TABLE `craft_sections_i18n` ENABLE KEYS */;
UNLOCK TABLES;

--
-- Table structure for table `craft_sessions`
--

DROP TABLE IF EXISTS `craft_sessions`;
/*!40101 SET @saved_cs_client     = @@character_set_client */;
/*!40101 SET character_set_client = utf8 */;
CREATE TABLE `craft_sessions` (
  `id` int(11) NOT NULL AUTO_INCREMENT,
  `userId` int(11) NOT NULL,
  `token` char(100) COLLATE utf8_unicode_ci NOT NULL,
  `dateCreated` datetime NOT NULL,
  `dateUpdated` datetime NOT NULL,
  `uid` char(36) COLLATE utf8_unicode_ci NOT NULL DEFAULT '0',
  PRIMARY KEY (`id`),
  KEY `craft_sessions_uid_idx` (`uid`),
  KEY `craft_sessions_token_idx` (`token`),
  KEY `craft_sessions_dateUpdated_idx` (`dateUpdated`),
  KEY `craft_sessions_userId_fk` (`userId`),
  CONSTRAINT `craft_sessions_userId_fk` FOREIGN KEY (`userId`) REFERENCES `craft_users` (`id`) ON DELETE CASCADE
) ENGINE=InnoDB AUTO_INCREMENT=64 DEFAULT CHARSET=utf8 COLLATE=utf8_unicode_ci;
/*!40101 SET character_set_client = @saved_cs_client */;

--
-- Dumping data for table `craft_sessions`
--

LOCK TABLES `craft_sessions` WRITE;
/*!40000 ALTER TABLE `craft_sessions` DISABLE KEYS */;
INSERT INTO `craft_sessions` VALUES (54,1,'73d3ef736795c7454db7b47ae8932e34759107b3czozMjoiMlFUdHNVczhyZ3AxY01BRVFobXhKOUpRak9DUTE1UUkiOw==','2017-02-02 16:42:42','2017-02-02 16:42:42','b0a82736-857f-41c8-a84d-bcd88da2f677'),(55,1,'7594c5152e04725e390dc586bb63848c38b2ff54czozMjoicmNURmF2b0ZBNmhyek9mM1lvd1NIMzlYR2JGaGhwaWsiOw==','2017-02-04 15:48:40','2017-02-04 15:48:40','927b899b-71e9-4864-9c18-de4eccb47ba7'),(56,1,'89e2adf85563f0b31c5eb77103548e8a61fc07e7czozMjoiY29mY09DQkd4Z3ZXNXFuZTV3VVR2SXpZMWFaM0h3VksiOw==','2017-02-07 16:19:17','2017-02-07 16:19:17','c85fcf72-5435-438d-9310-6f9998ab466d'),(57,1,'c7b6eae33e8afcc75bf5b8bde0b18586b6b69c0fczozMjoiOTRYeUVHYUlaajZLYXNuYzByRDBKNUpTUExPMmx2UGMiOw==','2017-02-08 11:14:40','2017-02-08 11:14:40','d60770c1-49ea-44a7-ae7a-85aae16d29a5'),(58,1,'c6b0f5e1e4a0fc18ec517bce358c55d50071a7a5czozMjoiVGxVRmpHeElzTXRQd3BSc2U1cDRmSE9wR1NDQVB1ZXQiOw==','2017-02-17 08:25:30','2017-02-17 08:25:30','bd432631-2413-47c8-b5a9-43d270e9bd1c'),(59,1,'1e0bf1bf9297c4b5698520e4f02a6fc516f9611dczozMjoialByZHk5S04zVlEyakRHQ1BwSVJnT3ptejdZMEp4Y34iOw==','2017-03-07 22:29:20','2017-03-07 22:29:20','15c75ba1-3dce-4832-b72b-191d954c2819'),(60,1,'6fdd22349fa50ce75fb0073aba8ed7b11d3f40c3czozMjoiWFJXX3hoZjlqSXF0SEFoQW03dHBMcnBjbXdaVjlRNU8iOw==','2017-03-12 19:56:37','2017-03-13 05:20:30','377fa148-ba4a-4dcd-9589-8bb28d94f470'),(62,1,'938a6b698e1f7a8fc29fb85e99a8c86f48b88405czozMjoiVndTeEh+aW4zVFZCelVFTXhkajlZZUZ+ZVY5Tk45TE0iOw==','2017-03-25 13:14:04','2017-03-26 16:35:55','acc202f1-08a1-4e12-94bd-a432099850fe'),(63,1,'da5f9691a97ad7a7ed8d75be016c297b93b9f612czozMjoiX19EUzhObzN1dlEyczJSMmZkR00xT05ta2h+ZGJFSzUiOw==','2017-03-28 22:01:33','2017-04-03 20:21:59','4c471a4a-3f46-4919-bc43-eb30d2b9fe75');
/*!40000 ALTER TABLE `craft_sessions` ENABLE KEYS */;
UNLOCK TABLES;

--
-- Table structure for table `craft_shunnedmessages`
--

DROP TABLE IF EXISTS `craft_shunnedmessages`;
/*!40101 SET @saved_cs_client     = @@character_set_client */;
/*!40101 SET character_set_client = utf8 */;
CREATE TABLE `craft_shunnedmessages` (
  `id` int(11) NOT NULL AUTO_INCREMENT,
  `userId` int(11) NOT NULL,
  `message` varchar(255) COLLATE utf8_unicode_ci NOT NULL,
  `expiryDate` datetime DEFAULT NULL,
  `dateCreated` datetime NOT NULL,
  `dateUpdated` datetime NOT NULL,
  `uid` char(36) COLLATE utf8_unicode_ci NOT NULL DEFAULT '0',
  PRIMARY KEY (`id`),
  UNIQUE KEY `craft_shunnedmessages_userId_message_unq_idx` (`userId`,`message`),
  CONSTRAINT `craft_shunnedmessages_userId_fk` FOREIGN KEY (`userId`) REFERENCES `craft_users` (`id`) ON DELETE CASCADE
) ENGINE=InnoDB DEFAULT CHARSET=utf8 COLLATE=utf8_unicode_ci;
/*!40101 SET character_set_client = @saved_cs_client */;

--
-- Dumping data for table `craft_shunnedmessages`
--

LOCK TABLES `craft_shunnedmessages` WRITE;
/*!40000 ALTER TABLE `craft_shunnedmessages` DISABLE KEYS */;
/*!40000 ALTER TABLE `craft_shunnedmessages` ENABLE KEYS */;
UNLOCK TABLES;

--
-- Table structure for table `craft_snaptcha`
--

DROP TABLE IF EXISTS `craft_snaptcha`;
/*!40101 SET @saved_cs_client     = @@character_set_client */;
/*!40101 SET character_set_client = utf8 */;
CREATE TABLE `craft_snaptcha` (
  `id` int(11) NOT NULL AUTO_INCREMENT,
  `key` varchar(255) COLLATE utf8_unicode_ci NOT NULL,
  `ipAddress` varchar(255) COLLATE utf8_unicode_ci DEFAULT NULL,
  `timestamp` varchar(255) COLLATE utf8_unicode_ci DEFAULT NULL,
  `dateCreated` datetime NOT NULL,
  `dateUpdated` datetime NOT NULL,
  `uid` char(36) COLLATE utf8_unicode_ci NOT NULL DEFAULT '0',
  PRIMARY KEY (`id`)
) ENGINE=InnoDB AUTO_INCREMENT=27 DEFAULT CHARSET=utf8 COLLATE=utf8_unicode_ci;
/*!40101 SET character_set_client = @saved_cs_client */;

--
-- Dumping data for table `craft_snaptcha`
--

LOCK TABLES `craft_snaptcha` WRITE;
/*!40000 ALTER TABLE `craft_snaptcha` DISABLE KEYS */;
INSERT INTO `craft_snaptcha` VALUES (1,'CDgmWt6qtbQ3Z','127.0.0.1','1462442513','2016-05-05 10:01:53','2016-05-05 10:01:53','197c02f0-cf8c-4139-b743-f455056339c4'),(2,'kD7v9jBMzeQAu','127.0.0.1','1462442662','2016-05-05 10:04:22','2016-05-05 10:04:22','217234d4-cf4b-4c70-9c38-fef520d5b365'),(3,'52DylPxU57h4r','127.0.0.1','1462442689','2016-05-05 10:04:49','2016-05-05 10:04:49','20bfcce6-de7c-4194-9da3-6db75130abe3'),(4,'JV8jZXTr0SAhB','127.0.0.1','1462444669','2016-05-05 10:37:49','2016-05-05 10:37:49','98f90266-6937-44a4-9577-b4e527cdcda9'),(5,'BPNRXrKAlGuDG','127.0.0.1','1462457602','2016-05-05 14:13:22','2016-05-05 14:13:22','77f5b9cf-3025-4eba-b1c2-2c07670f2adb'),(6,'1zbvY1CW5lK5q','127.0.0.1','1463265716','2016-05-14 22:41:56','2016-05-14 22:41:56','ad056c18-0abe-48f2-a115-79fca9b208fd'),(7,'fqECbaTXoOw31','127.0.0.1','1463569210','2016-05-18 11:00:10','2016-05-18 11:00:10','dcdfe7c8-3df8-4c64-bd63-3d324c0106c4'),(8,'Y4pNxGfkXuWs6','127.0.0.1','1463579979','2016-05-18 13:59:39','2016-05-18 13:59:39','d062de9d-f7d3-469a-85cc-37e16a9281ae'),(9,'d9HmY1F8WQe5s','127.0.0.1','1464546867','2016-05-29 18:34:27','2016-05-29 18:34:27','4b05f447-afd1-412e-a96e-738233fd042f'),(10,'mpde1RIX5MpJL','127.0.0.1','1464547222','2016-05-29 18:40:22','2016-05-29 18:40:22','543a59bf-4a3d-467d-baca-c6ec42f6733a'),(11,'FfauyemzF9opc','127.0.0.1','1464547892','2016-05-29 18:51:32','2016-05-29 18:51:32','c3396a2f-1692-45a2-b5ce-7da92bccbdd3'),(12,'WQA4glp6UdFpy','127.0.0.1','1464547916','2016-05-29 18:51:56','2016-05-29 18:51:56','bada2685-4ebd-45be-bac5-13fc58813266'),(13,'yEjxM9l2iPTLI','127.0.0.1','1464548193','2016-05-29 18:56:33','2016-05-29 18:56:33','1b873f57-2bfa-4a78-afd0-771a68746108'),(14,'QuH2BlADx3D7z','127.0.0.1','1464548260','2016-05-29 18:57:40','2016-05-29 18:57:40','28833d7c-a06b-41ba-845e-1ba20773035d'),(15,'PJzrMNN6qBMP0','127.0.0.1','1464551245','2016-05-29 19:47:25','2016-05-29 19:47:25','e0360705-aa6b-43cb-abd2-1d5771c89ade'),(16,'H5LS8JahWXPky','127.0.0.1','1464551644','2016-05-29 19:54:04','2016-05-29 19:54:04','879eaba4-b3b2-4bb9-90be-5c204cd495a5'),(17,'1qQVVYdf2JmUz','127.0.0.1','1464551692','2016-05-29 19:54:52','2016-05-29 19:54:52','e40b33c0-a173-4201-a77b-a6d2c1704c08'),(18,'0FTATU4Jbkqko','127.0.0.1','1464551815','2016-05-29 19:56:55','2016-05-29 19:56:55','3184f2f1-a303-4354-8f2d-c47ee93407d1'),(19,'F9ZLaRDP5CJh8','127.0.0.1','1464551910','2016-05-29 19:58:30','2016-05-29 19:58:30','754af624-f989-43b2-8811-2d37882a5f60'),(20,'qtolORjuDmBD8','127.0.0.1','1464551913','2016-05-29 19:58:33','2016-05-29 19:58:33','8f7460df-cbc4-4eec-b3ea-fae2e48d1202'),(21,'ZNr03OrfO9hTC','127.0.0.1','1464552917','2016-05-29 20:15:17','2016-05-29 20:15:17','01d96f92-dcac-4f6d-84a0-bf9c20b1701b'),(22,'uU9FoePIPpwtU','127.0.0.1','1464552949','2016-05-29 20:15:49','2016-05-29 20:15:49','cee6ba43-6f5e-4452-96f8-aeec8d92980c'),(23,'YvMEIc60z9paS','127.0.0.1','1464557042','2016-05-29 21:24:02','2016-05-29 21:24:02','c0ad50c8-a46a-4ad1-8b25-17c1f0f1163f'),(24,'IjITva8BFUAiq','127.0.0.1','1464557047','2016-05-29 21:24:07','2016-05-29 21:24:07','57b93868-a2e6-4e71-9741-ca695db2e330'),(25,'99dH2fRx11RsW','127.0.0.1','1464557887','2016-05-29 21:38:07','2016-05-29 21:38:07','66bfb339-5a82-4fcf-9bae-814596186230'),(26,'1sPMZzP8rj5BW','127.0.0.1','1464561742','2016-05-29 22:42:22','2016-05-29 22:42:22','9f82bd45-03b8-42e4-817d-08a4f9bb0ebf');
/*!40000 ALTER TABLE `craft_snaptcha` ENABLE KEYS */;
UNLOCK TABLES;

--
-- Table structure for table `craft_snaptcha_log`
--

DROP TABLE IF EXISTS `craft_snaptcha_log`;
/*!40101 SET @saved_cs_client     = @@character_set_client */;
/*!40101 SET character_set_client = utf8 */;
CREATE TABLE `craft_snaptcha_log` (
  `id` int(11) NOT NULL AUTO_INCREMENT,
  `date` varchar(255) COLLATE utf8_unicode_ci NOT NULL,
  `approved` int(10) DEFAULT '0',
  `denied` int(10) DEFAULT '0',
  `dateCreated` datetime NOT NULL,
  `dateUpdated` datetime NOT NULL,
  `uid` char(36) COLLATE utf8_unicode_ci NOT NULL DEFAULT '0',
  PRIMARY KEY (`id`)
) ENGINE=InnoDB DEFAULT CHARSET=utf8 COLLATE=utf8_unicode_ci;
/*!40101 SET character_set_client = @saved_cs_client */;

--
-- Dumping data for table `craft_snaptcha_log`
--

LOCK TABLES `craft_snaptcha_log` WRITE;
/*!40000 ALTER TABLE `craft_snaptcha_log` DISABLE KEYS */;
/*!40000 ALTER TABLE `craft_snaptcha_log` ENABLE KEYS */;
UNLOCK TABLES;

--
-- Table structure for table `craft_structureelements`
--

DROP TABLE IF EXISTS `craft_structureelements`;
/*!40101 SET @saved_cs_client     = @@character_set_client */;
/*!40101 SET character_set_client = utf8 */;
CREATE TABLE `craft_structureelements` (
  `id` int(11) NOT NULL AUTO_INCREMENT,
  `structureId` int(11) NOT NULL,
  `elementId` int(11) DEFAULT NULL,
  `root` int(11) unsigned DEFAULT NULL,
  `lft` int(11) unsigned NOT NULL,
  `rgt` int(11) unsigned NOT NULL,
  `level` smallint(6) unsigned NOT NULL,
  `dateCreated` datetime NOT NULL,
  `dateUpdated` datetime NOT NULL,
  `uid` char(36) COLLATE utf8_unicode_ci NOT NULL DEFAULT '0',
  PRIMARY KEY (`id`),
  UNIQUE KEY `craft_structureelements_structureId_elementId_unq_idx` (`structureId`,`elementId`),
  KEY `craft_structureelements_root_idx` (`root`),
  KEY `craft_structureelements_lft_idx` (`lft`),
  KEY `craft_structureelements_rgt_idx` (`rgt`),
  KEY `craft_structureelements_level_idx` (`level`),
  KEY `craft_structureelements_elementId_fk` (`elementId`),
  CONSTRAINT `craft_structureelements_elementId_fk` FOREIGN KEY (`elementId`) REFERENCES `craft_elements` (`id`) ON DELETE CASCADE,
  CONSTRAINT `craft_structureelements_structureId_fk` FOREIGN KEY (`structureId`) REFERENCES `craft_structures` (`id`) ON DELETE CASCADE
) ENGINE=InnoDB AUTO_INCREMENT=29 DEFAULT CHARSET=utf8 COLLATE=utf8_unicode_ci;
/*!40101 SET character_set_client = @saved_cs_client */;

--
-- Dumping data for table `craft_structureelements`
--

LOCK TABLES `craft_structureelements` WRITE;
/*!40000 ALTER TABLE `craft_structureelements` DISABLE KEYS */;
INSERT INTO `craft_structureelements` VALUES (1,1,NULL,1,1,12,0,'2015-10-24 11:48:02','2015-10-24 11:48:02','7ab2ec7a-9424-47da-91f3-8701745b185a'),(2,1,24,1,4,5,1,'2015-10-24 11:48:02','2015-10-24 11:48:02','a90c7042-33f1-484d-ab86-51017839e47c'),(3,1,25,1,6,7,1,'2015-10-24 11:48:14','2015-10-24 11:48:14','19a27629-0758-479c-9fb1-075506e802f4'),(4,1,26,1,2,3,1,'2015-10-24 12:01:35','2015-10-24 12:01:35','80701bb2-694b-45d9-80be-8d3a2fb452eb'),(7,1,60,1,10,11,1,'2015-11-14 10:49:28','2015-11-14 10:49:28','e20e8683-f25c-4160-a9b5-396cbf0d171f'),(12,1,95,1,8,9,1,'2016-02-08 19:51:05','2016-02-08 19:51:05','606a28f3-c4d8-4ae8-8a85-a2f01e853eeb'),(13,2,NULL,13,1,30,0,'2017-02-09 12:01:27','2017-02-09 12:01:27','6b5d210e-7d2e-4f52-bc32-023b03a3eed9'),(14,2,157,13,2,3,1,'2017-02-09 12:01:27','2017-02-09 12:01:27','20c9b65f-3407-4dfa-b24d-add32196d011'),(15,2,158,13,4,5,1,'2017-02-09 12:02:06','2017-02-09 12:02:06','7f9cb57e-ddda-4ff0-a95b-3776d05c4f8c'),(16,2,159,13,6,7,1,'2017-02-09 12:02:42','2017-02-09 12:02:42','0abc2254-1956-4921-bda9-d81d2cbdd276'),(17,2,160,13,8,9,1,'2017-02-09 12:03:24','2017-02-09 12:03:24','3a1d43b1-e576-419a-ac14-b12767d789c6'),(18,2,161,13,10,11,1,'2017-02-09 12:03:55','2017-02-09 12:03:55','1fb594e0-7081-4c17-b68d-aa5ed670158d'),(19,2,162,13,12,13,1,'2017-02-09 12:04:26','2017-02-09 12:04:26','4c75c17c-faff-4e15-83d7-19fc9d70e5a5'),(20,2,163,13,14,15,1,'2017-02-09 12:05:02','2017-02-09 12:05:02','65d9608b-a7a8-4570-a135-9168f37836b8'),(21,2,164,13,16,17,1,'2017-02-09 12:06:09','2017-02-09 12:06:09','b9f8973d-9550-4eb9-9490-8ddd206b3bd5'),(22,2,165,13,18,19,1,'2017-02-09 12:08:17','2017-02-09 12:08:17','7f8965c3-ae6d-48ca-a933-e0f27e4eda7d'),(24,2,179,13,20,21,1,'2017-02-09 12:19:14','2017-02-09 12:19:14','db7ffe3f-6feb-4c62-9d1f-f047eb9dd171'),(25,2,180,13,22,23,1,'2017-02-09 12:19:50','2017-02-09 12:19:50','3bac6665-9d7e-4fb3-9cc9-22ce2d0bcea0'),(26,2,181,13,24,25,1,'2017-02-09 12:20:42','2017-02-09 12:20:42','fd4bb3a6-bdce-40be-abbd-5e8b4f04184d'),(27,2,182,13,26,27,1,'2017-02-09 12:22:38','2017-02-09 12:22:38','f87a6456-cc02-487e-a20a-a2630b4513da'),(28,2,183,13,28,29,1,'2017-02-09 12:23:28','2017-02-09 12:23:28','607b18e3-99af-4433-9aaa-f7214de1180f');
/*!40000 ALTER TABLE `craft_structureelements` ENABLE KEYS */;
UNLOCK TABLES;

--
-- Table structure for table `craft_structures`
--

DROP TABLE IF EXISTS `craft_structures`;
/*!40101 SET @saved_cs_client     = @@character_set_client */;
/*!40101 SET character_set_client = utf8 */;
CREATE TABLE `craft_structures` (
  `id` int(11) NOT NULL AUTO_INCREMENT,
  `maxLevels` smallint(6) unsigned DEFAULT NULL,
  `dateCreated` datetime NOT NULL,
  `dateUpdated` datetime NOT NULL,
  `uid` char(36) COLLATE utf8_unicode_ci NOT NULL DEFAULT '0',
  PRIMARY KEY (`id`)
) ENGINE=InnoDB AUTO_INCREMENT=3 DEFAULT CHARSET=utf8 COLLATE=utf8_unicode_ci;
/*!40101 SET character_set_client = @saved_cs_client */;

--
-- Dumping data for table `craft_structures`
--

LOCK TABLES `craft_structures` WRITE;
/*!40000 ALTER TABLE `craft_structures` DISABLE KEYS */;
INSERT INTO `craft_structures` VALUES (1,NULL,'2015-10-24 11:43:10','2015-10-24 11:43:10','702c6418-55cf-42d6-87a0-92d804b5c96c'),(2,NULL,'2017-02-09 11:34:16','2017-02-09 11:34:16','200a6096-5440-48dd-8f21-1c285a369585');
/*!40000 ALTER TABLE `craft_structures` ENABLE KEYS */;
UNLOCK TABLES;

--
-- Table structure for table `craft_systemsettings`
--

DROP TABLE IF EXISTS `craft_systemsettings`;
/*!40101 SET @saved_cs_client     = @@character_set_client */;
/*!40101 SET character_set_client = utf8 */;
CREATE TABLE `craft_systemsettings` (
  `id` int(11) NOT NULL AUTO_INCREMENT,
  `category` varchar(15) COLLATE utf8_unicode_ci NOT NULL,
  `settings` text COLLATE utf8_unicode_ci,
  `dateCreated` datetime NOT NULL,
  `dateUpdated` datetime NOT NULL,
  `uid` char(36) COLLATE utf8_unicode_ci NOT NULL DEFAULT '0',
  PRIMARY KEY (`id`),
  UNIQUE KEY `craft_systemsettings_category_unq_idx` (`category`)
) ENGINE=InnoDB AUTO_INCREMENT=2 DEFAULT CHARSET=utf8 COLLATE=utf8_unicode_ci;
/*!40101 SET character_set_client = @saved_cs_client */;

--
-- Dumping data for table `craft_systemsettings`
--

LOCK TABLES `craft_systemsettings` WRITE;
/*!40000 ALTER TABLE `craft_systemsettings` DISABLE KEYS */;
INSERT INTO `craft_systemsettings` VALUES (1,'email','{\"template\":\"\",\"protocol\":\"php\",\"emailAddress\":\"admin@keepitlocalsa.com\",\"senderName\":\"Keep It Local\"}','2015-10-24 08:36:38','2017-02-02 16:45:54','3ce8ae01-5b21-424e-80e0-58752a702f3b');
/*!40000 ALTER TABLE `craft_systemsettings` ENABLE KEYS */;
UNLOCK TABLES;

--
-- Table structure for table `craft_taggroups`
--

DROP TABLE IF EXISTS `craft_taggroups`;
/*!40101 SET @saved_cs_client     = @@character_set_client */;
/*!40101 SET character_set_client = utf8 */;
CREATE TABLE `craft_taggroups` (
  `id` int(11) NOT NULL AUTO_INCREMENT,
  `name` varchar(255) COLLATE utf8_unicode_ci NOT NULL,
  `handle` varchar(255) COLLATE utf8_unicode_ci NOT NULL,
  `fieldLayoutId` int(10) DEFAULT NULL,
  `dateCreated` datetime NOT NULL,
  `dateUpdated` datetime NOT NULL,
  `uid` char(36) COLLATE utf8_unicode_ci NOT NULL DEFAULT '0',
  PRIMARY KEY (`id`),
  UNIQUE KEY `craft_taggroups_name_unq_idx` (`name`),
  UNIQUE KEY `craft_taggroups_handle_unq_idx` (`handle`),
  KEY `craft_taggroups_fieldLayoutId_fk` (`fieldLayoutId`),
  CONSTRAINT `craft_taggroups_fieldLayoutId_fk` FOREIGN KEY (`fieldLayoutId`) REFERENCES `craft_fieldlayouts` (`id`) ON DELETE SET NULL
) ENGINE=InnoDB AUTO_INCREMENT=2 DEFAULT CHARSET=utf8 COLLATE=utf8_unicode_ci;
/*!40101 SET character_set_client = @saved_cs_client */;

--
-- Dumping data for table `craft_taggroups`
--

LOCK TABLES `craft_taggroups` WRITE;
/*!40000 ALTER TABLE `craft_taggroups` DISABLE KEYS */;
INSERT INTO `craft_taggroups` VALUES (1,'Default','default',1,'2015-10-24 08:36:38','2015-10-24 08:36:38','54d790bd-b641-497f-abd0-c42836e7d4b7');
/*!40000 ALTER TABLE `craft_taggroups` ENABLE KEYS */;
UNLOCK TABLES;

--
-- Table structure for table `craft_tags`
--

DROP TABLE IF EXISTS `craft_tags`;
/*!40101 SET @saved_cs_client     = @@character_set_client */;
/*!40101 SET character_set_client = utf8 */;
CREATE TABLE `craft_tags` (
  `id` int(11) NOT NULL,
  `groupId` int(11) NOT NULL,
  `dateCreated` datetime NOT NULL,
  `dateUpdated` datetime NOT NULL,
  `uid` char(36) COLLATE utf8_unicode_ci NOT NULL DEFAULT '0',
  PRIMARY KEY (`id`),
  KEY `craft_tags_groupId_fk` (`groupId`),
  CONSTRAINT `craft_tags_groupId_fk` FOREIGN KEY (`groupId`) REFERENCES `craft_taggroups` (`id`) ON DELETE CASCADE,
  CONSTRAINT `craft_tags_id_fk` FOREIGN KEY (`id`) REFERENCES `craft_elements` (`id`) ON DELETE CASCADE
) ENGINE=InnoDB DEFAULT CHARSET=utf8 COLLATE=utf8_unicode_ci;
/*!40101 SET character_set_client = @saved_cs_client */;

--
-- Dumping data for table `craft_tags`
--

LOCK TABLES `craft_tags` WRITE;
/*!40000 ALTER TABLE `craft_tags` DISABLE KEYS */;
/*!40000 ALTER TABLE `craft_tags` ENABLE KEYS */;
UNLOCK TABLES;

--
-- Table structure for table `craft_tasks`
--

DROP TABLE IF EXISTS `craft_tasks`;
/*!40101 SET @saved_cs_client     = @@character_set_client */;
/*!40101 SET character_set_client = utf8 */;
CREATE TABLE `craft_tasks` (
  `id` int(11) NOT NULL AUTO_INCREMENT,
  `root` int(11) unsigned DEFAULT NULL,
  `lft` int(11) unsigned NOT NULL,
  `rgt` int(11) unsigned NOT NULL,
  `level` smallint(6) unsigned NOT NULL,
  `currentStep` int(11) unsigned DEFAULT NULL,
  `totalSteps` int(11) unsigned DEFAULT NULL,
  `status` enum('pending','error','running') COLLATE utf8_unicode_ci DEFAULT NULL,
  `type` varchar(150) COLLATE utf8_unicode_ci NOT NULL,
  `description` varchar(255) COLLATE utf8_unicode_ci DEFAULT NULL,
  `settings` mediumtext COLLATE utf8_unicode_ci,
  `dateCreated` datetime NOT NULL,
  `dateUpdated` datetime NOT NULL,
  `uid` char(36) COLLATE utf8_unicode_ci NOT NULL DEFAULT '0',
  PRIMARY KEY (`id`),
  KEY `craft_tasks_root_idx` (`root`),
  KEY `craft_tasks_lft_idx` (`lft`),
  KEY `craft_tasks_rgt_idx` (`rgt`),
  KEY `craft_tasks_level_idx` (`level`)
) ENGINE=InnoDB AUTO_INCREMENT=2 DEFAULT CHARSET=utf8 COLLATE=utf8_unicode_ci;
/*!40101 SET character_set_client = @saved_cs_client */;

--
-- Dumping data for table `craft_tasks`
--

LOCK TABLES `craft_tasks` WRITE;
/*!40000 ALTER TABLE `craft_tasks` DISABLE KEYS */;
/*!40000 ALTER TABLE `craft_tasks` ENABLE KEYS */;
UNLOCK TABLES;

--
-- Table structure for table `craft_templatecachecriteria`
--

DROP TABLE IF EXISTS `craft_templatecachecriteria`;
/*!40101 SET @saved_cs_client     = @@character_set_client */;
/*!40101 SET character_set_client = utf8 */;
CREATE TABLE `craft_templatecachecriteria` (
  `id` int(11) NOT NULL AUTO_INCREMENT,
  `cacheId` int(11) NOT NULL,
  `type` varchar(150) COLLATE utf8_unicode_ci NOT NULL,
  `criteria` text COLLATE utf8_unicode_ci NOT NULL,
  PRIMARY KEY (`id`),
  KEY `craft_templatecachecriteria_cacheId_fk` (`cacheId`),
  KEY `craft_templatecachecriteria_type_idx` (`type`),
  CONSTRAINT `craft_templatecachecriteria_cacheId_fk` FOREIGN KEY (`cacheId`) REFERENCES `craft_templatecaches` (`id`) ON DELETE CASCADE
) ENGINE=InnoDB DEFAULT CHARSET=utf8 COLLATE=utf8_unicode_ci;
/*!40101 SET character_set_client = @saved_cs_client */;

--
-- Dumping data for table `craft_templatecachecriteria`
--

LOCK TABLES `craft_templatecachecriteria` WRITE;
/*!40000 ALTER TABLE `craft_templatecachecriteria` DISABLE KEYS */;
/*!40000 ALTER TABLE `craft_templatecachecriteria` ENABLE KEYS */;
UNLOCK TABLES;

--
-- Table structure for table `craft_templatecacheelements`
--

DROP TABLE IF EXISTS `craft_templatecacheelements`;
/*!40101 SET @saved_cs_client     = @@character_set_client */;
/*!40101 SET character_set_client = utf8 */;
CREATE TABLE `craft_templatecacheelements` (
  `cacheId` int(11) NOT NULL,
  `elementId` int(11) NOT NULL,
  KEY `craft_templatecacheelements_cacheId_fk` (`cacheId`),
  KEY `craft_templatecacheelements_elementId_fk` (`elementId`),
  CONSTRAINT `craft_templatecacheelements_cacheId_fk` FOREIGN KEY (`cacheId`) REFERENCES `craft_templatecaches` (`id`) ON DELETE CASCADE,
  CONSTRAINT `craft_templatecacheelements_elementId_fk` FOREIGN KEY (`elementId`) REFERENCES `craft_elements` (`id`) ON DELETE CASCADE
) ENGINE=InnoDB DEFAULT CHARSET=utf8 COLLATE=utf8_unicode_ci;
/*!40101 SET character_set_client = @saved_cs_client */;

--
-- Dumping data for table `craft_templatecacheelements`
--

LOCK TABLES `craft_templatecacheelements` WRITE;
/*!40000 ALTER TABLE `craft_templatecacheelements` DISABLE KEYS */;
/*!40000 ALTER TABLE `craft_templatecacheelements` ENABLE KEYS */;
UNLOCK TABLES;

--
-- Table structure for table `craft_templatecaches`
--

DROP TABLE IF EXISTS `craft_templatecaches`;
/*!40101 SET @saved_cs_client     = @@character_set_client */;
/*!40101 SET character_set_client = utf8 */;
CREATE TABLE `craft_templatecaches` (
  `id` int(11) NOT NULL AUTO_INCREMENT,
  `cacheKey` varchar(255) COLLATE utf8_unicode_ci NOT NULL,
  `locale` char(12) COLLATE utf8_unicode_ci NOT NULL,
  `path` varchar(255) COLLATE utf8_unicode_ci DEFAULT NULL,
  `expiryDate` datetime NOT NULL,
  `body` mediumtext COLLATE utf8_unicode_ci NOT NULL,
  PRIMARY KEY (`id`),
  KEY `craft_templatecaches_locale_fk` (`locale`),
  KEY `craft_templatecaches_locale_cacheKey_path_expiryDate_idx` (`locale`,`cacheKey`,`path`,`expiryDate`),
  CONSTRAINT `craft_templatecaches_locale_fk` FOREIGN KEY (`locale`) REFERENCES `craft_locales` (`locale`) ON DELETE CASCADE ON UPDATE CASCADE
) ENGINE=InnoDB DEFAULT CHARSET=utf8 COLLATE=utf8_unicode_ci;
/*!40101 SET character_set_client = @saved_cs_client */;

--
-- Dumping data for table `craft_templatecaches`
--

LOCK TABLES `craft_templatecaches` WRITE;
/*!40000 ALTER TABLE `craft_templatecaches` DISABLE KEYS */;
/*!40000 ALTER TABLE `craft_templatecaches` ENABLE KEYS */;
UNLOCK TABLES;

--
-- Table structure for table `craft_tokens`
--

DROP TABLE IF EXISTS `craft_tokens`;
/*!40101 SET @saved_cs_client     = @@character_set_client */;
/*!40101 SET character_set_client = utf8 */;
CREATE TABLE `craft_tokens` (
  `id` int(11) NOT NULL AUTO_INCREMENT,
  `token` char(32) COLLATE utf8_unicode_ci NOT NULL,
  `route` text COLLATE utf8_unicode_ci,
  `usageLimit` tinyint(3) unsigned DEFAULT NULL,
  `usageCount` tinyint(3) unsigned DEFAULT NULL,
  `expiryDate` datetime NOT NULL,
  `dateCreated` datetime NOT NULL,
  `dateUpdated` datetime NOT NULL,
  `uid` char(36) COLLATE utf8_unicode_ci NOT NULL DEFAULT '0',
  PRIMARY KEY (`id`),
  UNIQUE KEY `craft_tokens_token_unq_idx` (`token`),
  KEY `craft_tokens_expiryDate_idx` (`expiryDate`)
) ENGINE=InnoDB DEFAULT CHARSET=utf8 COLLATE=utf8_unicode_ci;
/*!40101 SET character_set_client = @saved_cs_client */;

--
-- Dumping data for table `craft_tokens`
--

LOCK TABLES `craft_tokens` WRITE;
/*!40000 ALTER TABLE `craft_tokens` DISABLE KEYS */;
/*!40000 ALTER TABLE `craft_tokens` ENABLE KEYS */;
UNLOCK TABLES;

--
-- Table structure for table `craft_usergroups`
--

DROP TABLE IF EXISTS `craft_usergroups`;
/*!40101 SET @saved_cs_client     = @@character_set_client */;
/*!40101 SET character_set_client = utf8 */;
CREATE TABLE `craft_usergroups` (
  `id` int(11) NOT NULL AUTO_INCREMENT,
  `name` varchar(255) COLLATE utf8_unicode_ci NOT NULL,
  `handle` varchar(255) COLLATE utf8_unicode_ci NOT NULL,
  `dateCreated` datetime NOT NULL,
  `dateUpdated` datetime NOT NULL,
  `uid` char(36) COLLATE utf8_unicode_ci NOT NULL DEFAULT '0',
  PRIMARY KEY (`id`),
  UNIQUE KEY `craft_usergroups_handle_unq_idx` (`handle`),
  UNIQUE KEY `craft_usergroups_name_unq_idx` (`name`)
) ENGINE=InnoDB DEFAULT CHARSET=utf8 COLLATE=utf8_unicode_ci;
/*!40101 SET character_set_client = @saved_cs_client */;

--
-- Dumping data for table `craft_usergroups`
--

LOCK TABLES `craft_usergroups` WRITE;
/*!40000 ALTER TABLE `craft_usergroups` DISABLE KEYS */;
/*!40000 ALTER TABLE `craft_usergroups` ENABLE KEYS */;
UNLOCK TABLES;

--
-- Table structure for table `craft_usergroups_users`
--

DROP TABLE IF EXISTS `craft_usergroups_users`;
/*!40101 SET @saved_cs_client     = @@character_set_client */;
/*!40101 SET character_set_client = utf8 */;
CREATE TABLE `craft_usergroups_users` (
  `id` int(11) NOT NULL AUTO_INCREMENT,
  `groupId` int(11) NOT NULL,
  `userId` int(11) NOT NULL,
  `dateCreated` datetime NOT NULL,
  `dateUpdated` datetime NOT NULL,
  `uid` char(36) COLLATE utf8_unicode_ci NOT NULL DEFAULT '0',
  PRIMARY KEY (`id`),
  UNIQUE KEY `craft_usergroups_users_groupId_userId_unq_idx` (`groupId`,`userId`),
  KEY `craft_usergroups_users_userId_fk` (`userId`),
  CONSTRAINT `craft_usergroups_users_groupId_fk` FOREIGN KEY (`groupId`) REFERENCES `craft_usergroups` (`id`) ON DELETE CASCADE,
  CONSTRAINT `craft_usergroups_users_userId_fk` FOREIGN KEY (`userId`) REFERENCES `craft_users` (`id`) ON DELETE CASCADE
) ENGINE=InnoDB DEFAULT CHARSET=utf8 COLLATE=utf8_unicode_ci;
/*!40101 SET character_set_client = @saved_cs_client */;

--
-- Dumping data for table `craft_usergroups_users`
--

LOCK TABLES `craft_usergroups_users` WRITE;
/*!40000 ALTER TABLE `craft_usergroups_users` DISABLE KEYS */;
/*!40000 ALTER TABLE `craft_usergroups_users` ENABLE KEYS */;
UNLOCK TABLES;

--
-- Table structure for table `craft_userpermissions`
--

DROP TABLE IF EXISTS `craft_userpermissions`;
/*!40101 SET @saved_cs_client     = @@character_set_client */;
/*!40101 SET character_set_client = utf8 */;
CREATE TABLE `craft_userpermissions` (
  `id` int(11) NOT NULL AUTO_INCREMENT,
  `name` varchar(255) COLLATE utf8_unicode_ci NOT NULL,
  `dateCreated` datetime NOT NULL,
  `dateUpdated` datetime NOT NULL,
  `uid` char(36) COLLATE utf8_unicode_ci NOT NULL DEFAULT '0',
  PRIMARY KEY (`id`),
  UNIQUE KEY `craft_userpermissions_name_unq_idx` (`name`)
) ENGINE=InnoDB AUTO_INCREMENT=3 DEFAULT CHARSET=utf8 COLLATE=utf8_unicode_ci;
/*!40101 SET character_set_client = @saved_cs_client */;

--
-- Dumping data for table `craft_userpermissions`
--

LOCK TABLES `craft_userpermissions` WRITE;
/*!40000 ALTER TABLE `craft_userpermissions` DISABLE KEYS */;
INSERT INTO `craft_userpermissions` VALUES (1,'createentries:7','2015-11-14 19:53:43','2015-11-14 19:53:43','68a692f9-0d41-4d1c-8c59-6e6a0bacc958'),(2,'editentries:7','2015-11-14 19:53:43','2015-11-14 19:53:43','c092d59c-f2e3-455d-9a4a-7aa4ebaa89d0');
/*!40000 ALTER TABLE `craft_userpermissions` ENABLE KEYS */;
UNLOCK TABLES;

--
-- Table structure for table `craft_userpermissions_usergroups`
--

DROP TABLE IF EXISTS `craft_userpermissions_usergroups`;
/*!40101 SET @saved_cs_client     = @@character_set_client */;
/*!40101 SET character_set_client = utf8 */;
CREATE TABLE `craft_userpermissions_usergroups` (
  `id` int(11) NOT NULL AUTO_INCREMENT,
  `permissionId` int(11) NOT NULL,
  `groupId` int(11) NOT NULL,
  `dateCreated` datetime NOT NULL,
  `dateUpdated` datetime NOT NULL,
  `uid` char(36) COLLATE utf8_unicode_ci NOT NULL DEFAULT '0',
  PRIMARY KEY (`id`),
  UNIQUE KEY `craft_userpermissions_usergroups_permissionId_groupId_unq_idx` (`permissionId`,`groupId`),
  KEY `craft_userpermissions_usergroups_groupId_fk` (`groupId`),
  CONSTRAINT `craft_userpermissions_usergroups_groupId_fk` FOREIGN KEY (`groupId`) REFERENCES `craft_usergroups` (`id`) ON DELETE CASCADE,
  CONSTRAINT `craft_userpermissions_usergroups_permissionId_fk` FOREIGN KEY (`permissionId`) REFERENCES `craft_userpermissions` (`id`) ON DELETE CASCADE
) ENGINE=InnoDB DEFAULT CHARSET=utf8 COLLATE=utf8_unicode_ci;
/*!40101 SET character_set_client = @saved_cs_client */;

--
-- Dumping data for table `craft_userpermissions_usergroups`
--

LOCK TABLES `craft_userpermissions_usergroups` WRITE;
/*!40000 ALTER TABLE `craft_userpermissions_usergroups` DISABLE KEYS */;
/*!40000 ALTER TABLE `craft_userpermissions_usergroups` ENABLE KEYS */;
UNLOCK TABLES;

--
-- Table structure for table `craft_userpermissions_users`
--

DROP TABLE IF EXISTS `craft_userpermissions_users`;
/*!40101 SET @saved_cs_client     = @@character_set_client */;
/*!40101 SET character_set_client = utf8 */;
CREATE TABLE `craft_userpermissions_users` (
  `id` int(11) NOT NULL AUTO_INCREMENT,
  `permissionId` int(11) NOT NULL,
  `userId` int(11) NOT NULL,
  `dateCreated` datetime NOT NULL,
  `dateUpdated` datetime NOT NULL,
  `uid` char(36) COLLATE utf8_unicode_ci NOT NULL DEFAULT '0',
  PRIMARY KEY (`id`),
  UNIQUE KEY `craft_userpermissions_users_permissionId_userId_unq_idx` (`permissionId`,`userId`),
  KEY `craft_userpermissions_users_userId_fk` (`userId`),
  CONSTRAINT `craft_userpermissions_users_permissionId_fk` FOREIGN KEY (`permissionId`) REFERENCES `craft_userpermissions` (`id`) ON DELETE CASCADE,
  CONSTRAINT `craft_userpermissions_users_userId_fk` FOREIGN KEY (`userId`) REFERENCES `craft_users` (`id`) ON DELETE CASCADE
) ENGINE=InnoDB AUTO_INCREMENT=3 DEFAULT CHARSET=utf8 COLLATE=utf8_unicode_ci;
/*!40101 SET character_set_client = @saved_cs_client */;

--
-- Dumping data for table `craft_userpermissions_users`
--

LOCK TABLES `craft_userpermissions_users` WRITE;
/*!40000 ALTER TABLE `craft_userpermissions_users` DISABLE KEYS */;
INSERT INTO `craft_userpermissions_users` VALUES (1,1,65,'2015-11-14 19:53:43','2015-11-14 19:53:43','5fc82b1c-b6cd-4f5e-aa27-1a1a8c18cd99'),(2,2,65,'2015-11-14 19:53:43','2015-11-14 19:53:43','4fae1036-bb9d-4cca-8d10-720faa138cc1');
/*!40000 ALTER TABLE `craft_userpermissions_users` ENABLE KEYS */;
UNLOCK TABLES;

--
-- Table structure for table `craft_users`
--

DROP TABLE IF EXISTS `craft_users`;
/*!40101 SET @saved_cs_client     = @@character_set_client */;
/*!40101 SET character_set_client = utf8 */;
CREATE TABLE `craft_users` (
  `id` int(11) NOT NULL,
  `username` varchar(100) COLLATE utf8_unicode_ci NOT NULL,
  `photo` varchar(100) COLLATE utf8_unicode_ci DEFAULT NULL,
  `firstName` varchar(100) COLLATE utf8_unicode_ci DEFAULT NULL,
  `lastName` varchar(100) COLLATE utf8_unicode_ci DEFAULT NULL,
  `email` varchar(255) COLLATE utf8_unicode_ci NOT NULL,
  `password` char(255) COLLATE utf8_unicode_ci DEFAULT NULL,
  `preferredLocale` char(12) COLLATE utf8_unicode_ci DEFAULT NULL,
  `weekStartDay` tinyint(1) unsigned NOT NULL DEFAULT '0',
  `admin` tinyint(1) unsigned NOT NULL DEFAULT '0',
  `client` tinyint(1) unsigned NOT NULL DEFAULT '0',
  `locked` tinyint(1) unsigned NOT NULL DEFAULT '0',
  `suspended` tinyint(1) unsigned NOT NULL DEFAULT '0',
  `pending` tinyint(1) unsigned NOT NULL DEFAULT '0',
  `archived` tinyint(1) unsigned NOT NULL DEFAULT '0',
  `lastLoginDate` datetime DEFAULT NULL,
  `lastLoginAttemptIPAddress` varchar(45) COLLATE utf8_unicode_ci DEFAULT NULL,
  `invalidLoginWindowStart` datetime DEFAULT NULL,
  `invalidLoginCount` tinyint(4) unsigned DEFAULT NULL,
  `lastInvalidLoginDate` datetime DEFAULT NULL,
  `lockoutDate` datetime DEFAULT NULL,
  `verificationCode` char(100) COLLATE utf8_unicode_ci DEFAULT NULL,
  `verificationCodeIssuedDate` datetime DEFAULT NULL,
  `unverifiedEmail` varchar(255) COLLATE utf8_unicode_ci DEFAULT NULL,
  `passwordResetRequired` tinyint(1) unsigned NOT NULL DEFAULT '0',
  `lastPasswordChangeDate` datetime DEFAULT NULL,
  `dateCreated` datetime NOT NULL,
  `dateUpdated` datetime NOT NULL,
  `uid` char(36) COLLATE utf8_unicode_ci NOT NULL DEFAULT '0',
  PRIMARY KEY (`id`),
  UNIQUE KEY `craft_users_username_unq_idx` (`username`),
  UNIQUE KEY `craft_users_email_unq_idx` (`email`),
  KEY `craft_users_verificationCode_idx` (`verificationCode`),
  KEY `craft_users_uid_idx` (`uid`),
  KEY `craft_users_preferredLocale_fk` (`preferredLocale`),
  CONSTRAINT `craft_users_id_fk` FOREIGN KEY (`id`) REFERENCES `craft_elements` (`id`) ON DELETE CASCADE,
  CONSTRAINT `craft_users_preferredLocale_fk` FOREIGN KEY (`preferredLocale`) REFERENCES `craft_locales` (`locale`) ON DELETE SET NULL ON UPDATE CASCADE
) ENGINE=InnoDB DEFAULT CHARSET=utf8 COLLATE=utf8_unicode_ci;
/*!40101 SET character_set_client = @saved_cs_client */;

--
-- Dumping data for table `craft_users`
--

LOCK TABLES `craft_users` WRITE;
/*!40000 ALTER TABLE `craft_users` DISABLE KEYS */;
INSERT INTO `craft_users` VALUES (1,'adminkeepitlocal','gray_image_place_holder.png','Keep It','Local','admin@keepitlocalsa.com','$2y$13$PYf/os8q0b146pv76JHq4u1H8XqgKrcMy7I/xfAGTHDJvEUT0cQQC',NULL,0,1,0,0,0,0,0,'2017-03-28 22:01:33','127.0.0.1',NULL,NULL,'2017-02-07 16:18:35',NULL,NULL,NULL,NULL,0,'2017-02-11 17:40:27','2015-10-24 08:36:37','2017-03-28 22:01:33','8474b73c-9796-419f-8364-f6eaafdcd3e6'),(65,'guest@keepitlocalsa.com',NULL,'Guest','Admin','guest@keepitlocalsa.com',NULL,NULL,0,0,0,0,0,0,0,NULL,NULL,NULL,NULL,NULL,NULL,NULL,NULL,NULL,0,NULL,'2015-11-14 19:52:28','2015-11-14 19:53:43','7234ee85-f2f4-4f5d-889c-2fb446db82bc');
/*!40000 ALTER TABLE `craft_users` ENABLE KEYS */;
UNLOCK TABLES;

--
-- Table structure for table `craft_widgets`
--

DROP TABLE IF EXISTS `craft_widgets`;
/*!40101 SET @saved_cs_client     = @@character_set_client */;
/*!40101 SET character_set_client = utf8 */;
CREATE TABLE `craft_widgets` (
  `id` int(11) NOT NULL AUTO_INCREMENT,
  `userId` int(11) NOT NULL,
  `type` varchar(150) COLLATE utf8_unicode_ci NOT NULL,
  `sortOrder` smallint(6) unsigned DEFAULT NULL,
  `colspan` tinyint(4) unsigned DEFAULT NULL,
  `settings` text COLLATE utf8_unicode_ci,
  `enabled` tinyint(1) unsigned NOT NULL DEFAULT '1',
  `dateCreated` datetime NOT NULL,
  `dateUpdated` datetime NOT NULL,
  `uid` char(36) COLLATE utf8_unicode_ci NOT NULL DEFAULT '0',
  PRIMARY KEY (`id`),
  KEY `craft_widgets_userId_fk` (`userId`),
  CONSTRAINT `craft_widgets_userId_fk` FOREIGN KEY (`userId`) REFERENCES `craft_users` (`id`) ON DELETE CASCADE
) ENGINE=InnoDB AUTO_INCREMENT=5 DEFAULT CHARSET=utf8 COLLATE=utf8_unicode_ci;
/*!40101 SET character_set_client = @saved_cs_client */;

--
-- Dumping data for table `craft_widgets`
--

LOCK TABLES `craft_widgets` WRITE;
/*!40000 ALTER TABLE `craft_widgets` DISABLE KEYS */;
INSERT INTO `craft_widgets` VALUES (1,1,'RecentEntries',1,NULL,NULL,1,'2015-10-24 08:36:40','2015-10-24 08:36:40','d5c4505b-a6d6-43b8-9f9c-e34fa1fb9882'),(2,1,'GetHelp',2,NULL,NULL,1,'2015-10-24 08:36:40','2015-10-24 08:36:40','12913636-be37-4527-915d-7b22e96ed459'),(3,1,'Updates',3,NULL,NULL,1,'2015-10-24 08:36:40','2015-10-24 08:36:40','c4f75f2f-c3c7-45c9-92f3-08719fa2e746'),(4,1,'Feed',4,NULL,'{\"url\":\"https:\\/\\/craftcms.com\\/news.rss\",\"title\":\"Craft News\"}',1,'2015-10-24 08:36:40','2016-01-22 03:29:29','c871d428-4d6a-4308-bb27-c6d528052e92');
/*!40000 ALTER TABLE `craft_widgets` ENABLE KEYS */;
UNLOCK TABLES;

--
-- Table structure for table `local_bookings`
--

DROP TABLE IF EXISTS `local_bookings`;
/*!40101 SET @saved_cs_client     = @@character_set_client */;
/*!40101 SET character_set_client = utf8 */;
CREATE TABLE `local_bookings` (
  `id` int(10) unsigned NOT NULL AUTO_INCREMENT,
  `user_id` int(10) unsigned NOT NULL,
  `reference` varchar(255) COLLATE utf8_unicode_ci DEFAULT NULL,
  `experience_id` int(10) unsigned NOT NULL,
  `pricing_id` int(10) unsigned NOT NULL,
  `schedule_id` int(10) unsigned NOT NULL,
  `amount` varchar(255) COLLATE utf8_unicode_ci DEFAULT NULL,
  `local_id` int(10) unsigned NOT NULL,
  `time` varchar(255) COLLATE utf8_unicode_ci DEFAULT NULL,
  `message` text COLLATE utf8_unicode_ci,
  `special_requests` mediumtext COLLATE utf8_unicode_ci NOT NULL,
  `date` date DEFAULT NULL,
  `status` enum('pending','processed','cancelled','failed') COLLATE utf8_unicode_ci NOT NULL DEFAULT 'pending',
  `created_at` timestamp NULL DEFAULT NULL,
  `updated_at` timestamp NULL DEFAULT NULL,
  PRIMARY KEY (`id`),
  KEY `bookings_user_id_foreign` (`user_id`),
  KEY `bookings_experience_id_foreign` (`experience_id`),
  KEY `bookings_pricing_id_foreign` (`pricing_id`),
  KEY `bookings_schedule_id_foreign` (`schedule_id`),
  KEY `bookings_local_id_foreign` (`local_id`),
  CONSTRAINT `bookings_experience_id_foreign` FOREIGN KEY (`experience_id`) REFERENCES `local_experiences` (`id`),
  CONSTRAINT `bookings_local_id_foreign` FOREIGN KEY (`local_id`) REFERENCES `local_users` (`id`),
  CONSTRAINT `bookings_pricing_id_foreign` FOREIGN KEY (`pricing_id`) REFERENCES `local_pricings` (`id`),
  CONSTRAINT `bookings_schedule_id_foreign` FOREIGN KEY (`schedule_id`) REFERENCES `local_experience_schedules` (`id`),
  CONSTRAINT `bookings_user_id_foreign` FOREIGN KEY (`user_id`) REFERENCES `local_users` (`id`)
) ENGINE=InnoDB AUTO_INCREMENT=19 DEFAULT CHARSET=utf8 COLLATE=utf8_unicode_ci;
/*!40101 SET character_set_client = @saved_cs_client */;

--
-- Dumping data for table `local_bookings`
--

LOCK TABLES `local_bookings` WRITE;
/*!40000 ALTER TABLE `local_bookings` DISABLE KEYS */;
INSERT INTO `local_bookings` VALUES (1,4,'KIL1490552524',5,3,4,NULL,4,'04h00',NULL,'a:0:{}','2017-03-10','pending','2017-03-26 16:22:04','2017-03-26 16:22:04'),(2,4,'KIL1490552664',5,3,4,NULL,4,'04h00',NULL,'a:0:{}','2017-03-10','pending','2017-03-26 16:24:24','2017-03-26 16:24:24'),(3,4,'KIL1490552740',5,3,4,NULL,4,'04h00',NULL,'a:0:{}','2017-03-10','pending','2017-03-26 16:25:40','2017-03-26 16:25:40'),(4,4,'KIL1490552791',5,3,4,NULL,4,'04h00',NULL,'a:0:{}','2017-03-10','pending','2017-03-26 16:26:31','2017-03-26 16:26:31'),(5,4,'KIL1490552793',5,3,4,NULL,4,'04h00',NULL,'a:0:{}','2017-03-10','pending','2017-03-26 16:26:33','2017-03-26 16:26:33'),(6,4,'KIL1490552813',5,3,4,NULL,4,'04h00',NULL,'a:0:{}','2017-03-10','pending','2017-03-26 16:26:53','2017-03-26 16:26:53'),(7,4,'KIL1490553792',5,3,4,'2250',4,'08h30',NULL,'a:0:{}','2017-03-29','pending','2017-03-26 16:43:12','2017-03-26 16:43:12'),(8,4,'KIL1490553799',5,3,4,'2250',4,'08h30',NULL,'a:0:{}','2017-03-29','pending','2017-03-26 16:43:19','2017-03-26 16:43:19'),(9,4,'KIL1490553801',5,3,4,'2250',4,'08h30',NULL,'a:0:{}','2017-03-29','pending','2017-03-26 16:43:21','2017-03-26 16:43:21'),(10,4,'KIL1490553803',5,3,4,'2250',4,'08h30',NULL,'a:0:{}','2017-03-29','pending','2017-03-26 16:43:23','2017-03-26 16:43:23'),(11,4,'KIL1490553805',5,3,4,'2250',4,'08h30',NULL,'a:0:{}','2017-03-29','pending','2017-03-26 16:43:25','2017-03-26 16:43:25'),(12,4,'KIL1490553807',5,3,4,'2250',4,'08h30',NULL,'a:0:{}','2017-03-29','pending','2017-03-26 16:43:27','2017-03-26 16:43:27'),(13,4,'KIL1490553809',5,3,4,'2250',4,'08h30',NULL,'a:0:{}','2017-03-29','pending','2017-03-26 16:43:29','2017-03-26 16:43:29'),(14,4,'KIL1490553811',5,3,4,'2250',4,'08h30',NULL,'a:0:{}','2017-03-29','pending','2017-03-26 16:43:31','2017-03-26 16:43:31'),(15,4,'KIL1490553843',5,3,4,'2250',4,'08h30',NULL,'a:0:{}','2017-03-29','pending','2017-03-26 16:44:03','2017-03-26 16:44:03'),(16,4,'KIL1490556479',5,3,4,'2250',4,'02h30',NULL,'a:0:{}','2017-03-10','pending','2017-03-26 17:27:59','2017-03-26 17:27:59'),(17,1,'KIL1490746160',4,5,4,'1900',1,'02h30',NULL,'a:0:{}','2017-03-03','pending','2017-03-28 22:09:20','2017-03-28 22:09:20'),(18,20,'KIL1490747969',4,5,4,'1900',1,'08h30',NULL,'a:0:{}','2017-03-11','pending','2017-03-28 22:39:29','2017-03-28 22:39:29');
/*!40000 ALTER TABLE `local_bookings` ENABLE KEYS */;
UNLOCK TABLES;

--
-- Table structure for table `local_cities`
--

DROP TABLE IF EXISTS `local_cities`;
/*!40101 SET @saved_cs_client     = @@character_set_client */;
/*!40101 SET character_set_client = utf8 */;
CREATE TABLE `local_cities` (
  `id` int(10) unsigned NOT NULL AUTO_INCREMENT,
  `name` varchar(255) COLLATE utf8_unicode_ci NOT NULL,
  `country_id` int(10) unsigned NOT NULL,
  `created_at` timestamp NULL DEFAULT NULL,
  `updated_at` timestamp NULL DEFAULT NULL,
  PRIMARY KEY (`id`),
  UNIQUE KEY `cities_name_unique` (`name`),
  KEY `cities_country_id_foreign` (`country_id`),
  CONSTRAINT `cities_country_id_foreign` FOREIGN KEY (`country_id`) REFERENCES `local_countries` (`id`)
) ENGINE=InnoDB AUTO_INCREMENT=18 DEFAULT CHARSET=utf8 COLLATE=utf8_unicode_ci;
/*!40101 SET character_set_client = @saved_cs_client */;

--
-- Dumping data for table `local_cities`
--

LOCK TABLES `local_cities` WRITE;
/*!40000 ALTER TABLE `local_cities` DISABLE KEYS */;
INSERT INTO `local_cities` VALUES (1,'Johannesburg',204,'2017-02-26 15:18:01','2017-02-26 15:18:01'),(2,'Pretoria',204,'2017-02-26 15:18:01','2017-02-26 15:18:01'),(3,'East Rand',204,'2017-02-26 15:18:01','2017-02-26 15:18:01'),(4,'West Rand',204,'2017-02-26 15:18:01','2017-02-26 15:18:01'),(5,'Vaal',204,'2017-02-26 15:18:01','2017-02-26 15:18:01'),(6,'Cape Town',204,'2017-02-26 15:18:01','2017-02-26 15:18:01'),(7,'Winelands',204,'2017-02-26 15:18:01','2017-02-26 15:18:01'),(8,'West Coast',204,'2017-02-26 15:18:02','2017-02-26 15:18:02'),(9,'Garden Route',204,'2017-02-26 15:18:02','2017-02-26 15:18:02'),(10,'Overberg',204,'2017-02-26 15:18:02','2017-02-26 15:18:02'),(11,'Karoo',204,'2017-02-26 15:18:02','2017-02-26 15:18:02'),(12,'Durban',204,'2017-02-26 15:18:02','2017-02-26 15:18:02'),(13,'North Coast',204,'2017-02-26 15:18:02','2017-02-26 15:18:02'),(14,'Midlands',204,'2017-02-26 15:18:02','2017-02-26 15:18:02'),(15,'South Coast',204,'2017-02-26 15:18:02','2017-02-26 15:18:02'),(16,'Some testing',204,'2017-02-26 16:47:18','2017-02-26 16:47:18'),(17,'Something',204,'2017-02-26 16:51:56','2017-02-26 16:51:56');
/*!40000 ALTER TABLE `local_cities` ENABLE KEYS */;
UNLOCK TABLES;

--
-- Table structure for table `local_contacts`
--

DROP TABLE IF EXISTS `local_contacts`;
/*!40101 SET @saved_cs_client     = @@character_set_client */;
/*!40101 SET character_set_client = utf8 */;
CREATE TABLE `local_contacts` (
  `id` int(10) unsigned NOT NULL AUTO_INCREMENT,
  `user_id` int(10) unsigned NOT NULL,
  `email` varchar(255) COLLATE utf8_unicode_ci NOT NULL,
  `mobile` varchar(255) COLLATE utf8_unicode_ci NOT NULL,
  `telephone` varchar(255) COLLATE utf8_unicode_ci NOT NULL,
  `created_at` timestamp NULL DEFAULT NULL,
  `updated_at` timestamp NULL DEFAULT NULL,
  PRIMARY KEY (`id`),
  KEY `contacts_user_id_foreign` (`user_id`),
  CONSTRAINT `contacts_user_id_foreign` FOREIGN KEY (`user_id`) REFERENCES `local_users` (`id`)
) ENGINE=InnoDB AUTO_INCREMENT=3 DEFAULT CHARSET=utf8 COLLATE=utf8_unicode_ci;
/*!40101 SET character_set_client = @saved_cs_client */;

--
-- Dumping data for table `local_contacts`
--

LOCK TABLES `local_contacts` WRITE;
/*!40000 ALTER TABLE `local_contacts` DISABLE KEYS */;
INSERT INTO `local_contacts` VALUES (1,1,'bdizha@gmail.com','725528552','+27725528552','2017-02-27 06:23:50','2017-02-27 06:23:50'),(2,4,'bdizha@gmail.com','0725228552','','2017-03-19 10:50:57','2017-03-19 10:50:57');
/*!40000 ALTER TABLE `local_contacts` ENABLE KEYS */;
UNLOCK TABLES;

--
-- Table structure for table `local_countries`
--

DROP TABLE IF EXISTS `local_countries`;
/*!40101 SET @saved_cs_client     = @@character_set_client */;
/*!40101 SET character_set_client = utf8 */;
CREATE TABLE `local_countries` (
  `id` int(10) unsigned NOT NULL AUTO_INCREMENT,
  `name` varchar(255) COLLATE utf8_unicode_ci NOT NULL,
  `code` varchar(255) COLLATE utf8_unicode_ci NOT NULL,
  `created_at` timestamp NULL DEFAULT NULL,
  `updated_at` timestamp NULL DEFAULT NULL,
  PRIMARY KEY (`id`)
) ENGINE=InnoDB AUTO_INCREMENT=251 DEFAULT CHARSET=utf8 COLLATE=utf8_unicode_ci;
/*!40101 SET character_set_client = @saved_cs_client */;

--
-- Dumping data for table `local_countries`
--

LOCK TABLES `local_countries` WRITE;
/*!40000 ALTER TABLE `local_countries` DISABLE KEYS */;
INSERT INTO `local_countries` VALUES (1,'Afghanistan','AF','2017-02-26 15:17:48','2017-02-26 15:17:48'),(2,'Albania','AL','2017-02-26 15:17:48','2017-02-26 15:17:48'),(3,'Algeria','DZ','2017-02-26 15:17:49','2017-02-26 15:17:49'),(4,'American Samoa','AS','2017-02-26 15:17:49','2017-02-26 15:17:49'),(5,'Andorra','AD','2017-02-26 15:17:49','2017-02-26 15:17:49'),(6,'Angola','AO','2017-02-26 15:17:49','2017-02-26 15:17:49'),(7,'Anguilla','AI','2017-02-26 15:17:49','2017-02-26 15:17:49'),(8,'Antarctica','AQ','2017-02-26 15:17:49','2017-02-26 15:17:49'),(9,'Antigua and Barbuda','AG','2017-02-26 15:17:49','2017-02-26 15:17:49'),(10,'Argentina','AR','2017-02-26 15:17:49','2017-02-26 15:17:49'),(11,'Armenia','AM','2017-02-26 15:17:49','2017-02-26 15:17:49'),(12,'Aruba','AW','2017-02-26 15:17:49','2017-02-26 15:17:49'),(13,'Australia','AU','2017-02-26 15:17:49','2017-02-26 15:17:49'),(14,'Austria','AT','2017-02-26 15:17:49','2017-02-26 15:17:49'),(15,'Azerbaijan','AZ','2017-02-26 15:17:49','2017-02-26 15:17:49'),(16,'Bahamas','BS','2017-02-26 15:17:49','2017-02-26 15:17:49'),(17,'Bahrain','BH','2017-02-26 15:17:49','2017-02-26 15:17:49'),(18,'Bangladesh','BD','2017-02-26 15:17:49','2017-02-26 15:17:49'),(19,'Barbados','BB','2017-02-26 15:17:49','2017-02-26 15:17:49'),(20,'Belarus','BY','2017-02-26 15:17:49','2017-02-26 15:17:49'),(21,'Belgium','BE','2017-02-26 15:17:50','2017-02-26 15:17:50'),(22,'Belize','BZ','2017-02-26 15:17:50','2017-02-26 15:17:50'),(23,'Benin','BJ','2017-02-26 15:17:50','2017-02-26 15:17:50'),(24,'Bermuda','BM','2017-02-26 15:17:50','2017-02-26 15:17:50'),(25,'Bhutan','BT','2017-02-26 15:17:50','2017-02-26 15:17:50'),(26,'Bolivia','BO','2017-02-26 15:17:50','2017-02-26 15:17:50'),(27,'Bosnia and Herzegovina','BA','2017-02-26 15:17:50','2017-02-26 15:17:50'),(28,'Botswana','BW','2017-02-26 15:17:50','2017-02-26 15:17:50'),(29,'Bouvet Island','BV','2017-02-26 15:17:50','2017-02-26 15:17:50'),(30,'Brazil','BR','2017-02-26 15:17:50','2017-02-26 15:17:50'),(31,'British Indian Ocean Territory','IO','2017-02-26 15:17:50','2017-02-26 15:17:50'),(32,'British Virgin Islands','VG','2017-02-26 15:17:50','2017-02-26 15:17:50'),(33,'Brunei','BN','2017-02-26 15:17:50','2017-02-26 15:17:50'),(34,'Bulgaria','BG','2017-02-26 15:17:50','2017-02-26 15:17:50'),(35,'Burkina Faso','BF','2017-02-26 15:17:50','2017-02-26 15:17:50'),(36,'Burundi','BI','2017-02-26 15:17:50','2017-02-26 15:17:50'),(37,'Cambodia','KH','2017-02-26 15:17:50','2017-02-26 15:17:50'),(38,'Cameroon','CM','2017-02-26 15:17:50','2017-02-26 15:17:50'),(39,'Canada','CA','2017-02-26 15:17:50','2017-02-26 15:17:50'),(40,'Cape Verde','CV','2017-02-26 15:17:50','2017-02-26 15:17:50'),(41,'Cayman Islands','KY','2017-02-26 15:17:50','2017-02-26 15:17:50'),(42,'Central African Republic','CF','2017-02-26 15:17:51','2017-02-26 15:17:51'),(43,'Chad','TD','2017-02-26 15:17:51','2017-02-26 15:17:51'),(44,'Chile','CL','2017-02-26 15:17:51','2017-02-26 15:17:51'),(45,'China','CN','2017-02-26 15:17:51','2017-02-26 15:17:51'),(46,'Christmas Island','CX','2017-02-26 15:17:51','2017-02-26 15:17:51'),(47,'Cocos [Keeling] Islands','CC','2017-02-26 15:17:51','2017-02-26 15:17:51'),(48,'Colombia','CO','2017-02-26 15:17:51','2017-02-26 15:17:51'),(49,'Comoros','KM','2017-02-26 15:17:51','2017-02-26 15:17:51'),(50,'Congo - Brazzaville','CG','2017-02-26 15:17:51','2017-02-26 15:17:51'),(51,'Congo - Kinshasa','CD','2017-02-26 15:17:51','2017-02-26 15:17:51'),(52,'Cook Islands','CK','2017-02-26 15:17:51','2017-02-26 15:17:51'),(53,'Costa Rica','CR','2017-02-26 15:17:51','2017-02-26 15:17:51'),(54,'Croatia','HR','2017-02-26 15:17:51','2017-02-26 15:17:51'),(55,'Cuba','CU','2017-02-26 15:17:51','2017-02-26 15:17:51'),(56,'Cyprus','CY','2017-02-26 15:17:51','2017-02-26 15:17:51'),(57,'Czech Republic','CZ','2017-02-26 15:17:51','2017-02-26 15:17:51'),(58,'Côte d’Ivoire','CI','2017-02-26 15:17:51','2017-02-26 15:17:51'),(59,'Denmark','DK','2017-02-26 15:17:51','2017-02-26 15:17:51'),(60,'Djibouti','DJ','2017-02-26 15:17:51','2017-02-26 15:17:51'),(61,'Dominica','DM','2017-02-26 15:17:51','2017-02-26 15:17:51'),(62,'Dominican Republic','DO','2017-02-26 15:17:52','2017-02-26 15:17:52'),(63,'Ecuador','EC','2017-02-26 15:17:52','2017-02-26 15:17:52'),(64,'Egypt','EG','2017-02-26 15:17:52','2017-02-26 15:17:52'),(65,'El Salvador','SV','2017-02-26 15:17:52','2017-02-26 15:17:52'),(66,'Equatorial Guinea','GQ','2017-02-26 15:17:52','2017-02-26 15:17:52'),(67,'Eritrea','ER','2017-02-26 15:17:52','2017-02-26 15:17:52'),(68,'Estonia','EE','2017-02-26 15:17:52','2017-02-26 15:17:52'),(69,'Ethiopia','ET','2017-02-26 15:17:52','2017-02-26 15:17:52'),(70,'European Union','QU','2017-02-26 15:17:52','2017-02-26 15:17:52'),(71,'Falkland Islands','FK','2017-02-26 15:17:52','2017-02-26 15:17:52'),(72,'Faroe Islands','FO','2017-02-26 15:17:52','2017-02-26 15:17:52'),(73,'Fiji','FJ','2017-02-26 15:17:52','2017-02-26 15:17:52'),(74,'Finland','FI','2017-02-26 15:17:52','2017-02-26 15:17:52'),(75,'France','FR','2017-02-26 15:17:52','2017-02-26 15:17:52'),(76,'French Guiana','GF','2017-02-26 15:17:52','2017-02-26 15:17:52'),(77,'French Polynesia','PF','2017-02-26 15:17:52','2017-02-26 15:17:52'),(78,'French Southern Territories','TF','2017-02-26 15:17:52','2017-02-26 15:17:52'),(79,'Gabon','GA','2017-02-26 15:17:52','2017-02-26 15:17:52'),(80,'Gambia','GM','2017-02-26 15:17:52','2017-02-26 15:17:52'),(81,'Georgia','GE','2017-02-26 15:17:52','2017-02-26 15:17:52'),(82,'Germany','DE','2017-02-26 15:17:52','2017-02-26 15:17:52'),(83,'Ghana','GH','2017-02-26 15:17:53','2017-02-26 15:17:53'),(84,'Gibraltar','GI','2017-02-26 15:17:53','2017-02-26 15:17:53'),(85,'Greece','GR','2017-02-26 15:17:53','2017-02-26 15:17:53'),(86,'Greenland','GL','2017-02-26 15:17:53','2017-02-26 15:17:53'),(87,'Grenada','GD','2017-02-26 15:17:53','2017-02-26 15:17:53'),(88,'Guadeloupe','GP','2017-02-26 15:17:53','2017-02-26 15:17:53'),(89,'Guam','GU','2017-02-26 15:17:53','2017-02-26 15:17:53'),(90,'Guatemala','GT','2017-02-26 15:17:53','2017-02-26 15:17:53'),(91,'Guernsey','GG','2017-02-26 15:17:53','2017-02-26 15:17:53'),(92,'Guinea','GN','2017-02-26 15:17:53','2017-02-26 15:17:53'),(93,'Guinea-Bissau','GW','2017-02-26 15:17:53','2017-02-26 15:17:53'),(94,'Guyana','GY','2017-02-26 15:17:53','2017-02-26 15:17:53'),(95,'Haiti','HT','2017-02-26 15:17:53','2017-02-26 15:17:53'),(96,'Heard Island and McDonald Islands','HM','2017-02-26 15:17:53','2017-02-26 15:17:53'),(97,'Honduras','HN','2017-02-26 15:17:53','2017-02-26 15:17:53'),(98,'Hong Kong SAR China','HK','2017-02-26 15:17:53','2017-02-26 15:17:53'),(99,'Hungary','HU','2017-02-26 15:17:54','2017-02-26 15:17:54'),(100,'Iceland','IS','2017-02-26 15:17:54','2017-02-26 15:17:54'),(101,'India','IN','2017-02-26 15:17:54','2017-02-26 15:17:54'),(102,'Indonesia','ID','2017-02-26 15:17:54','2017-02-26 15:17:54'),(103,'Iran','IR','2017-02-26 15:17:54','2017-02-26 15:17:54'),(104,'Iraq','IQ','2017-02-26 15:17:54','2017-02-26 15:17:54'),(105,'Ireland','IE','2017-02-26 15:17:54','2017-02-26 15:17:54'),(106,'Isle of Man','IM','2017-02-26 15:17:54','2017-02-26 15:17:54'),(107,'Israel','IL','2017-02-26 15:17:54','2017-02-26 15:17:54'),(108,'Italy','IT','2017-02-26 15:17:54','2017-02-26 15:17:54'),(109,'Jamaica','JM','2017-02-26 15:17:54','2017-02-26 15:17:54'),(110,'Japan','JP','2017-02-26 15:17:54','2017-02-26 15:17:54'),(111,'Jersey','JE','2017-02-26 15:17:54','2017-02-26 15:17:54'),(112,'Jordan','JO','2017-02-26 15:17:54','2017-02-26 15:17:54'),(113,'Kazakhstan','KZ','2017-02-26 15:17:54','2017-02-26 15:17:54'),(114,'Kenya','KE','2017-02-26 15:17:54','2017-02-26 15:17:54'),(115,'Kiribati','KI','2017-02-26 15:17:54','2017-02-26 15:17:54'),(116,'Kuwait','KW','2017-02-26 15:17:54','2017-02-26 15:17:54'),(117,'Kyrgyzstan','KG','2017-02-26 15:17:54','2017-02-26 15:17:54'),(118,'Laos','LA','2017-02-26 15:17:54','2017-02-26 15:17:54'),(119,'Latvia','LV','2017-02-26 15:17:54','2017-02-26 15:17:54'),(120,'Lebanon','LB','2017-02-26 15:17:55','2017-02-26 15:17:55'),(121,'Lesotho','LS','2017-02-26 15:17:55','2017-02-26 15:17:55'),(122,'Liberia','LR','2017-02-26 15:17:55','2017-02-26 15:17:55'),(123,'Libya','LY','2017-02-26 15:17:55','2017-02-26 15:17:55'),(124,'Liechtenstein','LI','2017-02-26 15:17:55','2017-02-26 15:17:55'),(125,'Lithuania','LT','2017-02-26 15:17:55','2017-02-26 15:17:55'),(126,'Luxembourg','LU','2017-02-26 15:17:55','2017-02-26 15:17:55'),(127,'Macau SAR China','MO','2017-02-26 15:17:55','2017-02-26 15:17:55'),(128,'Macedonia','MK','2017-02-26 15:17:55','2017-02-26 15:17:55'),(129,'Madagascar','MG','2017-02-26 15:17:55','2017-02-26 15:17:55'),(130,'Malawi','MW','2017-02-26 15:17:55','2017-02-26 15:17:55'),(131,'Malaysia','MY','2017-02-26 15:17:55','2017-02-26 15:17:55'),(132,'Maldives','MV','2017-02-26 15:17:55','2017-02-26 15:17:55'),(133,'Mali','ML','2017-02-26 15:17:55','2017-02-26 15:17:55'),(134,'Malta','MT','2017-02-26 15:17:55','2017-02-26 15:17:55'),(135,'Marshall Islands','MH','2017-02-26 15:17:55','2017-02-26 15:17:55'),(136,'Martinique','MQ','2017-02-26 15:17:55','2017-02-26 15:17:55'),(137,'Mauritania','MR','2017-02-26 15:17:55','2017-02-26 15:17:55'),(138,'Mauritius','MU','2017-02-26 15:17:55','2017-02-26 15:17:55'),(139,'Mayotte','YT','2017-02-26 15:17:55','2017-02-26 15:17:55'),(140,'Mexico','MX','2017-02-26 15:17:56','2017-02-26 15:17:56'),(141,'Micronesia','FM','2017-02-26 15:17:56','2017-02-26 15:17:56'),(142,'Moldova','MD','2017-02-26 15:17:56','2017-02-26 15:17:56'),(143,'Monaco','MC','2017-02-26 15:17:56','2017-02-26 15:17:56'),(144,'Mongolia','MN','2017-02-26 15:17:56','2017-02-26 15:17:56'),(145,'Montenegro','ME','2017-02-26 15:17:56','2017-02-26 15:17:56'),(146,'Montserrat','MS','2017-02-26 15:17:56','2017-02-26 15:17:56'),(147,'Morocco','MA','2017-02-26 15:17:56','2017-02-26 15:17:56'),(148,'Mozambique','MZ','2017-02-26 15:17:56','2017-02-26 15:17:56'),(149,'Myanmar [Burma]','MM','2017-02-26 15:17:56','2017-02-26 15:17:56'),(150,'Namibia','NA','2017-02-26 15:17:56','2017-02-26 15:17:56'),(151,'Nauru','NR','2017-02-26 15:17:56','2017-02-26 15:17:56'),(152,'Nepal','NP','2017-02-26 15:17:56','2017-02-26 15:17:56'),(153,'Netherlands','NL','2017-02-26 15:17:56','2017-02-26 15:17:56'),(154,'Netherlands Antilles','AN','2017-02-26 15:17:56','2017-02-26 15:17:56'),(155,'New Caledonia','NC','2017-02-26 15:17:56','2017-02-26 15:17:56'),(156,'New Zealand','NZ','2017-02-26 15:17:56','2017-02-26 15:17:56'),(157,'Nicaragua','NI','2017-02-26 15:17:56','2017-02-26 15:17:56'),(158,'Niger','NE','2017-02-26 15:17:56','2017-02-26 15:17:56'),(159,'Nigeria','NG','2017-02-26 15:17:57','2017-02-26 15:17:57'),(160,'Niue','NU','2017-02-26 15:17:57','2017-02-26 15:17:57'),(161,'Norfolk Island','NF','2017-02-26 15:17:57','2017-02-26 15:17:57'),(162,'North Korea','KP','2017-02-26 15:17:57','2017-02-26 15:17:57'),(163,'Northern Mariana Islands','MP','2017-02-26 15:17:57','2017-02-26 15:17:57'),(164,'Norway','NO','2017-02-26 15:17:57','2017-02-26 15:17:57'),(165,'Oman','OM','2017-02-26 15:17:57','2017-02-26 15:17:57'),(166,'Outlying Oceania','QO','2017-02-26 15:17:57','2017-02-26 15:17:57'),(167,'Pakistan','PK','2017-02-26 15:17:57','2017-02-26 15:17:57'),(168,'Palau','PW','2017-02-26 15:17:57','2017-02-26 15:17:57'),(169,'Palestinian Territories','PS','2017-02-26 15:17:57','2017-02-26 15:17:57'),(170,'Panama','PA','2017-02-26 15:17:57','2017-02-26 15:17:57'),(171,'Papua New Guinea','PG','2017-02-26 15:17:57','2017-02-26 15:17:57'),(172,'Paraguay','PY','2017-02-26 15:17:57','2017-02-26 15:17:57'),(173,'Peru','PE','2017-02-26 15:17:57','2017-02-26 15:17:57'),(174,'Philippines','PH','2017-02-26 15:17:57','2017-02-26 15:17:57'),(175,'Pitcairn Islands','PN','2017-02-26 15:17:57','2017-02-26 15:17:57'),(176,'Poland','PL','2017-02-26 15:17:57','2017-02-26 15:17:57'),(177,'Portugal','PT','2017-02-26 15:17:58','2017-02-26 15:17:58'),(178,'Puerto Rico','PR','2017-02-26 15:17:58','2017-02-26 15:17:58'),(179,'Qatar','QA','2017-02-26 15:17:58','2017-02-26 15:17:58'),(180,'Romania','RO','2017-02-26 15:17:58','2017-02-26 15:17:58'),(181,'Russia','RU','2017-02-26 15:17:58','2017-02-26 15:17:58'),(182,'Rwanda','RW','2017-02-26 15:17:58','2017-02-26 15:17:58'),(183,'Réunion','RE','2017-02-26 15:17:58','2017-02-26 15:17:58'),(184,'Saint Barthélemy','BL','2017-02-26 15:17:58','2017-02-26 15:17:58'),(185,'Saint Helena','SH','2017-02-26 15:17:58','2017-02-26 15:17:58'),(186,'Saint Kitts and Nevis','KN','2017-02-26 15:17:58','2017-02-26 15:17:58'),(187,'Saint Lucia','LC','2017-02-26 15:17:58','2017-02-26 15:17:58'),(188,'Saint Martin','MF','2017-02-26 15:17:58','2017-02-26 15:17:58'),(189,'Saint Pierre and Miquelon','PM','2017-02-26 15:17:58','2017-02-26 15:17:58'),(190,'Saint Vincent and the Grenadines','VC','2017-02-26 15:17:58','2017-02-26 15:17:58'),(191,'Samoa','WS','2017-02-26 15:17:58','2017-02-26 15:17:58'),(192,'San Marino','SM','2017-02-26 15:17:58','2017-02-26 15:17:58'),(193,'Saudi Arabia','SA','2017-02-26 15:17:58','2017-02-26 15:17:58'),(194,'Senegal','SN','2017-02-26 15:17:58','2017-02-26 15:17:58'),(195,'Serbia','RS','2017-02-26 15:17:58','2017-02-26 15:17:58'),(196,'Serbia and Montenegro','CS','2017-02-26 15:17:58','2017-02-26 15:17:58'),(197,'Seychelles','SC','2017-02-26 15:17:58','2017-02-26 15:17:58'),(198,'Sierra Leone','SL','2017-02-26 15:17:59','2017-02-26 15:17:59'),(199,'Singapore','SG','2017-02-26 15:17:59','2017-02-26 15:17:59'),(200,'Slovakia','SK','2017-02-26 15:17:59','2017-02-26 15:17:59'),(201,'Slovenia','SI','2017-02-26 15:17:59','2017-02-26 15:17:59'),(202,'Solomon Islands','SB','2017-02-26 15:17:59','2017-02-26 15:17:59'),(203,'Somalia','SO','2017-02-26 15:17:59','2017-02-26 15:17:59'),(204,'South Africa','ZA','2017-02-26 15:17:59','2017-02-26 15:17:59'),(205,'South Georgia and the South Sandwich Islands','GS','2017-02-26 15:17:59','2017-02-26 15:17:59'),(206,'South Korea','KR','2017-02-26 15:17:59','2017-02-26 15:17:59'),(207,'Spain','ES','2017-02-26 15:17:59','2017-02-26 15:17:59'),(208,'Sri Lanka','LK','2017-02-26 15:17:59','2017-02-26 15:17:59'),(209,'Sudan','SD','2017-02-26 15:17:59','2017-02-26 15:17:59'),(210,'Suriname','SR','2017-02-26 15:17:59','2017-02-26 15:17:59'),(211,'Svalbard and Jan Mayen','SJ','2017-02-26 15:17:59','2017-02-26 15:17:59'),(212,'Swaziland','SZ','2017-02-26 15:17:59','2017-02-26 15:17:59'),(213,'Sweden','SE','2017-02-26 15:17:59','2017-02-26 15:17:59'),(214,'Switzerland','CH','2017-02-26 15:17:59','2017-02-26 15:17:59'),(215,'Syria','SY','2017-02-26 15:17:59','2017-02-26 15:17:59'),(216,'São Tomé and Príncipe','ST','2017-02-26 15:17:59','2017-02-26 15:17:59'),(217,'Taiwan','TW','2017-02-26 15:18:00','2017-02-26 15:18:00'),(218,'Tajikistan','TJ','2017-02-26 15:18:00','2017-02-26 15:18:00'),(219,'Tanzania','TZ','2017-02-26 15:18:00','2017-02-26 15:18:00'),(220,'Thailand','TH','2017-02-26 15:18:00','2017-02-26 15:18:00'),(221,'Timor-Leste','TL','2017-02-26 15:18:00','2017-02-26 15:18:00'),(222,'Togo','TG','2017-02-26 15:18:00','2017-02-26 15:18:00'),(223,'Tokelau','TK','2017-02-26 15:18:00','2017-02-26 15:18:00'),(224,'Tonga','TO','2017-02-26 15:18:00','2017-02-26 15:18:00'),(225,'Trinidad and Tobago','TT','2017-02-26 15:18:00','2017-02-26 15:18:00'),(226,'Tunisia','TN','2017-02-26 15:18:00','2017-02-26 15:18:00'),(227,'Turkey','TR','2017-02-26 15:18:00','2017-02-26 15:18:00'),(228,'Turkmenistan','TM','2017-02-26 15:18:00','2017-02-26 15:18:00'),(229,'Turks and Caicos Islands','TC','2017-02-26 15:18:00','2017-02-26 15:18:00'),(230,'Tuvalu','TV','2017-02-26 15:18:00','2017-02-26 15:18:00'),(231,'U.S. Minor Outlying Islands','UM','2017-02-26 15:18:00','2017-02-26 15:18:00'),(232,'U.S. Virgin Islands','VI','2017-02-26 15:18:00','2017-02-26 15:18:00'),(233,'Uganda','UG','2017-02-26 15:18:00','2017-02-26 15:18:00'),(234,'Ukraine','UA','2017-02-26 15:18:00','2017-02-26 15:18:00'),(235,'United Arab Emirates','AE','2017-02-26 15:18:00','2017-02-26 15:18:00'),(236,'United Kingdom','GB','2017-02-26 15:18:00','2017-02-26 15:18:00'),(237,'United States','US','2017-02-26 15:18:01','2017-02-26 15:18:01'),(238,'Unknown or Invalid Region','ZZ','2017-02-26 15:18:01','2017-02-26 15:18:01'),(239,'Uruguay','UY','2017-02-26 15:18:01','2017-02-26 15:18:01'),(240,'Uzbekistan','UZ','2017-02-26 15:18:01','2017-02-26 15:18:01'),(241,'Vanuatu','VU','2017-02-26 15:18:01','2017-02-26 15:18:01'),(242,'Vatican City','VA','2017-02-26 15:18:01','2017-02-26 15:18:01'),(243,'Venezuela','VE','2017-02-26 15:18:01','2017-02-26 15:18:01'),(244,'Vietnam','VN','2017-02-26 15:18:01','2017-02-26 15:18:01'),(245,'Wallis and Futuna','WF','2017-02-26 15:18:01','2017-02-26 15:18:01'),(246,'Western Sahara','EH','2017-02-26 15:18:01','2017-02-26 15:18:01'),(247,'Yemen','YE','2017-02-26 15:18:01','2017-02-26 15:18:01'),(248,'Zambia','ZM','2017-02-26 15:18:01','2017-02-26 15:18:01'),(249,'Zimbabwe','ZW','2017-02-26 15:18:01','2017-02-26 15:18:01'),(250,'Åland Islands','AX','2017-02-26 15:18:01','2017-02-26 15:18:01');
/*!40000 ALTER TABLE `local_countries` ENABLE KEYS */;
UNLOCK TABLES;

--
-- Table structure for table `local_experience_activities`
--

DROP TABLE IF EXISTS `local_experience_activities`;
/*!40101 SET @saved_cs_client     = @@character_set_client */;
/*!40101 SET character_set_client = utf8 */;
CREATE TABLE `local_experience_activities` (
  `id` int(10) unsigned NOT NULL AUTO_INCREMENT,
  `experience_id` int(10) unsigned NOT NULL,
  `description` text COLLATE utf8_unicode_ci NOT NULL,
  `created_at` timestamp NULL DEFAULT NULL,
  `updated_at` timestamp NULL DEFAULT NULL,
  PRIMARY KEY (`id`),
  KEY `experience_activities_experience_id_foreign` (`experience_id`),
  CONSTRAINT `experience_activities_experience_id_foreign` FOREIGN KEY (`experience_id`) REFERENCES `local_experiences` (`id`)
) ENGINE=InnoDB AUTO_INCREMENT=8 DEFAULT CHARSET=utf8 COLLATE=utf8_unicode_ci;
/*!40101 SET character_set_client = @saved_cs_client */;

--
-- Dumping data for table `local_experience_activities`
--

LOCK TABLES `local_experience_activities` WRITE;
/*!40000 ALTER TABLE `local_experience_activities` DISABLE KEYS */;
INSERT INTO `local_experience_activities` VALUES (1,1,'Activity 1','2017-02-26 15:18:36','2017-02-26 15:18:36'),(2,1,'Activity 2','2017-02-26 15:18:36','2017-02-26 15:18:36'),(3,2,'Activity 1','2017-02-26 15:21:47','2017-02-26 15:21:47'),(4,3,'More testing','2017-02-27 06:30:14','2017-02-27 06:30:14'),(5,4,'Wine served','2017-02-27 16:10:22','2017-02-27 16:10:22'),(6,4,'3 (alcoholic) drinks included','2017-02-27 16:10:22','2017-02-27 16:10:22'),(7,5,'Some activities','2017-03-19 12:16:25','2017-03-19 12:16:25');
/*!40000 ALTER TABLE `local_experience_activities` ENABLE KEYS */;
UNLOCK TABLES;

--
-- Table structure for table `local_experience_categories`
--

DROP TABLE IF EXISTS `local_experience_categories`;
/*!40101 SET @saved_cs_client     = @@character_set_client */;
/*!40101 SET character_set_client = utf8 */;
CREATE TABLE `local_experience_categories` (
  `id` int(10) unsigned NOT NULL AUTO_INCREMENT,
  `name` varchar(255) COLLATE utf8_unicode_ci NOT NULL,
  `level` enum('main','sub') COLLATE utf8_unicode_ci NOT NULL DEFAULT 'main',
  `created_at` timestamp NULL DEFAULT NULL,
  `updated_at` timestamp NULL DEFAULT NULL,
  PRIMARY KEY (`id`)
) ENGINE=InnoDB AUTO_INCREMENT=9 DEFAULT CHARSET=utf8 COLLATE=utf8_unicode_ci;
/*!40101 SET character_set_client = @saved_cs_client */;

--
-- Dumping data for table `local_experience_categories`
--

LOCK TABLES `local_experience_categories` WRITE;
/*!40000 ALTER TABLE `local_experience_categories` DISABLE KEYS */;
INSERT INTO `local_experience_categories` VALUES (1,'Food Experiences','main','2017-02-26 15:18:02','2017-02-26 15:18:02'),(2,'Tour experiences','main','2017-02-26 15:18:02','2017-02-26 15:18:02'),(3,'Translation experiences','main','2017-02-26 15:18:36','2017-02-26 15:18:36'),(4,'Some stuff','sub','2017-02-26 16:43:17','2017-02-26 16:43:17'),(5,'sub category','sub','2017-02-26 16:43:47','2017-02-26 16:43:47'),(6,'Food Experiences','sub','2017-02-26 16:51:04','2017-02-26 16:51:04'),(7,'Dinner food','sub','2017-02-26 16:51:29','2017-02-26 16:51:29'),(8,'Some sub category','sub','2017-03-19 12:16:25','2017-03-19 12:16:25');
/*!40000 ALTER TABLE `local_experience_categories` ENABLE KEYS */;
UNLOCK TABLES;

--
-- Table structure for table `local_experience_galleries`
--

DROP TABLE IF EXISTS `local_experience_galleries`;
/*!40101 SET @saved_cs_client     = @@character_set_client */;
/*!40101 SET character_set_client = utf8 */;
CREATE TABLE `local_experience_galleries` (
  `id` int(10) unsigned NOT NULL AUTO_INCREMENT,
  `image` varchar(255) COLLATE utf8_unicode_ci NOT NULL,
  `experience_id` int(10) unsigned NOT NULL,
  `created_at` timestamp NULL DEFAULT NULL,
  `updated_at` timestamp NULL DEFAULT NULL,
  PRIMARY KEY (`id`),
  KEY `experience_galleries_experience_id_foreign` (`experience_id`),
  CONSTRAINT `experience_galleries_experience_id_foreign` FOREIGN KEY (`experience_id`) REFERENCES `local_experiences` (`id`)
) ENGINE=InnoDB AUTO_INCREMENT=57 DEFAULT CHARSET=utf8 COLLATE=utf8_unicode_ci;
/*!40101 SET character_set_client = @saved_cs_client */;

--
-- Dumping data for table `local_experience_galleries`
--

LOCK TABLES `local_experience_galleries` WRITE;
/*!40000 ALTER TABLE `local_experience_galleries` DISABLE KEYS */;
INSERT INTO `local_experience_galleries` VALUES (44,'/files/img-7088.jpg',5,'2017-03-19 12:24:57','2017-03-19 12:24:57'),(45,'/files/table-mountain-aerial-cableway-in-cape-town-south-africa.jpg',5,'2017-03-19 12:24:57','2017-03-19 12:24:57'),(46,'/files/playground1.jpeg',5,'2017-03-19 12:24:57','2017-03-19 12:24:57'),(47,'/files/91d71c21ead2536d3c3f8288345ac153.webp',3,'2017-03-19 13:45:11','2017-03-19 13:45:11'),(48,'/files/f8d6ee19988bed9379318e3b17855bb8.webp',3,'2017-03-19 13:45:11','2017-03-19 13:45:11'),(49,'/files/0aab6d12a6f3837d226c5fe18eccc5fe.webp',3,'2017-03-19 13:45:11','2017-03-19 13:45:11'),(50,'/files/4dab14ce2a0c4656ee8b922bce308a0c.jpg',3,'2017-03-19 13:45:11','2017-03-19 13:45:11'),(51,'/files/2da30022f6f19abab60b159fc63e3084 (1).webp',3,'2017-03-19 13:45:12','2017-03-19 13:45:12'),(52,'/files/hot-air-baloon-cape-town-tourism (2).jpg',3,'2017-03-19 13:45:12','2017-03-19 13:45:12'),(53,'/files/table-mountain-600x356 (3).jpg',3,'2017-03-19 13:45:12','2017-03-19 13:45:12'),(54,'/files/6b506d7e3a95173261a07502aab218d1.webp',4,'2017-03-28 21:14:52','2017-03-28 21:14:52'),(55,'/files/6b5df5e90f92ca65bc2409e186556757.webp',4,'2017-03-28 21:14:52','2017-03-28 21:14:52'),(56,'/files/0492e326cee05250a305f6e7078f3ee8 (2).webp',4,'2017-03-28 21:14:52','2017-03-28 21:14:52');
/*!40000 ALTER TABLE `local_experience_galleries` ENABLE KEYS */;
UNLOCK TABLES;

--
-- Table structure for table `local_experience_highlights`
--

DROP TABLE IF EXISTS `local_experience_highlights`;
/*!40101 SET @saved_cs_client     = @@character_set_client */;
/*!40101 SET character_set_client = utf8 */;
CREATE TABLE `local_experience_highlights` (
  `id` int(10) unsigned NOT NULL AUTO_INCREMENT,
  `experience_id` int(10) unsigned NOT NULL,
  `description` text COLLATE utf8_unicode_ci NOT NULL,
  `created_at` timestamp NULL DEFAULT NULL,
  `updated_at` timestamp NULL DEFAULT NULL,
  PRIMARY KEY (`id`),
  KEY `experience_highlights_experience_id_foreign` (`experience_id`),
  CONSTRAINT `experience_highlights_experience_id_foreign` FOREIGN KEY (`experience_id`) REFERENCES `local_experiences` (`id`)
) ENGINE=InnoDB AUTO_INCREMENT=9 DEFAULT CHARSET=utf8 COLLATE=utf8_unicode_ci;
/*!40101 SET character_set_client = @saved_cs_client */;

--
-- Dumping data for table `local_experience_highlights`
--

LOCK TABLES `local_experience_highlights` WRITE;
/*!40000 ALTER TABLE `local_experience_highlights` DISABLE KEYS */;
INSERT INTO `local_experience_highlights` VALUES (1,1,'Highlights 1','2017-02-26 15:18:36','2017-02-26 15:18:36'),(2,1,'Highlights 2','2017-02-26 15:18:36','2017-02-26 15:18:36'),(3,2,'Highlights','2017-02-26 15:21:47','2017-02-26 15:21:47'),(4,2,'Highlight','2017-02-26 15:21:47','2017-02-26 15:21:47'),(5,3,'Highlights','2017-02-27 06:30:14','2017-02-27 06:30:14'),(6,4,'Lunch','2017-02-27 16:10:22','2017-02-27 16:10:22'),(7,4,'Portuguese cuisine','2017-02-27 16:10:22','2017-02-27 16:10:22'),(8,5,'dsafdsfdasfd','2017-03-19 12:16:25','2017-03-19 12:16:25');
/*!40000 ALTER TABLE `local_experience_highlights` ENABLE KEYS */;
UNLOCK TABLES;

--
-- Table structure for table `local_experience_languages`
--

DROP TABLE IF EXISTS `local_experience_languages`;
/*!40101 SET @saved_cs_client     = @@character_set_client */;
/*!40101 SET character_set_client = utf8 */;
CREATE TABLE `local_experience_languages` (
  `id` int(10) unsigned NOT NULL AUTO_INCREMENT,
  `experience_id` int(10) unsigned NOT NULL,
  `language_id` int(10) unsigned NOT NULL,
  `created_at` timestamp NULL DEFAULT NULL,
  `updated_at` timestamp NULL DEFAULT NULL,
  PRIMARY KEY (`id`),
  KEY `experience_languages_experience_id_foreign` (`experience_id`),
  KEY `experience_languages_language_id_foreign` (`language_id`),
  CONSTRAINT `experience_languages_experience_id_foreign` FOREIGN KEY (`experience_id`) REFERENCES `local_experiences` (`id`),
  CONSTRAINT `experience_languages_language_id_foreign` FOREIGN KEY (`language_id`) REFERENCES `local_languages` (`id`)
) ENGINE=InnoDB AUTO_INCREMENT=7 DEFAULT CHARSET=utf8 COLLATE=utf8_unicode_ci;
/*!40101 SET character_set_client = @saved_cs_client */;

--
-- Dumping data for table `local_experience_languages`
--

LOCK TABLES `local_experience_languages` WRITE;
/*!40000 ALTER TABLE `local_experience_languages` DISABLE KEYS */;
INSERT INTO `local_experience_languages` VALUES (1,1,1,'2017-02-26 15:18:36','2017-02-26 15:18:36'),(2,2,1,'2017-02-26 15:21:47','2017-02-26 15:21:47'),(3,3,1,'2017-02-27 06:30:14','2017-02-27 06:30:14'),(4,4,3,'2017-02-27 16:10:21','2017-02-27 16:10:21'),(5,4,2,'2017-02-27 16:10:21','2017-02-27 16:10:21'),(6,5,2,'2017-03-19 12:16:25','2017-03-19 12:16:25');
/*!40000 ALTER TABLE `local_experience_languages` ENABLE KEYS */;
UNLOCK TABLES;

--
-- Table structure for table `local_experience_schedules`
--

DROP TABLE IF EXISTS `local_experience_schedules`;
/*!40101 SET @saved_cs_client     = @@character_set_client */;
/*!40101 SET character_set_client = utf8 */;
CREATE TABLE `local_experience_schedules` (
  `id` int(10) unsigned NOT NULL AUTO_INCREMENT,
  `days` mediumtext COLLATE utf8_unicode_ci NOT NULL,
  `times` mediumtext COLLATE utf8_unicode_ci NOT NULL,
  `experience_id` int(10) unsigned NOT NULL,
  `created_at` timestamp NULL DEFAULT NULL,
  `updated_at` timestamp NULL DEFAULT NULL,
  PRIMARY KEY (`id`),
  KEY `experience_schedules_experience_id_foreign` (`experience_id`),
  CONSTRAINT `experience_schedules_experience_id_foreign` FOREIGN KEY (`experience_id`) REFERENCES `local_experiences` (`id`)
) ENGINE=InnoDB AUTO_INCREMENT=24 DEFAULT CHARSET=utf8 COLLATE=utf8_unicode_ci;
/*!40101 SET character_set_client = @saved_cs_client */;

--
-- Dumping data for table `local_experience_schedules`
--

LOCK TABLES `local_experience_schedules` WRITE;
/*!40000 ALTER TABLE `local_experience_schedules` DISABLE KEYS */;
INSERT INTO `local_experience_schedules` VALUES (4,'a:1:{s:9:\"Thursdays\";s:1:\"4\";}','a:5:{s:5:\"01h00\";s:5:\"01h00\";s:5:\"02h30\";s:5:\"02h30\";s:5:\"10h00\";s:5:\"10h00\";s:5:\"11h00\";s:5:\"11h00\";s:5:\"11h30\";s:5:\"11h30\";}',2,'2017-02-26 17:43:52','2017-02-26 17:43:52'),(18,'a:4:{i:0;s:1:\"2\";i:1;s:1:\"3\";i:2;s:1:\"6\";i:3;s:1:\"7\";}','a:4:{i:0;s:5:\"06h30\";i:1;s:5:\"07h00\";i:2;s:5:\"15h00\";i:3;s:5:\"17h00\";}',1,'2017-03-19 09:13:46','2017-03-19 09:13:46'),(19,'a:5:{i:0;s:1:\"1\";i:1;s:1:\"4\";i:2;s:1:\"5\";i:3;s:1:\"6\";i:4;s:1:\"7\";}','a:4:{i:0;s:5:\"07h30\";i:1;s:5:\"10h30\";i:2;s:5:\"12h00\";i:3;s:5:\"19h30\";}',3,'2017-03-19 09:21:59','2017-03-19 09:21:59'),(21,'a:4:{i:0;s:1:\"1\";i:1;s:1:\"3\";i:2;s:1:\"5\";i:3;s:1:\"7\";}','a:9:{i:0;s:5:\"01h30\";i:1;s:5:\"02h30\";i:2;s:5:\"03h30\";i:3;s:5:\"04h00\";i:4;s:5:\"08h30\";i:5;s:5:\"09h30\";i:6;s:5:\"11h00\";i:7;s:5:\"11h30\";i:8;s:5:\"17h30\";}',5,'2017-03-19 12:24:31','2017-03-19 12:24:31'),(23,'a:4:{i:0;s:1:\"2\";i:1;s:1:\"3\";i:2;s:1:\"5\";i:3;s:1:\"6\";}','a:10:{i:0;s:5:\"00h30\";i:1;s:5:\"02h30\";i:2;s:5:\"04h00\";i:3;s:5:\"07h30\";i:4;s:5:\"08h30\";i:5;s:5:\"10h00\";i:6;s:5:\"11h00\";i:7;s:5:\"15h00\";i:8;s:5:\"17h00\";i:9;s:5:\"23h30\";}',4,'2017-03-28 21:20:47','2017-03-28 21:20:47');
/*!40000 ALTER TABLE `local_experience_schedules` ENABLE KEYS */;
UNLOCK TABLES;

--
-- Table structure for table `local_experiences`
--

DROP TABLE IF EXISTS `local_experiences`;
/*!40101 SET @saved_cs_client     = @@character_set_client */;
/*!40101 SET character_set_client = utf8 */;
CREATE TABLE `local_experiences` (
  `id` int(10) unsigned NOT NULL AUTO_INCREMENT,
  `user_id` int(10) unsigned NOT NULL,
  `country_id` int(10) unsigned NOT NULL,
  `city_id` int(10) unsigned NOT NULL,
  `street_address` varchar(255) COLLATE utf8_unicode_ci NOT NULL,
  `postal_code` varchar(255) COLLATE utf8_unicode_ci NOT NULL,
  `category_id` int(10) unsigned NOT NULL,
  `sub_category_id` int(10) unsigned NOT NULL,
  `teaser` varchar(255) COLLATE utf8_unicode_ci NOT NULL,
  `duration` varchar(255) COLLATE utf8_unicode_ci NOT NULL,
  `units` enum('hours','days') COLLATE utf8_unicode_ci NOT NULL DEFAULT 'hours',
  `extra_pickup` enum('Free of charge','Extra charges','Not included') COLLATE utf8_unicode_ci NOT NULL DEFAULT 'Free of charge',
  `extra_food` enum('Free of charge','Extra charges','Not included') COLLATE utf8_unicode_ci NOT NULL DEFAULT 'Free of charge',
  `extra_misc` enum('Free of charge','Extra charges','Not included') COLLATE utf8_unicode_ci NOT NULL DEFAULT 'Free of charge',
  `transportation_mode` varchar(255) COLLATE utf8_unicode_ci NOT NULL,
  `cover_image` varchar(255) COLLATE utf8_unicode_ci DEFAULT NULL,
  `description` text COLLATE utf8_unicode_ci NOT NULL,
  `created_at` timestamp NULL DEFAULT NULL,
  `updated_at` timestamp NULL DEFAULT NULL,
  `slug` varchar(255) COLLATE utf8_unicode_ci DEFAULT NULL,
  PRIMARY KEY (`id`),
  KEY `experiences_user_id_foreign` (`user_id`),
  KEY `experiences_country_id_foreign` (`country_id`),
  KEY `experiences_city_id_foreign` (`city_id`),
  KEY `experiences_category_id_foreign` (`category_id`),
  KEY `experiences_sub_category_id_foreign` (`sub_category_id`),
  CONSTRAINT `experiences_category_id_foreign` FOREIGN KEY (`category_id`) REFERENCES `local_experience_categories` (`id`),
  CONSTRAINT `experiences_city_id_foreign` FOREIGN KEY (`city_id`) REFERENCES `local_cities` (`id`),
  CONSTRAINT `experiences_country_id_foreign` FOREIGN KEY (`country_id`) REFERENCES `local_countries` (`id`),
  CONSTRAINT `experiences_sub_category_id_foreign` FOREIGN KEY (`sub_category_id`) REFERENCES `local_experience_categories` (`id`),
  CONSTRAINT `experiences_user_id_foreign` FOREIGN KEY (`user_id`) REFERENCES `local_users` (`id`)
) ENGINE=InnoDB AUTO_INCREMENT=6 DEFAULT CHARSET=utf8 COLLATE=utf8_unicode_ci;
/*!40101 SET character_set_client = @saved_cs_client */;

--
-- Dumping data for table `local_experiences`
--

LOCK TABLES `local_experiences` WRITE;
/*!40000 ALTER TABLE `local_experiences` DISABLE KEYS */;
INSERT INTO `local_experiences` VALUES (1,2,204,1,'107 Greyville 1st Ave, Kenilworth','7708',1,6,'Teaser','5 days','days','Free of charge','Extra charges','Not included','Road',NULL,'Some detailed description','2017-02-26 15:18:36','2017-03-19 09:13:39','teaser'),(2,2,204,17,'107 Greyville 1st Ave, Kenilworth','7708',1,6,'Teaser','5 days','days','Free of charge','Extra charges','Not included','Road',NULL,'Some detailed description','2017-02-26 15:21:46','2017-03-06 20:54:47','teaser-1'),(3,1,204,6,'107 Greyville 1st Ave, Kenilworth','7708',1,7,'Visit me in beautiful Cascais and join my family for 3 courses local Portuguese dinner!','5 days','hours','Free of charge','Extra charges','Extra charges','Road','/files/0492e326cee05250a305f6e7078f3ee8 (1).webp','What you can expect\r\nCascais is blessed as one of the most beautiful Portuguese villages. The closeness to the coastline and good weather are welcoming and inviting to spend some quality time.\r\n\r\nDuring this visit you will have the chance to have a traditional meal at my home. To start, you will be served a very typical soup - Caldo Verde - made from Portuguese Cabbage. \r\n\r\nThe main dish will be sausage from the north of Portugal (alheira) with potatoes and greens. Everything is homemade with lots of love and the best local ingredients. \r\n\r\nFor dessert we will serve you famous sweet rice with cinnamon.\r\n\r\nLooking forward to welcoming you to Cascais!','2017-02-27 06:30:13','2017-03-19 09:21:50','visit-me-in-beautiful-cascais-and-join-my-family-for-3-courses-local-portuguese-dinner'),(4,1,204,6,'11 Royal Maitland 0ne, Royal Road','7405',1,7,'Cooking Class: Make Your Own Pasta and Ciambelle!','3 hours','hours','Free of charge','Extra charges','Not included','Road','/files/c526995374a13a1a67765b89e79bc9ab.webp','Join host Roberto for a unique private experience where you\'ll learn how to prepare home made Italian pasta and ciambelle! By following his family recipe, you\'ll get most genuine experience while cooking in a genuine Italian kitchen.\r\n\r\nWhat you can expect\r\nThe process for pasta making is very simple and extremely enjoyable! We only need a few ingredients: flower, eggs, a pinch of salt and strong arms. We won\'t use any other tools besides a board and a rolling pin, so we\'ll be do it according to the original granmother\'s recipe. \r\n\r\nWe\'ll cut the pasta in slices and we will let them dry for a while. In the meantime, we\'ll prepare the sauce and enjoy a nice chat about Italian cuisine in front of a bruschetta al pomodoro and some appetizer (a selection of cheeses and salami). For the sauce can choose one of the following:\r\n\r\n- Cozze and pecorino\r\n- Cozze and tomato\r\n- Amatriciana\r\n- Carbonare\r\n- Gricia\r\n- Clams\r\n\r\nAll other suggestions are welcomed of course :) \r\n\r\nLooking forward to teach you how to make some real Italian pasta! Let me know if you have any special requests and I\'ll create the best personalized experience for you!','2017-02-27 16:10:20','2017-03-28 21:14:44','cooking-class-make-your-own-pasta-and-ciambelle'),(5,4,204,6,'Some street address','7807',1,8,'Leap into a heart-pumping South African adventure safari','5','hours','Free of charge','Extra charges','Not included','Water','/files/table-mountain-600x356.jpg','For those who want to stay grounded and still experience the thrill of adventure, consider canoeing down the Orange River. The Orange River winds through a bold assortment of topography, which includes some stunning mountain ranges as you meander your way to the Atlantic Ocean. Why not continue your adventure safari by hiking along the Garden Route – South Africa’s best-kept secret. While the scenery might force you to stop and gawk for more than a few moments, it’s still an adventure worth exploring. The Otter Trail is the perfect place to start your Garden Route expedition.  \r\n\r\nNow that you’re relaxed, let’s increase your heart rate a bit.\r\n\r\nFeel the numbness of your feet as you look down the Bloukrans Bridge jumping platform, the world’s highest commercial bungee. The bridge is 216m high and you will experience a drop of 170m. Just another thrilling activity you can find along the Garden Route.','2017-03-19 12:16:25','2017-03-19 13:44:19','leap-into-a-heart-pumping-south-african-adventure-safari');
/*!40000 ALTER TABLE `local_experiences` ENABLE KEYS */;
UNLOCK TABLES;

--
-- Table structure for table `local_introductions`
--

DROP TABLE IF EXISTS `local_introductions`;
/*!40101 SET @saved_cs_client     = @@character_set_client */;
/*!40101 SET character_set_client = utf8 */;
CREATE TABLE `local_introductions` (
  `id` int(10) unsigned NOT NULL AUTO_INCREMENT,
  `user_id` int(10) unsigned NOT NULL,
  `gender` enum('female','male') COLLATE utf8_unicode_ci NOT NULL,
  `id_number` varchar(255) COLLATE utf8_unicode_ci NOT NULL,
  `reason` text COLLATE utf8_unicode_ci NOT NULL,
  `description` text COLLATE utf8_unicode_ci NOT NULL,
  `image` varchar(255) COLLATE utf8_unicode_ci NOT NULL,
  `created_at` timestamp NULL DEFAULT NULL,
  `updated_at` timestamp NULL DEFAULT NULL,
  PRIMARY KEY (`id`),
  KEY `introductions_user_id_foreign` (`user_id`),
  CONSTRAINT `introductions_user_id_foreign` FOREIGN KEY (`user_id`) REFERENCES `local_users` (`id`)
) ENGINE=InnoDB AUTO_INCREMENT=3 DEFAULT CHARSET=utf8 COLLATE=utf8_unicode_ci;
/*!40101 SET character_set_client = @saved_cs_client */;

--
-- Dumping data for table `local_introductions`
--

LOCK TABLES `local_introductions` WRITE;
/*!40000 ALTER TABLE `local_introductions` DISABLE KEYS */;
INSERT INTO `local_introductions` VALUES (1,1,'female','25486958325485','I\'m simply enthusiastic about meeting new people.','I love taking people around the great places around Cape Town.','/files/ro0j4p0vjuxzpf4c14qo.webp','2017-02-27 06:23:15','2017-02-27 15:43:13'),(2,4,'female','8012546355482','I\'m an incredible guys with lots of tourism experience.','Come have a great time with us here in Cape Town. We will take you to the best parts of South Africa. And always remember your time is important to us.','/files/21-rooftop-bars.jpg','2017-03-19 10:39:38','2017-03-19 10:39:38');
/*!40000 ALTER TABLE `local_introductions` ENABLE KEYS */;
UNLOCK TABLES;

--
-- Table structure for table `local_languages`
--

DROP TABLE IF EXISTS `local_languages`;
/*!40101 SET @saved_cs_client     = @@character_set_client */;
/*!40101 SET character_set_client = utf8 */;
CREATE TABLE `local_languages` (
  `id` int(10) unsigned NOT NULL AUTO_INCREMENT,
  `name` varchar(255) COLLATE utf8_unicode_ci NOT NULL,
  `created_at` timestamp NULL DEFAULT NULL,
  `updated_at` timestamp NULL DEFAULT NULL,
  PRIMARY KEY (`id`)
) ENGINE=InnoDB AUTO_INCREMENT=4 DEFAULT CHARSET=utf8 COLLATE=utf8_unicode_ci;
/*!40101 SET character_set_client = @saved_cs_client */;

--
-- Dumping data for table `local_languages`
--

LOCK TABLES `local_languages` WRITE;
/*!40000 ALTER TABLE `local_languages` DISABLE KEYS */;
INSERT INTO `local_languages` VALUES (1,'Spanish','2017-02-26 15:18:36','2017-02-26 15:18:36'),(2,'English','2017-02-26 15:18:36','2017-02-26 15:18:36'),(3,'Afrikaans','2017-02-27 16:10:21','2017-02-27 16:10:21');
/*!40000 ALTER TABLE `local_languages` ENABLE KEYS */;
UNLOCK TABLES;

--
-- Table structure for table `local_locations`
--

DROP TABLE IF EXISTS `local_locations`;
/*!40101 SET @saved_cs_client     = @@character_set_client */;
/*!40101 SET character_set_client = utf8 */;
CREATE TABLE `local_locations` (
  `id` int(10) unsigned NOT NULL AUTO_INCREMENT,
  `user_id` int(10) unsigned NOT NULL,
  `country_id` int(10) unsigned NOT NULL,
  `city_id` int(10) unsigned NOT NULL,
  `street_address` varchar(255) COLLATE utf8_unicode_ci NOT NULL,
  `postal_code` varchar(255) COLLATE utf8_unicode_ci NOT NULL,
  `created_at` timestamp NULL DEFAULT NULL,
  `updated_at` timestamp NULL DEFAULT NULL,
  PRIMARY KEY (`id`),
  KEY `locations_user_id_foreign` (`user_id`),
  KEY `locations_country_id_foreign` (`country_id`),
  KEY `locations_city_id_foreign` (`city_id`),
  CONSTRAINT `locations_city_id_foreign` FOREIGN KEY (`city_id`) REFERENCES `local_cities` (`id`),
  CONSTRAINT `locations_country_id_foreign` FOREIGN KEY (`country_id`) REFERENCES `local_countries` (`id`),
  CONSTRAINT `locations_user_id_foreign` FOREIGN KEY (`user_id`) REFERENCES `local_users` (`id`)
) ENGINE=InnoDB AUTO_INCREMENT=3 DEFAULT CHARSET=utf8 COLLATE=utf8_unicode_ci;
/*!40101 SET character_set_client = @saved_cs_client */;

--
-- Dumping data for table `local_locations`
--

LOCK TABLES `local_locations` WRITE;
/*!40000 ALTER TABLE `local_locations` DISABLE KEYS */;
INSERT INTO `local_locations` VALUES (1,1,204,6,'107 Greyville 1st Ave, Kenilworth','7708','2017-02-27 06:23:31','2017-02-27 06:23:31'),(2,4,204,6,'Some street address','7401','2017-03-19 10:41:28','2017-03-19 10:41:28');
/*!40000 ALTER TABLE `local_locations` ENABLE KEYS */;
UNLOCK TABLES;

--
-- Table structure for table `local_migrations`
--

DROP TABLE IF EXISTS `local_migrations`;
/*!40101 SET @saved_cs_client     = @@character_set_client */;
/*!40101 SET character_set_client = utf8 */;
CREATE TABLE `local_migrations` (
  `id` int(10) unsigned NOT NULL AUTO_INCREMENT,
  `migration` varchar(255) COLLATE utf8_unicode_ci NOT NULL,
  `batch` int(11) NOT NULL,
  PRIMARY KEY (`id`)
) ENGINE=InnoDB AUTO_INCREMENT=362 DEFAULT CHARSET=utf8 COLLATE=utf8_unicode_ci;
/*!40101 SET character_set_client = @saved_cs_client */;

--
-- Dumping data for table `local_migrations`
--

LOCK TABLES `local_migrations` WRITE;
/*!40000 ALTER TABLE `local_migrations` DISABLE KEYS */;
INSERT INTO `local_migrations` VALUES (337,'2014_10_12_000000_create_users_table',1),(338,'2014_10_12_100000_create_password_resets_table',1),(339,'2017_01_18_190852_create_countries_table',1),(340,'2017_01_18_190906_create_cities_table',1),(341,'2017_01_18_201812_create_experience_categories_table',1),(342,'2017_02_18_171254_create_experiences_table',1),(343,'2017_02_18_171308_create_contacts_table',1),(344,'2017_02_18_171321_create_introductions_table',1),(345,'2017_02_18_171337_create_locations_table',1),(346,'2017_02_18_171350_create_wallets_table',1),(347,'2017_02_18_171551_create_pricings_table',1),(348,'2017_02_18_171706_create_experience_highlights_table',1),(349,'2017_02_18_171720_create_experience_activities_table',1),(350,'2017_02_18_171937_create_experience_schedules_table',1),(351,'2017_02_18_172024_create_experience_galleries_table',1),(352,'2017_02_18_172131_create_bookings_table',1),(353,'2017_02_18_172352_create_subscribers_table',1),(354,'2017_02_18_190840_create_languages_table',1),(355,'2017_02_26_135852_create_experience_languages_table',1),(356,'2017_03_06_224655_alter_bookings_table',2),(357,'2017_03_06_224712_alter_experiences_table',2),(358,'2017_03_19_172441_alter_bookings_table_add_reference',3),(359,'2017_03_26_152311_alter_bookings_table_add_date_time',4),(360,'2017_03_26_181411_alter_bookings_table_extra',5),(361,'2017_04_02_142806_alter_users_table_add_verify_token',6);
/*!40000 ALTER TABLE `local_migrations` ENABLE KEYS */;
UNLOCK TABLES;

--
-- Table structure for table `local_password_resets`
--

DROP TABLE IF EXISTS `local_password_resets`;
/*!40101 SET @saved_cs_client     = @@character_set_client */;
/*!40101 SET character_set_client = utf8 */;
CREATE TABLE `local_password_resets` (
  `email` varchar(255) COLLATE utf8_unicode_ci NOT NULL,
  `token` varchar(255) COLLATE utf8_unicode_ci NOT NULL,
  `created_at` timestamp NULL DEFAULT NULL,
  KEY `password_resets_email_index` (`email`),
  KEY `password_resets_token_index` (`token`)
) ENGINE=InnoDB DEFAULT CHARSET=utf8 COLLATE=utf8_unicode_ci;
/*!40101 SET character_set_client = @saved_cs_client */;

--
-- Dumping data for table `local_password_resets`
--

LOCK TABLES `local_password_resets` WRITE;
/*!40000 ALTER TABLE `local_password_resets` DISABLE KEYS */;
/*!40000 ALTER TABLE `local_password_resets` ENABLE KEYS */;
UNLOCK TABLES;

--
-- Table structure for table `local_pricings`
--

DROP TABLE IF EXISTS `local_pricings`;
/*!40101 SET @saved_cs_client     = @@character_set_client */;
/*!40101 SET character_set_client = utf8 */;
CREATE TABLE `local_pricings` (
  `id` int(10) unsigned NOT NULL AUTO_INCREMENT,
  `guests` int(11) NOT NULL,
  `per_person` varchar(255) COLLATE utf8_unicode_ci NOT NULL,
  `experience_id` int(10) unsigned NOT NULL,
  `created_at` timestamp NULL DEFAULT NULL,
  `updated_at` timestamp NULL DEFAULT NULL,
  PRIMARY KEY (`id`),
  KEY `pricings_experience_id_foreign` (`experience_id`),
  CONSTRAINT `pricings_experience_id_foreign` FOREIGN KEY (`experience_id`) REFERENCES `local_experiences` (`id`)
) ENGINE=InnoDB AUTO_INCREMENT=14 DEFAULT CHARSET=utf8 COLLATE=utf8_unicode_ci;
/*!40101 SET character_set_client = @saved_cs_client */;

--
-- Dumping data for table `local_pricings`
--

LOCK TABLES `local_pricings` WRITE;
/*!40000 ALTER TABLE `local_pricings` DISABLE KEYS */;
INSERT INTO `local_pricings` VALUES (1,6,'475',2,'2017-02-26 17:33:36','2017-02-26 17:33:36'),(2,4,'475',3,'2017-02-27 06:30:34','2017-02-27 06:30:34'),(3,5,'450',5,'2017-02-27 16:12:22','2017-03-19 12:20:02'),(4,5,'450',5,'2017-02-27 16:20:21','2017-03-19 12:24:31'),(5,4,'475',4,'2017-02-27 16:28:10','2017-02-27 16:28:10'),(6,4,'475',4,'2017-02-27 16:33:10','2017-02-27 16:33:10'),(7,4,'475',4,'2017-02-27 16:33:24','2017-02-27 16:33:24'),(8,4,'475',4,'2017-02-27 16:33:38','2017-02-27 16:33:38'),(9,4,'475',3,'2017-02-28 14:58:16','2017-02-28 14:58:16'),(10,4,'475',4,'2017-03-13 05:02:20','2017-03-13 05:02:20'),(11,4,'475',3,'2017-03-19 08:57:02','2017-03-19 09:21:59'),(12,4,'475',4,'2017-03-28 21:14:48','2017-03-28 21:14:48'),(13,4,'475',4,'2017-03-28 21:20:47','2017-03-28 21:20:47');
/*!40000 ALTER TABLE `local_pricings` ENABLE KEYS */;
UNLOCK TABLES;

--
-- Table structure for table `local_subscribers`
--

DROP TABLE IF EXISTS `local_subscribers`;
/*!40101 SET @saved_cs_client     = @@character_set_client */;
/*!40101 SET character_set_client = utf8 */;
CREATE TABLE `local_subscribers` (
  `id` int(10) unsigned NOT NULL AUTO_INCREMENT,
  `email` varchar(255) COLLATE utf8_unicode_ci NOT NULL,
  `created_at` timestamp NULL DEFAULT NULL,
  `updated_at` timestamp NULL DEFAULT NULL,
  PRIMARY KEY (`id`),
  UNIQUE KEY `subscribers_email_unique` (`email`)
) ENGINE=InnoDB DEFAULT CHARSET=utf8 COLLATE=utf8_unicode_ci;
/*!40101 SET character_set_client = @saved_cs_client */;

--
-- Dumping data for table `local_subscribers`
--

LOCK TABLES `local_subscribers` WRITE;
/*!40000 ALTER TABLE `local_subscribers` DISABLE KEYS */;
/*!40000 ALTER TABLE `local_subscribers` ENABLE KEYS */;
UNLOCK TABLES;

--
-- Table structure for table `local_users`
--

DROP TABLE IF EXISTS `local_users`;
/*!40101 SET @saved_cs_client     = @@character_set_client */;
/*!40101 SET character_set_client = utf8 */;
CREATE TABLE `local_users` (
  `id` int(10) unsigned NOT NULL AUTO_INCREMENT,
  `first_name` varchar(255) COLLATE utf8_unicode_ci NOT NULL,
  `last_name` varchar(255) COLLATE utf8_unicode_ci NOT NULL,
  `email` varchar(255) COLLATE utf8_unicode_ci NOT NULL,
  `username` varchar(255) COLLATE utf8_unicode_ci NOT NULL,
  `password` varchar(255) COLLATE utf8_unicode_ci NOT NULL,
  `type` enum('local','guest') COLLATE utf8_unicode_ci NOT NULL DEFAULT 'local',
  `remember_token` varchar(100) COLLATE utf8_unicode_ci DEFAULT NULL,
  `created_at` timestamp NULL DEFAULT NULL,
  `updated_at` timestamp NULL DEFAULT NULL,
  `verify_token` varchar(255) COLLATE utf8_unicode_ci DEFAULT NULL,
  `is_verified` tinyint(1) NOT NULL DEFAULT '0',
  PRIMARY KEY (`id`),
  UNIQUE KEY `users_email_unique` (`email`),
  UNIQUE KEY `users_username_unique` (`username`)
) ENGINE=InnoDB AUTO_INCREMENT=31 DEFAULT CHARSET=utf8 COLLATE=utf8_unicode_ci;
/*!40101 SET character_set_client = @saved_cs_client */;

--
-- Dumping data for table `local_users`
--

LOCK TABLES `local_users` WRITE;
/*!40000 ALTER TABLE `local_users` DISABLE KEYS */;
INSERT INTO `local_users` VALUES (1,'Batanayi','Matuku','bdizha@gmail.com','batanayi-matuku','$2y$10$kR3u7bD1OiV0zyT6u0Zi1.DuFBVQJq6cV8BG7J2TG7aMWFBbMgm6G','local','VtfvHmxwgrbGN9bWXn1DNwsbaJT6sY94ibyq1G12OedpFtdBUW35oPsRS3rN','2017-02-26 15:17:48','2017-04-02 14:15:21',NULL,1),(2,'Bill','Gates','bill@gmail.com','bill-gates','$2y$10$F48tGNSUgXvfgqTGwwvXFuVgMZrJnEocmymy50QIp106F1bVY.jg6','local','Dve64Jf2ItC0OGDN0tiUCqUi9zE1Hr4Rzia7P1cjx3IYEJFsh3lWdXxB5T9l','2017-02-26 15:17:48','2017-03-19 09:50:22',NULL,0),(3,'Trevor','Noah','trevor@gmail.com','trevor-noah','$2y$10$6c16rMa1XrKskmHpzyXyKOlapS7jiYSllWKYFuMD6nopJH8t8KUHq','guest',NULL,'2017-02-26 15:17:48','2017-02-26 15:17:48',NULL,0),(4,'Jeff','Bezos','jeff@gmail.com','jeff-bezos','$2y$10$FS7rboWKG2DjpEP4Q9YNlOFv5ZYf136qmpwLIEYjckybn8icPjqDS','local',NULL,'2017-03-19 10:03:49','2017-03-19 10:03:49',NULL,0),(5,'Shingirai','Matuku','shingirai@gmail.com','shingirai-matuku','$2y$10$eA.Vj5sbW2GQgvSRgidFx.joNsLrlzYcfU5WOk17AUxqjAYEyl.BS','guest',NULL,'2017-03-28 21:34:50','2017-03-28 21:34:50',NULL,0),(6,'Patrick','Matuku','patric@gmail.com','patrick-matuku','$2y$10$45nK6Qv7UwCEM7q6ygcYUOGyrnADXAmnGFaqRX36MxBbdyoKdgiCO','guest',NULL,'2017-03-28 21:35:21','2017-03-28 21:35:21',NULL,0),(7,'Patrick','Matuku','patrick@gmail.com','patrick-matuku-1','$2y$10$ElLBoBdRmve41oux8WcPa.xhjKCW/YLNw8unjWkKTQ8nt63kJvMU.','guest',NULL,'2017-03-28 21:35:58','2017-03-28 21:35:58',NULL,0),(8,'Paul','Matavire','paul@gmail.com','paul-matavire','$2y$10$IeFcWmcCfabs03ENRXnQZuU/aZ5AV8mrO5z1tVZQUO59byp4SWXBi','guest',NULL,'2017-03-28 21:38:45','2017-03-28 21:38:45',NULL,0),(9,'Paul','Matavire','paul1@gmail.com','paul-matavire-1','$2y$10$EjwElY.iP6OXfNw9NoDlZOT7FJaoX1xP64A.71YgzH/P1IjvOKFp.','guest',NULL,'2017-03-28 21:41:12','2017-03-28 21:41:12',NULL,0),(10,'Paul','Matavire','paul12@gmail.com','paul-matavire-2','$2y$10$SLT3p4ry/EG0VTNu7CQHEu8cA5rg6Iwi6DGwB05zUrumzeUnjRq7.','guest',NULL,'2017-03-28 21:44:52','2017-03-28 21:44:52',NULL,0),(11,'Paul','Matavire','paul142@gmail.com','paul-matavire-3','$2y$10$0q8p010l..m2lUk6Ql2QXuMRvawafInMP6GHmf7frJCnC15T7JNw.','guest',NULL,'2017-03-28 21:46:13','2017-03-28 21:46:13',NULL,0),(12,'Paul','Matavire','paul1542@gmail.com','paul-matavire-4','$2y$10$fzmFU5MSHhYmwYdOQiRgpeHNJ9pGjAWrkNy9xBdfb6W7U2V5XcSuS','guest',NULL,'2017-03-28 21:48:13','2017-03-28 21:48:13',NULL,0),(13,'Paul','Matavire','paul1522@gmail.com','paul-matavire-5','$2y$10$ijddaoBwQyhwZl.QFodowOJtFYg6CS8YV8yGKNXcrNo5UXTH/PlE6','guest','FYwfkEtzOgE3fZoL6JAqbIE26PQ8qjk7eaqEmQWgH8NwHdJZzjHNFCuuvuWL','2017-03-28 21:50:12','2017-03-28 22:07:33',NULL,0),(14,'Paul','Matavire','paul15322@gmail.com','paul-matavire-6','$2y$10$xiG.JbBV4w.tkGSVAzRJreBHXOIE9UBPc96DOBkUv2kB7qn3n1sKG','guest',NULL,'2017-03-28 21:51:24','2017-03-28 21:51:24',NULL,0),(15,'Paul','Matavire','paul152322@gmail.com','paul-matavire-7','$2y$10$Lc7FNGgPaB3jUkL7W.dwpuVmiugoSoX./NkfHoUPFyjsyzZu3Og8q','guest',NULL,'2017-03-28 21:52:07','2017-03-28 21:52:07',NULL,0),(16,'Paul','Matavire','paul1s52322@gmail.com','paul-matavire-8','$2y$10$7XtYK7taoVzc851AF0y2YugZh0fZs6YjT.8k059AcgjghX7a8JZfS','guest',NULL,'2017-03-28 21:53:02','2017-03-28 21:53:02',NULL,0),(17,'Local','Testing','local@gmail.com','local-testing','$2y$10$Jd2hsL9el5ohdcIU3YTL1OVUilJq1HoxZAPc.JBtd6uuvhIgtYoK6','guest',NULL,'2017-03-28 22:27:58','2017-03-28 22:27:58',NULL,0),(18,'Local','Testing','local2@gmail.com','local-testing-1','$2y$10$gNvsCsAT1V738SycLiBkM.uGc9p1BVoykTmHTjpjodpJg.2F6OKxy','guest','ABwSiqWpYSl5vVWSUzU8v0o55TlboE6tb1F42UiCdHC99oKsljA9bho7E22X','2017-03-28 22:29:25','2017-03-28 22:30:18',NULL,0),(19,'Guest','Guest','guest@gmail.com','guest-guest','$2y$10$YffOKhi0tWW3R0.ys1C1eufmO36JxhkWQ.HznvPjq1geJemv4fAAO','local',NULL,'2017-03-28 22:30:42','2017-03-28 22:30:42',NULL,0),(20,'Guest','Guest','guest1@gmail.com','guest-guest-1','$2y$10$5cT1/THodov.XiL5AD4hz.T0uvyje.I0c8H3sed7lry0EvCeHg2rK','local','7RdkdRDvlxohCE1eaI4KA5BnlYB4wk6yCgU873Y11lAn3bUyE8McWgAGloJ3','2017-03-28 22:31:52','2017-04-01 11:33:23',NULL,0),(21,'Test','Tester','test@gmail.com','test-tester','$2y$10$SvYCPVhP2q4Na15DLx8yH.FFqv7OleOlicm1bqDTq49tx2aNR4.Y2','guest','vON7Rd4TUrCQtKomkxlpOjdi3anjnOV1uvLzM0psf3QwNMKqXnEmTenmGqf0','2017-04-01 09:49:35','2017-04-01 09:56:44',NULL,0),(22,'Paul','Matavire','matavire@gmail.com','paul-matavire-9','$2y$10$xyuBDAc1NmlG5SzDUfjc5eSSoKu4LdbUcCANShEDb25aIVbhk.dpm','guest','GDC8Rf6c5BzzV6U2w7jPedmMuUAhhpohbCtaoMEof8lIIL6BFtabKq691jU4','2017-04-01 09:57:25','2017-04-01 09:59:20',NULL,0),(23,'Test','Thomas','test123@gmail.com','test-thomas','$2y$10$NRguHOEYSrp2lRMMo5q9De2vDAChRSfRKpytImej7si39clX9Prlu','guest','UuRQ2ms7Ie55jC5fxabeDRaRUjDKDBq1OjCzCRocmzvOGVmmXMBBDa8ATHKf','2017-04-01 10:00:02','2017-04-01 10:03:16',NULL,0),(24,'New','comer@gmail.com','comer@gmail.com','new-comeratgmail-com','$2y$10$G0Lf/jM23sfmMD7dCDwvreDyKEYYkdIlBK9B2tbp6n1m4dX2qouTe','guest',NULL,'2017-04-01 10:03:32','2017-04-01 10:03:32',NULL,0),(25,'New','gweru@gmail.com','gweru@gmail.com','new-gweruatgmail-com','$2y$10$x5LYYNFTP8gWi.TZ/526auQhXQnxmBp5BYEW63rVXomQGlkXrtd16','guest','FO9pZEFbdQQtCsztQgYRt3oOBwzfpD2UZiS4lroXjXgOV3m8DirHPHXe1iBt','2017-04-01 10:06:28','2017-04-01 11:21:09',NULL,0),(26,'Thomas','Cook','thomas123@gmail.com','thomas-cook','$2y$10$syqIOArplZxKfJT3vfU.1O21k8OiBYf/JXUGWJ4M.QZmzpOGjHlQu','guest',NULL,'2017-04-02 13:11:09','2017-04-02 13:11:09',NULL,0),(27,'Thomas','Cook','thomas1234@gmail.com','thomas-cook-1','$2y$10$1e50oOW1PKj2N.DJ81oxceOhm4YKCOtQ1LgmuU9vICum3gGq/8yjG','guest','7s2dsP3MECTJ4use0dh3d2HQrx1BxSqoPDVi9AHd1MggGwTqCyBh9vLMBBfZ','2017-04-02 13:11:57','2017-04-02 13:16:58','97551e2db6dcb8dd1b4f6c92320531dc',0),(28,'Peter','Tenet','peter@gmail.com','peter-tenet','$2y$10$TQOwFwk3XtNTyOpquW74kuguLeel2nxHjKrSusxYLnnrdym49SQZC','guest','KFxjlebobkq18uKZHVK5LxRqdtXyWWr0ZoI7KuHJk0qgIdW7EkPMTBfbQIFm','2017-04-02 13:17:22','2017-04-02 13:21:07','e43af6a00f69cc44461f6330aa7dc7a6',0),(29,'Man','Male','man@gmail.com','man-male','$2y$10$KmvDk2lwajaAMFRc.SUx2.J5jgK/p.8EJvQ7IAvS6cxAFWPYvn5Ou','guest','164GApNVbn7poz9I9WNg43t71OD8lGuk3tr7a8BlSPf8Of2d1pXCddnR52kp','2017-04-02 13:21:29','2017-04-02 13:22:26','993b79910bec6c8d30cc77ccf94d4528',0),(30,'Precise','Fabulous','precise@gmail.com','precise-fabulous','$2y$10$tGGKANiWcW7txOMBo7wtoeOlXyOFR6SmzKW8qNsD4S.xI5fY9V/eu','guest','za0PZJNRlJIvDqq7BOxj8wqAIG7hQjxDmJ9lYqPTdx8cLPwzGV3g45zMbnaH','2017-04-02 13:22:51','2017-04-02 13:25:51','10cbc6f856259a6822ac327dcf8b1e48',0);
/*!40000 ALTER TABLE `local_users` ENABLE KEYS */;
UNLOCK TABLES;

--
-- Table structure for table `local_wallets`
--

DROP TABLE IF EXISTS `local_wallets`;
/*!40101 SET @saved_cs_client     = @@character_set_client */;
/*!40101 SET character_set_client = utf8 */;
CREATE TABLE `local_wallets` (
  `id` int(10) unsigned NOT NULL AUTO_INCREMENT,
  `user_id` int(10) unsigned NOT NULL,
  `bank` varchar(255) COLLATE utf8_unicode_ci NOT NULL,
  `branch` varchar(255) COLLATE utf8_unicode_ci NOT NULL,
  `account_number` varchar(255) COLLATE utf8_unicode_ci NOT NULL,
  `created_at` timestamp NULL DEFAULT NULL,
  `updated_at` timestamp NULL DEFAULT NULL,
  PRIMARY KEY (`id`),
  KEY `wallets_user_id_foreign` (`user_id`),
  CONSTRAINT `wallets_user_id_foreign` FOREIGN KEY (`user_id`) REFERENCES `local_users` (`id`)
) ENGINE=InnoDB AUTO_INCREMENT=3 DEFAULT CHARSET=utf8 COLLATE=utf8_unicode_ci;
/*!40101 SET character_set_client = @saved_cs_client */;

--
-- Dumping data for table `local_wallets`
--

LOCK TABLES `local_wallets` WRITE;
/*!40000 ALTER TABLE `local_wallets` DISABLE KEYS */;
INSERT INTO `local_wallets` VALUES (1,1,'First National Bank','Long street','8235696585245','2017-02-27 06:23:39','2017-02-27 06:23:39'),(2,4,'FNB','Long street','1204686958558','2017-03-19 10:49:06','2017-03-19 10:49:06');
/*!40000 ALTER TABLE `local_wallets` ENABLE KEYS */;
UNLOCK TABLES;
/*!40103 SET TIME_ZONE=@OLD_TIME_ZONE */;

/*!40101 SET SQL_MODE=@OLD_SQL_MODE */;
/*!40014 SET FOREIGN_KEY_CHECKS=@OLD_FOREIGN_KEY_CHECKS */;
/*!40014 SET UNIQUE_CHECKS=@OLD_UNIQUE_CHECKS */;
/*!40101 SET CHARACTER_SET_CLIENT=@OLD_CHARACTER_SET_CLIENT */;
/*!40101 SET CHARACTER_SET_RESULTS=@OLD_CHARACTER_SET_RESULTS */;
/*!40101 SET COLLATION_CONNECTION=@OLD_COLLATION_CONNECTION */;
/*!40111 SET SQL_NOTES=@OLD_SQL_NOTES */;

-- Dump completed on 2017-04-03 22:25:04
