-- Generated by Craft v2.4.2700 on Oct 29, 2015, 8:25:08 AM.

--
-- Disable foreign key checks and autocommit.
--

SET FOREIGN_KEY_CHECKS = 0;
SET SQL_MODE = "NO_AUTO_VALUE_ON_ZERO";
SET AUTOCOMMIT = 0;
SET NAMES utf8;


DROP TABLE IF EXISTS `craft_assetfiles`;


--
-- Schema for table `craft_assetfiles`
--
CREATE TABLE `craft_assetfiles` (
  `id` int(11) NOT NULL,
  `sourceId` int(11) DEFAULT NULL,
  `folderId` int(11) NOT NULL,
  `filename` varchar(255) COLLATE utf8_unicode_ci NOT NULL,
  `kind` varchar(50) COLLATE utf8_unicode_ci NOT NULL DEFAULT 'unknown',
  `width` smallint(6) unsigned DEFAULT NULL,
  `height` smallint(6) unsigned DEFAULT NULL,
  `size` int(11) unsigned DEFAULT NULL,
  `dateModified` datetime DEFAULT NULL,
  `dateCreated` datetime NOT NULL,
  `dateUpdated` datetime NOT NULL,
  `uid` char(36) COLLATE utf8_unicode_ci NOT NULL DEFAULT '0',
  PRIMARY KEY (`id`),
  UNIQUE KEY `craft_assetfiles_filename_folderId_unq_idx` (`filename`,`folderId`),
  KEY `craft_assetfiles_sourceId_fk` (`sourceId`),
  KEY `craft_assetfiles_folderId_fk` (`folderId`)
) ENGINE=InnoDB DEFAULT CHARSET=utf8 COLLATE=utf8_unicode_ci;

--
-- Data for table `craft_assetfiles`
--

INSERT INTO `craft_assetfiles` (`id`, `sourceId`, `folderId`, `filename`, `kind`, `width`, `height`, `size`, `dateModified`, `dateCreated`, `dateUpdated`, `uid`) VALUES ('4', '1', '1', 'lorem-3.jpg', 'image', '1920', '1080', '45437', '2015-10-24 09:10:59', '2015-10-24 09:10:59', '2015-10-24 09:10:59', 'f8ab70bd-461c-4ded-b612-f66a88b1fae5');
INSERT INTO `craft_assetfiles` (`id`, `sourceId`, `folderId`, `filename`, `kind`, `width`, `height`, `size`, `dateModified`, `dateCreated`, `dateUpdated`, `uid`) VALUES ('5', '1', '1', 'lorem-2.jpg', 'image', '1920', '1080', '206613', '2015-10-24 09:11:04', '2015-10-24 09:11:04', '2015-10-24 09:11:04', '6f0d37c3-47f6-4333-a90d-422513e90708');
INSERT INTO `craft_assetfiles` (`id`, `sourceId`, `folderId`, `filename`, `kind`, `width`, `height`, `size`, `dateModified`, `dateCreated`, `dateUpdated`, `uid`) VALUES ('6', '1', '1', 'lorem-1.jpg', 'image', '1920', '1080', '135311', '2015-10-24 09:11:07', '2015-10-24 09:11:07', '2015-10-24 09:11:07', '53761767-f13e-4a5c-b98a-803473dbb43b');
INSERT INTO `craft_assetfiles` (`id`, `sourceId`, `folderId`, `filename`, `kind`, `width`, `height`, `size`, `dateModified`, `dateCreated`, `dateUpdated`, `uid`) VALUES ('28', '1', '1', '500x500.png', 'image', '500', '500', '1002177', '2015-10-25 09:00:10', '2015-10-25 09:00:10', '2015-10-25 09:00:10', '59473bbe-4fb6-4405-95af-c7d1e9e519ab');



DROP TABLE IF EXISTS `craft_assetfolders`;


--
-- Schema for table `craft_assetfolders`
--
CREATE TABLE `craft_assetfolders` (
  `id` int(11) NOT NULL AUTO_INCREMENT,
  `parentId` int(11) DEFAULT NULL,
  `sourceId` int(11) DEFAULT NULL,
  `name` varchar(255) COLLATE utf8_unicode_ci NOT NULL,
  `path` varchar(255) COLLATE utf8_unicode_ci DEFAULT NULL,
  `dateCreated` datetime NOT NULL,
  `dateUpdated` datetime NOT NULL,
  `uid` char(36) COLLATE utf8_unicode_ci NOT NULL DEFAULT '0',
  PRIMARY KEY (`id`),
  UNIQUE KEY `craft_assetfolders_name_parentId_sourceId_unq_idx` (`name`,`parentId`,`sourceId`),
  KEY `craft_assetfolders_parentId_fk` (`parentId`),
  KEY `craft_assetfolders_sourceId_fk` (`sourceId`)
) ENGINE=InnoDB AUTO_INCREMENT=2 DEFAULT CHARSET=utf8 COLLATE=utf8_unicode_ci;

--
-- Data for table `craft_assetfolders`
--

INSERT INTO `craft_assetfolders` (`id`, `parentId`, `sourceId`, `name`, `path`, `dateCreated`, `dateUpdated`, `uid`) VALUES ('1', NULL, '1', 'Uploads', '', '2015-10-24 09:03:29', '2015-10-24 09:03:29', 'c8055bb1-1dbb-47c0-a7b9-ef31f2ae6eaf');



DROP TABLE IF EXISTS `craft_assetindexdata`;


--
-- Schema for table `craft_assetindexdata`
--
CREATE TABLE `craft_assetindexdata` (
  `id` int(11) NOT NULL AUTO_INCREMENT,
  `sessionId` varchar(36) COLLATE utf8_unicode_ci NOT NULL DEFAULT '',
  `sourceId` int(10) NOT NULL,
  `offset` int(10) NOT NULL,
  `uri` varchar(255) COLLATE utf8_unicode_ci DEFAULT NULL,
  `size` int(10) DEFAULT NULL,
  `recordId` int(10) DEFAULT NULL,
  `dateCreated` datetime NOT NULL,
  `dateUpdated` datetime NOT NULL,
  `uid` char(36) COLLATE utf8_unicode_ci NOT NULL DEFAULT '0',
  PRIMARY KEY (`id`),
  UNIQUE KEY `craft_assetindexdata_sessionId_sourceId_offset_unq_idx` (`sessionId`,`sourceId`,`offset`),
  KEY `craft_assetindexdata_sourceId_fk` (`sourceId`)
) ENGINE=InnoDB DEFAULT CHARSET=utf8 COLLATE=utf8_unicode_ci;

DROP TABLE IF EXISTS `craft_assetsources`;


--
-- Schema for table `craft_assetsources`
--
CREATE TABLE `craft_assetsources` (
  `id` int(11) NOT NULL AUTO_INCREMENT,
  `name` varchar(255) COLLATE utf8_unicode_ci NOT NULL,
  `handle` varchar(255) COLLATE utf8_unicode_ci NOT NULL,
  `type` varchar(150) COLLATE utf8_unicode_ci NOT NULL,
  `settings` text COLLATE utf8_unicode_ci,
  `sortOrder` tinyint(4) DEFAULT NULL,
  `fieldLayoutId` int(10) DEFAULT NULL,
  `dateCreated` datetime NOT NULL,
  `dateUpdated` datetime NOT NULL,
  `uid` char(36) COLLATE utf8_unicode_ci NOT NULL DEFAULT '0',
  PRIMARY KEY (`id`),
  UNIQUE KEY `craft_assetsources_name_unq_idx` (`name`),
  UNIQUE KEY `craft_assetsources_handle_unq_idx` (`handle`),
  KEY `craft_assetsources_fieldLayoutId_fk` (`fieldLayoutId`)
) ENGINE=InnoDB AUTO_INCREMENT=2 DEFAULT CHARSET=utf8 COLLATE=utf8_unicode_ci;

--
-- Data for table `craft_assetsources`
--

INSERT INTO `craft_assetsources` (`id`, `name`, `handle`, `type`, `settings`, `sortOrder`, `fieldLayoutId`, `dateCreated`, `dateUpdated`, `uid`) VALUES ('1', 'Uploads', 'uploads', 'Local', '{\"path\":\"{basePath}public\\/uploads\\/\",\"url\":\"{assetPath}uploads\\/\"}', '1', '61', '2015-10-24 09:03:29', '2015-10-24 10:30:59', 'c99ad3ba-ce06-4638-953f-6723cc4ab85d');



DROP TABLE IF EXISTS `craft_assettransformindex`;


--
-- Schema for table `craft_assettransformindex`
--
CREATE TABLE `craft_assettransformindex` (
  `id` int(11) NOT NULL AUTO_INCREMENT,
  `fileId` int(11) NOT NULL,
  `filename` varchar(255) COLLATE utf8_unicode_ci DEFAULT NULL,
  `format` varchar(255) COLLATE utf8_unicode_ci DEFAULT NULL,
  `location` varchar(255) COLLATE utf8_unicode_ci NOT NULL,
  `sourceId` int(11) DEFAULT NULL,
  `fileExists` tinyint(1) DEFAULT NULL,
  `inProgress` tinyint(1) DEFAULT NULL,
  `dateIndexed` datetime DEFAULT NULL,
  `dateCreated` datetime NOT NULL,
  `dateUpdated` datetime NOT NULL,
  `uid` char(36) COLLATE utf8_unicode_ci NOT NULL DEFAULT '0',
  PRIMARY KEY (`id`),
  KEY `craft_assettransformindex_sourceId_fileId_location_idx` (`sourceId`,`fileId`,`location`)
) ENGINE=InnoDB AUTO_INCREMENT=11 DEFAULT CHARSET=utf8 COLLATE=utf8_unicode_ci;

DROP TABLE IF EXISTS `craft_assettransforms`;


--
-- Schema for table `craft_assettransforms`
--
CREATE TABLE `craft_assettransforms` (
  `id` int(11) NOT NULL AUTO_INCREMENT,
  `name` varchar(255) COLLATE utf8_unicode_ci NOT NULL,
  `handle` varchar(255) COLLATE utf8_unicode_ci NOT NULL,
  `mode` enum('stretch','fit','crop') COLLATE utf8_unicode_ci NOT NULL DEFAULT 'crop',
  `position` enum('top-left','top-center','top-right','center-left','center-center','center-right','bottom-left','bottom-center','bottom-right') COLLATE utf8_unicode_ci NOT NULL DEFAULT 'center-center',
  `height` int(10) DEFAULT NULL,
  `width` int(10) DEFAULT NULL,
  `format` varchar(255) COLLATE utf8_unicode_ci DEFAULT NULL,
  `quality` int(10) DEFAULT NULL,
  `dimensionChangeTime` datetime DEFAULT NULL,
  `dateCreated` datetime NOT NULL,
  `dateUpdated` datetime NOT NULL,
  `uid` char(36) COLLATE utf8_unicode_ci NOT NULL DEFAULT '0',
  PRIMARY KEY (`id`),
  UNIQUE KEY `craft_assettransforms_name_unq_idx` (`name`),
  UNIQUE KEY `craft_assettransforms_handle_unq_idx` (`handle`)
) ENGINE=InnoDB DEFAULT CHARSET=utf8 COLLATE=utf8_unicode_ci;

DROP TABLE IF EXISTS `craft_categories`;


--
-- Schema for table `craft_categories`
--
CREATE TABLE `craft_categories` (
  `id` int(11) NOT NULL,
  `groupId` int(11) NOT NULL,
  `dateCreated` datetime NOT NULL,
  `dateUpdated` datetime NOT NULL,
  `uid` char(36) COLLATE utf8_unicode_ci NOT NULL DEFAULT '0',
  PRIMARY KEY (`id`),
  KEY `craft_categories_groupId_fk` (`groupId`)
) ENGINE=InnoDB DEFAULT CHARSET=utf8 COLLATE=utf8_unicode_ci;

DROP TABLE IF EXISTS `craft_categorygroups`;


--
-- Schema for table `craft_categorygroups`
--
CREATE TABLE `craft_categorygroups` (
  `id` int(11) NOT NULL AUTO_INCREMENT,
  `structureId` int(11) NOT NULL,
  `fieldLayoutId` int(11) DEFAULT NULL,
  `name` varchar(255) COLLATE utf8_unicode_ci NOT NULL,
  `handle` varchar(255) COLLATE utf8_unicode_ci NOT NULL,
  `hasUrls` tinyint(1) unsigned NOT NULL DEFAULT '1',
  `template` varchar(500) COLLATE utf8_unicode_ci DEFAULT NULL,
  `dateCreated` datetime NOT NULL,
  `dateUpdated` datetime NOT NULL,
  `uid` char(36) COLLATE utf8_unicode_ci NOT NULL DEFAULT '0',
  PRIMARY KEY (`id`),
  UNIQUE KEY `craft_categorygroups_name_unq_idx` (`name`),
  UNIQUE KEY `craft_categorygroups_handle_unq_idx` (`handle`),
  KEY `craft_categorygroups_structureId_fk` (`structureId`),
  KEY `craft_categorygroups_fieldLayoutId_fk` (`fieldLayoutId`)
) ENGINE=InnoDB DEFAULT CHARSET=utf8 COLLATE=utf8_unicode_ci;

DROP TABLE IF EXISTS `craft_categorygroups_i18n`;


--
-- Schema for table `craft_categorygroups_i18n`
--
CREATE TABLE `craft_categorygroups_i18n` (
  `id` int(11) NOT NULL AUTO_INCREMENT,
  `groupId` int(11) NOT NULL,
  `locale` char(12) COLLATE utf8_unicode_ci NOT NULL,
  `urlFormat` varchar(255) COLLATE utf8_unicode_ci DEFAULT NULL,
  `nestedUrlFormat` varchar(255) COLLATE utf8_unicode_ci DEFAULT NULL,
  `dateCreated` datetime NOT NULL,
  `dateUpdated` datetime NOT NULL,
  `uid` char(36) COLLATE utf8_unicode_ci NOT NULL DEFAULT '0',
  PRIMARY KEY (`id`),
  UNIQUE KEY `craft_categorygroups_i18n_groupId_locale_unq_idx` (`groupId`,`locale`),
  KEY `craft_categorygroups_i18n_locale_fk` (`locale`)
) ENGINE=InnoDB DEFAULT CHARSET=utf8 COLLATE=utf8_unicode_ci;

DROP TABLE IF EXISTS `craft_content`;


--
-- Schema for table `craft_content`
--
CREATE TABLE `craft_content` (
  `id` int(11) NOT NULL AUTO_INCREMENT,
  `elementId` int(11) NOT NULL,
  `locale` char(12) COLLATE utf8_unicode_ci NOT NULL,
  `title` varchar(255) COLLATE utf8_unicode_ci DEFAULT NULL,
  `field_displayTitle` text COLLATE utf8_unicode_ci,
  `field_byline` text COLLATE utf8_unicode_ci,
  `field_attribution` text COLLATE utf8_unicode_ci,
  `field_attributionUrl` text COLLATE utf8_unicode_ci,
  `field_metaTitle` text COLLATE utf8_unicode_ci,
  `field_metaDescription` text COLLATE utf8_unicode_ci,
  `field_summary` text COLLATE utf8_unicode_ci,
  `field_linkUrl` text COLLATE utf8_unicode_ci,
  `field_siteDescription` text COLLATE utf8_unicode_ci,
  `field_siteType` varchar(255) COLLATE utf8_unicode_ci DEFAULT NULL,
  `dateCreated` datetime NOT NULL,
  `dateUpdated` datetime NOT NULL,
  `uid` char(36) COLLATE utf8_unicode_ci NOT NULL DEFAULT '0',
  PRIMARY KEY (`id`),
  UNIQUE KEY `craft_content_elementId_locale_unq_idx` (`elementId`,`locale`),
  KEY `craft_content_title_idx` (`title`),
  KEY `craft_content_locale_fk` (`locale`)
) ENGINE=InnoDB AUTO_INCREMENT=17 DEFAULT CHARSET=utf8 COLLATE=utf8_unicode_ci;

--
-- Data for table `craft_content`
--

INSERT INTO `craft_content` (`id`, `elementId`, `locale`, `title`, `field_displayTitle`, `field_byline`, `field_attribution`, `field_attributionUrl`, `field_metaTitle`, `field_metaDescription`, `field_summary`, `field_linkUrl`, `field_siteDescription`, `field_siteType`, `dateCreated`, `dateUpdated`, `uid`) VALUES ('1', '1', 'en_us', NULL, NULL, NULL, NULL, NULL, NULL, NULL, NULL, NULL, NULL, NULL, '2015-10-24 08:36:37', '2015-10-24 08:36:37', '13eea2e9-8962-4357-a7a5-3225da11c8a3');
INSERT INTO `craft_content` (`id`, `elementId`, `locale`, `title`, `field_displayTitle`, `field_byline`, `field_attribution`, `field_attributionUrl`, `field_metaTitle`, `field_metaDescription`, `field_summary`, `field_linkUrl`, `field_siteDescription`, `field_siteType`, `dateCreated`, `dateUpdated`, `uid`) VALUES ('2', '2', 'en_us', 'Home Page', NULL, NULL, NULL, NULL, NULL, NULL, NULL, NULL, NULL, NULL, '2015-10-24 08:36:38', '2015-10-24 10:50:39', '95133e88-1514-4c95-8a0f-6d051a0dce02');
INSERT INTO `craft_content` (`id`, `elementId`, `locale`, `title`, `field_displayTitle`, `field_byline`, `field_attribution`, `field_attributionUrl`, `field_metaTitle`, `field_metaDescription`, `field_summary`, `field_linkUrl`, `field_siteDescription`, `field_siteType`, `dateCreated`, `dateUpdated`, `uid`) VALUES ('3', '3', 'en_us', 'Welcome to Default2016', 'Welcome to Default2016 - titles with <em>emphasis</em> and quote &ldquo;marks&rdquo;', 'John Smith', NULL, NULL, '', '', '<p>Lorem ipsum dolor sit amet, consectetur adipiscing elit, sed do eiusmod tempor incididunt ut labore et dolore magna aliqua. Ut enim ad minim veniam, quis nostrud exercitation ullamco laboris nisi ut aliquip ex ea commodo consequat.</p>', NULL, NULL, NULL, '2015-10-24 08:36:38', '2015-10-24 12:53:54', '49747035-d277-4d4c-a6b7-501ab9bac7c8');
INSERT INTO `craft_content` (`id`, `elementId`, `locale`, `title`, `field_displayTitle`, `field_byline`, `field_attribution`, `field_attributionUrl`, `field_metaTitle`, `field_metaDescription`, `field_summary`, `field_linkUrl`, `field_siteDescription`, `field_siteType`, `dateCreated`, `dateUpdated`, `uid`) VALUES ('4', '4', 'en_us', 'Lorem image 3', NULL, NULL, NULL, NULL, NULL, NULL, NULL, NULL, NULL, NULL, '2015-10-24 09:10:59', '2015-10-24 10:29:03', '41e0e2cb-e8d9-42d8-884c-5419a8d2f8ef');
INSERT INTO `craft_content` (`id`, `elementId`, `locale`, `title`, `field_displayTitle`, `field_byline`, `field_attribution`, `field_attributionUrl`, `field_metaTitle`, `field_metaDescription`, `field_summary`, `field_linkUrl`, `field_siteDescription`, `field_siteType`, `dateCreated`, `dateUpdated`, `uid`) VALUES ('5', '5', 'en_us', 'Lorem image 2', NULL, NULL, NULL, NULL, NULL, NULL, NULL, NULL, NULL, NULL, '2015-10-24 09:11:04', '2015-10-24 10:29:06', '15ab5cbc-684b-4f91-9c65-4c892c2a689b');
INSERT INTO `craft_content` (`id`, `elementId`, `locale`, `title`, `field_displayTitle`, `field_byline`, `field_attribution`, `field_attributionUrl`, `field_metaTitle`, `field_metaDescription`, `field_summary`, `field_linkUrl`, `field_siteDescription`, `field_siteType`, `dateCreated`, `dateUpdated`, `uid`) VALUES ('6', '6', 'en_us', 'Lorem image 1', NULL, NULL, 'Joe Smith', 'http://www.google.com', NULL, NULL, NULL, NULL, NULL, NULL, '2015-10-24 09:11:07', '2015-10-24 12:22:27', 'b22d0605-288d-40bc-99c8-f3f299497d47');
INSERT INTO `craft_content` (`id`, `elementId`, `locale`, `title`, `field_displayTitle`, `field_byline`, `field_attribution`, `field_attributionUrl`, `field_metaTitle`, `field_metaDescription`, `field_summary`, `field_linkUrl`, `field_siteDescription`, `field_siteType`, `dateCreated`, `dateUpdated`, `uid`) VALUES ('7', '20', 'en_us', 'About us', 'About Us', NULL, NULL, NULL, '', '', NULL, NULL, NULL, NULL, '2015-10-24 10:47:23', '2015-10-26 15:54:41', 'a0548660-83db-4ff4-84ac-ee1d3a97ec82');
INSERT INTO `craft_content` (`id`, `elementId`, `locale`, `title`, `field_displayTitle`, `field_byline`, `field_attribution`, `field_attributionUrl`, `field_metaTitle`, `field_metaDescription`, `field_summary`, `field_linkUrl`, `field_siteDescription`, `field_siteType`, `dateCreated`, `dateUpdated`, `uid`) VALUES ('8', '24', 'en_us', 'About Us', NULL, NULL, NULL, NULL, NULL, NULL, NULL, NULL, NULL, NULL, '2015-10-24 11:48:02', '2015-10-24 11:48:02', '3a498f34-8fff-4ca8-ae57-2d06ae9e0056');
INSERT INTO `craft_content` (`id`, `elementId`, `locale`, `title`, `field_displayTitle`, `field_byline`, `field_attribution`, `field_attributionUrl`, `field_metaTitle`, `field_metaDescription`, `field_summary`, `field_linkUrl`, `field_siteDescription`, `field_siteType`, `dateCreated`, `dateUpdated`, `uid`) VALUES ('9', '25', 'en_us', 'News', NULL, NULL, NULL, NULL, NULL, NULL, NULL, 'news', NULL, NULL, '2015-10-24 11:48:14', '2015-10-24 12:19:53', 'a663dde9-71a3-47f3-83ea-b759d5541adf');
INSERT INTO `craft_content` (`id`, `elementId`, `locale`, `title`, `field_displayTitle`, `field_byline`, `field_attribution`, `field_attributionUrl`, `field_metaTitle`, `field_metaDescription`, `field_summary`, `field_linkUrl`, `field_siteDescription`, `field_siteType`, `dateCreated`, `dateUpdated`, `uid`) VALUES ('10', '26', 'en_us', 'Home', NULL, NULL, NULL, NULL, NULL, NULL, NULL, '/', NULL, NULL, '2015-10-24 12:01:35', '2015-10-24 12:01:35', 'd08be34b-4eab-4577-afb0-a7a0eb215209');
INSERT INTO `craft_content` (`id`, `elementId`, `locale`, `title`, `field_displayTitle`, `field_byline`, `field_attribution`, `field_attributionUrl`, `field_metaTitle`, `field_metaDescription`, `field_summary`, `field_linkUrl`, `field_siteDescription`, `field_siteType`, `dateCreated`, `dateUpdated`, `uid`) VALUES ('11', '27', 'en_us', NULL, NULL, NULL, NULL, NULL, NULL, NULL, NULL, NULL, 'Default site description...', 'Organization', '2015-10-25 08:20:15', '2015-10-25 09:01:39', 'c0b48595-aab4-4377-8fe2-8583b625d590');
INSERT INTO `craft_content` (`id`, `elementId`, `locale`, `title`, `field_displayTitle`, `field_byline`, `field_attribution`, `field_attributionUrl`, `field_metaTitle`, `field_metaDescription`, `field_summary`, `field_linkUrl`, `field_siteDescription`, `field_siteType`, `dateCreated`, `dateUpdated`, `uid`) VALUES ('12', '28', 'en_us', '500x500', NULL, NULL, NULL, NULL, NULL, NULL, NULL, NULL, NULL, NULL, '2015-10-25 09:00:10', '2015-10-25 09:00:10', 'be29640e-7d93-41b0-b585-74f1f7d561a5');
INSERT INTO `craft_content` (`id`, `elementId`, `locale`, `title`, `field_displayTitle`, `field_byline`, `field_attribution`, `field_attributionUrl`, `field_metaTitle`, `field_metaDescription`, `field_summary`, `field_linkUrl`, `field_siteDescription`, `field_siteType`, `dateCreated`, `dateUpdated`, `uid`) VALUES ('13', '32', 'en_us', 'Default2016 Second News Entry', 'Default2016 Second News Entry', 'John Smith', NULL, NULL, '', '', '<p>Lorem ipsum dolor sit amet, consectetur adipiscing elit, sed do eiusmod tempor incididunt ut labore et dolore magna aliqua. Ut enim ad minim veniam, quis nostrud exercitation ullamco laboris nisi ut aliquip ex ea commodo consequat.</p>', NULL, NULL, NULL, '2015-10-25 10:08:24', '2015-10-26 15:48:26', '1cc03e05-6dd4-4192-aa0c-23f6dfd53a7f');
INSERT INTO `craft_content` (`id`, `elementId`, `locale`, `title`, `field_displayTitle`, `field_byline`, `field_attribution`, `field_attributionUrl`, `field_metaTitle`, `field_metaDescription`, `field_summary`, `field_linkUrl`, `field_siteDescription`, `field_siteType`, `dateCreated`, `dateUpdated`, `uid`) VALUES ('14', '45', 'en_us', 'Secondary Page', NULL, NULL, NULL, NULL, NULL, NULL, NULL, NULL, NULL, NULL, '2015-10-25 10:44:31', '2015-10-25 13:58:58', '56d42563-a1f1-4b9c-9ff8-1eec6bb0578c');
INSERT INTO `craft_content` (`id`, `elementId`, `locale`, `title`, `field_displayTitle`, `field_byline`, `field_attribution`, `field_attributionUrl`, `field_metaTitle`, `field_metaDescription`, `field_summary`, `field_linkUrl`, `field_siteDescription`, `field_siteType`, `dateCreated`, `dateUpdated`, `uid`) VALUES ('16', '47', 'en_us', 'Home Page Slideshow', NULL, NULL, NULL, NULL, NULL, NULL, NULL, NULL, NULL, NULL, '2015-10-25 14:10:04', '2015-10-25 14:10:04', '44395df7-1dc6-4bb7-ae65-d3dbfc96234a');



DROP TABLE IF EXISTS `craft_deprecationerrors`;


--
-- Schema for table `craft_deprecationerrors`
--
CREATE TABLE `craft_deprecationerrors` (
  `id` int(11) NOT NULL AUTO_INCREMENT,
  `key` varchar(255) COLLATE utf8_unicode_ci NOT NULL,
  `fingerprint` varchar(255) COLLATE utf8_unicode_ci NOT NULL,
  `lastOccurrence` datetime NOT NULL,
  `file` varchar(255) COLLATE utf8_unicode_ci NOT NULL,
  `line` smallint(6) unsigned NOT NULL,
  `class` varchar(255) COLLATE utf8_unicode_ci DEFAULT NULL,
  `method` varchar(255) COLLATE utf8_unicode_ci DEFAULT NULL,
  `template` varchar(255) COLLATE utf8_unicode_ci DEFAULT NULL,
  `templateLine` smallint(6) unsigned DEFAULT NULL,
  `message` varchar(255) COLLATE utf8_unicode_ci DEFAULT NULL,
  `traces` text COLLATE utf8_unicode_ci,
  `dateCreated` datetime NOT NULL,
  `dateUpdated` datetime NOT NULL,
  `uid` char(36) COLLATE utf8_unicode_ci NOT NULL DEFAULT '0',
  PRIMARY KEY (`id`),
  UNIQUE KEY `craft_deprecationerrors_key_fingerprint_unq_idx` (`key`,`fingerprint`)
) ENGINE=InnoDB DEFAULT CHARSET=utf8 COLLATE=utf8_unicode_ci;

DROP TABLE IF EXISTS `craft_elements`;


--
-- Schema for table `craft_elements`
--
CREATE TABLE `craft_elements` (
  `id` int(11) NOT NULL AUTO_INCREMENT,
  `type` varchar(150) COLLATE utf8_unicode_ci NOT NULL,
  `enabled` tinyint(1) unsigned NOT NULL DEFAULT '1',
  `archived` tinyint(1) unsigned NOT NULL DEFAULT '0',
  `dateCreated` datetime NOT NULL,
  `dateUpdated` datetime NOT NULL,
  `uid` char(36) COLLATE utf8_unicode_ci NOT NULL DEFAULT '0',
  PRIMARY KEY (`id`),
  KEY `craft_elements_type_idx` (`type`),
  KEY `craft_elements_enabled_idx` (`enabled`),
  KEY `craft_elements_archived_dateCreated_idx` (`archived`,`dateCreated`)
) ENGINE=InnoDB AUTO_INCREMENT=52 DEFAULT CHARSET=utf8 COLLATE=utf8_unicode_ci;

--
-- Data for table `craft_elements`
--

INSERT INTO `craft_elements` (`id`, `type`, `enabled`, `archived`, `dateCreated`, `dateUpdated`, `uid`) VALUES ('1', 'User', '1', '0', '2015-10-24 08:36:37', '2015-10-24 08:36:37', '67519194-bf99-47b3-bbc4-9d382552886e');
INSERT INTO `craft_elements` (`id`, `type`, `enabled`, `archived`, `dateCreated`, `dateUpdated`, `uid`) VALUES ('2', 'Entry', '1', '0', '2015-10-24 08:36:38', '2015-10-24 10:50:39', '204126d8-cc1b-4a47-ab52-ab90d8290cb9');
INSERT INTO `craft_elements` (`id`, `type`, `enabled`, `archived`, `dateCreated`, `dateUpdated`, `uid`) VALUES ('3', 'Entry', '1', '0', '2015-10-24 08:36:38', '2015-10-24 12:53:54', 'af9baa80-8abd-4be5-a63c-542a02f1aa00');
INSERT INTO `craft_elements` (`id`, `type`, `enabled`, `archived`, `dateCreated`, `dateUpdated`, `uid`) VALUES ('4', 'Asset', '1', '0', '2015-10-24 09:10:59', '2015-10-24 10:29:03', '2394590d-70f5-4803-ada9-fd73be7ce8f6');
INSERT INTO `craft_elements` (`id`, `type`, `enabled`, `archived`, `dateCreated`, `dateUpdated`, `uid`) VALUES ('5', 'Asset', '1', '0', '2015-10-24 09:11:04', '2015-10-24 10:29:06', '635575d7-ee58-463b-9c13-6e8f4f201685');
INSERT INTO `craft_elements` (`id`, `type`, `enabled`, `archived`, `dateCreated`, `dateUpdated`, `uid`) VALUES ('6', 'Asset', '1', '0', '2015-10-24 09:11:07', '2015-10-24 12:22:27', 'fb8e5825-fd05-4dd9-8261-a616720d1b71');
INSERT INTO `craft_elements` (`id`, `type`, `enabled`, `archived`, `dateCreated`, `dateUpdated`, `uid`) VALUES ('8', 'MatrixBlock', '1', '0', '2015-10-24 09:11:24', '2015-10-24 12:53:54', '42a4872b-2838-4b38-90b6-aaf9ddb35cbe');
INSERT INTO `craft_elements` (`id`, `type`, `enabled`, `archived`, `dateCreated`, `dateUpdated`, `uid`) VALUES ('9', 'MatrixBlock', '1', '0', '2015-10-24 09:11:24', '2015-10-24 12:53:54', '51613b83-52bf-46ef-9434-73f8440cf6a9');
INSERT INTO `craft_elements` (`id`, `type`, `enabled`, `archived`, `dateCreated`, `dateUpdated`, `uid`) VALUES ('10', 'MatrixBlock', '1', '0', '2015-10-24 09:47:04', '2015-10-24 12:53:54', '05d394f5-d098-4ef9-ad8a-6311283e1e8e');
INSERT INTO `craft_elements` (`id`, `type`, `enabled`, `archived`, `dateCreated`, `dateUpdated`, `uid`) VALUES ('11', 'MatrixBlock', '1', '0', '2015-10-24 09:47:04', '2015-10-24 12:53:54', '77a116d9-9cf4-4ad6-92e0-731c40df8e41');
INSERT INTO `craft_elements` (`id`, `type`, `enabled`, `archived`, `dateCreated`, `dateUpdated`, `uid`) VALUES ('12', 'MatrixBlock', '1', '0', '2015-10-24 09:56:52', '2015-10-24 12:53:54', 'e501cf40-1003-4fbe-9ea8-9076d7edb63f');
INSERT INTO `craft_elements` (`id`, `type`, `enabled`, `archived`, `dateCreated`, `dateUpdated`, `uid`) VALUES ('13', 'MatrixBlock', '1', '0', '2015-10-24 09:56:52', '2015-10-24 12:53:54', 'd10d1c90-a638-4378-9b14-0790707c3d35');
INSERT INTO `craft_elements` (`id`, `type`, `enabled`, `archived`, `dateCreated`, `dateUpdated`, `uid`) VALUES ('14', 'MatrixBlock', '1', '0', '2015-10-24 09:56:52', '2015-10-24 12:53:54', 'cbda9cf2-2f08-4737-b555-5d08a064243d');
INSERT INTO `craft_elements` (`id`, `type`, `enabled`, `archived`, `dateCreated`, `dateUpdated`, `uid`) VALUES ('15', 'MatrixBlock', '1', '0', '2015-10-24 10:00:02', '2015-10-24 12:53:54', '47e7199c-9692-42e8-89fe-e390c3769c25');
INSERT INTO `craft_elements` (`id`, `type`, `enabled`, `archived`, `dateCreated`, `dateUpdated`, `uid`) VALUES ('16', 'MatrixBlock', '1', '0', '2015-10-24 10:03:12', '2015-10-24 12:53:54', '078ca2a5-8d20-48a1-9978-ef7f22c7db81');
INSERT INTO `craft_elements` (`id`, `type`, `enabled`, `archived`, `dateCreated`, `dateUpdated`, `uid`) VALUES ('17', 'MatrixBlock', '1', '0', '2015-10-24 10:05:22', '2015-10-24 12:53:54', 'f80ef08b-53f7-4227-aca5-677506a84ee6');
INSERT INTO `craft_elements` (`id`, `type`, `enabled`, `archived`, `dateCreated`, `dateUpdated`, `uid`) VALUES ('18', 'MatrixBlock', '1', '0', '2015-10-24 10:10:27', '2015-10-24 12:53:54', 'f84841a3-06fd-4082-be4a-3614f374f456');
INSERT INTO `craft_elements` (`id`, `type`, `enabled`, `archived`, `dateCreated`, `dateUpdated`, `uid`) VALUES ('19', 'MatrixBlock', '1', '0', '2015-10-24 10:21:40', '2015-10-24 12:53:54', 'ceaace3b-8674-4000-899b-69bf7394a9fb');
INSERT INTO `craft_elements` (`id`, `type`, `enabled`, `archived`, `dateCreated`, `dateUpdated`, `uid`) VALUES ('20', 'Entry', '1', '0', '2015-10-24 10:47:23', '2015-10-26 15:54:41', 'db250424-72f5-4433-bf3a-153be21d8477');
INSERT INTO `craft_elements` (`id`, `type`, `enabled`, `archived`, `dateCreated`, `dateUpdated`, `uid`) VALUES ('21', 'MatrixBlock', '1', '0', '2015-10-24 10:47:23', '2015-10-26 15:54:41', '882f2aaa-5c54-460a-8f1d-3133717cbf9b');
INSERT INTO `craft_elements` (`id`, `type`, `enabled`, `archived`, `dateCreated`, `dateUpdated`, `uid`) VALUES ('22', 'MatrixBlock', '1', '0', '2015-10-24 10:50:39', '2015-10-24 10:50:39', '1d0560a1-275c-4627-ad1b-e00d2e44d13b');
INSERT INTO `craft_elements` (`id`, `type`, `enabled`, `archived`, `dateCreated`, `dateUpdated`, `uid`) VALUES ('23', 'MatrixBlock', '1', '0', '2015-10-24 10:50:39', '2015-10-24 10:50:39', '07a06e1a-fe95-4a93-88fa-5ee95c9db938');
INSERT INTO `craft_elements` (`id`, `type`, `enabled`, `archived`, `dateCreated`, `dateUpdated`, `uid`) VALUES ('24', 'Entry', '1', '0', '2015-10-24 11:48:02', '2015-10-24 11:48:02', '7e5b363f-2db3-4da1-aad2-212f4bb907b8');
INSERT INTO `craft_elements` (`id`, `type`, `enabled`, `archived`, `dateCreated`, `dateUpdated`, `uid`) VALUES ('25', 'Entry', '1', '0', '2015-10-24 11:48:14', '2015-10-24 12:19:53', 'b72a8a46-c1a6-457b-a3ac-861d3b7b6518');
INSERT INTO `craft_elements` (`id`, `type`, `enabled`, `archived`, `dateCreated`, `dateUpdated`, `uid`) VALUES ('26', 'Entry', '1', '0', '2015-10-24 12:01:35', '2015-10-24 12:01:35', '15dcf2fb-0502-47eb-9f61-1b9dd2756d13');
INSERT INTO `craft_elements` (`id`, `type`, `enabled`, `archived`, `dateCreated`, `dateUpdated`, `uid`) VALUES ('27', 'GlobalSet', '1', '0', '2015-10-25 08:20:15', '2015-10-25 09:01:39', '8c44ef58-e6d9-4915-a8b7-079183114e5c');
INSERT INTO `craft_elements` (`id`, `type`, `enabled`, `archived`, `dateCreated`, `dateUpdated`, `uid`) VALUES ('28', 'Asset', '1', '0', '2015-10-25 09:00:10', '2015-10-25 09:00:10', 'd832456d-390d-411a-8e59-ce1439ad094a');
INSERT INTO `craft_elements` (`id`, `type`, `enabled`, `archived`, `dateCreated`, `dateUpdated`, `uid`) VALUES ('29', 'MatrixBlock', '1', '0', '2015-10-25 09:01:26', '2015-10-25 09:01:39', '88e9927a-1ce7-47d1-8bcd-8f7ef5b2c896');
INSERT INTO `craft_elements` (`id`, `type`, `enabled`, `archived`, `dateCreated`, `dateUpdated`, `uid`) VALUES ('30', 'MatrixBlock', '1', '0', '2015-10-25 09:01:26', '2015-10-25 09:01:39', '81271d22-b999-40d0-b4a6-0f084578c811');
INSERT INTO `craft_elements` (`id`, `type`, `enabled`, `archived`, `dateCreated`, `dateUpdated`, `uid`) VALUES ('31', 'MatrixBlock', '1', '0', '2015-10-25 09:01:26', '2015-10-25 09:01:39', '1516e45b-b77c-40cf-8f32-87705e82d4e9');
INSERT INTO `craft_elements` (`id`, `type`, `enabled`, `archived`, `dateCreated`, `dateUpdated`, `uid`) VALUES ('32', 'Entry', '1', '0', '2015-10-25 10:08:24', '2015-10-26 15:48:26', '0646a107-4452-444f-8137-72ba4099aab7');
INSERT INTO `craft_elements` (`id`, `type`, `enabled`, `archived`, `dateCreated`, `dateUpdated`, `uid`) VALUES ('33', 'MatrixBlock', '1', '0', '2015-10-25 10:08:24', '2015-10-26 15:48:26', '85cd126b-1cde-47a6-80b1-e1535d10a8b0');
INSERT INTO `craft_elements` (`id`, `type`, `enabled`, `archived`, `dateCreated`, `dateUpdated`, `uid`) VALUES ('34', 'MatrixBlock', '1', '0', '2015-10-25 10:08:24', '2015-10-26 15:48:26', '197791a0-b15d-4dad-92ca-2e97f4bf245d');
INSERT INTO `craft_elements` (`id`, `type`, `enabled`, `archived`, `dateCreated`, `dateUpdated`, `uid`) VALUES ('35', 'MatrixBlock', '1', '0', '2015-10-25 10:08:24', '2015-10-26 15:48:26', '07340727-39de-413b-a262-9d30f7b1515d');
INSERT INTO `craft_elements` (`id`, `type`, `enabled`, `archived`, `dateCreated`, `dateUpdated`, `uid`) VALUES ('36', 'MatrixBlock', '1', '0', '2015-10-25 10:08:24', '2015-10-26 15:48:26', '27a84659-c076-4707-a181-b3ae87b4c9f7');
INSERT INTO `craft_elements` (`id`, `type`, `enabled`, `archived`, `dateCreated`, `dateUpdated`, `uid`) VALUES ('37', 'MatrixBlock', '1', '0', '2015-10-25 10:08:24', '2015-10-26 15:48:26', '762bb120-653f-45a8-b13e-c2ca08f3a1e1');
INSERT INTO `craft_elements` (`id`, `type`, `enabled`, `archived`, `dateCreated`, `dateUpdated`, `uid`) VALUES ('38', 'MatrixBlock', '1', '0', '2015-10-25 10:08:24', '2015-10-26 15:48:26', 'a7d7c8b5-815e-41f8-8233-2c5d445e78ab');
INSERT INTO `craft_elements` (`id`, `type`, `enabled`, `archived`, `dateCreated`, `dateUpdated`, `uid`) VALUES ('39', 'MatrixBlock', '1', '0', '2015-10-25 10:08:24', '2015-10-26 15:48:26', '37956940-9464-463f-8b10-5bbf1c0e4450');
INSERT INTO `craft_elements` (`id`, `type`, `enabled`, `archived`, `dateCreated`, `dateUpdated`, `uid`) VALUES ('40', 'MatrixBlock', '1', '0', '2015-10-25 10:08:24', '2015-10-26 15:48:26', '44fcdfe7-01ce-471b-99db-6b08220f2e76');
INSERT INTO `craft_elements` (`id`, `type`, `enabled`, `archived`, `dateCreated`, `dateUpdated`, `uid`) VALUES ('41', 'MatrixBlock', '1', '0', '2015-10-25 10:08:24', '2015-10-26 15:48:26', 'd01453a9-5058-4c55-b742-532655c6ccdc');
INSERT INTO `craft_elements` (`id`, `type`, `enabled`, `archived`, `dateCreated`, `dateUpdated`, `uid`) VALUES ('42', 'MatrixBlock', '1', '0', '2015-10-25 10:08:24', '2015-10-26 15:48:26', '3a0ae9bc-aa8e-4ae6-b7ac-f7ad3e56572a');
INSERT INTO `craft_elements` (`id`, `type`, `enabled`, `archived`, `dateCreated`, `dateUpdated`, `uid`) VALUES ('43', 'MatrixBlock', '1', '0', '2015-10-25 10:08:24', '2015-10-26 15:48:26', 'eb33327f-4d93-4565-8fdd-0fcf4b8bc9b2');
INSERT INTO `craft_elements` (`id`, `type`, `enabled`, `archived`, `dateCreated`, `dateUpdated`, `uid`) VALUES ('44', 'MatrixBlock', '1', '0', '2015-10-25 10:08:24', '2015-10-26 15:48:26', 'a2260281-131e-4662-8822-c25c2af4c3e8');
INSERT INTO `craft_elements` (`id`, `type`, `enabled`, `archived`, `dateCreated`, `dateUpdated`, `uid`) VALUES ('45', 'Entry', '1', '0', '2015-10-25 10:44:31', '2015-10-25 13:58:58', 'aba5a191-1e72-4834-812d-9a63c3b2ac28');
INSERT INTO `craft_elements` (`id`, `type`, `enabled`, `archived`, `dateCreated`, `dateUpdated`, `uid`) VALUES ('47', 'Entry', '1', '0', '2015-10-25 14:10:04', '2015-10-25 14:10:04', '91117c82-de3a-499e-b5ef-1ad19874d6f0');
INSERT INTO `craft_elements` (`id`, `type`, `enabled`, `archived`, `dateCreated`, `dateUpdated`, `uid`) VALUES ('48', 'MatrixBlock', '1', '0', '2015-10-25 14:10:04', '2015-10-25 14:10:04', 'efd94381-24f8-4caf-b255-e0c4b3527d5b');
INSERT INTO `craft_elements` (`id`, `type`, `enabled`, `archived`, `dateCreated`, `dateUpdated`, `uid`) VALUES ('49', 'MatrixBlock', '1', '0', '2015-10-25 14:10:04', '2015-10-25 14:10:04', '59e1d098-9bab-4649-8772-b18f321d6bc2');
INSERT INTO `craft_elements` (`id`, `type`, `enabled`, `archived`, `dateCreated`, `dateUpdated`, `uid`) VALUES ('50', 'MatrixBlock', '1', '0', '2015-10-25 14:10:04', '2015-10-25 14:10:04', 'e1ae66cb-e040-4412-b329-893a4b9fc475');
INSERT INTO `craft_elements` (`id`, `type`, `enabled`, `archived`, `dateCreated`, `dateUpdated`, `uid`) VALUES ('51', 'MatrixBlock', '1', '0', '2015-10-25 16:26:30', '2015-10-26 15:54:41', '8b77e0b1-9328-481b-bcec-fe6d90bcf6dc');



DROP TABLE IF EXISTS `craft_elements_i18n`;


--
-- Schema for table `craft_elements_i18n`
--
CREATE TABLE `craft_elements_i18n` (
  `id` int(11) NOT NULL AUTO_INCREMENT,
  `elementId` int(11) NOT NULL,
  `locale` char(12) COLLATE utf8_unicode_ci NOT NULL,
  `slug` varchar(255) COLLATE utf8_unicode_ci DEFAULT NULL,
  `uri` varchar(255) COLLATE utf8_unicode_ci DEFAULT NULL,
  `enabled` tinyint(1) unsigned NOT NULL DEFAULT '1',
  `dateCreated` datetime NOT NULL,
  `dateUpdated` datetime NOT NULL,
  `uid` char(36) COLLATE utf8_unicode_ci NOT NULL DEFAULT '0',
  PRIMARY KEY (`id`),
  UNIQUE KEY `craft_elements_i18n_elementId_locale_unq_idx` (`elementId`,`locale`),
  UNIQUE KEY `craft_elements_i18n_uri_locale_unq_idx` (`uri`,`locale`),
  KEY `craft_elements_i18n_slug_locale_idx` (`slug`,`locale`),
  KEY `craft_elements_i18n_enabled_idx` (`enabled`),
  KEY `craft_elements_i18n_locale_fk` (`locale`)
) ENGINE=InnoDB AUTO_INCREMENT=52 DEFAULT CHARSET=utf8 COLLATE=utf8_unicode_ci;

--
-- Data for table `craft_elements_i18n`
--

INSERT INTO `craft_elements_i18n` (`id`, `elementId`, `locale`, `slug`, `uri`, `enabled`, `dateCreated`, `dateUpdated`, `uid`) VALUES ('1', '1', 'en_us', '', NULL, '1', '2015-10-24 08:36:37', '2015-10-24 08:36:37', '8b891f5b-315b-49fb-b279-32637e8c8f68');
INSERT INTO `craft_elements_i18n` (`id`, `elementId`, `locale`, `slug`, `uri`, `enabled`, `dateCreated`, `dateUpdated`, `uid`) VALUES ('2', '2', 'en_us', 'homepage', '__home__', '1', '2015-10-24 08:36:38', '2015-10-24 10:50:39', '022cf441-c7be-4f46-abea-43166f339277');
INSERT INTO `craft_elements_i18n` (`id`, `elementId`, `locale`, `slug`, `uri`, `enabled`, `dateCreated`, `dateUpdated`, `uid`) VALUES ('3', '3', 'en_us', 'welcome-to-default-2016', 'news/2015/welcome-to-default-2016', '1', '2015-10-24 08:36:38', '2015-10-24 12:53:54', 'b81a1e6c-66a0-4975-b793-a84a06cd62e2');
INSERT INTO `craft_elements_i18n` (`id`, `elementId`, `locale`, `slug`, `uri`, `enabled`, `dateCreated`, `dateUpdated`, `uid`) VALUES ('4', '4', 'en_us', 'lorem-3', NULL, '1', '2015-10-24 09:10:59', '2015-10-24 10:29:03', 'a925d05c-a140-42e3-9fdd-612e3468c4c5');
INSERT INTO `craft_elements_i18n` (`id`, `elementId`, `locale`, `slug`, `uri`, `enabled`, `dateCreated`, `dateUpdated`, `uid`) VALUES ('5', '5', 'en_us', 'lorem-2', NULL, '1', '2015-10-24 09:11:04', '2015-10-24 10:29:06', '70edc6b1-b412-423c-8110-910721c76347');
INSERT INTO `craft_elements_i18n` (`id`, `elementId`, `locale`, `slug`, `uri`, `enabled`, `dateCreated`, `dateUpdated`, `uid`) VALUES ('6', '6', 'en_us', 'lorem-1', NULL, '1', '2015-10-24 09:11:07', '2015-10-24 12:22:27', '600e14b4-56da-4447-952e-80639ee1f3c9');
INSERT INTO `craft_elements_i18n` (`id`, `elementId`, `locale`, `slug`, `uri`, `enabled`, `dateCreated`, `dateUpdated`, `uid`) VALUES ('8', '8', 'en_us', '', NULL, '1', '2015-10-24 09:11:24', '2015-10-24 12:53:54', '735c00d0-72a7-46cf-b1e3-21e98a457e74');
INSERT INTO `craft_elements_i18n` (`id`, `elementId`, `locale`, `slug`, `uri`, `enabled`, `dateCreated`, `dateUpdated`, `uid`) VALUES ('9', '9', 'en_us', '', NULL, '1', '2015-10-24 09:11:24', '2015-10-24 12:53:54', '6aa1c3f8-a2de-412b-87d7-393bfe364f30');
INSERT INTO `craft_elements_i18n` (`id`, `elementId`, `locale`, `slug`, `uri`, `enabled`, `dateCreated`, `dateUpdated`, `uid`) VALUES ('10', '10', 'en_us', '', NULL, '1', '2015-10-24 09:47:04', '2015-10-24 12:53:54', '880ac1ef-516c-4a32-a4b2-baf1f5cea64c');
INSERT INTO `craft_elements_i18n` (`id`, `elementId`, `locale`, `slug`, `uri`, `enabled`, `dateCreated`, `dateUpdated`, `uid`) VALUES ('11', '11', 'en_us', '', NULL, '1', '2015-10-24 09:47:04', '2015-10-24 12:53:54', 'a515615b-debb-4884-8e12-974ea62bd4c6');
INSERT INTO `craft_elements_i18n` (`id`, `elementId`, `locale`, `slug`, `uri`, `enabled`, `dateCreated`, `dateUpdated`, `uid`) VALUES ('12', '12', 'en_us', '', NULL, '1', '2015-10-24 09:56:52', '2015-10-24 12:53:54', 'a2a8fd82-969e-44d8-bbb9-c37bafea6458');
INSERT INTO `craft_elements_i18n` (`id`, `elementId`, `locale`, `slug`, `uri`, `enabled`, `dateCreated`, `dateUpdated`, `uid`) VALUES ('13', '13', 'en_us', '', NULL, '1', '2015-10-24 09:56:52', '2015-10-24 12:53:54', '97ddeb8e-7615-4e94-bfa7-ee6791d36bf6');
INSERT INTO `craft_elements_i18n` (`id`, `elementId`, `locale`, `slug`, `uri`, `enabled`, `dateCreated`, `dateUpdated`, `uid`) VALUES ('14', '14', 'en_us', '', NULL, '1', '2015-10-24 09:56:52', '2015-10-24 12:53:54', '263d2ee7-9c2f-4025-a7d8-edebd2960c43');
INSERT INTO `craft_elements_i18n` (`id`, `elementId`, `locale`, `slug`, `uri`, `enabled`, `dateCreated`, `dateUpdated`, `uid`) VALUES ('15', '15', 'en_us', '', NULL, '1', '2015-10-24 10:00:02', '2015-10-24 12:53:54', '01c666d8-4874-4cfd-9e8c-ad42990f00e1');
INSERT INTO `craft_elements_i18n` (`id`, `elementId`, `locale`, `slug`, `uri`, `enabled`, `dateCreated`, `dateUpdated`, `uid`) VALUES ('16', '16', 'en_us', '', NULL, '1', '2015-10-24 10:03:12', '2015-10-24 12:53:54', '322f408f-b90c-4be4-a803-c5e0c4d96bcb');
INSERT INTO `craft_elements_i18n` (`id`, `elementId`, `locale`, `slug`, `uri`, `enabled`, `dateCreated`, `dateUpdated`, `uid`) VALUES ('17', '17', 'en_us', '', NULL, '1', '2015-10-24 10:05:22', '2015-10-24 12:53:54', '9caebd60-60c8-40b1-92a9-00e88a4571d2');
INSERT INTO `craft_elements_i18n` (`id`, `elementId`, `locale`, `slug`, `uri`, `enabled`, `dateCreated`, `dateUpdated`, `uid`) VALUES ('18', '18', 'en_us', '', NULL, '1', '2015-10-24 10:10:27', '2015-10-24 12:53:54', '7dff2d6e-df13-42d8-982b-540b11d726ba');
INSERT INTO `craft_elements_i18n` (`id`, `elementId`, `locale`, `slug`, `uri`, `enabled`, `dateCreated`, `dateUpdated`, `uid`) VALUES ('19', '19', 'en_us', '', NULL, '1', '2015-10-24 10:21:40', '2015-10-24 12:53:54', 'db955a0a-3a32-4ed5-876c-05b853292dfd');
INSERT INTO `craft_elements_i18n` (`id`, `elementId`, `locale`, `slug`, `uri`, `enabled`, `dateCreated`, `dateUpdated`, `uid`) VALUES ('20', '20', 'en_us', 'about-us', 'pages/about-us', '1', '2015-10-24 10:47:23', '2015-10-26 15:54:41', 'e0c66e72-e356-4ad5-8775-be80b4eb46d1');
INSERT INTO `craft_elements_i18n` (`id`, `elementId`, `locale`, `slug`, `uri`, `enabled`, `dateCreated`, `dateUpdated`, `uid`) VALUES ('21', '21', 'en_us', '', NULL, '1', '2015-10-24 10:47:23', '2015-10-26 15:54:41', 'eb0d19d3-6583-48dd-aff0-c26562d2758a');
INSERT INTO `craft_elements_i18n` (`id`, `elementId`, `locale`, `slug`, `uri`, `enabled`, `dateCreated`, `dateUpdated`, `uid`) VALUES ('22', '22', 'en_us', '', NULL, '1', '2015-10-24 10:50:39', '2015-10-24 10:50:39', '5b5bef09-a027-414d-98a6-9e64322f7776');
INSERT INTO `craft_elements_i18n` (`id`, `elementId`, `locale`, `slug`, `uri`, `enabled`, `dateCreated`, `dateUpdated`, `uid`) VALUES ('23', '23', 'en_us', '', NULL, '1', '2015-10-24 10:50:39', '2015-10-24 10:50:39', '5d63ad98-4193-48e2-ad00-480522063415');
INSERT INTO `craft_elements_i18n` (`id`, `elementId`, `locale`, `slug`, `uri`, `enabled`, `dateCreated`, `dateUpdated`, `uid`) VALUES ('24', '24', 'en_us', 'about-us', 'main-navigation/about-us', '1', '2015-10-24 11:48:02', '2015-10-24 11:48:03', '52885ee3-626d-40eb-86c1-0e79ec8847fa');
INSERT INTO `craft_elements_i18n` (`id`, `elementId`, `locale`, `slug`, `uri`, `enabled`, `dateCreated`, `dateUpdated`, `uid`) VALUES ('25', '25', 'en_us', 'news', 'main-navigation/news', '1', '2015-10-24 11:48:14', '2015-10-24 12:19:53', 'dacb83af-f25b-4c03-a8eb-e421140de3a2');
INSERT INTO `craft_elements_i18n` (`id`, `elementId`, `locale`, `slug`, `uri`, `enabled`, `dateCreated`, `dateUpdated`, `uid`) VALUES ('26', '26', 'en_us', 'home', 'main-navigation/home', '1', '2015-10-24 12:01:35', '2015-10-24 12:01:38', '9bd4fd87-e614-4562-a03d-f8fec59dc146');
INSERT INTO `craft_elements_i18n` (`id`, `elementId`, `locale`, `slug`, `uri`, `enabled`, `dateCreated`, `dateUpdated`, `uid`) VALUES ('27', '27', 'en_us', '', NULL, '1', '2015-10-25 08:20:15', '2015-10-25 09:01:39', '1ef36641-7d19-4e02-bd16-ad7eaa4dee25');
INSERT INTO `craft_elements_i18n` (`id`, `elementId`, `locale`, `slug`, `uri`, `enabled`, `dateCreated`, `dateUpdated`, `uid`) VALUES ('28', '28', 'en_us', '500x500', NULL, '1', '2015-10-25 09:00:10', '2015-10-25 09:00:10', '0db37049-2f44-4c2c-86a0-f3b9ccbc71a2');
INSERT INTO `craft_elements_i18n` (`id`, `elementId`, `locale`, `slug`, `uri`, `enabled`, `dateCreated`, `dateUpdated`, `uid`) VALUES ('29', '29', 'en_us', '', NULL, '1', '2015-10-25 09:01:26', '2015-10-25 09:01:39', '6075669a-7216-466e-be3a-3548a48a24cf');
INSERT INTO `craft_elements_i18n` (`id`, `elementId`, `locale`, `slug`, `uri`, `enabled`, `dateCreated`, `dateUpdated`, `uid`) VALUES ('30', '30', 'en_us', '', NULL, '1', '2015-10-25 09:01:26', '2015-10-25 09:01:39', 'acf3a721-4ada-4826-af0e-bc599b145ccd');
INSERT INTO `craft_elements_i18n` (`id`, `elementId`, `locale`, `slug`, `uri`, `enabled`, `dateCreated`, `dateUpdated`, `uid`) VALUES ('31', '31', 'en_us', '', NULL, '1', '2015-10-25 09:01:26', '2015-10-25 09:01:39', '102a16f1-9a3f-47e5-a4c2-16cf0497c163');
INSERT INTO `craft_elements_i18n` (`id`, `elementId`, `locale`, `slug`, `uri`, `enabled`, `dateCreated`, `dateUpdated`, `uid`) VALUES ('32', '32', 'en_us', 'welcome-to-default-2016-1', 'news/2015/welcome-to-default-2016-1', '1', '2015-10-25 10:08:24', '2015-10-26 15:48:26', '1e37ac43-2365-422e-b34c-730f0eeb9157');
INSERT INTO `craft_elements_i18n` (`id`, `elementId`, `locale`, `slug`, `uri`, `enabled`, `dateCreated`, `dateUpdated`, `uid`) VALUES ('33', '33', 'en_us', '', NULL, '1', '2015-10-25 10:08:24', '2015-10-26 15:48:26', '37952238-a520-499b-ade5-46b0dd1c7a1d');
INSERT INTO `craft_elements_i18n` (`id`, `elementId`, `locale`, `slug`, `uri`, `enabled`, `dateCreated`, `dateUpdated`, `uid`) VALUES ('34', '34', 'en_us', '', NULL, '1', '2015-10-25 10:08:24', '2015-10-26 15:48:26', '635ffbd3-08b8-4a5b-aa92-50230d98a1eb');
INSERT INTO `craft_elements_i18n` (`id`, `elementId`, `locale`, `slug`, `uri`, `enabled`, `dateCreated`, `dateUpdated`, `uid`) VALUES ('35', '35', 'en_us', '', NULL, '1', '2015-10-25 10:08:24', '2015-10-26 15:48:26', '9fd7d0a0-02c8-40d3-86c7-6e54d2942b33');
INSERT INTO `craft_elements_i18n` (`id`, `elementId`, `locale`, `slug`, `uri`, `enabled`, `dateCreated`, `dateUpdated`, `uid`) VALUES ('36', '36', 'en_us', '', NULL, '1', '2015-10-25 10:08:24', '2015-10-26 15:48:26', 'fde86945-1635-4ba8-9830-4580ffd0c036');
INSERT INTO `craft_elements_i18n` (`id`, `elementId`, `locale`, `slug`, `uri`, `enabled`, `dateCreated`, `dateUpdated`, `uid`) VALUES ('37', '37', 'en_us', '', NULL, '1', '2015-10-25 10:08:24', '2015-10-26 15:48:26', '6bed6b75-aa0b-4751-a643-bb32999c6e6c');
INSERT INTO `craft_elements_i18n` (`id`, `elementId`, `locale`, `slug`, `uri`, `enabled`, `dateCreated`, `dateUpdated`, `uid`) VALUES ('38', '38', 'en_us', '', NULL, '1', '2015-10-25 10:08:24', '2015-10-26 15:48:26', '3b623ab4-3482-4095-8b28-9fcd5cbab599');
INSERT INTO `craft_elements_i18n` (`id`, `elementId`, `locale`, `slug`, `uri`, `enabled`, `dateCreated`, `dateUpdated`, `uid`) VALUES ('39', '39', 'en_us', '', NULL, '1', '2015-10-25 10:08:24', '2015-10-26 15:48:26', '8b342ac1-e4b8-455e-a293-e8f2236d9bd5');
INSERT INTO `craft_elements_i18n` (`id`, `elementId`, `locale`, `slug`, `uri`, `enabled`, `dateCreated`, `dateUpdated`, `uid`) VALUES ('40', '40', 'en_us', '', NULL, '1', '2015-10-25 10:08:24', '2015-10-26 15:48:26', 'de81e28f-3eaa-4c60-a3d8-579a3d33b30b');
INSERT INTO `craft_elements_i18n` (`id`, `elementId`, `locale`, `slug`, `uri`, `enabled`, `dateCreated`, `dateUpdated`, `uid`) VALUES ('41', '41', 'en_us', '', NULL, '1', '2015-10-25 10:08:24', '2015-10-26 15:48:26', '605ce177-9663-46df-a321-6f3886ded360');
INSERT INTO `craft_elements_i18n` (`id`, `elementId`, `locale`, `slug`, `uri`, `enabled`, `dateCreated`, `dateUpdated`, `uid`) VALUES ('42', '42', 'en_us', '', NULL, '1', '2015-10-25 10:08:24', '2015-10-26 15:48:26', '0476b039-59d6-4f3f-84cb-340b17491ce1');
INSERT INTO `craft_elements_i18n` (`id`, `elementId`, `locale`, `slug`, `uri`, `enabled`, `dateCreated`, `dateUpdated`, `uid`) VALUES ('43', '43', 'en_us', '', NULL, '1', '2015-10-25 10:08:24', '2015-10-26 15:48:26', '97b05d0a-8927-410e-98f3-4e4ab0f5b001');
INSERT INTO `craft_elements_i18n` (`id`, `elementId`, `locale`, `slug`, `uri`, `enabled`, `dateCreated`, `dateUpdated`, `uid`) VALUES ('44', '44', 'en_us', '', NULL, '1', '2015-10-25 10:08:24', '2015-10-26 15:48:26', '18d70914-1a9b-45b8-a0a7-3d09a99401e1');
INSERT INTO `craft_elements_i18n` (`id`, `elementId`, `locale`, `slug`, `uri`, `enabled`, `dateCreated`, `dateUpdated`, `uid`) VALUES ('45', '45', 'en_us', 'secondary-page', 'main-navigation/about-us/secondary-page', '1', '2015-10-25 10:44:31', '2015-10-25 13:58:58', '05fa80d1-0369-41a1-b923-3e6e8d653d91');
INSERT INTO `craft_elements_i18n` (`id`, `elementId`, `locale`, `slug`, `uri`, `enabled`, `dateCreated`, `dateUpdated`, `uid`) VALUES ('47', '47', 'en_us', 'home-page-slideshow', 'panels/home-page-slideshow', '1', '2015-10-25 14:10:04', '2015-10-25 14:10:04', '343e1fea-b9fe-41fa-a63d-eea4cc64cc8d');
INSERT INTO `craft_elements_i18n` (`id`, `elementId`, `locale`, `slug`, `uri`, `enabled`, `dateCreated`, `dateUpdated`, `uid`) VALUES ('48', '48', 'en_us', '', NULL, '1', '2015-10-25 14:10:04', '2015-10-25 14:10:04', 'db843005-3b58-4831-b413-a4858792e9b6');
INSERT INTO `craft_elements_i18n` (`id`, `elementId`, `locale`, `slug`, `uri`, `enabled`, `dateCreated`, `dateUpdated`, `uid`) VALUES ('49', '49', 'en_us', '', NULL, '1', '2015-10-25 14:10:04', '2015-10-25 14:10:04', '24186ea5-6b66-4ac1-8126-ae1e2561e9ab');
INSERT INTO `craft_elements_i18n` (`id`, `elementId`, `locale`, `slug`, `uri`, `enabled`, `dateCreated`, `dateUpdated`, `uid`) VALUES ('50', '50', 'en_us', '', NULL, '1', '2015-10-25 14:10:04', '2015-10-25 14:10:04', '961b3fcf-7706-4403-aab6-40ea687bed8f');
INSERT INTO `craft_elements_i18n` (`id`, `elementId`, `locale`, `slug`, `uri`, `enabled`, `dateCreated`, `dateUpdated`, `uid`) VALUES ('51', '51', 'en_us', '', NULL, '1', '2015-10-25 16:26:30', '2015-10-26 15:54:41', '3d93b004-e174-4a64-b74a-d4a3cd2ed087');



DROP TABLE IF EXISTS `craft_emailmessages`;


--
-- Schema for table `craft_emailmessages`
--
CREATE TABLE `craft_emailmessages` (
  `id` int(11) NOT NULL AUTO_INCREMENT,
  `key` char(150) COLLATE utf8_unicode_ci NOT NULL,
  `locale` char(12) COLLATE utf8_unicode_ci NOT NULL,
  `subject` varchar(1000) COLLATE utf8_unicode_ci NOT NULL,
  `body` text COLLATE utf8_unicode_ci NOT NULL,
  `dateCreated` datetime NOT NULL,
  `dateUpdated` datetime NOT NULL,
  `uid` char(36) COLLATE utf8_unicode_ci NOT NULL DEFAULT '0',
  PRIMARY KEY (`id`),
  UNIQUE KEY `craft_emailmessages_key_locale_unq_idx` (`key`,`locale`),
  KEY `craft_emailmessages_locale_fk` (`locale`)
) ENGINE=InnoDB DEFAULT CHARSET=utf8 COLLATE=utf8_unicode_ci;

DROP TABLE IF EXISTS `craft_entries`;


--
-- Schema for table `craft_entries`
--
CREATE TABLE `craft_entries` (
  `id` int(11) NOT NULL,
  `sectionId` int(11) NOT NULL,
  `typeId` int(11) DEFAULT NULL,
  `authorId` int(11) DEFAULT NULL,
  `postDate` datetime DEFAULT NULL,
  `expiryDate` datetime DEFAULT NULL,
  `dateCreated` datetime NOT NULL,
  `dateUpdated` datetime NOT NULL,
  `uid` char(36) COLLATE utf8_unicode_ci NOT NULL DEFAULT '0',
  PRIMARY KEY (`id`),
  KEY `craft_entries_sectionId_idx` (`sectionId`),
  KEY `craft_entries_typeId_idx` (`typeId`),
  KEY `craft_entries_postDate_idx` (`postDate`),
  KEY `craft_entries_expiryDate_idx` (`expiryDate`),
  KEY `craft_entries_authorId_fk` (`authorId`)
) ENGINE=InnoDB DEFAULT CHARSET=utf8 COLLATE=utf8_unicode_ci;

--
-- Data for table `craft_entries`
--

INSERT INTO `craft_entries` (`id`, `sectionId`, `typeId`, `authorId`, `postDate`, `expiryDate`, `dateCreated`, `dateUpdated`, `uid`) VALUES ('2', '1', NULL, NULL, '2015-10-24 08:36:38', NULL, '2015-10-24 08:36:38', '2015-10-24 10:50:39', 'f5017743-f265-4505-8d1e-a7deb7c34709');
INSERT INTO `craft_entries` (`id`, `sectionId`, `typeId`, `authorId`, `postDate`, `expiryDate`, `dateCreated`, `dateUpdated`, `uid`) VALUES ('3', '2', '2', '1', '2015-10-24 08:36:00', NULL, '2015-10-24 08:36:38', '2015-10-24 12:53:54', '8243cf7b-e543-434f-9b30-aacd8e3be351');
INSERT INTO `craft_entries` (`id`, `sectionId`, `typeId`, `authorId`, `postDate`, `expiryDate`, `dateCreated`, `dateUpdated`, `uid`) VALUES ('20', '3', '3', '1', '2015-10-24 10:47:00', NULL, '2015-10-24 10:47:23', '2015-10-26 15:54:41', 'cb943491-b079-4724-85de-b9695e7ec154');
INSERT INTO `craft_entries` (`id`, `sectionId`, `typeId`, `authorId`, `postDate`, `expiryDate`, `dateCreated`, `dateUpdated`, `uid`) VALUES ('24', '5', '5', '1', '2015-10-24 11:48:02', NULL, '2015-10-24 11:48:02', '2015-10-24 11:48:02', '41527316-cefb-4644-a903-4891aa7da466');
INSERT INTO `craft_entries` (`id`, `sectionId`, `typeId`, `authorId`, `postDate`, `expiryDate`, `dateCreated`, `dateUpdated`, `uid`) VALUES ('25', '5', '6', '1', '2015-10-24 11:48:00', NULL, '2015-10-24 11:48:14', '2015-10-24 12:19:53', 'b77c605a-ff3b-4228-a987-23eeada10b84');
INSERT INTO `craft_entries` (`id`, `sectionId`, `typeId`, `authorId`, `postDate`, `expiryDate`, `dateCreated`, `dateUpdated`, `uid`) VALUES ('26', '5', '6', '1', '2015-10-24 12:01:35', NULL, '2015-10-24 12:01:35', '2015-10-24 12:01:35', '1065da1c-e00e-4828-a2cf-980b12451d9f');
INSERT INTO `craft_entries` (`id`, `sectionId`, `typeId`, `authorId`, `postDate`, `expiryDate`, `dateCreated`, `dateUpdated`, `uid`) VALUES ('32', '2', '2', '1', '2015-10-25 08:36:00', NULL, '2015-10-25 10:08:24', '2015-10-26 15:48:26', '46ac2d2b-7c5b-4751-a99c-31c136403a86');
INSERT INTO `craft_entries` (`id`, `sectionId`, `typeId`, `authorId`, `postDate`, `expiryDate`, `dateCreated`, `dateUpdated`, `uid`) VALUES ('45', '5', '5', '1', '2015-10-25 10:44:00', NULL, '2015-10-25 10:44:31', '2015-10-25 13:58:58', 'dd8696cd-bc71-46a1-a6a5-d87e5e57d471');
INSERT INTO `craft_entries` (`id`, `sectionId`, `typeId`, `authorId`, `postDate`, `expiryDate`, `dateCreated`, `dateUpdated`, `uid`) VALUES ('47', '4', '4', '1', '2015-10-25 14:10:04', NULL, '2015-10-25 14:10:04', '2015-10-25 14:10:04', 'e4e28e36-0a12-4837-97a4-6b6df99132b5');



DROP TABLE IF EXISTS `craft_entrydrafts`;


--
-- Schema for table `craft_entrydrafts`
--
CREATE TABLE `craft_entrydrafts` (
  `id` int(11) NOT NULL AUTO_INCREMENT,
  `entryId` int(11) NOT NULL,
  `sectionId` int(11) NOT NULL,
  `creatorId` int(11) NOT NULL,
  `locale` char(12) COLLATE utf8_unicode_ci NOT NULL,
  `name` varchar(255) COLLATE utf8_unicode_ci NOT NULL,
  `notes` tinytext COLLATE utf8_unicode_ci,
  `data` mediumtext COLLATE utf8_unicode_ci NOT NULL,
  `dateCreated` datetime NOT NULL,
  `dateUpdated` datetime NOT NULL,
  `uid` char(36) COLLATE utf8_unicode_ci NOT NULL DEFAULT '0',
  PRIMARY KEY (`id`),
  KEY `craft_entrydrafts_entryId_locale_idx` (`entryId`,`locale`),
  KEY `craft_entrydrafts_sectionId_fk` (`sectionId`),
  KEY `craft_entrydrafts_creatorId_fk` (`creatorId`),
  KEY `craft_entrydrafts_locale_fk` (`locale`)
) ENGINE=InnoDB DEFAULT CHARSET=utf8 COLLATE=utf8_unicode_ci;

DROP TABLE IF EXISTS `craft_entrytypes`;


--
-- Schema for table `craft_entrytypes`
--
CREATE TABLE `craft_entrytypes` (
  `id` int(11) NOT NULL AUTO_INCREMENT,
  `sectionId` int(11) NOT NULL,
  `fieldLayoutId` int(11) DEFAULT NULL,
  `name` varchar(255) COLLATE utf8_unicode_ci NOT NULL,
  `handle` varchar(255) COLLATE utf8_unicode_ci NOT NULL,
  `hasTitleField` tinyint(1) unsigned NOT NULL DEFAULT '1',
  `titleLabel` varchar(255) COLLATE utf8_unicode_ci DEFAULT 'Title',
  `titleFormat` varchar(255) COLLATE utf8_unicode_ci DEFAULT NULL,
  `sortOrder` tinyint(4) DEFAULT NULL,
  `dateCreated` datetime NOT NULL,
  `dateUpdated` datetime NOT NULL,
  `uid` char(36) COLLATE utf8_unicode_ci NOT NULL DEFAULT '0',
  PRIMARY KEY (`id`),
  UNIQUE KEY `craft_entrytypes_name_sectionId_unq_idx` (`name`,`sectionId`),
  UNIQUE KEY `craft_entrytypes_handle_sectionId_unq_idx` (`handle`,`sectionId`),
  KEY `craft_entrytypes_sectionId_fk` (`sectionId`),
  KEY `craft_entrytypes_fieldLayoutId_fk` (`fieldLayoutId`)
) ENGINE=InnoDB AUTO_INCREMENT=7 DEFAULT CHARSET=utf8 COLLATE=utf8_unicode_ci;

--
-- Data for table `craft_entrytypes`
--

INSERT INTO `craft_entrytypes` (`id`, `sectionId`, `fieldLayoutId`, `name`, `handle`, `hasTitleField`, `titleLabel`, `titleFormat`, `sortOrder`, `dateCreated`, `dateUpdated`, `uid`) VALUES ('1', '1', '3', 'Homepage', 'homepage', '1', 'Title', NULL, NULL, '2015-10-24 08:36:38', '2015-10-24 08:36:38', 'a56a1d65-55f2-4899-a403-d98ef6550794');
INSERT INTO `craft_entrytypes` (`id`, `sectionId`, `fieldLayoutId`, `name`, `handle`, `hasTitleField`, `titleLabel`, `titleFormat`, `sortOrder`, `dateCreated`, `dateUpdated`, `uid`) VALUES ('2', '2', '82', 'News', 'news', '1', 'Title', NULL, NULL, '2015-10-24 08:36:38', '2015-10-24 11:33:41', '2e92bcc7-2351-4b03-8dd9-7d177ed89c77');
INSERT INTO `craft_entrytypes` (`id`, `sectionId`, `fieldLayoutId`, `name`, `handle`, `hasTitleField`, `titleLabel`, `titleFormat`, `sortOrder`, `dateCreated`, `dateUpdated`, `uid`) VALUES ('3', '3', '90', 'Pages', 'pages', '1', 'Title', NULL, NULL, '2015-10-24 10:44:10', '2015-10-24 11:54:54', '2ba7d67b-28a6-4efa-a835-e6819d0aaf79');
INSERT INTO `craft_entrytypes` (`id`, `sectionId`, `fieldLayoutId`, `name`, `handle`, `hasTitleField`, `titleLabel`, `titleFormat`, `sortOrder`, `dateCreated`, `dateUpdated`, `uid`) VALUES ('4', '4', '103', 'Slideshow', 'slideshow', '1', 'Title', NULL, NULL, '2015-10-24 10:48:41', '2015-10-25 14:08:55', 'ab31f1f3-b67d-4e7c-9eb6-ca6fdc4ca9fa');
INSERT INTO `craft_entrytypes` (`id`, `sectionId`, `fieldLayoutId`, `name`, `handle`, `hasTitleField`, `titleLabel`, `titleFormat`, `sortOrder`, `dateCreated`, `dateUpdated`, `uid`) VALUES ('5', '5', '87', 'Entry link', 'entryLink', '1', 'Link Title', NULL, NULL, '2015-10-24 11:43:10', '2015-10-24 11:47:23', '3a16b8b9-788b-47d9-88b2-fcc32eb1cba1');
INSERT INTO `craft_entrytypes` (`id`, `sectionId`, `fieldLayoutId`, `name`, `handle`, `hasTitleField`, `titleLabel`, `titleFormat`, `sortOrder`, `dateCreated`, `dateUpdated`, `uid`) VALUES ('6', '5', '89', 'Custom Link', 'customLink', '1', 'Link Title', NULL, NULL, '2015-10-24 11:46:58', '2015-10-24 11:47:46', '82e34c35-9bc3-4c09-b6c9-2b97f599ca0b');



DROP TABLE IF EXISTS `craft_entryversions`;


--
-- Schema for table `craft_entryversions`
--
CREATE TABLE `craft_entryversions` (
  `id` int(11) NOT NULL AUTO_INCREMENT,
  `entryId` int(11) NOT NULL,
  `sectionId` int(11) NOT NULL,
  `creatorId` int(11) DEFAULT NULL,
  `locale` char(12) COLLATE utf8_unicode_ci NOT NULL,
  `num` smallint(6) unsigned NOT NULL,
  `notes` tinytext COLLATE utf8_unicode_ci,
  `data` mediumtext COLLATE utf8_unicode_ci NOT NULL,
  `dateCreated` datetime NOT NULL,
  `dateUpdated` datetime NOT NULL,
  `uid` char(36) COLLATE utf8_unicode_ci NOT NULL DEFAULT '0',
  PRIMARY KEY (`id`),
  KEY `craft_entryversions_entryId_locale_idx` (`entryId`,`locale`),
  KEY `craft_entryversions_sectionId_fk` (`sectionId`),
  KEY `craft_entryversions_creatorId_fk` (`creatorId`),
  KEY `craft_entryversions_locale_fk` (`locale`)
) ENGINE=InnoDB AUTO_INCREMENT=48 DEFAULT CHARSET=utf8 COLLATE=utf8_unicode_ci;

--
-- Data for table `craft_entryversions`
--

INSERT INTO `craft_entryversions` (`id`, `entryId`, `sectionId`, `creatorId`, `locale`, `num`, `notes`, `data`, `dateCreated`, `dateUpdated`, `uid`) VALUES ('1', '3', '2', '1', 'en_us', '1', '', '{\"typeId\":\"2\",\"authorId\":\"1\",\"title\":\"Welcome to Default2016\",\"slug\":\"welcome-to-default-2016\",\"postDate\":1445675760,\"expiryDate\":null,\"enabled\":1,\"fields\":{\"1\":{\"new1\":{\"type\":\"heading\",\"enabled\":\"1\",\"fields\":{\"heading\":\"What\'s not to love?\",\"headingType\":\"h2\"}},\"new2\":{\"type\":\"text\",\"enabled\":\"1\",\"fields\":{\"text\":\"<p>Lorem ipsum dolor sit amet, consectetur adipiscing elit, sed do eiusmod tempor incididunt ut labore et dolore magna aliqua. Ut enim ad minim veniam, quis nostrud exercitation ullamco laboris nisi ut aliquip ex ea commodo consequat. Duis aute irure dolor in reprehenderit in voluptate velit esse cillum dolore eu fugiat nulla pariatur. Excepteur sint occaecat cupidatat non proident, sunt in culpa qui officia deserunt mollit anim id est laborum.\\\"<\\/p>\"}},\"new3\":{\"type\":\"image\",\"enabled\":\"1\",\"fields\":{\"image\":[\"6\"],\"alignment\":\"full\"}}},\"13\":\"Welcome to Default2016 - titles with <em>emphasis<\\/em> and quotes &ldquo;&rsquo;&rdquo;\",\"2\":\"\"}}', '2015-10-24 09:11:24', '2015-10-24 09:11:24', 'bdc9796a-108a-4b4c-b3f2-f101930f7531');
INSERT INTO `craft_entryversions` (`id`, `entryId`, `sectionId`, `creatorId`, `locale`, `num`, `notes`, `data`, `dateCreated`, `dateUpdated`, `uid`) VALUES ('2', '3', '2', '1', 'en_us', '2', '', '{\"typeId\":\"2\",\"authorId\":\"1\",\"title\":\"Welcome to Default2016\",\"slug\":\"welcome-to-default-2016\",\"postDate\":1445675760,\"expiryDate\":null,\"enabled\":1,\"fields\":{\"1\":{\"7\":{\"type\":\"heading\",\"enabled\":\"1\",\"fields\":{\"heading\":\"What\'s not to love?\",\"headingType\":\"h2\"}},\"8\":{\"type\":\"text\",\"enabled\":\"1\",\"fields\":{\"text\":\"<p>Lorem <strong>ipsum dolor sit amet<\\/strong>, consectetur adipiscing elit, sed do eiusmod tempor incididunt ut labore et dolore magna aliqua. Ut enim ad minim veniam, quis nostrud exercitation ullamco laboris nisi ut aliquip ex ea commodo consequat. Duis aute irure dolor in reprehenderit in voluptate velit esse cillum dolore eu fugiat nulla pariatur. Excepteur sint occaecat cupidatat non proident, sunt in culpa qui officia deserunt mollit anim id est laborum.\\\"<\\/p>\"}},\"9\":{\"type\":\"image\",\"enabled\":\"1\",\"fields\":{\"image\":[\"6\"],\"alignment\":\"full\"}}},\"13\":\"Welcome to Default2016 - titles with <em>emphasis<\\/em> and quotes &ldquo;&rsquo;&rdquo;\",\"2\":\"\"}}', '2015-10-24 09:11:35', '2015-10-24 09:11:35', '3a8abe28-0c27-4bd3-93f0-3767a4bd72b1');
INSERT INTO `craft_entryversions` (`id`, `entryId`, `sectionId`, `creatorId`, `locale`, `num`, `notes`, `data`, `dateCreated`, `dateUpdated`, `uid`) VALUES ('3', '3', '2', '1', 'en_us', '3', '', '{\"typeId\":\"2\",\"authorId\":\"1\",\"title\":\"Welcome to Default2016\",\"slug\":\"welcome-to-default-2016\",\"postDate\":1445675760,\"expiryDate\":null,\"enabled\":1,\"fields\":{\"1\":{\"7\":{\"type\":\"heading\",\"enabled\":\"1\",\"fields\":{\"heading\":\"What\'s not to love?\",\"headingType\":\"h2\"}},\"8\":{\"type\":\"text\",\"enabled\":\"1\",\"fields\":{\"text\":\"<p>Lorem <strong>ipsum dolor sit amet<\\/strong>, consectetur adipiscing elit, sed do eiusmod tempor incididunt ut labore et dolore magna aliqua. Ut enim ad minim veniam, quis nostrud exercitation ullamco laboris nisi ut aliquip ex ea commodo consequat. Duis aute irure dolor in reprehenderit in voluptate velit esse cillum dolore eu fugiat nulla pariatur. Excepteur sint occaecat cupidatat non proident, sunt in culpa qui officia deserunt mollit anim id est laborum.\\\"<\\/p>\"}},\"9\":{\"type\":\"image\",\"enabled\":\"1\",\"fields\":{\"image\":[\"6\"],\"alignment\":\"full\",\"clear\":\"Both\"}},\"new2\":{\"type\":\"image\",\"enabled\":\"1\",\"fields\":{\"image\":[\"5\"],\"alignment\":\"right\",\"clear\":\"Both\"}},\"new1\":{\"type\":\"text\",\"enabled\":\"1\",\"fields\":{\"text\":\"<p>Lorem <strong>ipsum dolor sit amet<\\/strong>, consectetur adipiscing elit, sed do eiusmod tempor incididunt ut labore et dolore magna aliqua. Ut enim ad minim veniam, quis nostrud exercitation ullamco laboris nisi ut aliquip ex ea commodo consequat. Duis aute irure dolor in reprehenderit in voluptate velit esse cillum dolore eu fugiat nulla pariatur. Excepteur sint occaecat cupidatat non proident, sunt in culpa qui officia deserunt mollit anim id est laborum.\\\"<\\/p>\"}}},\"13\":\"Welcome to Default2016 - titles with <em>emphasis<\\/em> and quotes &ldquo;&rsquo;&rdquo;\",\"2\":\"\"}}', '2015-10-24 09:47:04', '2015-10-24 09:47:04', '1db25a2d-4a76-4ab4-84ae-73f09f3a8b86');
INSERT INTO `craft_entryversions` (`id`, `entryId`, `sectionId`, `creatorId`, `locale`, `num`, `notes`, `data`, `dateCreated`, `dateUpdated`, `uid`) VALUES ('4', '3', '2', '1', 'en_us', '4', '', '{\"typeId\":\"2\",\"authorId\":\"1\",\"title\":\"Welcome to Default2016\",\"slug\":\"welcome-to-default-2016\",\"postDate\":1445675760,\"expiryDate\":null,\"enabled\":1,\"fields\":{\"1\":{\"7\":{\"type\":\"heading\",\"enabled\":\"1\",\"fields\":{\"heading\":\"What\'s not to love?\",\"headingType\":\"h2\"}},\"9\":{\"type\":\"image\",\"enabled\":\"1\",\"fields\":{\"image\":[\"6\"],\"alignment\":\"full\",\"clear\":\"none\"}},\"8\":{\"type\":\"text\",\"enabled\":\"1\",\"fields\":{\"text\":\"<p>Lorem <strong>ipsum dolor sit amet<\\/strong>, consectetur adipiscing elit, sed do eiusmod tempor incididunt ut labore et dolore magna aliqua. Ut enim ad minim veniam, quis nostrud exercitation ullamco laboris nisi ut aliquip ex ea commodo consequat. Duis aute irure dolor in reprehenderit in voluptate velit esse cillum dolore eu fugiat nulla pariatur. Excepteur sint occaecat cupidatat non proident, sunt in culpa qui officia deserunt mollit anim id est laborum.\\\"<\\/p>\"}},\"10\":{\"type\":\"image\",\"enabled\":\"1\",\"fields\":{\"image\":[\"5\"],\"alignment\":\"right\",\"clear\":\"none\"}},\"11\":{\"type\":\"text\",\"enabled\":\"1\",\"fields\":{\"text\":\"<p>Lorem <strong>ipsum dolor sit amet<\\/strong>, consectetur adipiscing elit, sed do eiusmod tempor incididunt ut labore et dolore magna aliqua. Ut enim ad minim veniam, quis nostrud exercitation ullamco laboris nisi ut aliquip ex ea commodo consequat. Duis aute irure dolor in reprehenderit in voluptate velit esse cillum dolore eu fugiat nulla pariatur. Excepteur sint occaecat cupidatat non proident, sunt in culpa qui officia deserunt mollit anim id est laborum.\\\"<\\/p>\"}}},\"13\":\"Welcome to Default2016 - titles with <em>emphasis<\\/em> and quotes &ldquo;&rsquo;&rdquo;\",\"2\":\"\"}}', '2015-10-24 09:47:21', '2015-10-24 09:47:21', '6ad35a0a-3649-40a4-9154-d45c28b27323');
INSERT INTO `craft_entryversions` (`id`, `entryId`, `sectionId`, `creatorId`, `locale`, `num`, `notes`, `data`, `dateCreated`, `dateUpdated`, `uid`) VALUES ('5', '3', '2', '1', 'en_us', '5', '', '{\"typeId\":\"2\",\"authorId\":\"1\",\"title\":\"Welcome to Default2016\",\"slug\":\"welcome-to-default-2016\",\"postDate\":1445675760,\"expiryDate\":null,\"enabled\":1,\"fields\":{\"1\":{\"7\":{\"type\":\"heading\",\"enabled\":\"1\",\"fields\":{\"heading\":\"What\'s not to love?\",\"headingType\":\"h2\"}},\"9\":{\"type\":\"image\",\"enabled\":\"1\",\"fields\":{\"image\":[\"6\"],\"alignment\":\"full\",\"clear\":\"none\",\"caption\":\"\"}},\"8\":{\"type\":\"text\",\"enabled\":\"1\",\"fields\":{\"text\":\"<p>Lorem <strong>ipsum dolor sit amet<\\/strong>, consectetur adipiscing elit, sed do eiusmod tempor incididunt ut labore et dolore magna aliqua. Ut enim ad minim veniam, quis nostrud exercitation ullamco laboris nisi ut aliquip ex ea commodo consequat. Duis aute irure dolor in reprehenderit in voluptate velit esse cillum dolore eu fugiat nulla pariatur. Excepteur sint occaecat cupidatat non proident, sunt in culpa qui officia deserunt mollit anim id est laborum.\\\"<\\/p>\"}},\"10\":{\"type\":\"image\",\"enabled\":\"1\",\"fields\":{\"image\":[\"5\"],\"alignment\":\"right\",\"clear\":\"none\",\"caption\":\"Fancy little image\"}},\"11\":{\"type\":\"text\",\"enabled\":\"1\",\"fields\":{\"text\":\"<p>Lorem <strong>ipsum dolor sit amet<\\/strong>, consectetur adipiscing elit, sed do eiusmod tempor incididunt ut labore et dolore magna aliqua. Ut enim ad minim veniam, quis nostrud exercitation ullamco laboris nisi ut aliquip ex ea commodo consequat. Duis aute irure dolor in reprehenderit in voluptate velit esse cillum dolore eu fugiat nulla pariatur. Excepteur sint occaecat cupidatat non proident, sunt in culpa qui officia deserunt mollit anim id est laborum.\\\"<\\/p>\"}}},\"13\":\"Welcome to Default2016 - titles with <em>emphasis<\\/em> and quotes &ldquo;&rsquo;&rdquo;\",\"2\":\"\"}}', '2015-10-24 09:53:58', '2015-10-24 09:53:58', '4755b245-56c2-4a5b-99a6-4e898fca347e');
INSERT INTO `craft_entryversions` (`id`, `entryId`, `sectionId`, `creatorId`, `locale`, `num`, `notes`, `data`, `dateCreated`, `dateUpdated`, `uid`) VALUES ('6', '3', '2', '1', 'en_us', '6', '', '{\"typeId\":\"2\",\"authorId\":\"1\",\"title\":\"Welcome to Default2016\",\"slug\":\"welcome-to-default-2016\",\"postDate\":1445675760,\"expiryDate\":null,\"enabled\":1,\"fields\":{\"1\":{\"7\":{\"type\":\"heading\",\"enabled\":\"1\",\"fields\":{\"heading\":\"What\'s not to love?\",\"headingType\":\"h2\"}},\"9\":{\"type\":\"image\",\"enabled\":\"1\",\"fields\":{\"image\":[\"6\"],\"alignment\":\"full\",\"clear\":\"none\",\"caption\":\"\"}},\"8\":{\"type\":\"text\",\"enabled\":\"1\",\"fields\":{\"text\":\"<p>Lorem <strong>ipsum dolor sit amet<\\/strong>, consectetur adipiscing elit, sed do eiusmod tempor incididunt ut labore et dolore magna aliqua. Ut enim ad minim veniam, quis nostrud exercitation ullamco laboris nisi ut aliquip ex ea commodo consequat. Duis aute irure dolor in reprehenderit in voluptate velit esse cillum dolore eu fugiat nulla pariatur. Excepteur sint occaecat cupidatat non proident, sunt in culpa qui officia deserunt mollit anim id est laborum.\\\"<\\/p>\"}},\"10\":{\"type\":\"image\",\"enabled\":\"1\",\"fields\":{\"image\":[\"5\"],\"alignment\":\"right\",\"clear\":\"none\",\"caption\":\"Fancy little image\"}},\"11\":{\"type\":\"text\",\"enabled\":\"1\",\"fields\":{\"text\":\"<p>Lorem <strong>ipsum dolor sit amet<\\/strong>, consectetur adipiscing elit, sed do eiusmod tempor incididunt ut labore et dolore magna aliqua. Ut enim ad minim veniam, quis nostrud exercitation ullamco laboris nisi ut aliquip ex ea commodo consequat. Duis aute irure dolor in reprehenderit in voluptate velit esse cillum dolore eu fugiat nulla pariatur. Excepteur sint occaecat cupidatat non proident, sunt in culpa qui officia deserunt mollit anim id est laborum.\\\"<\\/p><p>Lorem <strong>ipsum dolor sit amet<\\/strong>, consectetur adipiscing elit, sed do eiusmod tempor incididunt ut labore et dolore magna aliqua. Ut enim ad minim veniam, quis nostrud exercitation ullamco laboris nisi ut aliquip ex ea commodo consequat. Duis aute irure dolor in reprehenderit in voluptate velit esse cillum dolore eu fugiat nulla pariatur. Excepteur sint occaecat cupidatat non proident, sunt in culpa qui officia deserunt mollit anim id est laborum.\\\"<br><\\/p>\"}}},\"13\":\"Welcome to Default2016 - titles with <em>emphasis<\\/em> and quotes &ldquo;&rsquo;&rdquo;\",\"2\":\"\"}}', '2015-10-24 09:56:01', '2015-10-24 09:56:01', '392facbf-fc33-41fe-98ec-35dd9b55c5c2');
INSERT INTO `craft_entryversions` (`id`, `entryId`, `sectionId`, `creatorId`, `locale`, `num`, `notes`, `data`, `dateCreated`, `dateUpdated`, `uid`) VALUES ('7', '3', '2', '1', 'en_us', '7', '', '{\"typeId\":\"2\",\"authorId\":\"1\",\"title\":\"Welcome to Default2016\",\"slug\":\"welcome-to-default-2016\",\"postDate\":1445675760,\"expiryDate\":null,\"enabled\":1,\"fields\":{\"1\":{\"7\":{\"type\":\"heading\",\"enabled\":\"1\",\"fields\":{\"heading\":\"What\'s not to love?\",\"headingType\":\"h2\"}},\"9\":{\"type\":\"image\",\"enabled\":\"1\",\"fields\":{\"image\":[\"6\"],\"alignment\":\"full\",\"clear\":\"none\",\"caption\":\"\"}},\"8\":{\"type\":\"text\",\"enabled\":\"1\",\"fields\":{\"text\":\"<p>Lorem <strong>ipsum dolor sit amet<\\/strong>, consectetur adipiscing elit, sed do eiusmod tempor incididunt ut labore et dolore magna aliqua. Ut enim ad minim veniam, quis nostrud exercitation ullamco laboris nisi ut aliquip ex ea commodo consequat. Duis aute irure dolor in reprehenderit in voluptate velit esse cillum dolore eu fugiat nulla pariatur. Excepteur sint occaecat cupidatat non proident, sunt in culpa qui officia deserunt mollit anim id est laborum.\\\"<\\/p>\"}},\"10\":{\"type\":\"image\",\"enabled\":\"1\",\"fields\":{\"image\":[\"5\"],\"alignment\":\"right\",\"clear\":\"none\",\"caption\":\"Fancy little image\"}},\"11\":{\"type\":\"text\",\"enabled\":\"1\",\"fields\":{\"text\":\"<p>Lorem <strong>ipsum dolor sit amet<\\/strong>, consectetur adipiscing elit, sed do eiusmod tempor incididunt ut labore et dolore magna aliqua. Ut enim ad minim veniam, quis nostrud exercitation ullamco laboris nisi ut aliquip ex ea commodo consequat. Duis aute irure dolor in reprehenderit in voluptate velit esse cillum dolore eu fugiat nulla pariatur. Excepteur sint occaecat cupidatat non proident, sunt in culpa qui officia deserunt mollit anim id est laborum.\\\"<\\/p><p>Lorem <strong>ipsum dolor sit amet<\\/strong>, consectetur adipiscing elit, sed do eiusmod tempor incididunt ut labore et dolore magna aliqua. Ut enim ad minim veniam, quis nostrud exercitation ullamco laboris nisi ut aliquip ex ea commodo consequat. Duis aute irure dolor in reprehenderit in voluptate velit esse cillum dolore eu fugiat nulla pariatur. Excepteur sint occaecat cupidatat non proident, sunt in culpa qui officia deserunt mollit anim id est laborum.\\\" Lorem <strong>ipsum dolor sit amet<\\/strong>, consectetur adipiscing elit, sed do eiusmod tempor incididunt ut labore et dolore magna aliqua. Ut enim ad minim veniam, quis nostrud exercitation ullamco laboris nisi ut aliquip ex ea commodo consequat. Duis aute irure dolor in reprehenderit in voluptate velit esse cillum dolore eu fugiat nulla pariatur. Excepteur sint occaecat cupidatat non proident, sunt in culpa qui officia deserunt mollit anim id est laborum.\\\"<br><\\/p>\"}}},\"13\":\"Welcome to Default2016 - titles with <em>emphasis<\\/em> and quotes &ldquo;&rsquo;&rdquo;\",\"2\":\"\"}}', '2015-10-24 09:56:16', '2015-10-24 09:56:16', 'ba4316a1-a659-433e-8526-89a5aefd1640');
INSERT INTO `craft_entryversions` (`id`, `entryId`, `sectionId`, `creatorId`, `locale`, `num`, `notes`, `data`, `dateCreated`, `dateUpdated`, `uid`) VALUES ('8', '3', '2', '1', 'en_us', '8', '', '{\"typeId\":\"2\",\"authorId\":\"1\",\"title\":\"Welcome to Default2016\",\"slug\":\"welcome-to-default-2016\",\"postDate\":1445675760,\"expiryDate\":null,\"enabled\":1,\"fields\":{\"1\":{\"7\":{\"type\":\"heading\",\"enabled\":\"1\",\"fields\":{\"heading\":\"What\'s not to love?\",\"headingType\":\"h2\"}},\"9\":{\"type\":\"image\",\"enabled\":\"1\",\"fields\":{\"image\":[\"6\"],\"alignment\":\"full\",\"clear\":\"none\",\"caption\":\"\"}},\"8\":{\"type\":\"text\",\"enabled\":\"1\",\"fields\":{\"text\":\"<p>Lorem <strong>ipsum dolor sit amet<\\/strong>, consectetur adipiscing elit, sed do eiusmod tempor incididunt ut labore et dolore magna aliqua. Ut enim ad minim veniam, quis nostrud exercitation ullamco laboris nisi ut aliquip ex ea commodo consequat. Duis aute irure dolor in reprehenderit in voluptate velit esse cillum dolore eu fugiat nulla pariatur. Excepteur sint occaecat cupidatat non proident, sunt in culpa qui officia deserunt mollit anim id est laborum.\\\"<\\/p>\"}},\"10\":{\"type\":\"image\",\"enabled\":\"1\",\"fields\":{\"image\":[\"5\"],\"alignment\":\"right\",\"clear\":\"none\",\"caption\":\"Fancy little image\"}},\"11\":{\"type\":\"text\",\"enabled\":\"1\",\"fields\":{\"text\":\"<p>Lorem <strong>ipsum dolor sit amet<\\/strong>, consectetur adipiscing elit, sed do eiusmod tempor incididunt ut labore et dolore magna aliqua. Ut enim ad minim veniam, quis nostrud exercitation ullamco laboris nisi ut aliquip ex ea commodo consequat. Duis aute irure dolor in reprehenderit in voluptate velit esse cillum dolore eu fugiat nulla pariatur. Excepteur sint occaecat cupidatat non proident, sunt in culpa qui officia deserunt mollit anim id est laborum.\\\"<\\/p><p>Lorem <strong>ipsum dolor sit amet<\\/strong>, consectetur adipiscing elit, sed do eiusmod tempor incididunt ut labore et dolore magna aliqua. Ut enim ad minim veniam, quis nostrud exercitation ullamco laboris nisi ut aliquip ex ea commodo consequat. Duis aute irure dolor in reprehenderit in voluptate velit esse cillum dolore eu fugiat nulla pariatur. Excepteur sint occaecat cupidatat non proident, sunt in culpa qui officia deserunt mollit anim id est laborum.\\\" Lorem <strong>ipsum dolor sit amet<\\/strong>, consectetur adipiscing elit, sed do eiusmod tempor incididunt ut labore et dolore magna aliqua. Ut enim ad minim veniam, quis nostrud exercitation ullamco laboris nisi ut aliquip ex ea commodo consequat. Duis aute irure dolor in reprehenderit in voluptate velit esse cillum dolore eu fugiat nulla pariatur. Excepteur sint occaecat cupidatat non proident, sunt in culpa qui officia deserunt mollit anim id est laborum.\\\"<br><\\/p>\"}},\"new1\":{\"type\":\"image\",\"enabled\":\"1\",\"fields\":{\"image\":[\"4\"],\"alignment\":\"left\",\"clear\":\"none\",\"caption\":\"\"}},\"new2\":{\"type\":\"image\",\"enabled\":\"1\",\"fields\":{\"image\":[\"6\"],\"alignment\":\"left\",\"clear\":\"none\",\"caption\":\"\"}},\"new3\":{\"type\":\"text\",\"enabled\":\"1\",\"fields\":{\"text\":\"<p>Lorem <strong>ipsum dolor sit amet<\\/strong>, consectetur adipiscing elit, sed do eiusmod tempor incididunt ut labore et dolore magna aliqua. Ut enim ad minim veniam, quis nostrud exercitation ullamco laboris nisi ut aliquip ex ea commodo consequat. Duis aute irure dolor in reprehenderit in voluptate velit esse cillum dolore eu fugiat nulla pariatur. Excepteur sint occaecat cupidatat non proident, sunt in culpa qui officia deserunt mollit anim id est laborum.\\\"<\\/p>\"}}},\"13\":\"Welcome to Default2016 - titles with <em>emphasis<\\/em> and quotes &ldquo;&rsquo;&rdquo;\",\"2\":\"\"}}', '2015-10-24 09:56:52', '2015-10-24 09:56:52', '7dff6a45-1624-4f39-a348-8e8206a4c0c7');
INSERT INTO `craft_entryversions` (`id`, `entryId`, `sectionId`, `creatorId`, `locale`, `num`, `notes`, `data`, `dateCreated`, `dateUpdated`, `uid`) VALUES ('9', '3', '2', '1', 'en_us', '9', '', '{\"typeId\":\"2\",\"authorId\":\"1\",\"title\":\"Welcome to Default2016\",\"slug\":\"welcome-to-default-2016\",\"postDate\":1445675760,\"expiryDate\":null,\"enabled\":1,\"fields\":{\"1\":{\"7\":{\"type\":\"heading\",\"enabled\":\"1\",\"fields\":{\"heading\":\"What\'s not to love?\",\"headingType\":\"h2\"}},\"9\":{\"type\":\"image\",\"enabled\":\"1\",\"fields\":{\"image\":[\"6\"],\"alignment\":\"full\",\"clear\":\"none\",\"caption\":\"\"}},\"8\":{\"type\":\"text\",\"enabled\":\"1\",\"fields\":{\"text\":\"<p>Lorem <strong>ipsum dolor sit amet<\\/strong>, consectetur adipiscing elit, sed do eiusmod tempor incididunt ut labore et dolore magna aliqua. Ut enim ad minim veniam, quis nostrud exercitation ullamco laboris nisi ut aliquip ex ea commodo consequat. Duis aute irure dolor in reprehenderit in voluptate velit esse cillum dolore eu fugiat nulla pariatur. Excepteur sint occaecat cupidatat non proident, sunt in culpa qui officia deserunt mollit anim id est laborum.\\\"<\\/p>\"}},\"10\":{\"type\":\"image\",\"enabled\":\"1\",\"fields\":{\"image\":[\"5\"],\"alignment\":\"right\",\"clear\":\"none\",\"caption\":\"Fancy little image\"}},\"11\":{\"type\":\"text\",\"enabled\":\"1\",\"fields\":{\"text\":\"<p>Lorem <strong>ipsum dolor sit amet<\\/strong>, consectetur adipiscing elit, sed do eiusmod tempor incididunt ut labore et dolore magna aliqua. Ut enim ad minim veniam, quis nostrud exercitation ullamco laboris nisi ut aliquip ex ea commodo consequat. Duis aute irure dolor in reprehenderit in voluptate velit esse cillum dolore eu fugiat nulla pariatur. Excepteur sint occaecat cupidatat non proident, sunt in culpa qui officia deserunt mollit anim id est laborum.\\\"<\\/p><p>Lorem <strong>ipsum dolor sit amet<\\/strong>, consectetur adipiscing elit, sed do eiusmod tempor incididunt ut labore et dolore magna aliqua. Ut enim ad minim veniam, quis nostrud exercitation ullamco laboris nisi ut aliquip ex ea commodo consequat. Duis aute irure dolor in reprehenderit in voluptate velit esse cillum dolore eu fugiat nulla pariatur. Excepteur sint occaecat cupidatat non proident, sunt in culpa qui officia deserunt mollit anim id est laborum.\\\" Lorem <strong>ipsum dolor sit amet<\\/strong>, consectetur adipiscing elit, sed do eiusmod tempor incididunt ut labore et dolore magna aliqua. Ut enim ad minim veniam, quis nostrud exercitation ullamco laboris nisi ut aliquip ex ea commodo consequat. Duis aute irure dolor in reprehenderit in voluptate velit esse cillum dolore eu fugiat nulla pariatur. Excepteur sint occaecat cupidatat non proident, sunt in culpa qui officia deserunt mollit anim id est laborum.\\\"<br><\\/p>\"}},\"12\":{\"type\":\"image\",\"enabled\":\"1\",\"fields\":{\"image\":[\"4\"],\"alignment\":\"left\",\"clear\":\"none\",\"caption\":\"\"}},\"new1\":{\"type\":\"text\",\"enabled\":\"1\",\"fields\":{\"text\":\"<p>Lorem <strong>ipsum dolor sit amet<\\/strong>, consectetur adipiscing elit, sed do eiusmod tempor incididunt ut labore et dolore magna aliqua. Ut enim ad minim veniam, quis nostrud exercitation ullamco laboris nisi ut aliquip ex ea commodo consequat. Duis aute irure dolor in reprehenderit in voluptate velit esse cillum dolore eu fugiat nulla pariatur.<\\/p>\"}},\"13\":{\"type\":\"image\",\"enabled\":\"1\",\"fields\":{\"image\":[\"6\"],\"alignment\":\"left\",\"clear\":\"none\",\"caption\":\"\"}},\"14\":{\"type\":\"text\",\"enabled\":\"1\",\"fields\":{\"text\":\"<p>Lorem <strong>ipsum dolor sit amet<\\/strong>, consectetur adipiscing elit, sed do eiusmod tempor incididunt ut labore et dolore magna aliqua. Ut enim ad minim veniam, quis nostrud exercitation ullamco laboris nisi ut aliquip ex ea commodo consequat. Duis aute irure dolor in reprehenderit in voluptate velit esse cillum dolore eu fugiat nulla pariatur. Excepteur sint occaecat cupidatat non proident, sunt in culpa qui officia deserunt mollit anim id est laborum.\\\"<\\/p>\"}}},\"13\":\"Welcome to Default2016 - titles with <em>emphasis<\\/em> and quotes &ldquo;&rsquo;&rdquo;\",\"2\":\"\"}}', '2015-10-24 10:00:03', '2015-10-24 10:00:03', '6eeeafd3-d52b-4ffd-91c6-39ed7e38db3e');
INSERT INTO `craft_entryversions` (`id`, `entryId`, `sectionId`, `creatorId`, `locale`, `num`, `notes`, `data`, `dateCreated`, `dateUpdated`, `uid`) VALUES ('10', '3', '2', '1', 'en_us', '10', '', '{\"typeId\":\"2\",\"authorId\":\"1\",\"title\":\"Welcome to Default2016\",\"slug\":\"welcome-to-default-2016\",\"postDate\":1445675760,\"expiryDate\":null,\"enabled\":1,\"fields\":{\"1\":{\"7\":{\"type\":\"heading\",\"enabled\":\"1\",\"fields\":{\"heading\":\"What\'s not to love?\",\"headingType\":\"h2\"}},\"9\":{\"type\":\"image\",\"enabled\":\"1\",\"fields\":{\"image\":[\"6\"],\"alignment\":\"full\",\"clear\":\"none\",\"caption\":\"\"}},\"8\":{\"type\":\"text\",\"enabled\":\"1\",\"fields\":{\"text\":\"<p>Lorem <strong>ipsum dolor sit amet<\\/strong>, consectetur adipiscing elit, sed do eiusmod tempor incididunt ut labore et dolore magna aliqua. Ut enim ad minim veniam, quis nostrud exercitation ullamco laboris nisi ut aliquip ex ea commodo consequat. Duis aute irure dolor in reprehenderit in voluptate velit esse cillum dolore eu fugiat nulla pariatur. Excepteur sint occaecat cupidatat non proident, sunt in culpa qui officia deserunt mollit anim id est laborum.\\\"<\\/p>\"}},\"10\":{\"type\":\"image\",\"enabled\":\"1\",\"fields\":{\"image\":[\"5\"],\"alignment\":\"right\",\"clear\":\"none\",\"caption\":\"Fancy little image\"}},\"11\":{\"type\":\"text\",\"enabled\":\"1\",\"fields\":{\"text\":\"<p>Lorem <strong>ipsum dolor sit amet<\\/strong>, consectetur adipiscing elit, sed do eiusmod tempor incididunt ut labore et dolore magna aliqua. Ut enim ad minim veniam, quis nostrud exercitation ullamco laboris nisi ut aliquip ex ea commodo consequat. Duis aute irure dolor in reprehenderit in voluptate velit esse cillum dolore eu fugiat nulla pariatur. Excepteur sint occaecat cupidatat non proident, sunt in culpa qui officia deserunt mollit anim id est laborum.\\\"<\\/p><p>Lorem <strong>ipsum dolor sit amet<\\/strong>, consectetur adipiscing elit, sed do eiusmod tempor incididunt ut labore et dolore magna aliqua. Ut enim ad minim veniam, quis nostrud exercitation ullamco laboris nisi ut aliquip ex ea commodo consequat. Duis aute irure dolor in reprehenderit in voluptate velit esse cillum dolore eu fugiat nulla pariatur. Excepteur sint occaecat cupidatat non proident, sunt in culpa qui officia deserunt mollit anim id est laborum.\\\" Lorem <strong>ipsum dolor sit amet<\\/strong>, consectetur adipiscing elit, sed do eiusmod tempor incididunt ut labore et dolore magna aliqua. Ut enim ad minim veniam, quis nostrud exercitation ullamco laboris nisi ut aliquip ex ea commodo consequat. Duis aute irure dolor in reprehenderit in voluptate velit esse cillum dolore eu fugiat nulla pariatur. Excepteur sint occaecat cupidatat non proident, sunt in culpa qui officia deserunt mollit anim id est laborum.\\\"<br><\\/p>\"}},\"12\":{\"type\":\"image\",\"enabled\":\"1\",\"fields\":{\"image\":[\"4\"],\"alignment\":\"left\",\"clear\":\"none\",\"caption\":\"\"}},\"15\":{\"type\":\"text\",\"enabled\":\"1\",\"fields\":{\"text\":\"<p>Lorem <strong>ipsum dolor sit amet<\\/strong>, consectetur adipiscing elit, sed do eiusmod tempor incididunt ut labore et dolore magna aliqua. Ut enim ad minim veniam, quis nostrud exercitation ullamco laboris nisi ut aliquip ex ea commodo consequat. Duis aute irure dolor in reprehenderit in voluptate velit esse cillum dolore eu fugiat nulla pariatur.<\\/p>\"}},\"13\":{\"type\":\"image\",\"enabled\":\"1\",\"fields\":{\"image\":[\"6\"],\"alignment\":\"left\",\"clear\":\"both\",\"caption\":\"\"}},\"14\":{\"type\":\"text\",\"enabled\":\"1\",\"fields\":{\"text\":\"<p>Lorem <strong>ipsum dolor sit amet<\\/strong>, consectetur adipiscing elit, sed do eiusmod tempor incididunt ut labore et dolore magna aliqua. Ut enim ad minim veniam, quis nostrud exercitation ullamco laboris nisi ut aliquip ex ea commodo consequat. Duis aute irure dolor in reprehenderit in voluptate velit esse cillum dolore eu fugiat nulla pariatur. Excepteur sint occaecat cupidatat non proident, sunt in culpa qui officia deserunt mollit anim id est laborum.\\\"<\\/p>\"}}},\"13\":\"Welcome to Default2016 - titles with <em>emphasis<\\/em> and quotes &ldquo;&rsquo;&rdquo;\",\"2\":\"\"}}', '2015-10-24 10:00:27', '2015-10-24 10:00:27', '7482674d-d94e-4a32-ab1e-c6b44a155c69');
INSERT INTO `craft_entryversions` (`id`, `entryId`, `sectionId`, `creatorId`, `locale`, `num`, `notes`, `data`, `dateCreated`, `dateUpdated`, `uid`) VALUES ('11', '3', '2', '1', 'en_us', '11', '', '{\"typeId\":\"2\",\"authorId\":\"1\",\"title\":\"Welcome to Default2016\",\"slug\":\"welcome-to-default-2016\",\"postDate\":1445675760,\"expiryDate\":null,\"enabled\":1,\"fields\":{\"1\":{\"7\":{\"type\":\"heading\",\"enabled\":\"1\",\"fields\":{\"heading\":\"What\'s not to love?\",\"headingType\":\"h2\"}},\"9\":{\"type\":\"image\",\"enabled\":\"1\",\"fields\":{\"image\":[\"6\"],\"alignment\":\"full\",\"clear\":\"none\",\"caption\":\"\"}},\"8\":{\"type\":\"text\",\"enabled\":\"1\",\"fields\":{\"text\":\"<p>Lorem <strong>ipsum dolor sit amet<\\/strong>, consectetur adipiscing elit, sed do eiusmod tempor incididunt ut labore et dolore magna aliqua. Ut enim ad minim veniam, quis nostrud exercitation ullamco laboris nisi ut aliquip ex ea commodo consequat. Duis aute irure dolor in reprehenderit in voluptate velit esse cillum dolore eu fugiat nulla pariatur. Excepteur sint occaecat cupidatat non proident, sunt in culpa qui officia deserunt mollit anim id est laborum.\\\"<\\/p>\"}},\"10\":{\"type\":\"image\",\"enabled\":\"1\",\"fields\":{\"image\":[\"5\"],\"alignment\":\"right\",\"clear\":\"none\",\"caption\":\"Fancy little image\"}},\"11\":{\"type\":\"text\",\"enabled\":\"1\",\"fields\":{\"text\":\"<p>Lorem <strong>ipsum dolor sit amet<\\/strong>, consectetur adipiscing elit, sed do eiusmod tempor incididunt ut labore et dolore magna aliqua. Ut enim ad minim veniam, quis nostrud exercitation ullamco laboris nisi ut aliquip ex ea commodo consequat. Duis aute irure dolor in reprehenderit in voluptate velit esse cillum dolore eu fugiat nulla pariatur. Excepteur sint occaecat cupidatat non proident, sunt in culpa qui officia deserunt mollit anim id est laborum.\\\"<\\/p><p>Lorem <strong>ipsum dolor sit amet<\\/strong>, consectetur adipiscing elit, sed do eiusmod tempor incididunt ut labore et dolore magna aliqua. Ut enim ad minim veniam, quis nostrud exercitation ullamco laboris nisi ut aliquip ex ea commodo consequat. Duis aute irure dolor in reprehenderit in voluptate velit esse cillum dolore eu fugiat nulla pariatur. Excepteur sint occaecat cupidatat non proident, sunt in culpa qui officia deserunt mollit anim id est laborum.\\\" Lorem <strong>ipsum dolor sit amet<\\/strong>, consectetur adipiscing elit, sed do eiusmod tempor incididunt ut labore et dolore magna aliqua. Ut enim ad minim veniam, quis nostrud exercitation ullamco laboris nisi ut aliquip ex ea commodo consequat. Duis aute irure dolor in reprehenderit in voluptate velit esse cillum dolore eu fugiat nulla pariatur. Excepteur sint occaecat cupidatat non proident, sunt in culpa qui officia deserunt mollit anim id est laborum.\\\"<br><\\/p>\"}},\"12\":{\"type\":\"image\",\"enabled\":\"1\",\"fields\":{\"image\":[\"4\"],\"alignment\":\"left\",\"clear\":\"none\",\"caption\":\"\"}},\"15\":{\"type\":\"text\",\"enabled\":\"1\",\"fields\":{\"text\":\"<h2>This heading is inline<\\/h2><p>Lorem <strong>ipsum dolor sit amet<\\/strong>, consectetur adipiscing elit, sed do eiusmod tempor incididunt ut labore et dolore magna aliqua. Ut enim ad minim veniam, quis nostrud exercitation ullamco laboris nisi ut aliquip ex ea commodo consequat. Duis aute irure dolor in reprehenderit in voluptate velit esse cillum dolore eu fugiat nulla pariatur.<\\/p>\"}},\"13\":{\"type\":\"image\",\"enabled\":\"1\",\"fields\":{\"image\":[\"6\"],\"alignment\":\"left\",\"clear\":\"both\",\"caption\":\"\"}},\"14\":{\"type\":\"text\",\"enabled\":\"1\",\"fields\":{\"text\":\"<p>Lorem <strong>ipsum dolor sit amet<\\/strong>, consectetur adipiscing elit, sed do eiusmod tempor incididunt ut labore et dolore magna aliqua. Ut enim ad minim veniam, quis nostrud exercitation ullamco laboris nisi ut aliquip ex ea commodo consequat. Duis aute irure dolor in reprehenderit in voluptate velit esse cillum dolore eu fugiat nulla pariatur. Excepteur sint occaecat cupidatat non proident, sunt in culpa qui officia deserunt mollit anim id est laborum.\\\"<\\/p>\"}}},\"13\":\"Welcome to Default2016 - titles with <em>emphasis<\\/em> and quotes &ldquo;&rsquo;&rdquo;\",\"2\":\"\"}}', '2015-10-24 10:02:12', '2015-10-24 10:02:12', 'b598e492-24d0-4806-ac91-5f83a4364b3a');
INSERT INTO `craft_entryversions` (`id`, `entryId`, `sectionId`, `creatorId`, `locale`, `num`, `notes`, `data`, `dateCreated`, `dateUpdated`, `uid`) VALUES ('12', '3', '2', '1', 'en_us', '12', '', '{\"typeId\":\"2\",\"authorId\":\"1\",\"title\":\"Welcome to Default2016\",\"slug\":\"welcome-to-default-2016\",\"postDate\":1445675760,\"expiryDate\":null,\"enabled\":1,\"fields\":{\"1\":{\"7\":{\"type\":\"heading\",\"enabled\":\"1\",\"fields\":{\"heading\":\"What\'s not to love?\",\"headingType\":\"h2\"}},\"9\":{\"type\":\"image\",\"enabled\":\"1\",\"fields\":{\"image\":[\"6\"],\"alignment\":\"full\",\"clear\":\"none\",\"caption\":\"\"}},\"8\":{\"type\":\"text\",\"enabled\":\"1\",\"fields\":{\"text\":\"<p>Lorem <strong>ipsum dolor sit amet<\\/strong>, consectetur adipiscing elit, sed do eiusmod tempor incididunt ut labore et dolore magna aliqua. Ut enim ad minim veniam, quis nostrud exercitation ullamco laboris nisi ut aliquip ex ea commodo consequat. Duis aute irure dolor in reprehenderit in voluptate velit esse cillum dolore eu fugiat nulla pariatur. Excepteur sint occaecat cupidatat non proident, sunt in culpa qui officia deserunt mollit anim id est laborum.\\\"<\\/p>\"}},\"10\":{\"type\":\"image\",\"enabled\":\"1\",\"fields\":{\"image\":[\"5\"],\"alignment\":\"right\",\"clear\":\"none\",\"caption\":\"Fancy little image\"}},\"11\":{\"type\":\"text\",\"enabled\":\"1\",\"fields\":{\"text\":\"<p>Lorem <strong>ipsum dolor sit amet<\\/strong>, consectetur adipiscing elit, sed do eiusmod tempor incididunt ut labore et dolore magna aliqua. Ut enim ad minim veniam, quis nostrud exercitation ullamco laboris nisi ut aliquip ex ea commodo consequat. Duis aute irure dolor in reprehenderit in voluptate velit esse cillum dolore eu fugiat nulla pariatur. Excepteur sint occaecat cupidatat non proident, sunt in culpa qui officia deserunt mollit anim id est laborum.\\\"<\\/p><p>Lorem <strong>ipsum dolor sit amet<\\/strong>, consectetur adipiscing elit, sed do eiusmod tempor incididunt ut labore et dolore magna aliqua. Ut enim ad minim veniam, quis nostrud exercitation ullamco laboris nisi ut aliquip ex ea commodo consequat. Duis aute irure dolor in reprehenderit in voluptate velit esse cillum dolore eu fugiat nulla pariatur. Excepteur sint occaecat cupidatat non proident, sunt in culpa qui officia deserunt mollit anim id est laborum.\\\" Lorem <strong>ipsum dolor sit amet<\\/strong>, consectetur adipiscing elit, sed do eiusmod tempor incididunt ut labore et dolore magna aliqua. Ut enim ad minim veniam, quis nostrud exercitation ullamco laboris nisi ut aliquip ex ea commodo consequat. Duis aute irure dolor in reprehenderit in voluptate velit esse cillum dolore eu fugiat nulla pariatur. Excepteur sint occaecat cupidatat non proident, sunt in culpa qui officia deserunt mollit anim id est laborum.\\\"<br><\\/p>\"}},\"12\":{\"type\":\"image\",\"enabled\":\"1\",\"fields\":{\"image\":[\"4\"],\"alignment\":\"left\",\"clear\":\"none\",\"caption\":\"\"}},\"new1\":{\"type\":\"heading\",\"enabled\":\"1\",\"fields\":{\"heading\":\"This should break up the article nicely\",\"headingType\":\"h2\"}},\"15\":{\"type\":\"text\",\"enabled\":\"1\",\"fields\":{\"text\":\"<p>Lorem <strong>ipsum dolor sit amet<\\/strong>, consectetur adipiscing elit, sed do eiusmod tempor incididunt ut labore et dolore magna aliqua. Ut enim ad minim veniam, quis nostrud exercitation ullamco laboris nisi ut aliquip ex ea commodo consequat. Duis aute irure dolor in reprehenderit in voluptate velit esse cillum dolore eu fugiat nulla pariatur.<br><\\/p>\"}},\"13\":{\"type\":\"image\",\"enabled\":\"1\",\"fields\":{\"image\":[\"6\"],\"alignment\":\"left\",\"clear\":\"both\",\"caption\":\"\"}},\"14\":{\"type\":\"text\",\"enabled\":\"1\",\"fields\":{\"text\":\"<p>Lorem <strong>ipsum dolor sit amet<\\/strong>, consectetur adipiscing elit, sed do eiusmod tempor incididunt ut labore et dolore magna aliqua. Ut enim ad minim veniam, quis nostrud exercitation ullamco laboris nisi ut aliquip ex ea commodo consequat. Duis aute irure dolor in reprehenderit in voluptate velit esse cillum dolore eu fugiat nulla pariatur. Excepteur sint occaecat cupidatat non proident, sunt in culpa qui officia deserunt mollit anim id est laborum.\\\"<\\/p>\"}}},\"13\":\"Welcome to Default2016 - titles with <em>emphasis<\\/em> and quotes &ldquo;&rsquo;&rdquo;\",\"2\":\"\"}}', '2015-10-24 10:03:12', '2015-10-24 10:03:12', '8f553124-7b46-46b1-95c5-0a4f1ed9206a');
INSERT INTO `craft_entryversions` (`id`, `entryId`, `sectionId`, `creatorId`, `locale`, `num`, `notes`, `data`, `dateCreated`, `dateUpdated`, `uid`) VALUES ('13', '3', '2', '1', 'en_us', '13', '', '{\"typeId\":\"2\",\"authorId\":\"1\",\"title\":\"Welcome to Default2016\",\"slug\":\"welcome-to-default-2016\",\"postDate\":1445675760,\"expiryDate\":null,\"enabled\":1,\"fields\":{\"1\":{\"7\":{\"type\":\"heading\",\"enabled\":\"1\",\"fields\":{\"heading\":\"What\'s not to love?\",\"headingType\":\"h2\"}},\"9\":{\"type\":\"image\",\"enabled\":\"1\",\"fields\":{\"image\":[\"6\"],\"alignment\":\"full\",\"clear\":\"none\",\"caption\":\"\"}},\"8\":{\"type\":\"text\",\"enabled\":\"1\",\"fields\":{\"text\":\"<p>Lorem <strong>ipsum dolor sit amet<\\/strong>, consectetur adipiscing elit, sed do eiusmod tempor incididunt ut labore et dolore magna aliqua. Ut enim ad minim veniam, quis nostrud exercitation ullamco laboris nisi ut aliquip ex ea commodo consequat. Duis aute irure dolor in reprehenderit in voluptate velit esse cillum dolore eu fugiat nulla pariatur. Excepteur sint occaecat cupidatat non proident, sunt in culpa qui officia deserunt mollit anim id est laborum.\\\"<\\/p>\"}},\"10\":{\"type\":\"image\",\"enabled\":\"1\",\"fields\":{\"image\":[\"5\"],\"alignment\":\"right\",\"clear\":\"none\",\"caption\":\"Fancy little image\"}},\"11\":{\"type\":\"text\",\"enabled\":\"1\",\"fields\":{\"text\":\"<p>Lorem <strong>ipsum dolor sit amet<\\/strong>, consectetur adipiscing elit, sed do eiusmod tempor incididunt ut labore et dolore magna aliqua. Ut enim ad minim veniam, quis nostrud exercitation ullamco laboris nisi ut aliquip ex ea commodo consequat. Duis aute irure dolor in reprehenderit in voluptate velit esse cillum dolore eu fugiat nulla pariatur. Excepteur sint occaecat cupidatat non proident, sunt in culpa qui officia deserunt mollit anim id est laborum.\\\"<\\/p><p>Lorem <strong>ipsum dolor sit amet<\\/strong>, consectetur adipiscing elit, sed do eiusmod tempor incididunt ut labore et dolore magna aliqua. Ut enim ad minim veniam, quis nostrud exercitation ullamco laboris nisi ut aliquip ex ea commodo consequat. Duis aute irure dolor in reprehenderit in voluptate velit esse cillum dolore eu fugiat nulla pariatur. Excepteur sint occaecat cupidatat non proident, sunt in culpa qui officia deserunt mollit anim id est laborum.\\\" Lorem <strong>ipsum dolor sit amet<\\/strong>, consectetur adipiscing elit, sed do eiusmod tempor incididunt ut labore et dolore magna aliqua. Ut enim ad minim veniam, quis nostrud exercitation ullamco laboris nisi ut aliquip ex ea commodo consequat. Duis aute irure dolor in reprehenderit in voluptate velit esse cillum dolore eu fugiat nulla pariatur. Excepteur sint occaecat cupidatat non proident, sunt in culpa qui officia deserunt mollit anim id est laborum.\\\"<br><\\/p>\"}},\"16\":{\"type\":\"heading\",\"enabled\":\"1\",\"fields\":{\"heading\":\"This should break up the article nicely\",\"headingType\":\"h2\"}},\"12\":{\"type\":\"image\",\"enabled\":\"1\",\"fields\":{\"image\":[\"4\"],\"alignment\":\"left\",\"clear\":\"none\",\"caption\":\"\"}},\"15\":{\"type\":\"text\",\"enabled\":\"1\",\"fields\":{\"text\":\"<p>Lorem <strong>ipsum dolor sit amet<\\/strong>, consectetur adipiscing elit, sed do eiusmod tempor incididunt ut labore et dolore magna aliqua. Ut enim ad minim veniam, quis nostrud exercitation ullamco laboris nisi ut aliquip ex ea commodo consequat. Duis aute irure dolor in reprehenderit in voluptate velit esse cillum dolore eu fugiat nulla pariatur.<br><\\/p>\"}},\"13\":{\"type\":\"image\",\"enabled\":\"1\",\"fields\":{\"image\":[\"6\"],\"alignment\":\"left\",\"clear\":\"both\",\"caption\":\"\"}},\"14\":{\"type\":\"text\",\"enabled\":\"1\",\"fields\":{\"text\":\"<p>Lorem <strong>ipsum dolor sit amet<\\/strong>, consectetur adipiscing elit, sed do eiusmod tempor incididunt ut labore et dolore magna aliqua. Ut enim ad minim veniam, quis nostrud exercitation ullamco laboris nisi ut aliquip ex ea commodo consequat. Duis aute irure dolor in reprehenderit in voluptate velit esse cillum dolore eu fugiat nulla pariatur. Excepteur sint occaecat cupidatat non proident, sunt in culpa qui officia deserunt mollit anim id est laborum.\\\"<\\/p>\"}}},\"13\":\"Welcome to Default2016 - titles with <em>emphasis<\\/em> and quotes &ldquo;&rsquo;&rdquo;\",\"2\":\"\"}}', '2015-10-24 10:03:38', '2015-10-24 10:03:38', 'b9ba1175-52ad-4a8d-966a-e4a864f1c510');
INSERT INTO `craft_entryversions` (`id`, `entryId`, `sectionId`, `creatorId`, `locale`, `num`, `notes`, `data`, `dateCreated`, `dateUpdated`, `uid`) VALUES ('14', '3', '2', '1', 'en_us', '14', '', '{\"typeId\":\"2\",\"authorId\":\"1\",\"title\":\"Welcome to Default2016\",\"slug\":\"welcome-to-default-2016\",\"postDate\":1445675760,\"expiryDate\":null,\"enabled\":1,\"fields\":{\"1\":{\"7\":{\"type\":\"heading\",\"enabled\":\"1\",\"fields\":{\"heading\":\"What\'s not to love?\",\"headingType\":\"h2\"}},\"9\":{\"type\":\"image\",\"enabled\":\"1\",\"fields\":{\"image\":[\"6\"],\"alignment\":\"full\",\"clear\":\"none\",\"caption\":\"\"}},\"8\":{\"type\":\"text\",\"enabled\":\"1\",\"fields\":{\"text\":\"<p>Lorem <strong>ipsum dolor sit amet<\\/strong>, consectetur adipiscing elit, sed do eiusmod tempor incididunt ut labore et dolore magna aliqua. Ut enim ad minim veniam, quis nostrud exercitation ullamco laboris nisi ut aliquip ex ea commodo consequat. Duis aute irure dolor in reprehenderit in voluptate velit esse cillum dolore eu fugiat nulla pariatur. Excepteur sint occaecat cupidatat non proident, sunt in culpa qui officia deserunt mollit anim id est laborum.\\\"<\\/p>\"}},\"10\":{\"type\":\"image\",\"enabled\":\"1\",\"fields\":{\"image\":[\"5\"],\"alignment\":\"right\",\"clear\":\"none\",\"caption\":\"Fancy little image\"}},\"11\":{\"type\":\"text\",\"enabled\":\"1\",\"fields\":{\"text\":\"<p>Lorem <strong>ipsum dolor sit amet<\\/strong>, consectetur adipiscing elit, sed do eiusmod tempor incididunt ut labore et dolore magna aliqua. Ut enim ad minim veniam, quis nostrud exercitation ullamco laboris nisi ut aliquip ex ea commodo consequat. Duis aute irure dolor in reprehenderit in voluptate velit esse cillum dolore eu fugiat nulla pariatur. Excepteur sint occaecat cupidatat non proident, sunt in culpa qui officia deserunt mollit anim id est laborum.\\\"<\\/p><p>Lorem <strong>ipsum dolor sit amet<\\/strong>, consectetur adipiscing elit, sed do eiusmod tempor incididunt ut labore et dolore magna aliqua. Ut enim ad minim veniam, quis nostrud exercitation ullamco laboris nisi ut aliquip ex ea commodo consequat. Duis aute irure dolor in reprehenderit in voluptate velit esse cillum dolore eu fugiat nulla pariatur. Excepteur sint occaecat cupidatat non proident, sunt in culpa qui officia deserunt mollit anim id est laborum.\\\" Lorem <strong>ipsum dolor sit amet<\\/strong>, consectetur adipiscing elit, sed do eiusmod tempor incididunt ut labore et dolore magna aliqua. Ut enim ad minim veniam, quis nostrud exercitation ullamco laboris nisi ut aliquip ex ea commodo consequat. Duis aute irure dolor in reprehenderit in voluptate velit esse cillum dolore eu fugiat nulla pariatur. Excepteur sint occaecat cupidatat non proident, sunt in culpa qui officia deserunt mollit anim id est laborum.\\\"<br><\\/p>\"}},\"16\":{\"type\":\"heading\",\"enabled\":\"1\",\"fields\":{\"heading\":\"This should break up the article nicely\",\"headingType\":\"h2\"}},\"12\":{\"type\":\"image\",\"enabled\":\"1\",\"fields\":{\"image\":[\"4\"],\"alignment\":\"left\",\"clear\":\"none\",\"caption\":\"\"}},\"15\":{\"type\":\"text\",\"enabled\":\"1\",\"fields\":{\"text\":\"<p>Lorem <strong>ipsum dolor sit amet<\\/strong>, consectetur adipiscing elit, sed do eiusmod tempor incididunt ut labore et dolore magna aliqua. Ut enim ad minim veniam, quis nostrud exercitation ullamco laboris nisi ut aliquip ex ea commodo consequat. Duis aute irure dolor in reprehenderit in voluptate velit esse cillum dolore eu fugiat nulla pariatur.<br><\\/p>\"}},\"13\":{\"type\":\"image\",\"enabled\":\"1\",\"fields\":{\"image\":[\"6\"],\"alignment\":\"left\",\"clear\":\"both\",\"caption\":\"\"}},\"14\":{\"type\":\"text\",\"enabled\":\"1\",\"fields\":{\"text\":\"<p>Lorem <strong>ipsum dolor sit amet<\\/strong>, consectetur adipiscing elit, sed do eiusmod tempor incididunt ut labore et dolore magna aliqua. Ut enim ad minim veniam, quis nostrud exercitation ullamco laboris nisi ut aliquip ex ea commodo consequat. Duis aute irure dolor in reprehenderit in voluptate velit esse cillum dolore eu fugiat nulla pariatur. Excepteur sint occaecat cupidatat non proident, sunt in culpa qui officia deserunt mollit anim id est laborum.\\\"<\\/p>\"}},\"new1\":{\"type\":\"pullQuote\",\"enabled\":\"1\",\"fields\":{\"pullquote\":\"Excepteur sint occaecat cupidatat...\",\"alignment\":\"right\"}}},\"13\":\"Welcome to Default2016 - titles with <em>emphasis<\\/em> and quotes &ldquo;&rsquo;&rdquo;\",\"2\":\"\"}}', '2015-10-24 10:05:22', '2015-10-24 10:05:22', '65ba77fd-4fbd-4eca-9dc5-d62d15443337');
INSERT INTO `craft_entryversions` (`id`, `entryId`, `sectionId`, `creatorId`, `locale`, `num`, `notes`, `data`, `dateCreated`, `dateUpdated`, `uid`) VALUES ('15', '3', '2', '1', 'en_us', '15', '', '{\"typeId\":\"2\",\"authorId\":\"1\",\"title\":\"Welcome to Default2016\",\"slug\":\"welcome-to-default-2016\",\"postDate\":1445675760,\"expiryDate\":null,\"enabled\":1,\"fields\":{\"1\":{\"7\":{\"type\":\"heading\",\"enabled\":\"1\",\"fields\":{\"heading\":\"What\'s not to love?\",\"headingType\":\"h2\"}},\"9\":{\"type\":\"image\",\"enabled\":\"1\",\"fields\":{\"image\":[\"6\"],\"alignment\":\"full\",\"clear\":\"none\",\"caption\":\"\"}},\"8\":{\"type\":\"text\",\"enabled\":\"1\",\"fields\":{\"text\":\"<p>Lorem <strong>ipsum dolor sit amet<\\/strong>, consectetur adipiscing elit, sed do eiusmod tempor incididunt ut labore et dolore magna aliqua. Ut enim ad minim veniam, quis nostrud exercitation ullamco laboris nisi ut aliquip ex ea commodo consequat. Duis aute irure dolor in reprehenderit in voluptate velit esse cillum dolore eu fugiat nulla pariatur. Excepteur sint occaecat cupidatat non proident, sunt in culpa qui officia deserunt mollit anim id est laborum.\\\"<\\/p>\"}},\"10\":{\"type\":\"image\",\"enabled\":\"1\",\"fields\":{\"image\":[\"5\"],\"alignment\":\"right\",\"clear\":\"none\",\"caption\":\"Fancy little image\"}},\"11\":{\"type\":\"text\",\"enabled\":\"1\",\"fields\":{\"text\":\"<p>Lorem <strong>ipsum dolor sit amet<\\/strong>, consectetur adipiscing elit, sed do eiusmod tempor incididunt ut labore et dolore magna aliqua. Ut enim ad minim veniam, quis nostrud exercitation ullamco laboris nisi ut aliquip ex ea commodo consequat. Duis aute irure dolor in reprehenderit in voluptate velit esse cillum dolore eu fugiat nulla pariatur. Excepteur sint occaecat cupidatat non proident, sunt in culpa qui officia deserunt mollit anim id est laborum.\\\"\\r\\n<\\/p><p>Lorem <strong>ipsum dolor sit amet<\\/strong>, consectetur adipiscing elit, sed do eiusmod tempor incididunt ut labore et dolore magna aliqua. Ut enim ad minim veniam, quis nostrud exercitation ullamco laboris nisi ut aliquip ex ea commodo consequat. Duis aute irure dolor in reprehenderit in voluptate velit esse cillum dolore eu fugiat nulla pariatur. Excepteur sint occaecat cupidatat non proident, sunt in culpa qui officia deserunt mollit anim id est laborum.\\\" Lorem <strong>ipsum dolor sit amet<\\/strong>, consectetur adipiscing elit, sed do eiusmod tempor incididunt ut labore et dolore magna aliqua. Ut enim ad minim veniam, quis nostrud exercitation ullamco laboris nisi ut aliquip ex ea commodo consequat. Duis aute irure dolor in reprehenderit in voluptate velit esse cillum dolore eu fugiat nulla pariatur. Excepteur sint occaecat cupidatat non proident, sunt in culpa qui officia deserunt mollit anim id est laborum.<br>\\r\\n<\\/p><blockquote><span style=\\\"font-family: Arial, Helvetica, Verdana, Tahoma, sans-serif; font-size: 14px; font-style: normal; font-variant: normal; font-weight: normal; line-height: 22.4px; background-color: rgb(255, 255, 255);\\\">commodo consequat. Duis aute irure dolor in reprehenderit in voluptate velit esse cillum dolore eu fugiat nulla pariatur. Excepteur sint occaecat cupidatat non proident, sunt in culpa qui officia deserunt mollit anim id est laborum<\\/span><br>\\r\\n<\\/blockquote>\"}},\"16\":{\"type\":\"heading\",\"enabled\":\"1\",\"fields\":{\"heading\":\"This should break up the article nicely\",\"headingType\":\"h2\"}},\"12\":{\"type\":\"image\",\"enabled\":\"1\",\"fields\":{\"image\":[\"4\"],\"alignment\":\"left\",\"clear\":\"none\",\"caption\":\"\"}},\"15\":{\"type\":\"text\",\"enabled\":\"1\",\"fields\":{\"text\":\"<p>Lorem <strong>ipsum dolor sit amet<\\/strong>, consectetur adipiscing elit, sed do eiusmod tempor incididunt ut labore et dolore magna aliqua. Ut enim ad minim veniam, quis nostrud exercitation ullamco laboris nisi ut aliquip ex ea commodo consequat. Duis aute irure dolor in reprehenderit in voluptate velit esse cillum dolore eu fugiat nulla pariatur.<br><\\/p>\"}},\"13\":{\"type\":\"image\",\"enabled\":\"1\",\"fields\":{\"image\":[\"6\"],\"alignment\":\"left\",\"clear\":\"both\",\"caption\":\"\"}},\"14\":{\"type\":\"text\",\"enabled\":\"1\",\"fields\":{\"text\":\"<p>Lorem <strong>ipsum dolor sit amet<\\/strong>, consectetur adipiscing elit, sed do eiusmod tempor incididunt ut labore et dolore magna aliqua. Ut enim ad minim veniam, quis nostrud exercitation ullamco laboris nisi ut aliquip ex ea commodo consequat. Duis aute irure dolor in reprehenderit in voluptate velit esse cillum dolore eu fugiat nulla pariatur. Excepteur sint occaecat cupidatat non proident, sunt in culpa qui officia deserunt mollit anim id est laborum.\\\"<\\/p>\"}},\"17\":{\"type\":\"pullQuote\",\"enabled\":\"1\",\"fields\":{\"pullquote\":\"Excepteur sint occaecat cupidatat...\",\"alignment\":\"right\"}}},\"13\":\"Welcome to Default2016 - titles with <em>emphasis<\\/em> and quotes &ldquo;&rsquo;&rdquo;\",\"2\":\"\"}}', '2015-10-24 10:08:53', '2015-10-24 10:08:53', '2acce064-006f-4b94-a702-8066195577ad');
INSERT INTO `craft_entryversions` (`id`, `entryId`, `sectionId`, `creatorId`, `locale`, `num`, `notes`, `data`, `dateCreated`, `dateUpdated`, `uid`) VALUES ('16', '3', '2', '1', 'en_us', '16', '', '{\"typeId\":\"2\",\"authorId\":\"1\",\"title\":\"Welcome to Default2016\",\"slug\":\"welcome-to-default-2016\",\"postDate\":1445675760,\"expiryDate\":null,\"enabled\":1,\"fields\":{\"1\":{\"7\":{\"type\":\"heading\",\"enabled\":\"1\",\"fields\":{\"heading\":\"What\'s not to love?\",\"headingType\":\"h2\"}},\"9\":{\"type\":\"image\",\"enabled\":\"1\",\"fields\":{\"image\":[\"6\"],\"alignment\":\"full\",\"clear\":\"none\",\"caption\":\"\"}},\"8\":{\"type\":\"text\",\"enabled\":\"1\",\"fields\":{\"text\":\"<p>Lorem <strong>ipsum dolor sit amet<\\/strong>, consectetur adipiscing elit, sed do eiusmod tempor incididunt ut labore et dolore magna aliqua. Ut enim ad minim veniam, quis nostrud exercitation ullamco laboris nisi ut aliquip ex ea commodo consequat. Duis aute irure dolor in reprehenderit in voluptate velit esse cillum dolore eu fugiat nulla pariatur. Excepteur sint occaecat cupidatat non proident, sunt in culpa qui officia deserunt mollit anim id est laborum.\\\"<\\/p>\"}},\"10\":{\"type\":\"image\",\"enabled\":\"1\",\"fields\":{\"image\":[\"5\"],\"alignment\":\"right\",\"clear\":\"none\",\"caption\":\"Fancy little image\"}},\"11\":{\"type\":\"text\",\"enabled\":\"1\",\"fields\":{\"text\":\"<p>Lorem <strong>ipsum dolor sit amet<\\/strong>, consectetur adipiscing elit, sed do eiusmod tempor incididunt ut labore et dolore magna aliqua. Ut enim ad minim veniam, quis nostrud exercitation ullamco laboris nisi ut aliquip ex ea commodo consequat. Duis aute irure dolor in reprehenderit in voluptate velit esse cillum dolore eu fugiat nulla pariatur. Excepteur sint occaecat cupidatat non proident, sunt in culpa qui officia deserunt mollit anim id est laborum.\\\"\\r\\n<\\/p><p>Lorem <strong>ipsum dolor sit amet<\\/strong>, consectetur adipiscing elit, sed do eiusmod tempor incididunt ut labore et dolore magna aliqua. Ut enim ad minim veniam, quis nostrud exercitation ullamco laboris nisi ut aliquip ex ea commodo consequat. Duis aute irure dolor in reprehenderit in voluptate velit esse cillum dolore eu fugiat nulla pariatur. Excepteur sint occaecat cupidatat non proident, sunt in culpa qui officia deserunt mollit anim id est laborum.\\\" Lorem <strong>ipsum dolor sit amet<\\/strong>, consectetur adipiscing elit, sed do eiusmod tempor incididunt ut labore et dolore magna aliqua. Ut enim ad minim veniam, quis nostrud exercitation ullamco laboris nisi ut aliquip ex ea commodo consequat. Duis aute irure dolor in reprehenderit in voluptate velit esse cillum dolore eu fugiat nulla pariatur. Excepteur sint occaecat cupidatat non proident, sunt in culpa qui officia deserunt mollit anim id est laborum.<br>\\r\\n<\\/p><blockquote>commodo consequat. Duis aute irure dolor in reprehenderit in voluptate velit esse cillum dolore eu fugiat nulla pariatur. Excepteur sint occaecat cupidatat non proident, sunt in culpa qui officia deserunt mollit anim id est laborum<\\/blockquote>\"}},\"16\":{\"type\":\"heading\",\"enabled\":\"1\",\"fields\":{\"heading\":\"This should break up the article nicely\",\"headingType\":\"h2\"}},\"12\":{\"type\":\"image\",\"enabled\":\"1\",\"fields\":{\"image\":[\"4\"],\"alignment\":\"left\",\"clear\":\"none\",\"caption\":\"\"}},\"15\":{\"type\":\"text\",\"enabled\":\"1\",\"fields\":{\"text\":\"<p>Lorem <strong>ipsum dolor sit amet<\\/strong>, consectetur adipiscing elit, sed do eiusmod tempor incididunt ut labore et dolore magna aliqua. Ut enim ad minim veniam, quis nostrud exercitation ullamco laboris nisi ut aliquip ex ea commodo consequat. Duis aute irure dolor in reprehenderit in voluptate velit esse cillum dolore eu fugiat nulla pariatur.<br><\\/p>\"}},\"13\":{\"type\":\"image\",\"enabled\":\"1\",\"fields\":{\"image\":[\"6\"],\"alignment\":\"left\",\"clear\":\"both\",\"caption\":\"\"}},\"14\":{\"type\":\"text\",\"enabled\":\"1\",\"fields\":{\"text\":\"<p>Lorem <strong>ipsum dolor sit amet<\\/strong>, consectetur adipiscing elit, sed do eiusmod tempor incididunt ut labore et dolore magna aliqua. Ut enim ad minim veniam, quis nostrud exercitation ullamco laboris nisi ut aliquip ex ea commodo consequat. Duis aute irure dolor in reprehenderit in voluptate velit esse cillum dolore eu fugiat nulla pariatur. Excepteur sint occaecat cupidatat non proident, sunt in culpa qui officia deserunt mollit anim id est laborum.\\\"<\\/p><p>Lorem <strong>ipsum dolor sit amet<\\/strong>, consectetur adipiscing elit, sed do eiusmod tempor incididunt ut labore et dolore magna aliqua. Ut enim ad minim veniam, quis nostrud exercitation ullamco laboris nisi ut aliquip ex ea commodo consequat. Duis aute irure dolor in reprehenderit in voluptate velit esse cillum dolore eu fugiat nulla pariatur. Excepteur sint occaecat cupidatat non proident, sunt in culpa qui officia deserunt mollit anim id est laborum.\\\"<br><\\/p><p>Lorem <strong>ipsum dolor sit amet<\\/strong>, consectetur adipiscing elit, sed do eiusmod tempor incididunt ut labore et dolore magna aliqua. Ut enim ad minim veniam, quis nostrud exercitation ullamco laboris nisi ut aliquip ex ea commodo consequat. Duis aute irure dolor in reprehenderit in voluptate velit esse cillum dolore eu fugiat nulla pariatur. Excepteur sint occaecat cupidatat non proident, sunt in culpa qui officia deserunt mollit anim id est laborum.\\\"<\\/p>\"}},\"17\":{\"type\":\"pullQuote\",\"enabled\":\"1\",\"fields\":{\"pullquote\":\"Excepteur sint occaecat cupidatat...\",\"alignment\":\"right\"}},\"new1\":{\"type\":\"text\",\"enabled\":\"1\",\"fields\":{\"text\":\"<p>Lorem <strong>ipsum dolor sit amet<\\/strong>, consectetur adipiscing elit, sed do eiusmod tempor incididunt ut labore et dolore magna aliqua. Ut enim ad minim veniam, quis nostrud exercitation ullamco laboris nisi ut aliquip ex ea commodo consequat. Duis aute irure dolor in reprehenderit in voluptate velit esse cillum dolore eu fugiat nulla pariatur. Excepteur sint occaecat cupidatat non proident, sunt in culpa qui officia deserunt mollit anim id est laborum.\\\"<\\/p><p>Lorem <strong>ipsum dolor sit amet<\\/strong>, consectetur adipiscing elit, sed do eiusmod tempor incididunt ut labore et dolore magna aliqua. Ut enim ad minim veniam, quis nostrud exercitation ullamco laboris nisi ut aliquip ex ea commodo consequat. Duis aute irure dolor in reprehenderit in voluptate velit esse cillum dolore eu fugiat nulla pariatur. Excepteur sint occaecat cupidatat non proident, sunt in culpa qui officia deserunt mollit anim id est laborum.\\\"<span class=\\\"redactor-invisible-space\\\"><\\/span><\\/p>\"}}},\"13\":\"Welcome to Default2016 - titles with <em>emphasis<\\/em> and quotes &ldquo;&rsquo;&rdquo;\",\"2\":\"\"}}', '2015-10-24 10:10:27', '2015-10-24 10:10:27', '987d388a-b727-4452-afbf-e8653bd7ceff');
INSERT INTO `craft_entryversions` (`id`, `entryId`, `sectionId`, `creatorId`, `locale`, `num`, `notes`, `data`, `dateCreated`, `dateUpdated`, `uid`) VALUES ('17', '3', '2', '1', 'en_us', '17', '', '{\"typeId\":\"2\",\"authorId\":\"1\",\"title\":\"Welcome to Default2016\",\"slug\":\"welcome-to-default-2016\",\"postDate\":1445675760,\"expiryDate\":null,\"enabled\":1,\"fields\":{\"1\":{\"7\":{\"type\":\"heading\",\"enabled\":\"1\",\"fields\":{\"heading\":\"What\'s not to love?\",\"headingType\":\"h2\"}},\"9\":{\"type\":\"image\",\"enabled\":\"1\",\"fields\":{\"image\":[\"6\"],\"alignment\":\"full\",\"clear\":\"none\",\"caption\":\"\"}},\"8\":{\"type\":\"text\",\"enabled\":\"1\",\"fields\":{\"text\":\"<p>Lorem <strong>ipsum dolor sit amet<\\/strong>, consectetur adipiscing elit, sed do eiusmod tempor incididunt ut labore et dolore magna aliqua. Ut enim ad minim veniam, quis nostrud exercitation ullamco laboris nisi ut aliquip ex ea commodo consequat. Duis aute irure dolor in reprehenderit in voluptate velit esse cillum dolore eu fugiat nulla pariatur. Excepteur sint occaecat cupidatat non proident, sunt in culpa qui officia deserunt mollit anim id est laborum.\\\"<\\/p>\"}},\"10\":{\"type\":\"image\",\"enabled\":\"1\",\"fields\":{\"image\":[\"5\"],\"alignment\":\"right\",\"clear\":\"none\",\"caption\":\"Fancy little image\"}},\"11\":{\"type\":\"text\",\"enabled\":\"1\",\"fields\":{\"text\":\"<p>Lorem <strong>ipsum dolor sit amet<\\/strong>, consectetur adipiscing elit, sed do eiusmod tempor incididunt ut labore et dolore magna aliqua. Ut enim ad minim veniam, quis nostrud exercitation ullamco laboris nisi ut aliquip ex ea commodo consequat. Duis aute irure dolor in reprehenderit in voluptate velit esse cillum dolore eu fugiat nulla pariatur. Excepteur sint occaecat cupidatat non proident, sunt in culpa qui officia deserunt mollit anim id est laborum.\\\"\\r\\n<\\/p><p>Lorem <strong>ipsum dolor sit amet<\\/strong>, consectetur adipiscing elit, sed do eiusmod tempor incididunt ut labore et dolore magna aliqua. Ut enim ad minim veniam, quis nostrud exercitation ullamco laboris nisi ut aliquip ex ea commodo consequat. Duis aute irure dolor in reprehenderit in voluptate velit esse cillum dolore eu fugiat nulla pariatur. Excepteur sint occaecat cupidatat non proident, sunt in culpa qui officia deserunt mollit anim id est laborum.\\\" Lorem <strong>ipsum dolor sit amet<\\/strong>, consectetur adipiscing elit, sed do eiusmod tempor incididunt ut labore et dolore magna aliqua. Ut enim ad minim veniam, quis nostrud exercitation ullamco laboris nisi ut aliquip ex ea commodo consequat. Duis aute irure dolor in reprehenderit in voluptate velit esse cillum dolore eu fugiat nulla pariatur. Excepteur sint occaecat cupidatat non proident, sunt in culpa qui officia deserunt mollit anim id est laborum.<br>\\r\\n<\\/p><blockquote>commodo consequat. Duis aute irure dolor in reprehenderit in voluptate velit esse cillum dolore eu fugiat nulla pariatur. Excepteur sint occaecat cupidatat non proident, sunt in culpa qui officia deserunt mollit anim id est laborum<\\/blockquote>\"}},\"16\":{\"type\":\"heading\",\"enabled\":\"1\",\"fields\":{\"heading\":\"This should break up the article nicely\",\"headingType\":\"h2\"}},\"12\":{\"type\":\"image\",\"enabled\":\"1\",\"fields\":{\"image\":[\"4\"],\"alignment\":\"left\",\"clear\":\"none\",\"caption\":\"\"}},\"15\":{\"type\":\"text\",\"enabled\":\"1\",\"fields\":{\"text\":\"<p>Lorem <strong>ipsum dolor sit amet<\\/strong>, consectetur adipiscing elit, sed do eiusmod tempor incididunt ut labore et dolore magna aliqua. Ut enim ad minim veniam, quis nostrud exercitation ullamco laboris nisi ut aliquip ex ea commodo consequat. Duis aute irure dolor in reprehenderit in voluptate velit esse cillum dolore eu fugiat nulla pariatur.<br><\\/p>\"}},\"13\":{\"type\":\"image\",\"enabled\":\"1\",\"fields\":{\"image\":[\"6\"],\"alignment\":\"left\",\"clear\":\"both\",\"caption\":\"\"}},\"14\":{\"type\":\"text\",\"enabled\":\"1\",\"fields\":{\"text\":\"<p>Lorem <strong>ipsum dolor sit amet<\\/strong>, consectetur adipiscing elit, sed do eiusmod tempor incididunt ut labore et dolore magna aliqua. Ut enim ad minim veniam, quis nostrud exercitation ullamco laboris nisi ut aliquip ex ea commodo consequat. Duis aute irure dolor in reprehenderit in voluptate velit esse cillum dolore eu fugiat nulla pariatur. Excepteur sint occaecat cupidatat non proident, sunt in culpa qui officia deserunt mollit anim id est laborum.\\\"<\\/p><p>Lorem <strong>ipsum dolor sit amet<\\/strong>, consectetur adipiscing elit, sed do eiusmod tempor incididunt ut labore et dolore magna aliqua. Ut enim ad minim veniam, quis nostrud exercitation ullamco laboris nisi ut aliquip ex ea commodo consequat. Duis aute irure dolor in reprehenderit in voluptate velit esse cillum dolore eu fugiat nulla pariatur. Excepteur sint occaecat cupidatat non proident, sunt in culpa qui officia deserunt mollit anim id est laborum.\\\"<br><\\/p><p>Lorem <strong>ipsum dolor sit amet<\\/strong>, consectetur adipiscing elit, sed do eiusmod tempor incididunt ut labore et dolore magna aliqua. Ut enim ad minim veniam, quis nostrud exercitation ullamco laboris nisi ut aliquip ex ea commodo consequat. Duis aute irure dolor in reprehenderit in voluptate velit esse cillum dolore eu fugiat nulla pariatur. Excepteur sint occaecat cupidatat non proident, sunt in culpa qui officia deserunt mollit anim id est laborum.\\\"<\\/p>\"}},\"17\":{\"type\":\"pullQuote\",\"enabled\":\"1\",\"fields\":{\"pullQuote\":\"Excepteur sint occaecat cupidatat...\",\"alignment\":\"right\"}},\"18\":{\"type\":\"text\",\"enabled\":\"1\",\"fields\":{\"text\":\"<p>Lorem <strong>ipsum dolor sit amet<\\/strong>, consectetur adipiscing elit, sed do eiusmod tempor incididunt ut labore et dolore magna aliqua. Ut enim ad minim veniam, quis nostrud exercitation ullamco laboris nisi ut aliquip ex ea commodo consequat. Duis aute irure dolor in reprehenderit in voluptate velit esse cillum dolore eu fugiat nulla pariatur. Excepteur sint occaecat cupidatat non proident, sunt in culpa qui officia deserunt mollit anim id est laborum.\\\"<\\/p><p>Lorem <strong>ipsum dolor sit amet<\\/strong>, consectetur adipiscing elit, sed do eiusmod tempor incididunt ut labore et dolore magna aliqua. Ut enim ad minim veniam, quis nostrud exercitation ullamco laboris nisi ut aliquip ex ea commodo consequat. Duis aute irure dolor in reprehenderit in voluptate velit esse cillum dolore eu fugiat nulla pariatur. Excepteur sint occaecat cupidatat non proident, sunt in culpa qui officia deserunt mollit anim id est laborum.\\\"<\\/p>\"}}},\"15\":\"John Smith\",\"13\":\"Welcome to Default2016 - titles with <em>emphasis<\\/em> and quotes &ldquo;&rsquo;&rdquo;\",\"2\":\"\"}}', '2015-10-24 10:14:17', '2015-10-24 10:14:17', '91fa9bec-fde2-482b-aab4-93477e259bb7');
INSERT INTO `craft_entryversions` (`id`, `entryId`, `sectionId`, `creatorId`, `locale`, `num`, `notes`, `data`, `dateCreated`, `dateUpdated`, `uid`) VALUES ('18', '3', '2', '1', 'en_us', '18', '', '{\"typeId\":\"2\",\"authorId\":\"1\",\"title\":\"Welcome to Default2016\",\"slug\":\"welcome-to-default-2016\",\"postDate\":1445675760,\"expiryDate\":null,\"enabled\":1,\"fields\":{\"1\":{\"7\":{\"type\":\"heading\",\"enabled\":\"1\",\"fields\":{\"heading\":\"What\'s not to love?\",\"headingType\":\"h2\"}},\"9\":{\"type\":\"image\",\"enabled\":\"1\",\"fields\":{\"image\":[\"6\"],\"alignment\":\"full\",\"clear\":\"none\",\"caption\":\"\"}},\"8\":{\"type\":\"text\",\"enabled\":\"1\",\"fields\":{\"text\":\"<p>Lorem <strong>ipsum dolor sit amet<\\/strong>, consectetur adipiscing elit, sed do eiusmod tempor incididunt ut labore et dolore magna aliqua. Ut enim ad minim veniam, quis nostrud exercitation ullamco laboris nisi ut aliquip ex ea commodo consequat. Duis aute irure dolor in reprehenderit in voluptate velit esse cillum dolore eu fugiat nulla pariatur. Excepteur sint occaecat cupidatat non proident, sunt in culpa qui officia deserunt mollit anim id est laborum.\\\"<\\/p>\"}},\"10\":{\"type\":\"image\",\"enabled\":\"1\",\"fields\":{\"image\":[\"5\"],\"alignment\":\"right\",\"clear\":\"none\",\"caption\":\"Fancy little image\"}},\"11\":{\"type\":\"text\",\"enabled\":\"1\",\"fields\":{\"text\":\"<p>Lorem <strong>ipsum dolor sit amet<\\/strong>, consectetur adipiscing elit, sed do eiusmod tempor incididunt ut labore et dolore magna aliqua. Ut enim ad minim veniam, quis nostrud exercitation ullamco laboris nisi ut aliquip ex ea commodo consequat. Duis aute irure dolor in reprehenderit in voluptate velit esse cillum dolore eu fugiat nulla pariatur. Excepteur sint occaecat cupidatat non proident, sunt in culpa qui officia deserunt mollit anim id est laborum.\\\"\\r\\n<\\/p><p>Lorem <strong>ipsum dolor sit amet<\\/strong>, consectetur adipiscing elit, sed do eiusmod tempor incididunt ut labore et dolore magna aliqua. Ut enim ad minim veniam, quis nostrud exercitation ullamco laboris nisi ut aliquip ex ea commodo consequat. Duis aute irure dolor in reprehenderit in voluptate velit esse cillum dolore eu fugiat nulla pariatur. Excepteur sint occaecat cupidatat non proident, sunt in culpa qui officia deserunt mollit anim id est laborum.\\\" Lorem <strong>ipsum dolor sit amet<\\/strong>, consectetur adipiscing elit, sed do eiusmod tempor incididunt ut labore et dolore magna aliqua. Ut enim ad minim veniam, quis nostrud exercitation ullamco laboris nisi ut aliquip ex ea commodo consequat. Duis aute irure dolor in reprehenderit in voluptate velit esse cillum dolore eu fugiat nulla pariatur. Excepteur sint occaecat cupidatat non proident, sunt in culpa qui officia deserunt mollit anim id est laborum.<br>\\r\\n<\\/p><blockquote>commodo consequat. Duis aute irure dolor in reprehenderit in voluptate velit esse cillum dolore eu fugiat nulla pariatur. Excepteur sint occaecat cupidatat non proident, sunt in culpa qui officia deserunt mollit anim id est laborum<\\/blockquote>\"}},\"16\":{\"type\":\"heading\",\"enabled\":\"1\",\"fields\":{\"heading\":\"This should break up the article nicely\",\"headingType\":\"h2\"}},\"12\":{\"type\":\"image\",\"enabled\":\"1\",\"fields\":{\"image\":[\"4\"],\"alignment\":\"left\",\"clear\":\"none\",\"caption\":\"\"}},\"15\":{\"type\":\"text\",\"enabled\":\"1\",\"fields\":{\"text\":\"<p>Lorem <strong>ipsum dolor sit amet<\\/strong>, consectetur adipiscing elit, sed do eiusmod tempor incididunt ut labore et dolore magna aliqua. Ut enim ad minim veniam, quis nostrud exercitation ullamco laboris nisi ut aliquip ex ea commodo consequat. Duis aute irure dolor in reprehenderit in voluptate velit esse cillum dolore eu fugiat nulla pariatur.<br><\\/p>\"}},\"13\":{\"type\":\"image\",\"enabled\":\"1\",\"fields\":{\"image\":[\"6\"],\"alignment\":\"left\",\"clear\":\"both\",\"caption\":\"\"}},\"14\":{\"type\":\"text\",\"enabled\":\"1\",\"fields\":{\"text\":\"<p>Lorem <strong>ipsum dolor sit amet<\\/strong>, consectetur adipiscing elit, sed do eiusmod tempor incididunt ut labore et dolore magna aliqua. Ut enim ad minim veniam, quis nostrud exercitation ullamco laboris nisi ut aliquip ex ea commodo consequat. Duis aute irure dolor in reprehenderit in voluptate velit esse cillum dolore eu fugiat nulla pariatur. Excepteur sint occaecat cupidatat non proident, sunt in culpa qui officia deserunt mollit anim id est laborum.\\\"<\\/p><p>Lorem <strong>ipsum dolor sit amet<\\/strong>, consectetur adipiscing elit, sed do eiusmod tempor incididunt ut labore et dolore magna aliqua. Ut enim ad minim veniam, quis nostrud exercitation ullamco laboris nisi ut aliquip ex ea commodo consequat. Duis aute irure dolor in reprehenderit in voluptate velit esse cillum dolore eu fugiat nulla pariatur. Excepteur sint occaecat cupidatat non proident, sunt in culpa qui officia deserunt mollit anim id est laborum.\\\"<br><\\/p><p>Lorem <strong>ipsum dolor sit amet<\\/strong>, consectetur adipiscing elit, sed do eiusmod tempor incididunt ut labore et dolore magna aliqua. Ut enim ad minim veniam, quis nostrud exercitation ullamco laboris nisi ut aliquip ex ea commodo consequat. Duis aute irure dolor in reprehenderit in voluptate velit esse cillum dolore eu fugiat nulla pariatur. Excepteur sint occaecat cupidatat non proident, sunt in culpa qui officia deserunt mollit anim id est laborum.\\\"<\\/p>\"}},\"17\":{\"type\":\"pullQuote\",\"enabled\":\"1\",\"fields\":{\"pullQuote\":\"Excepteur sint occaecat cupidatat...\",\"alignment\":\"right\"}},\"18\":{\"type\":\"text\",\"enabled\":\"1\",\"fields\":{\"text\":\"<p>Lorem <strong>ipsum dolor sit amet<\\/strong>, consectetur adipiscing elit, sed do eiusmod tempor incididunt ut labore et dolore magna aliqua. Ut enim ad minim veniam, quis nostrud exercitation ullamco laboris nisi ut aliquip ex ea commodo consequat. Duis aute irure dolor in reprehenderit in voluptate velit esse cillum dolore eu fugiat nulla pariatur. Excepteur sint occaecat cupidatat non proident, sunt in culpa qui officia deserunt mollit anim id est laborum.\\\"<\\/p><p>Lorem <strong>ipsum dolor sit amet<\\/strong>, consectetur adipiscing elit, sed do eiusmod tempor incididunt ut labore et dolore magna aliqua. Ut enim ad minim veniam, quis nostrud exercitation ullamco laboris nisi ut aliquip ex ea commodo consequat. Duis aute irure dolor in reprehenderit in voluptate velit esse cillum dolore eu fugiat nulla pariatur. Excepteur sint occaecat cupidatat non proident, sunt in culpa qui officia deserunt mollit anim id est laborum.\\\"<\\/p>\"}},\"new1\":{\"type\":\"downloads\",\"enabled\":\"1\",\"fields\":{\"downloads\":[\"6\",\"5\",\"4\"]}}},\"15\":\"John Smith\",\"13\":\"Welcome to Default2016 - titles with <em>emphasis<\\/em> and quotes &ldquo;&rsquo;&rdquo;\",\"2\":\"\"}}', '2015-10-24 10:21:40', '2015-10-24 10:21:40', '64ba5b23-9b15-46e4-b681-f1db895739f6');
INSERT INTO `craft_entryversions` (`id`, `entryId`, `sectionId`, `creatorId`, `locale`, `num`, `notes`, `data`, `dateCreated`, `dateUpdated`, `uid`) VALUES ('19', '20', '3', '1', 'en_us', '1', '', '{\"typeId\":null,\"authorId\":\"1\",\"title\":\"About us\",\"slug\":\"about-us\",\"postDate\":1445683643,\"expiryDate\":null,\"enabled\":1,\"fields\":{\"1\":{\"new1\":{\"type\":\"text\",\"enabled\":\"1\",\"fields\":{\"text\":\"<p>Lorem <strong>ipsum dolor sit amet<\\/strong>, consectetur adipiscing elit, sed do eiusmod tempor incididunt ut labore et dolore magna aliqua. Ut enim ad minim veniam, quis nostrud exercitation ullamco laboris nisi ut aliquip ex ea commodo consequat. Duis aute irure dolor in reprehenderit in voluptate velit esse cillum dolore eu fugiat nulla pariatur.<\\/p>\"}}},\"13\":\"About Us\"}}', '2015-10-24 10:47:23', '2015-10-24 10:47:23', 'df96a71a-cdf2-4a22-a80b-02e116421862');
INSERT INTO `craft_entryversions` (`id`, `entryId`, `sectionId`, `creatorId`, `locale`, `num`, `notes`, `data`, `dateCreated`, `dateUpdated`, `uid`) VALUES ('20', '2', '1', '1', 'en_us', '1', '', '{\"typeId\":null,\"authorId\":null,\"title\":\"Home Page\",\"slug\":\"homepage\",\"postDate\":1445675798,\"expiryDate\":null,\"enabled\":1,\"fields\":{\"1\":{\"new1\":{\"type\":\"relatedPanel\",\"enabled\":\"1\",\"fields\":{\"panel\":\"\"}},\"new2\":{\"type\":\"text\",\"enabled\":\"1\",\"fields\":{\"text\":\"<p>Some content...<\\/p>\"}}}}}', '2015-10-24 10:50:39', '2015-10-24 10:50:39', '405c8f19-25ce-4281-8487-f2336353894e');
INSERT INTO `craft_entryversions` (`id`, `entryId`, `sectionId`, `creatorId`, `locale`, `num`, `notes`, `data`, `dateCreated`, `dateUpdated`, `uid`) VALUES ('21', '3', '2', '1', 'en_us', '19', '', '{\"typeId\":\"2\",\"authorId\":\"1\",\"title\":\"Welcome to Default2016\",\"slug\":\"welcome-to-default-2016\",\"postDate\":1445675760,\"expiryDate\":null,\"enabled\":1,\"fields\":{\"1\":{\"7\":{\"type\":\"heading\",\"enabled\":\"1\",\"fields\":{\"heading\":\"What\'s not to love?\",\"headingType\":\"h2\"}},\"9\":{\"type\":\"image\",\"enabled\":\"1\",\"fields\":{\"image\":[\"6\"],\"alignment\":\"full\",\"clear\":\"none\",\"caption\":\"\"}},\"8\":{\"type\":\"text\",\"enabled\":\"1\",\"fields\":{\"text\":\"<p>Lorem <strong>ipsum dolor sit amet<\\/strong>, consectetur adipiscing elit, sed do eiusmod tempor incididunt ut labore et dolore magna aliqua. Ut enim ad minim veniam, quis nostrud exercitation ullamco laboris nisi ut aliquip ex ea commodo consequat. Duis aute irure dolor in reprehenderit in voluptate velit esse cillum dolore eu fugiat nulla pariatur. Excepteur sint occaecat cupidatat non proident, sunt in culpa qui officia deserunt mollit anim id est laborum.\\\"<\\/p>\"}},\"10\":{\"type\":\"image\",\"enabled\":\"1\",\"fields\":{\"image\":[\"5\"],\"alignment\":\"right\",\"clear\":\"none\",\"caption\":\"Fancy little image\"}},\"11\":{\"type\":\"text\",\"enabled\":\"1\",\"fields\":{\"text\":\"<p>Lorem <strong>ipsum dolor sit amet<\\/strong>, consectetur adipiscing elit, sed do eiusmod tempor incididunt ut labore et dolore magna aliqua. Ut enim ad minim veniam, quis nostrud exercitation ullamco laboris nisi ut aliquip ex ea commodo consequat. Duis aute irure dolor in reprehenderit in voluptate velit esse cillum dolore eu fugiat nulla pariatur. Excepteur sint occaecat cupidatat non proident, sunt in culpa qui officia deserunt mollit anim id est laborum.\\\"\\r\\n<\\/p><p>Lorem <strong>ipsum dolor sit amet<\\/strong>, consectetur adipiscing elit, sed do eiusmod tempor incididunt ut labore et dolore magna aliqua. Ut enim ad minim veniam, quis nostrud exercitation ullamco laboris nisi ut aliquip ex ea commodo consequat. Duis aute irure dolor in reprehenderit in voluptate velit esse cillum dolore eu fugiat nulla pariatur. Excepteur sint occaecat cupidatat non proident, sunt in culpa qui officia deserunt mollit anim id est laborum.\\\" Lorem <strong>ipsum dolor sit amet<\\/strong>, consectetur adipiscing elit, sed do eiusmod tempor incididunt ut labore et dolore magna aliqua. Ut enim ad minim veniam, quis nostrud exercitation ullamco laboris nisi ut aliquip ex ea commodo consequat. Duis aute irure dolor in reprehenderit in voluptate velit esse cillum dolore eu fugiat nulla pariatur. Excepteur sint occaecat cupidatat non proident, sunt in culpa qui officia deserunt mollit anim id est laborum.<br>\\r\\n<\\/p><blockquote>commodo consequat. Duis aute irure dolor in reprehenderit in voluptate velit esse cillum dolore eu fugiat nulla pariatur. Excepteur sint occaecat cupidatat non proident, sunt in culpa qui officia deserunt mollit anim id est laborum<\\/blockquote>\"}},\"16\":{\"type\":\"heading\",\"enabled\":\"1\",\"fields\":{\"heading\":\"This should break up the article nicely\",\"headingType\":\"h2\"}},\"12\":{\"type\":\"image\",\"enabled\":\"1\",\"fields\":{\"image\":[\"4\"],\"alignment\":\"left\",\"clear\":\"none\",\"caption\":\"\"}},\"15\":{\"type\":\"text\",\"enabled\":\"1\",\"fields\":{\"text\":\"<p>Lorem <strong>ipsum dolor sit amet<\\/strong>, consectetur adipiscing elit, sed do eiusmod tempor incididunt ut labore et dolore magna aliqua. Ut enim ad minim veniam, quis nostrud exercitation ullamco laboris nisi ut aliquip ex ea commodo consequat. Duis aute irure dolor in reprehenderit in voluptate velit esse cillum dolore eu fugiat nulla pariatur.<br><\\/p>\"}},\"13\":{\"type\":\"image\",\"enabled\":\"1\",\"fields\":{\"image\":[\"6\"],\"alignment\":\"left\",\"clear\":\"both\",\"caption\":\"\"}},\"14\":{\"type\":\"text\",\"enabled\":\"1\",\"fields\":{\"text\":\"<p>Lorem <strong>ipsum dolor sit amet<\\/strong>, consectetur adipiscing elit, sed do eiusmod tempor incididunt ut labore et dolore magna aliqua. Ut enim ad minim veniam, quis nostrud exercitation ullamco laboris nisi ut aliquip ex ea commodo consequat. Duis aute irure dolor in reprehenderit in voluptate velit esse cillum dolore eu fugiat nulla pariatur. Excepteur sint occaecat cupidatat non proident, sunt in culpa qui officia deserunt mollit anim id est laborum.\\\"<\\/p><p>Lorem <strong>ipsum dolor sit amet<\\/strong>, consectetur adipiscing elit, sed do eiusmod tempor incididunt ut labore et dolore magna aliqua. Ut enim ad minim veniam, quis nostrud exercitation ullamco laboris nisi ut aliquip ex ea commodo consequat. Duis aute irure dolor in reprehenderit in voluptate velit esse cillum dolore eu fugiat nulla pariatur. Excepteur sint occaecat cupidatat non proident, sunt in culpa qui officia deserunt mollit anim id est laborum.\\\"<br><\\/p><p>Lorem <strong>ipsum dolor sit amet<\\/strong>, consectetur adipiscing elit, sed do eiusmod tempor incididunt ut labore et dolore magna aliqua. Ut enim ad minim veniam, quis nostrud exercitation ullamco laboris nisi ut aliquip ex ea commodo consequat. Duis aute irure dolor in reprehenderit in voluptate velit esse cillum dolore eu fugiat nulla pariatur. Excepteur sint occaecat cupidatat non proident, sunt in culpa qui officia deserunt mollit anim id est laborum.\\\"<\\/p>\"}},\"17\":{\"type\":\"pullQuote\",\"enabled\":\"1\",\"fields\":{\"pullQuote\":\"Excepteur sint occaecat cupidatat...\",\"alignment\":\"right\"}},\"18\":{\"type\":\"text\",\"enabled\":\"1\",\"fields\":{\"text\":\"<p>Lorem <strong>ipsum dolor sit amet<\\/strong>, consectetur adipiscing elit, sed do eiusmod tempor incididunt ut labore et dolore magna aliqua. Ut enim ad minim veniam, quis nostrud exercitation ullamco laboris nisi ut aliquip ex ea commodo consequat. Duis aute irure dolor in reprehenderit in voluptate velit esse cillum dolore eu fugiat nulla pariatur. Excepteur sint occaecat cupidatat non proident, sunt in culpa qui officia deserunt mollit anim id est laborum.\\\"<\\/p><p>Lorem <strong>ipsum dolor sit amet<\\/strong>, consectetur adipiscing elit, sed do eiusmod tempor incididunt ut labore et dolore magna aliqua. Ut enim ad minim veniam, quis nostrud exercitation ullamco laboris nisi ut aliquip ex ea commodo consequat. Duis aute irure dolor in reprehenderit in voluptate velit esse cillum dolore eu fugiat nulla pariatur. Excepteur sint occaecat cupidatat non proident, sunt in culpa qui officia deserunt mollit anim id est laborum.\\\"<\\/p>\"}},\"19\":{\"type\":\"downloads\",\"enabled\":\"1\",\"fields\":{\"downloads\":[\"6\",\"5\",\"4\"]}}},\"15\":\"John Smith\",\"13\":\"Welcome to Default2016 - titles with <em>emphasis<\\/em> and quotes &ldquo;&rsquo;&rdquo;\",\"21\":\"<p>Lorem ipsum dolor sit amet, consectetur adipiscing elit, sed do eiusmod tempor incididunt ut labore et dolore magna aliqua. Ut enim ad minim veniam, quis nostrud exercitation ullamco laboris nisi ut aliquip ex ea commodo consequat.<\\/p>\",\"2\":\"\"}}', '2015-10-24 11:20:57', '2015-10-24 11:20:57', 'b1f4fa4e-716b-4c8f-83d3-d675199b5ffe');
INSERT INTO `craft_entryversions` (`id`, `entryId`, `sectionId`, `creatorId`, `locale`, `num`, `notes`, `data`, `dateCreated`, `dateUpdated`, `uid`) VALUES ('22', '3', '2', '1', 'en_us', '20', '', '{\"typeId\":\"2\",\"authorId\":\"1\",\"title\":\"Welcome to Default2016\",\"slug\":\"welcome-to-default-2016\",\"postDate\":1445675760,\"expiryDate\":null,\"enabled\":1,\"fields\":{\"1\":{\"7\":{\"type\":\"heading\",\"enabled\":\"1\",\"fields\":{\"heading\":\"What\'s not to love?\",\"headingType\":\"h2\"}},\"9\":{\"type\":\"image\",\"enabled\":\"1\",\"fields\":{\"image\":[\"6\"],\"alignment\":\"full\",\"clear\":\"none\",\"caption\":\"\"}},\"8\":{\"type\":\"text\",\"enabled\":\"1\",\"fields\":{\"text\":\"<p>Lorem <strong>ipsum dolor sit amet<\\/strong>, consectetur adipiscing elit, sed do eiusmod tempor incididunt ut labore et dolore magna aliqua. Ut enim ad minim veniam, quis nostrud exercitation ullamco laboris nisi ut aliquip ex ea commodo consequat. Duis aute irure dolor in reprehenderit in voluptate velit esse cillum dolore eu fugiat nulla pariatur. Excepteur sint occaecat cupidatat non proident, sunt in culpa qui officia deserunt mollit anim id est laborum.\\\"<\\/p>\"}},\"10\":{\"type\":\"image\",\"enabled\":\"1\",\"fields\":{\"image\":[\"5\"],\"alignment\":\"right\",\"clear\":\"none\",\"caption\":\"Fancy little image\"}},\"11\":{\"type\":\"text\",\"enabled\":\"1\",\"fields\":{\"text\":\"<p>Lorem <strong>ipsum dolor sit amet<\\/strong>, consectetur adipiscing elit, sed do eiusmod tempor incididunt ut labore et dolore magna aliqua. Ut enim ad minim veniam, quis nostrud exercitation ullamco laboris nisi ut aliquip ex ea commodo consequat. Duis aute irure dolor in reprehenderit in voluptate velit esse cillum dolore eu fugiat nulla pariatur. Excepteur sint occaecat cupidatat non proident, sunt in culpa qui officia deserunt mollit anim id est laborum.\\\"\\r\\n<\\/p><p>Lorem <strong>ipsum dolor sit amet<\\/strong>, consectetur adipiscing elit, sed do eiusmod tempor incididunt ut labore et dolore magna aliqua. Ut enim ad minim veniam, quis nostrud exercitation ullamco laboris nisi ut aliquip ex ea commodo consequat. Duis aute irure dolor in reprehenderit in voluptate velit esse cillum dolore eu fugiat nulla pariatur. Excepteur sint occaecat cupidatat non proident, sunt in culpa qui officia deserunt mollit anim id est laborum.\\\" Lorem <strong>ipsum dolor sit amet<\\/strong>, consectetur adipiscing elit, sed do eiusmod tempor incididunt ut labore et dolore magna aliqua. Ut enim ad minim veniam, quis nostrud exercitation ullamco laboris nisi ut aliquip ex ea commodo consequat. Duis aute irure dolor in reprehenderit in voluptate velit esse cillum dolore eu fugiat nulla pariatur. Excepteur sint occaecat cupidatat non proident, sunt in culpa qui officia deserunt mollit anim id est laborum.<br>\\r\\n<\\/p><blockquote>commodo consequat. Duis aute irure dolor in reprehenderit in voluptate velit esse cillum dolore eu fugiat nulla pariatur. Excepteur sint occaecat cupidatat non proident, sunt in culpa qui officia deserunt mollit anim id est laborum<\\/blockquote>\"}},\"16\":{\"type\":\"heading\",\"enabled\":\"1\",\"fields\":{\"heading\":\"This should break up the article nicely\",\"headingType\":\"h2\"}},\"12\":{\"type\":\"image\",\"enabled\":\"1\",\"fields\":{\"image\":[\"4\"],\"alignment\":\"left\",\"clear\":\"none\",\"caption\":\"\"}},\"15\":{\"type\":\"text\",\"enabled\":\"1\",\"fields\":{\"text\":\"<p>Lorem <strong>ipsum dolor sit amet<\\/strong>, consectetur adipiscing elit, sed do eiusmod tempor incididunt ut labore et dolore magna aliqua. Ut enim ad minim veniam, quis nostrud exercitation ullamco laboris nisi ut aliquip ex ea commodo consequat. Duis aute irure dolor in reprehenderit in voluptate velit esse cillum dolore eu fugiat nulla pariatur.<br><\\/p>\"}},\"13\":{\"type\":\"image\",\"enabled\":\"1\",\"fields\":{\"image\":[\"6\"],\"alignment\":\"left\",\"clear\":\"both\",\"caption\":\"\"}},\"14\":{\"type\":\"text\",\"enabled\":\"1\",\"fields\":{\"text\":\"<p>Lorem <strong>ipsum dolor sit amet<\\/strong>, consectetur adipiscing elit, sed do eiusmod tempor incididunt ut labore et dolore magna aliqua. Ut enim ad minim veniam, quis nostrud exercitation ullamco laboris nisi ut aliquip ex ea commodo consequat. Duis aute irure dolor in reprehenderit in voluptate velit esse cillum dolore eu fugiat nulla pariatur. Excepteur sint occaecat cupidatat non proident, sunt in culpa qui officia deserunt mollit anim id est laborum.\\\"<\\/p><p>Lorem <strong>ipsum dolor sit amet<\\/strong>, consectetur adipiscing elit, sed do eiusmod tempor incididunt ut labore et dolore magna aliqua. Ut enim ad minim veniam, quis nostrud exercitation ullamco laboris nisi ut aliquip ex ea commodo consequat. Duis aute irure dolor in reprehenderit in voluptate velit esse cillum dolore eu fugiat nulla pariatur. Excepteur sint occaecat cupidatat non proident, sunt in culpa qui officia deserunt mollit anim id est laborum.\\\"<br><\\/p><p>Lorem <strong>ipsum dolor sit amet<\\/strong>, consectetur adipiscing elit, sed do eiusmod tempor incididunt ut labore et dolore magna aliqua. Ut enim ad minim veniam, quis nostrud exercitation ullamco laboris nisi ut aliquip ex ea commodo consequat. Duis aute irure dolor in reprehenderit in voluptate velit esse cillum dolore eu fugiat nulla pariatur. Excepteur sint occaecat cupidatat non proident, sunt in culpa qui officia deserunt mollit anim id est laborum.\\\"<\\/p>\"}},\"17\":{\"type\":\"pullQuote\",\"enabled\":\"1\",\"fields\":{\"pullQuote\":\"Excepteur sint occaecat cupidatat...\",\"alignment\":\"right\"}},\"18\":{\"type\":\"text\",\"enabled\":\"1\",\"fields\":{\"text\":\"<p>Lorem <strong>ipsum dolor sit amet<\\/strong>, consectetur adipiscing elit, sed do eiusmod tempor incididunt ut labore et dolore magna aliqua. Ut enim ad minim veniam, quis nostrud exercitation ullamco laboris nisi ut aliquip ex ea commodo consequat. Duis aute irure dolor in reprehenderit in voluptate velit esse cillum dolore eu fugiat nulla pariatur. Excepteur sint occaecat cupidatat non proident, sunt in culpa qui officia deserunt mollit anim id est laborum.\\\"<\\/p><p>Lorem <strong>ipsum dolor sit amet<\\/strong>, consectetur adipiscing elit, sed do eiusmod tempor incididunt ut labore et dolore magna aliqua. Ut enim ad minim veniam, quis nostrud exercitation ullamco laboris nisi ut aliquip ex ea commodo consequat. Duis aute irure dolor in reprehenderit in voluptate velit esse cillum dolore eu fugiat nulla pariatur. Excepteur sint occaecat cupidatat non proident, sunt in culpa qui officia deserunt mollit anim id est laborum.\\\"<\\/p>\"}},\"19\":{\"type\":\"downloads\",\"enabled\":\"1\",\"fields\":{\"downloads\":[\"6\",\"5\",\"4\"]}}},\"15\":\"John Smith\",\"13\":\"Welcome to Default2016 - titles with <em>emphasis<\\/em> and quotes &ldquo;&rsquo;&rdquo;\",\"23\":[\"6\"],\"21\":\"<p>Lorem ipsum dolor sit amet, consectetur adipiscing elit, sed do eiusmod tempor incididunt ut labore et dolore magna aliqua. Ut enim ad minim veniam, quis nostrud exercitation ullamco laboris nisi ut aliquip ex ea commodo consequat.<\\/p>\",\"2\":\"\"}}', '2015-10-24 11:22:42', '2015-10-24 11:22:42', '8cb36ec3-35c5-42b8-a066-1d0290899f90');
INSERT INTO `craft_entryversions` (`id`, `entryId`, `sectionId`, `creatorId`, `locale`, `num`, `notes`, `data`, `dateCreated`, `dateUpdated`, `uid`) VALUES ('23', '3', '2', '1', 'en_us', '21', '', '{\"typeId\":\"2\",\"authorId\":\"1\",\"title\":\"Welcome to Default2016\",\"slug\":\"welcome-to-default-2016\",\"postDate\":1445675760,\"expiryDate\":null,\"enabled\":1,\"fields\":{\"1\":{\"7\":{\"type\":\"heading\",\"enabled\":\"1\",\"fields\":{\"heading\":\"What\'s not to love?\",\"headingType\":\"h2\"}},\"9\":{\"type\":\"image\",\"enabled\":\"1\",\"fields\":{\"image\":[\"6\"],\"alignment\":\"full\",\"clear\":\"none\",\"caption\":\"\"}},\"8\":{\"type\":\"text\",\"enabled\":\"1\",\"fields\":{\"text\":\"<p>Lorem <strong>ipsum dolor sit amet<\\/strong>, consectetur adipiscing elit, sed do eiusmod tempor incididunt ut labore et dolore magna aliqua. Ut enim ad minim veniam, quis nostrud exercitation ullamco laboris nisi ut aliquip ex ea commodo consequat. Duis aute irure dolor in reprehenderit in voluptate velit esse cillum dolore eu fugiat nulla pariatur. Excepteur sint occaecat cupidatat non proident, sunt in culpa qui officia deserunt mollit anim id est laborum.\\\"<\\/p>\"}},\"10\":{\"type\":\"image\",\"enabled\":\"1\",\"fields\":{\"image\":[\"5\"],\"alignment\":\"right\",\"clear\":\"none\",\"caption\":\"Fancy little image\"}},\"11\":{\"type\":\"text\",\"enabled\":\"1\",\"fields\":{\"text\":\"<p>Lorem <strong>ipsum dolor sit amet<\\/strong>, consectetur adipiscing elit, sed do eiusmod tempor incididunt ut labore et dolore magna aliqua. Ut enim ad minim veniam, quis nostrud exercitation ullamco laboris nisi ut aliquip ex ea commodo consequat. Duis aute irure dolor in reprehenderit in voluptate velit esse cillum dolore eu fugiat nulla pariatur. Excepteur sint occaecat cupidatat non proident, sunt in culpa qui officia deserunt mollit anim id est laborum.\\\"\\r\\n<\\/p><p>Lorem <strong>ipsum dolor sit amet<\\/strong>, consectetur adipiscing elit, sed do eiusmod tempor incididunt ut labore et dolore magna aliqua. Ut enim ad minim veniam, quis nostrud exercitation ullamco laboris nisi ut aliquip ex ea commodo consequat. Duis aute irure dolor in reprehenderit in voluptate velit esse cillum dolore eu fugiat nulla pariatur. Excepteur sint occaecat cupidatat non proident, sunt in culpa qui officia deserunt mollit anim id est laborum.\\\" Lorem <strong>ipsum dolor sit amet<\\/strong>, consectetur adipiscing elit, sed do eiusmod tempor incididunt ut labore et dolore magna aliqua. Ut enim ad minim veniam, quis nostrud exercitation ullamco laboris nisi ut aliquip ex ea commodo consequat. Duis aute irure dolor in reprehenderit in voluptate velit esse cillum dolore eu fugiat nulla pariatur. Excepteur sint occaecat cupidatat non proident, sunt in culpa qui officia deserunt mollit anim id est laborum.<br>\\r\\n<\\/p><blockquote>commodo consequat. Duis aute irure dolor in reprehenderit in voluptate velit esse cillum dolore eu fugiat nulla pariatur. Excepteur sint occaecat cupidatat non proident, sunt in culpa qui officia deserunt mollit anim id est laborum<\\/blockquote>\"}},\"16\":{\"type\":\"heading\",\"enabled\":\"1\",\"fields\":{\"heading\":\"This should break up the article nicely\",\"headingType\":\"h2\"}},\"12\":{\"type\":\"image\",\"enabled\":\"1\",\"fields\":{\"image\":[\"4\"],\"alignment\":\"left\",\"clear\":\"none\",\"caption\":\"\"}},\"15\":{\"type\":\"text\",\"enabled\":\"1\",\"fields\":{\"text\":\"<p>Lorem <strong>ipsum dolor sit amet<\\/strong>, consectetur adipiscing elit, sed do eiusmod tempor incididunt ut labore et dolore magna aliqua. Ut enim ad minim veniam, quis nostrud exercitation ullamco laboris nisi ut aliquip ex ea commodo consequat. Duis aute irure dolor in reprehenderit in voluptate velit esse cillum dolore eu fugiat nulla pariatur.<br><\\/p>\"}},\"13\":{\"type\":\"image\",\"enabled\":\"1\",\"fields\":{\"image\":[\"6\"],\"alignment\":\"left\",\"clear\":\"both\",\"caption\":\"\"}},\"14\":{\"type\":\"text\",\"enabled\":\"1\",\"fields\":{\"text\":\"<p>Lorem <strong>ipsum dolor sit amet<\\/strong>, consectetur adipiscing elit, sed do eiusmod tempor incididunt ut labore et dolore magna aliqua. Ut enim ad minim veniam, quis nostrud exercitation ullamco laboris nisi ut aliquip ex ea commodo consequat. Duis aute irure dolor in reprehenderit in voluptate velit esse cillum dolore eu fugiat nulla pariatur. Excepteur sint occaecat cupidatat non proident, sunt in culpa qui officia deserunt mollit anim id est laborum.\\\"<\\/p><p>Lorem <strong>ipsum dolor sit amet<\\/strong>, consectetur adipiscing elit, sed do eiusmod tempor incididunt ut labore et dolore magna aliqua. Ut enim ad minim veniam, quis nostrud exercitation ullamco laboris nisi ut aliquip ex ea commodo consequat. Duis aute irure dolor in reprehenderit in voluptate velit esse cillum dolore eu fugiat nulla pariatur. Excepteur sint occaecat cupidatat non proident, sunt in culpa qui officia deserunt mollit anim id est laborum.\\\"<br><\\/p><p>Lorem <strong>ipsum dolor sit amet<\\/strong>, consectetur adipiscing elit, sed do eiusmod tempor incididunt ut labore et dolore magna aliqua. Ut enim ad minim veniam, quis nostrud exercitation ullamco laboris nisi ut aliquip ex ea commodo consequat. Duis aute irure dolor in reprehenderit in voluptate velit esse cillum dolore eu fugiat nulla pariatur. Excepteur sint occaecat cupidatat non proident, sunt in culpa qui officia deserunt mollit anim id est laborum.\\\"<\\/p>\"}},\"17\":{\"type\":\"pullQuote\",\"enabled\":\"1\",\"fields\":{\"pullQuote\":\"Excepteur sint occaecat cupidatat...\",\"alignment\":\"right\"}},\"18\":{\"type\":\"text\",\"enabled\":\"1\",\"fields\":{\"text\":\"<p>Lorem <strong>ipsum dolor sit amet<\\/strong>, consectetur adipiscing elit, sed do eiusmod tempor incididunt ut labore et dolore magna aliqua. Ut enim ad minim veniam, quis nostrud exercitation ullamco laboris nisi ut aliquip ex ea commodo consequat. Duis aute irure dolor in reprehenderit in voluptate velit esse cillum dolore eu fugiat nulla pariatur. Excepteur sint occaecat cupidatat non proident, sunt in culpa qui officia deserunt mollit anim id est laborum.\\\"<\\/p><p>Lorem <strong>ipsum dolor sit amet<\\/strong>, consectetur adipiscing elit, sed do eiusmod tempor incididunt ut labore et dolore magna aliqua. Ut enim ad minim veniam, quis nostrud exercitation ullamco laboris nisi ut aliquip ex ea commodo consequat. Duis aute irure dolor in reprehenderit in voluptate velit esse cillum dolore eu fugiat nulla pariatur. Excepteur sint occaecat cupidatat non proident, sunt in culpa qui officia deserunt mollit anim id est laborum.\\\"<\\/p>\"}},\"19\":{\"type\":\"downloads\",\"enabled\":\"1\",\"fields\":{\"downloads\":[\"6\",\"5\",\"4\"]}}},\"15\":\"John Smith\",\"20\":\"Welcome to Default2016 | Wow | Such SEO | Spam! | Lorem ipsum dolor sit amet, consectetur adipiscing elit, sed do eiusmod tempor incididunt ut labore et dolore magna aliqua. Ut enim ad minim veniam, quis nostrud exercitation ullamco laboris nisi ut aliquip ex ea commodo consequat.\",\"13\":\"Welcome to Default2016 - titles with <em>emphasis<\\/em> and quotes &ldquo;&rsquo;&rdquo;\",\"23\":[\"6\"],\"21\":\"<p>Lorem ipsum dolor sit amet, consectetur adipiscing elit, sed do eiusmod tempor incididunt ut labore et dolore magna aliqua. Ut enim ad minim veniam, quis nostrud exercitation ullamco laboris nisi ut aliquip ex ea commodo consequat.<\\/p>\",\"2\":\"\",\"19\":\"Welcome to Default2016 | Wow | Such SEO | Spam!\"}}', '2015-10-24 11:26:21', '2015-10-24 11:26:21', '920d9c62-14b1-42fe-9b18-ef08b5147520');
INSERT INTO `craft_entryversions` (`id`, `entryId`, `sectionId`, `creatorId`, `locale`, `num`, `notes`, `data`, `dateCreated`, `dateUpdated`, `uid`) VALUES ('24', '3', '2', '1', 'en_us', '22', '', '{\"typeId\":\"2\",\"authorId\":\"1\",\"title\":\"Welcome to Default2016\",\"slug\":\"welcome-to-default-2016\",\"postDate\":1445675760,\"expiryDate\":null,\"enabled\":1,\"fields\":{\"1\":{\"7\":{\"type\":\"heading\",\"enabled\":\"1\",\"fields\":{\"heading\":\"What\'s not to love?\",\"headingType\":\"h2\"}},\"9\":{\"type\":\"image\",\"enabled\":\"1\",\"fields\":{\"image\":[\"6\"],\"alignment\":\"full\",\"clear\":\"none\",\"caption\":\"\"}},\"8\":{\"type\":\"text\",\"enabled\":\"1\",\"fields\":{\"text\":\"<p>Lorem <strong>ipsum dolor sit amet<\\/strong>, consectetur adipiscing elit, sed do eiusmod tempor incididunt ut labore et dolore magna aliqua. Ut enim ad minim veniam, quis nostrud exercitation ullamco laboris nisi ut aliquip ex ea commodo consequat. Duis aute irure dolor in reprehenderit in voluptate velit esse cillum dolore eu fugiat nulla pariatur. Excepteur sint occaecat cupidatat non proident, sunt in culpa qui officia deserunt mollit anim id est laborum.\\\"<\\/p>\"}},\"10\":{\"type\":\"image\",\"enabled\":\"1\",\"fields\":{\"image\":[\"5\"],\"alignment\":\"right\",\"clear\":\"none\",\"caption\":\"Fancy little image\"}},\"11\":{\"type\":\"text\",\"enabled\":\"1\",\"fields\":{\"text\":\"<p>Lorem <strong>ipsum dolor sit amet<\\/strong>, consectetur adipiscing elit, sed do eiusmod tempor incididunt ut labore et dolore magna aliqua. Ut enim ad minim veniam, quis nostrud exercitation ullamco laboris nisi ut aliquip ex ea commodo consequat. Duis aute irure dolor in reprehenderit in voluptate velit esse cillum dolore eu fugiat nulla pariatur. Excepteur sint occaecat cupidatat non proident, sunt in culpa qui officia deserunt mollit anim id est laborum.\\\"\\r\\n<\\/p><p>Lorem <strong>ipsum dolor sit amet<\\/strong>, consectetur adipiscing elit, sed do eiusmod tempor incididunt ut labore et dolore magna aliqua. Ut enim ad minim veniam, quis nostrud exercitation ullamco laboris nisi ut aliquip ex ea commodo consequat. Duis aute irure dolor in reprehenderit in voluptate velit esse cillum dolore eu fugiat nulla pariatur. Excepteur sint occaecat cupidatat non proident, sunt in culpa qui officia deserunt mollit anim id est laborum.\\\" Lorem <strong>ipsum dolor sit amet<\\/strong>, consectetur adipiscing elit, sed do eiusmod tempor incididunt ut labore et dolore magna aliqua. Ut enim ad minim veniam, quis nostrud exercitation ullamco laboris nisi ut aliquip ex ea commodo consequat. Duis aute irure dolor in reprehenderit in voluptate velit esse cillum dolore eu fugiat nulla pariatur. Excepteur sint occaecat cupidatat non proident, sunt in culpa qui officia deserunt mollit anim id est laborum.<br>\\r\\n<\\/p><blockquote>commodo consequat. Duis aute irure dolor in reprehenderit in voluptate velit esse cillum dolore eu fugiat nulla pariatur. Excepteur sint occaecat cupidatat non proident, sunt in culpa qui officia deserunt mollit anim id est laborum<\\/blockquote>\"}},\"16\":{\"type\":\"heading\",\"enabled\":\"1\",\"fields\":{\"heading\":\"This should break up the article nicely\",\"headingType\":\"h2\"}},\"12\":{\"type\":\"image\",\"enabled\":\"1\",\"fields\":{\"image\":[\"4\"],\"alignment\":\"left\",\"clear\":\"none\",\"caption\":\"\"}},\"15\":{\"type\":\"text\",\"enabled\":\"1\",\"fields\":{\"text\":\"<p>Lorem <strong>ipsum dolor sit amet<\\/strong>, consectetur adipiscing elit, sed do eiusmod tempor incididunt ut labore et dolore magna aliqua. Ut enim ad minim veniam, quis nostrud exercitation ullamco laboris nisi ut aliquip ex ea commodo consequat. Duis aute irure dolor in reprehenderit in voluptate velit esse cillum dolore eu fugiat nulla pariatur.<br><\\/p>\"}},\"13\":{\"type\":\"image\",\"enabled\":\"1\",\"fields\":{\"image\":[\"6\"],\"alignment\":\"left\",\"clear\":\"both\",\"caption\":\"\"}},\"14\":{\"type\":\"text\",\"enabled\":\"1\",\"fields\":{\"text\":\"<p>Lorem <strong>ipsum dolor sit amet<\\/strong>, consectetur adipiscing elit, sed do eiusmod tempor incididunt ut labore et dolore magna aliqua. Ut enim ad minim veniam, quis nostrud exercitation ullamco laboris nisi ut aliquip ex ea commodo consequat. Duis aute irure dolor in reprehenderit in voluptate velit esse cillum dolore eu fugiat nulla pariatur. Excepteur sint occaecat cupidatat non proident, sunt in culpa qui officia deserunt mollit anim id est laborum.\\\"<\\/p><p>Lorem <strong>ipsum dolor sit amet<\\/strong>, consectetur adipiscing elit, sed do eiusmod tempor incididunt ut labore et dolore magna aliqua. Ut enim ad minim veniam, quis nostrud exercitation ullamco laboris nisi ut aliquip ex ea commodo consequat. Duis aute irure dolor in reprehenderit in voluptate velit esse cillum dolore eu fugiat nulla pariatur. Excepteur sint occaecat cupidatat non proident, sunt in culpa qui officia deserunt mollit anim id est laborum.\\\"<br><\\/p><p>Lorem <strong>ipsum dolor sit amet<\\/strong>, consectetur adipiscing elit, sed do eiusmod tempor incididunt ut labore et dolore magna aliqua. Ut enim ad minim veniam, quis nostrud exercitation ullamco laboris nisi ut aliquip ex ea commodo consequat. Duis aute irure dolor in reprehenderit in voluptate velit esse cillum dolore eu fugiat nulla pariatur. Excepteur sint occaecat cupidatat non proident, sunt in culpa qui officia deserunt mollit anim id est laborum.\\\"<\\/p>\"}},\"17\":{\"type\":\"pullQuote\",\"enabled\":\"1\",\"fields\":{\"pullQuote\":\"Excepteur sint occaecat cupidatat...\",\"alignment\":\"right\"}},\"18\":{\"type\":\"text\",\"enabled\":\"1\",\"fields\":{\"text\":\"<p>Lorem <strong>ipsum dolor sit amet<\\/strong>, consectetur adipiscing elit, sed do eiusmod tempor incididunt ut labore et dolore magna aliqua. Ut enim ad minim veniam, quis nostrud exercitation ullamco laboris nisi ut aliquip ex ea commodo consequat. Duis aute irure dolor in reprehenderit in voluptate velit esse cillum dolore eu fugiat nulla pariatur. Excepteur sint occaecat cupidatat non proident, sunt in culpa qui officia deserunt mollit anim id est laborum.\\\"<\\/p><p>Lorem <strong>ipsum dolor sit amet<\\/strong>, consectetur adipiscing elit, sed do eiusmod tempor incididunt ut labore et dolore magna aliqua. Ut enim ad minim veniam, quis nostrud exercitation ullamco laboris nisi ut aliquip ex ea commodo consequat. Duis aute irure dolor in reprehenderit in voluptate velit esse cillum dolore eu fugiat nulla pariatur. Excepteur sint occaecat cupidatat non proident, sunt in culpa qui officia deserunt mollit anim id est laborum.\\\"<\\/p>\"}},\"19\":{\"type\":\"downloads\",\"enabled\":\"1\",\"fields\":{\"downloads\":[\"6\",\"5\",\"4\"]}}},\"15\":\"John Smith\",\"13\":\"Welcome to Default2016 - titles with <em>emphasis<\\/em> and quotes &ldquo;&rsquo;&rdquo;\",\"23\":[\"6\"],\"21\":\"<p>Lorem ipsum dolor sit amet, consectetur adipiscing elit, sed do eiusmod tempor incididunt ut labore et dolore magna aliqua. Ut enim ad minim veniam, quis nostrud exercitation ullamco laboris nisi ut aliquip ex ea commodo consequat.<\\/p>\",\"2\":\"\"}}', '2015-10-24 11:31:52', '2015-10-24 11:31:52', 'fd927175-be81-4c88-8b91-3b4a04908fef');
INSERT INTO `craft_entryversions` (`id`, `entryId`, `sectionId`, `creatorId`, `locale`, `num`, `notes`, `data`, `dateCreated`, `dateUpdated`, `uid`) VALUES ('25', '3', '2', '1', 'en_us', '23', '', '{\"typeId\":\"2\",\"authorId\":\"1\",\"title\":\"Welcome to Default2016\",\"slug\":\"welcome-to-default-2016\",\"postDate\":1445675760,\"expiryDate\":null,\"enabled\":1,\"fields\":{\"1\":{\"7\":{\"type\":\"heading\",\"enabled\":\"1\",\"fields\":{\"heading\":\"What\'s not to love?\",\"headingType\":\"h2\"}},\"9\":{\"type\":\"image\",\"enabled\":\"1\",\"fields\":{\"image\":[\"6\"],\"alignment\":\"full\",\"clear\":\"none\",\"caption\":\"\"}},\"8\":{\"type\":\"text\",\"enabled\":\"1\",\"fields\":{\"text\":\"<p>Lorem <strong>ipsum dolor sit amet<\\/strong>, consectetur adipiscing elit, sed do eiusmod tempor incididunt ut labore et dolore magna aliqua. Ut enim ad minim veniam, quis nostrud exercitation ullamco laboris nisi ut aliquip ex ea commodo consequat. Duis aute irure dolor in reprehenderit in voluptate velit esse cillum dolore eu fugiat nulla pariatur. Excepteur sint occaecat cupidatat non proident, sunt in culpa qui officia deserunt mollit anim id est laborum.\\\"<\\/p>\"}},\"10\":{\"type\":\"image\",\"enabled\":\"1\",\"fields\":{\"image\":[\"5\"],\"alignment\":\"right\",\"clear\":\"none\",\"caption\":\"Fancy little image\"}},\"11\":{\"type\":\"text\",\"enabled\":\"1\",\"fields\":{\"text\":\"<p>Lorem <strong>ipsum dolor sit amet<\\/strong>, consectetur adipiscing elit, sed do eiusmod tempor incididunt ut labore et dolore magna aliqua. Ut enim ad minim veniam, quis nostrud exercitation ullamco laboris nisi ut aliquip ex ea commodo consequat. Duis aute irure dolor in reprehenderit in voluptate velit esse cillum dolore eu fugiat nulla pariatur. Excepteur sint occaecat cupidatat non proident, sunt in culpa qui officia deserunt mollit anim id est laborum.\\\"\\r\\n<\\/p><p>Lorem <strong>ipsum dolor sit amet<\\/strong>, consectetur adipiscing elit, sed do eiusmod tempor incididunt ut labore et dolore magna aliqua. Ut enim ad minim veniam, quis nostrud exercitation ullamco laboris nisi ut aliquip ex ea commodo consequat. Duis aute irure dolor in reprehenderit in voluptate velit esse cillum dolore eu fugiat nulla pariatur. Excepteur sint occaecat cupidatat non proident, sunt in culpa qui officia deserunt mollit anim id est laborum.\\\" Lorem <strong>ipsum dolor sit amet<\\/strong>, consectetur adipiscing elit, sed do eiusmod tempor incididunt ut labore et dolore magna aliqua. Ut enim ad minim veniam, quis nostrud exercitation ullamco laboris nisi ut aliquip ex ea commodo consequat. Duis aute irure dolor in reprehenderit in voluptate velit esse cillum dolore eu fugiat nulla pariatur. Excepteur sint occaecat cupidatat non proident, sunt in culpa qui officia deserunt mollit anim id est laborum.<br>\\r\\n<\\/p><blockquote>commodo consequat. Duis aute irure dolor in reprehenderit in voluptate velit esse cillum dolore eu fugiat nulla pariatur. Excepteur sint occaecat cupidatat non proident, sunt in culpa qui officia deserunt mollit anim id est laborum<\\/blockquote>\"}},\"16\":{\"type\":\"heading\",\"enabled\":\"1\",\"fields\":{\"heading\":\"This should break up the article nicely\",\"headingType\":\"h2\"}},\"12\":{\"type\":\"image\",\"enabled\":\"1\",\"fields\":{\"image\":[\"4\"],\"alignment\":\"left\",\"clear\":\"none\",\"caption\":\"\"}},\"15\":{\"type\":\"text\",\"enabled\":\"1\",\"fields\":{\"text\":\"<p>Lorem <strong>ipsum dolor sit amet<\\/strong>, consectetur adipiscing elit, sed do eiusmod tempor incididunt ut labore et dolore magna aliqua. Ut enim ad minim veniam, quis nostrud exercitation ullamco laboris nisi ut aliquip ex ea commodo consequat. Duis aute irure dolor in reprehenderit in voluptate velit esse cillum dolore eu fugiat nulla pariatur.<br><\\/p>\"}},\"13\":{\"type\":\"image\",\"enabled\":\"1\",\"fields\":{\"image\":[\"6\"],\"alignment\":\"left\",\"clear\":\"both\",\"caption\":\"\"}},\"14\":{\"type\":\"text\",\"enabled\":\"1\",\"fields\":{\"text\":\"<p>Lorem <strong>ipsum dolor sit amet<\\/strong>, consectetur adipiscing elit, sed do eiusmod tempor incididunt ut labore et dolore magna aliqua. Ut enim ad minim veniam, quis nostrud exercitation ullamco laboris nisi ut aliquip ex ea commodo consequat. Duis aute irure dolor in reprehenderit in voluptate velit esse cillum dolore eu fugiat nulla pariatur. Excepteur sint occaecat cupidatat non proident, sunt in culpa qui officia deserunt mollit anim id est laborum.\\\"<\\/p><p>Lorem <strong>ipsum dolor sit amet<\\/strong>, consectetur adipiscing elit, sed do eiusmod tempor incididunt ut labore et dolore magna aliqua. Ut enim ad minim veniam, quis nostrud exercitation ullamco laboris nisi ut aliquip ex ea commodo consequat. Duis aute irure dolor in reprehenderit in voluptate velit esse cillum dolore eu fugiat nulla pariatur. Excepteur sint occaecat cupidatat non proident, sunt in culpa qui officia deserunt mollit anim id est laborum.\\\"<br><\\/p><p>Lorem <strong>ipsum dolor sit amet<\\/strong>, consectetur adipiscing elit, sed do eiusmod tempor incididunt ut labore et dolore magna aliqua. Ut enim ad minim veniam, quis nostrud exercitation ullamco laboris nisi ut aliquip ex ea commodo consequat. Duis aute irure dolor in reprehenderit in voluptate velit esse cillum dolore eu fugiat nulla pariatur. Excepteur sint occaecat cupidatat non proident, sunt in culpa qui officia deserunt mollit anim id est laborum.\\\"<\\/p>\"}},\"17\":{\"type\":\"pullQuote\",\"enabled\":\"1\",\"fields\":{\"pullQuote\":\"Excepteur sint occaecat cupidatat...\",\"alignment\":\"right\"}},\"18\":{\"type\":\"text\",\"enabled\":\"1\",\"fields\":{\"text\":\"<p>Lorem <strong>ipsum dolor sit amet<\\/strong>, consectetur adipiscing elit, sed do eiusmod tempor incididunt ut labore et dolore magna aliqua. Ut enim ad minim veniam, quis nostrud exercitation ullamco laboris nisi ut aliquip ex ea commodo consequat. Duis aute irure dolor in reprehenderit in voluptate velit esse cillum dolore eu fugiat nulla pariatur. Excepteur sint occaecat cupidatat non proident, sunt in culpa qui officia deserunt mollit anim id est laborum.\\\"<\\/p><p>Lorem <strong>ipsum dolor sit amet<\\/strong>, consectetur adipiscing elit, sed do eiusmod tempor incididunt ut labore et dolore magna aliqua. Ut enim ad minim veniam, quis nostrud exercitation ullamco laboris nisi ut aliquip ex ea commodo consequat. Duis aute irure dolor in reprehenderit in voluptate velit esse cillum dolore eu fugiat nulla pariatur. Excepteur sint occaecat cupidatat non proident, sunt in culpa qui officia deserunt mollit anim id est laborum.\\\"<\\/p>\"}},\"19\":{\"type\":\"downloads\",\"enabled\":\"1\",\"fields\":{\"downloads\":[\"6\",\"5\",\"4\"]}}},\"15\":\"John Smith\",\"13\":\"Welcome to Default2016 - titles with <em>emphasis<\\/em> and quotes &ldquo;&rsquo;&rdquo;\",\"23\":[\"6\"],\"21\":\"<p>Lorem ipsum dolor sit amet, consectetur adipiscing elit, sed do eiusmod tempor incididunt ut labore et dolore magna aliqua. Ut enim ad minim veniam, quis nostrud exercitation ullamco laboris nisi ut aliquip ex ea commodo consequat.<\\/p>\",\"2\":\"\"}}', '2015-10-24 11:31:52', '2015-10-24 11:31:52', '243fa25c-8535-4c6e-bba3-7baa04bef43a');
INSERT INTO `craft_entryversions` (`id`, `entryId`, `sectionId`, `creatorId`, `locale`, `num`, `notes`, `data`, `dateCreated`, `dateUpdated`, `uid`) VALUES ('26', '3', '2', '1', 'en_us', '24', '', '{\"typeId\":\"2\",\"authorId\":\"1\",\"title\":\"Welcome to Default2016\",\"slug\":\"welcome-to-default-2016\",\"postDate\":1445675760,\"expiryDate\":null,\"enabled\":1,\"fields\":{\"1\":{\"7\":{\"type\":\"heading\",\"enabled\":\"1\",\"fields\":{\"heading\":\"What\'s not to love?\",\"headingType\":\"h2\"}},\"9\":{\"type\":\"image\",\"enabled\":\"1\",\"fields\":{\"image\":[\"6\"],\"alignment\":\"full\",\"clear\":\"none\",\"caption\":\"\"}},\"8\":{\"type\":\"text\",\"enabled\":\"1\",\"fields\":{\"text\":\"<p>Lorem <strong>ipsum dolor sit amet<\\/strong>, consectetur adipiscing elit, sed do eiusmod tempor incididunt ut labore et dolore magna aliqua. Ut enim ad minim veniam, quis nostrud exercitation ullamco laboris nisi ut aliquip ex ea commodo consequat. Duis aute irure dolor in reprehenderit in voluptate velit esse cillum dolore eu fugiat nulla pariatur. Excepteur sint occaecat cupidatat non proident, sunt in culpa qui officia deserunt mollit anim id est laborum.\\\"<\\/p>\"}},\"10\":{\"type\":\"image\",\"enabled\":\"1\",\"fields\":{\"image\":[\"5\"],\"alignment\":\"right\",\"clear\":\"none\",\"caption\":\"Fancy little image\"}},\"11\":{\"type\":\"text\",\"enabled\":\"1\",\"fields\":{\"text\":\"<p>Lorem <strong>ipsum dolor sit amet<\\/strong>, consectetur adipiscing elit, sed do eiusmod tempor incididunt ut labore et dolore magna aliqua. Ut enim ad minim veniam, quis nostrud exercitation ullamco laboris nisi ut aliquip ex ea commodo consequat. Duis aute irure dolor in reprehenderit in voluptate velit esse cillum dolore eu fugiat nulla pariatur. Excepteur sint occaecat cupidatat non proident, sunt in culpa qui officia deserunt mollit anim id est laborum.\\\"\\r\\n<\\/p><p>Lorem <strong>ipsum dolor sit amet<\\/strong>, consectetur adipiscing elit, sed do eiusmod tempor incididunt ut labore et dolore magna aliqua. Ut enim ad minim veniam, quis nostrud exercitation ullamco laboris nisi ut aliquip ex ea commodo consequat. Duis aute irure dolor in reprehenderit in voluptate velit esse cillum dolore eu fugiat nulla pariatur. Excepteur sint occaecat cupidatat non proident, sunt in culpa qui officia deserunt mollit anim id est laborum.\\\" Lorem <strong>ipsum dolor sit amet<\\/strong>, consectetur adipiscing elit, sed do eiusmod tempor incididunt ut labore et dolore magna aliqua. Ut enim ad minim veniam, quis nostrud exercitation ullamco laboris nisi ut aliquip ex ea commodo consequat. Duis aute irure dolor in reprehenderit in voluptate velit esse cillum dolore eu fugiat nulla pariatur. Excepteur sint occaecat cupidatat non proident, sunt in culpa qui officia deserunt mollit anim id est laborum.<br>\\r\\n<\\/p><blockquote>commodo consequat. Duis aute irure dolor in reprehenderit in voluptate velit esse cillum dolore eu fugiat nulla pariatur. Excepteur sint occaecat cupidatat non proident, sunt in culpa qui officia deserunt mollit anim id est laborum<\\/blockquote>\"}},\"16\":{\"type\":\"heading\",\"enabled\":\"1\",\"fields\":{\"heading\":\"This should break up the article nicely\",\"headingType\":\"h2\"}},\"12\":{\"type\":\"image\",\"enabled\":\"1\",\"fields\":{\"image\":[\"4\"],\"alignment\":\"left\",\"clear\":\"none\",\"caption\":\"\"}},\"15\":{\"type\":\"text\",\"enabled\":\"1\",\"fields\":{\"text\":\"<p>Lorem <strong>ipsum dolor sit amet<\\/strong>, consectetur adipiscing elit, sed do eiusmod tempor incididunt ut labore et dolore magna aliqua. Ut enim ad minim veniam, quis nostrud exercitation ullamco laboris nisi ut aliquip ex ea commodo consequat. Duis aute irure dolor in reprehenderit in voluptate velit esse cillum dolore eu fugiat nulla pariatur.<br><\\/p>\"}},\"13\":{\"type\":\"image\",\"enabled\":\"1\",\"fields\":{\"image\":[\"6\"],\"alignment\":\"left\",\"clear\":\"both\",\"caption\":\"\"}},\"14\":{\"type\":\"text\",\"enabled\":\"1\",\"fields\":{\"text\":\"<p>Lorem <strong>ipsum dolor sit amet<\\/strong>, consectetur adipiscing elit, sed do eiusmod tempor incididunt ut labore et dolore magna aliqua. Ut enim ad minim veniam, quis nostrud exercitation ullamco laboris nisi ut aliquip ex ea commodo consequat. Duis aute irure dolor in reprehenderit in voluptate velit esse cillum dolore eu fugiat nulla pariatur. Excepteur sint occaecat cupidatat non proident, sunt in culpa qui officia deserunt mollit anim id est laborum.\\\"<\\/p><p>Lorem <strong>ipsum dolor sit amet<\\/strong>, consectetur adipiscing elit, sed do eiusmod tempor incididunt ut labore et dolore magna aliqua. Ut enim ad minim veniam, quis nostrud exercitation ullamco laboris nisi ut aliquip ex ea commodo consequat. Duis aute irure dolor in reprehenderit in voluptate velit esse cillum dolore eu fugiat nulla pariatur. Excepteur sint occaecat cupidatat non proident, sunt in culpa qui officia deserunt mollit anim id est laborum.\\\"<br><\\/p><p>Lorem <strong>ipsum dolor sit amet<\\/strong>, consectetur adipiscing elit, sed do eiusmod tempor incididunt ut labore et dolore magna aliqua. Ut enim ad minim veniam, quis nostrud exercitation ullamco laboris nisi ut aliquip ex ea commodo consequat. Duis aute irure dolor in reprehenderit in voluptate velit esse cillum dolore eu fugiat nulla pariatur. Excepteur sint occaecat cupidatat non proident, sunt in culpa qui officia deserunt mollit anim id est laborum.\\\"<\\/p>\"}},\"17\":{\"type\":\"pullQuote\",\"enabled\":\"1\",\"fields\":{\"pullQuote\":\"Excepteur sint occaecat cupidatat...\",\"alignment\":\"right\"}},\"18\":{\"type\":\"text\",\"enabled\":\"1\",\"fields\":{\"text\":\"<p>Lorem <strong>ipsum dolor sit amet<\\/strong>, consectetur adipiscing elit, sed do eiusmod tempor incididunt ut labore et dolore magna aliqua. Ut enim ad minim veniam, quis nostrud exercitation ullamco laboris nisi ut aliquip ex ea commodo consequat. Duis aute irure dolor in reprehenderit in voluptate velit esse cillum dolore eu fugiat nulla pariatur. Excepteur sint occaecat cupidatat non proident, sunt in culpa qui officia deserunt mollit anim id est laborum.\\\"<\\/p><p>Lorem <strong>ipsum dolor sit amet<\\/strong>, consectetur adipiscing elit, sed do eiusmod tempor incididunt ut labore et dolore magna aliqua. Ut enim ad minim veniam, quis nostrud exercitation ullamco laboris nisi ut aliquip ex ea commodo consequat. Duis aute irure dolor in reprehenderit in voluptate velit esse cillum dolore eu fugiat nulla pariatur. Excepteur sint occaecat cupidatat non proident, sunt in culpa qui officia deserunt mollit anim id est laborum.\\\"<\\/p>\"}},\"19\":{\"type\":\"downloads\",\"enabled\":\"1\",\"fields\":{\"downloads\":[\"6\",\"5\",\"4\"]}}},\"15\":\"John Smith\",\"20\":\"\",\"13\":\"Welcome to Default2016 - titles with <em>emphasis<\\/em> and quotes &ldquo;&rsquo;&rdquo;\",\"23\":[\"6\"],\"21\":\"<p>Lorem ipsum dolor sit amet, consectetur adipiscing elit, sed do eiusmod tempor incididunt ut labore et dolore magna aliqua. Ut enim ad minim veniam, quis nostrud exercitation ullamco laboris nisi ut aliquip ex ea commodo consequat.<\\/p>\",\"2\":\"\",\"19\":\"\"}}', '2015-10-24 11:32:15', '2015-10-24 11:32:15', 'f9e51a55-870f-4256-963b-2220e77a38cc');
INSERT INTO `craft_entryversions` (`id`, `entryId`, `sectionId`, `creatorId`, `locale`, `num`, `notes`, `data`, `dateCreated`, `dateUpdated`, `uid`) VALUES ('27', '3', '2', '1', 'en_us', '25', '', '{\"typeId\":\"2\",\"authorId\":\"1\",\"title\":\"Welcome to Default2016\",\"slug\":\"welcome-to-default-2016\",\"postDate\":1445675760,\"expiryDate\":null,\"enabled\":1,\"fields\":{\"1\":{\"7\":{\"type\":\"heading\",\"enabled\":\"1\",\"fields\":{\"heading\":\"What\'s not to love?\",\"headingType\":\"h2\"}},\"9\":{\"type\":\"image\",\"enabled\":\"1\",\"fields\":{\"image\":[\"6\"],\"alignment\":\"full\",\"clear\":\"none\",\"caption\":\"\"}},\"8\":{\"type\":\"text\",\"enabled\":\"1\",\"fields\":{\"text\":\"<p>Lorem <strong>ipsum dolor sit amet<\\/strong>, consectetur adipiscing elit, sed do eiusmod tempor incididunt ut labore et dolore magna aliqua. Ut enim ad minim veniam, quis nostrud exercitation ullamco laboris nisi ut aliquip ex ea commodo consequat. Duis aute irure dolor in reprehenderit in voluptate velit esse cillum dolore eu fugiat nulla pariatur. Excepteur sint occaecat cupidatat non proident, sunt in culpa qui officia deserunt mollit anim id est laborum.\\\"<\\/p>\"}},\"10\":{\"type\":\"image\",\"enabled\":\"1\",\"fields\":{\"image\":[\"5\"],\"alignment\":\"right\",\"clear\":\"none\",\"caption\":\"Fancy little image\"}},\"11\":{\"type\":\"text\",\"enabled\":\"1\",\"fields\":{\"text\":\"<p>Lorem <strong>ipsum dolor sit amet<\\/strong>, consectetur adipiscing elit, sed do eiusmod tempor incididunt ut labore et dolore magna aliqua. Ut enim ad minim veniam, quis nostrud exercitation ullamco laboris nisi ut aliquip ex ea commodo consequat. Duis aute irure dolor in reprehenderit in voluptate velit esse cillum dolore eu fugiat nulla pariatur. Excepteur sint occaecat cupidatat non proident, sunt in culpa qui officia deserunt mollit anim id est laborum.\\\"\\r\\n<\\/p><p>Lorem <strong>ipsum dolor sit amet<\\/strong>, consectetur adipiscing elit, sed do eiusmod tempor incididunt ut labore et dolore magna aliqua. Ut enim ad minim veniam, quis nostrud exercitation ullamco laboris nisi ut aliquip ex ea commodo consequat. Duis aute irure dolor in reprehenderit in voluptate velit esse cillum dolore eu fugiat nulla pariatur. Excepteur sint occaecat cupidatat non proident, sunt in culpa qui officia deserunt mollit anim id est laborum.\\\" Lorem <strong>ipsum dolor sit amet<\\/strong>, consectetur adipiscing elit, sed do eiusmod tempor incididunt ut labore et dolore magna aliqua. Ut enim ad minim veniam, quis nostrud exercitation ullamco laboris nisi ut aliquip ex ea commodo consequat. Duis aute irure dolor in reprehenderit in voluptate velit esse cillum dolore eu fugiat nulla pariatur. Excepteur sint occaecat cupidatat non proident, sunt in culpa qui officia deserunt mollit anim id est laborum.<br>\\r\\n<\\/p><blockquote>commodo consequat. Duis aute irure dolor in reprehenderit in voluptate velit esse cillum dolore eu fugiat nulla pariatur. Excepteur sint occaecat cupidatat non proident, sunt in culpa qui officia deserunt mollit anim id est laborum<\\/blockquote>\"}},\"16\":{\"type\":\"heading\",\"enabled\":\"1\",\"fields\":{\"heading\":\"This should break up the article nicely\",\"headingType\":\"h2\"}},\"12\":{\"type\":\"image\",\"enabled\":\"1\",\"fields\":{\"image\":[\"4\"],\"alignment\":\"left\",\"clear\":\"none\",\"caption\":\"\"}},\"15\":{\"type\":\"text\",\"enabled\":\"1\",\"fields\":{\"text\":\"<p>Lorem <strong>ipsum dolor sit amet<\\/strong>, consectetur adipiscing elit, sed do eiusmod tempor incididunt ut labore et dolore magna aliqua. Ut enim ad minim veniam, quis nostrud exercitation ullamco laboris nisi ut aliquip ex ea commodo consequat. Duis aute irure dolor in reprehenderit in voluptate velit esse cillum dolore eu fugiat nulla pariatur.<br><\\/p>\"}},\"13\":{\"type\":\"image\",\"enabled\":\"1\",\"fields\":{\"image\":[\"6\"],\"alignment\":\"left\",\"clear\":\"both\",\"caption\":\"\"}},\"14\":{\"type\":\"text\",\"enabled\":\"1\",\"fields\":{\"text\":\"<p>Lorem <strong>ipsum dolor sit amet<\\/strong>, consectetur adipiscing elit, sed do eiusmod tempor incididunt ut labore et dolore magna aliqua. Ut enim ad minim veniam, quis nostrud exercitation ullamco laboris nisi ut aliquip ex ea commodo consequat. Duis aute irure dolor in reprehenderit in voluptate velit esse cillum dolore eu fugiat nulla pariatur. Excepteur sint occaecat cupidatat non proident, sunt in culpa qui officia deserunt mollit anim id est laborum.\\\"<\\/p><p>Lorem <strong>ipsum dolor sit amet<\\/strong>, consectetur adipiscing elit, sed do eiusmod tempor incididunt ut labore et dolore magna aliqua. Ut enim ad minim veniam, quis nostrud exercitation ullamco laboris nisi ut aliquip ex ea commodo consequat. Duis aute irure dolor in reprehenderit in voluptate velit esse cillum dolore eu fugiat nulla pariatur. Excepteur sint occaecat cupidatat non proident, sunt in culpa qui officia deserunt mollit anim id est laborum.\\\"<br><\\/p><p>Lorem <strong>ipsum dolor sit amet<\\/strong>, consectetur adipiscing elit, sed do eiusmod tempor incididunt ut labore et dolore magna aliqua. Ut enim ad minim veniam, quis nostrud exercitation ullamco laboris nisi ut aliquip ex ea commodo consequat. Duis aute irure dolor in reprehenderit in voluptate velit esse cillum dolore eu fugiat nulla pariatur. Excepteur sint occaecat cupidatat non proident, sunt in culpa qui officia deserunt mollit anim id est laborum.\\\"<\\/p>\"}},\"17\":{\"type\":\"pullQuote\",\"enabled\":\"1\",\"fields\":{\"pullQuote\":\"Excepteur sint occaecat cupidatat...\",\"alignment\":\"right\"}},\"18\":{\"type\":\"text\",\"enabled\":\"1\",\"fields\":{\"text\":\"<p>Lorem <strong>ipsum dolor sit amet<\\/strong>, consectetur adipiscing elit, sed do eiusmod tempor incididunt ut labore et dolore magna aliqua. Ut enim ad minim veniam, quis nostrud exercitation ullamco laboris nisi ut aliquip ex ea commodo consequat. Duis aute irure dolor in reprehenderit in voluptate velit esse cillum dolore eu fugiat nulla pariatur. Excepteur sint occaecat cupidatat non proident, sunt in culpa qui officia deserunt mollit anim id est laborum.\\\"<\\/p><p>Lorem <strong>ipsum dolor sit amet<\\/strong>, consectetur adipiscing elit, sed do eiusmod tempor incididunt ut labore et dolore magna aliqua. Ut enim ad minim veniam, quis nostrud exercitation ullamco laboris nisi ut aliquip ex ea commodo consequat. Duis aute irure dolor in reprehenderit in voluptate velit esse cillum dolore eu fugiat nulla pariatur. Excepteur sint occaecat cupidatat non proident, sunt in culpa qui officia deserunt mollit anim id est laborum.\\\"<\\/p>\"}},\"19\":{\"type\":\"downloads\",\"enabled\":\"1\",\"fields\":{\"downloads\":[\"6\",\"5\",\"4\"]}}},\"15\":\"John Smith\",\"20\":\"\",\"13\":\"Welcome to Default2016 - titles with <em>emphasis<\\/em> and quotes &ldquo;&rsquo;&rdquo;\",\"23\":[\"6\"],\"24\":[\"5\"],\"21\":\"<p>Lorem ipsum dolor sit amet, consectetur adipiscing elit, sed do eiusmod tempor incididunt ut labore et dolore magna aliqua. Ut enim ad minim veniam, quis nostrud exercitation ullamco laboris nisi ut aliquip ex ea commodo consequat.<\\/p>\",\"2\":\"\",\"19\":\"\"}}', '2015-10-24 11:34:05', '2015-10-24 11:34:05', '978212ce-6106-476a-bac8-6ee62b4b4c1a');
INSERT INTO `craft_entryversions` (`id`, `entryId`, `sectionId`, `creatorId`, `locale`, `num`, `notes`, `data`, `dateCreated`, `dateUpdated`, `uid`) VALUES ('28', '24', '5', '1', 'en_us', '1', '', '{\"typeId\":\"5\",\"authorId\":\"1\",\"title\":\"About Us\",\"slug\":\"about-us\",\"postDate\":1445687282,\"expiryDate\":null,\"enabled\":1,\"fields\":{\"25\":[\"20\"]}}', '2015-10-24 11:48:02', '2015-10-24 11:48:02', 'df6c417d-4ec0-4035-94f3-7671654e7911');
INSERT INTO `craft_entryversions` (`id`, `entryId`, `sectionId`, `creatorId`, `locale`, `num`, `notes`, `data`, `dateCreated`, `dateUpdated`, `uid`) VALUES ('29', '25', '5', '1', 'en_us', '1', '', '{\"typeId\":\"6\",\"authorId\":\"1\",\"title\":\"News\",\"slug\":\"news\",\"postDate\":1445687294,\"expiryDate\":null,\"enabled\":1,\"fields\":{\"26\":\"\\/news\"}}', '2015-10-24 11:48:14', '2015-10-24 11:48:14', '887c2368-7ffe-47ff-a2ee-8b205dfba0f7');
INSERT INTO `craft_entryversions` (`id`, `entryId`, `sectionId`, `creatorId`, `locale`, `num`, `notes`, `data`, `dateCreated`, `dateUpdated`, `uid`) VALUES ('30', '26', '5', '1', 'en_us', '1', '', '{\"typeId\":\"6\",\"authorId\":\"1\",\"title\":\"Home\",\"slug\":\"home\",\"postDate\":1445688095,\"expiryDate\":null,\"enabled\":1,\"fields\":{\"26\":\"\\/\"}}', '2015-10-24 12:01:35', '2015-10-24 12:01:35', 'dd7234f6-dc5b-4087-acb8-22f5febc2d2e');
INSERT INTO `craft_entryversions` (`id`, `entryId`, `sectionId`, `creatorId`, `locale`, `num`, `notes`, `data`, `dateCreated`, `dateUpdated`, `uid`) VALUES ('31', '25', '5', '1', 'en_us', '2', '', '{\"typeId\":\"6\",\"authorId\":\"1\",\"title\":\"News\",\"slug\":\"news\",\"postDate\":1445687280,\"expiryDate\":null,\"enabled\":1,\"fields\":{\"26\":\"news\"}}', '2015-10-24 12:19:53', '2015-10-24 12:19:53', '9b3f0da3-1ff3-4b9b-955a-a9616a2ff167');
INSERT INTO `craft_entryversions` (`id`, `entryId`, `sectionId`, `creatorId`, `locale`, `num`, `notes`, `data`, `dateCreated`, `dateUpdated`, `uid`) VALUES ('32', '3', '2', '1', 'en_us', '26', '', '{\"typeId\":\"2\",\"authorId\":\"1\",\"title\":\"Welcome to Default2016\",\"slug\":\"welcome-to-default-2016\",\"postDate\":1445675760,\"expiryDate\":null,\"enabled\":1,\"fields\":{\"1\":{\"7\":{\"type\":\"heading\",\"enabled\":\"1\",\"fields\":{\"heading\":\"What\'s not to love?\",\"headingType\":\"h2\"}},\"9\":{\"type\":\"image\",\"enabled\":\"1\",\"fields\":{\"image\":[\"6\"],\"alignment\":\"full\",\"clear\":\"none\",\"caption\":\"\"}},\"8\":{\"type\":\"text\",\"enabled\":\"1\",\"fields\":{\"text\":\"<p>Lorem <strong>ipsum dolor sit amet<\\/strong>, consectetur adipiscing elit, sed do eiusmod tempor incididunt ut labore et dolore magna aliqua. Ut enim ad minim veniam, quis nostrud exercitation ullamco laboris nisi ut aliquip ex ea commodo consequat. Duis aute irure dolor in reprehenderit in voluptate velit esse cillum dolore eu fugiat nulla pariatur. Excepteur sint occaecat cupidatat non proident, sunt in culpa qui officia deserunt mollit anim id est laborum.\\\"<\\/p>\"}},\"10\":{\"type\":\"image\",\"enabled\":\"1\",\"fields\":{\"image\":[\"5\"],\"alignment\":\"right\",\"clear\":\"none\",\"caption\":\"Fancy little image\"}},\"11\":{\"type\":\"text\",\"enabled\":\"1\",\"fields\":{\"text\":\"<p>Lorem <strong>ipsum dolor sit amet<\\/strong>, consectetur adipiscing elit, sed do eiusmod tempor incididunt ut labore et dolore magna aliqua. Ut enim ad minim veniam, quis nostrud exercitation ullamco laboris nisi ut aliquip ex ea commodo consequat. Duis aute irure dolor in reprehenderit in voluptate velit esse cillum dolore eu fugiat nulla pariatur. Excepteur sint occaecat cupidatat non proident, sunt in culpa qui officia deserunt mollit anim id est laborum.\\\"\\r\\n<\\/p><p>Lorem <strong>ipsum dolor sit amet<\\/strong>, consectetur adipiscing elit, sed do eiusmod tempor incididunt ut labore et dolore magna aliqua. Ut enim ad minim veniam, quis nostrud exercitation ullamco laboris nisi ut aliquip ex ea commodo consequat. Duis aute irure dolor in reprehenderit in voluptate velit esse cillum dolore eu fugiat nulla pariatur. Excepteur sint occaecat cupidatat non proident, sunt in culpa qui officia deserunt mollit anim id est laborum.\\\" Lorem <strong>ipsum dolor sit amet<\\/strong>, consectetur adipiscing elit, sed do eiusmod tempor incididunt ut labore et dolore magna aliqua. Ut enim ad minim veniam, quis nostrud exercitation ullamco laboris nisi ut aliquip ex ea commodo consequat. Duis aute irure dolor in reprehenderit in voluptate velit esse cillum dolore eu fugiat nulla pariatur. Excepteur sint occaecat cupidatat non proident, sunt in culpa qui officia deserunt mollit anim id est laborum.<br>\\r\\n<\\/p><blockquote>commodo consequat. Duis aute irure dolor in reprehenderit in voluptate velit esse cillum dolore eu fugiat nulla pariatur. Excepteur sint occaecat cupidatat non proident, sunt in culpa qui officia deserunt mollit anim id est laborum<\\/blockquote>\"}},\"16\":{\"type\":\"heading\",\"enabled\":\"1\",\"fields\":{\"heading\":\"This should break up the article nicely\",\"headingType\":\"h2\"}},\"12\":{\"type\":\"image\",\"enabled\":\"1\",\"fields\":{\"image\":[\"4\"],\"alignment\":\"left\",\"clear\":\"none\",\"caption\":\"\"}},\"15\":{\"type\":\"text\",\"enabled\":\"1\",\"fields\":{\"text\":\"<p>Lorem <strong>ipsum dolor sit amet<\\/strong>, consectetur adipiscing elit, sed do eiusmod tempor incididunt ut labore et dolore magna aliqua. Ut enim ad minim veniam, quis nostrud exercitation ullamco laboris nisi ut aliquip ex ea commodo consequat. Duis aute irure dolor in reprehenderit in voluptate velit esse cillum dolore eu fugiat nulla pariatur.<br><\\/p>\"}},\"13\":{\"type\":\"image\",\"enabled\":\"1\",\"fields\":{\"image\":[\"6\"],\"alignment\":\"left\",\"clear\":\"both\",\"caption\":\"This caption clearly describes the image in context\"}},\"14\":{\"type\":\"text\",\"enabled\":\"1\",\"fields\":{\"text\":\"<p>Lorem <strong>ipsum dolor sit amet<\\/strong>, consectetur adipiscing elit, sed do eiusmod tempor incididunt ut labore et dolore magna aliqua. Ut enim ad minim veniam, quis nostrud exercitation ullamco laboris nisi ut aliquip ex ea commodo consequat. Duis aute irure dolor in reprehenderit in voluptate velit esse cillum dolore eu fugiat nulla pariatur. Excepteur sint occaecat cupidatat non proident, sunt in culpa qui officia deserunt mollit anim id est laborum.\\\"<\\/p><p>Lorem <strong>ipsum dolor sit amet<\\/strong>, consectetur adipiscing elit, sed do eiusmod tempor incididunt ut labore et dolore magna aliqua. Ut enim ad minim veniam, quis nostrud exercitation ullamco laboris nisi ut aliquip ex ea commodo consequat. Duis aute irure dolor in reprehenderit in voluptate velit esse cillum dolore eu fugiat nulla pariatur. Excepteur sint occaecat cupidatat non proident, sunt in culpa qui officia deserunt mollit anim id est laborum.\\\"<br><\\/p><p>Lorem <strong>ipsum dolor sit amet<\\/strong>, consectetur adipiscing elit, sed do eiusmod tempor incididunt ut labore et dolore magna aliqua. Ut enim ad minim veniam, quis nostrud exercitation ullamco laboris nisi ut aliquip ex ea commodo consequat. Duis aute irure dolor in reprehenderit in voluptate velit esse cillum dolore eu fugiat nulla pariatur. Excepteur sint occaecat cupidatat non proident, sunt in culpa qui officia deserunt mollit anim id est laborum.\\\"<\\/p>\"}},\"17\":{\"type\":\"pullQuote\",\"enabled\":\"1\",\"fields\":{\"pullQuote\":\"Excepteur sint occaecat cupidatat...\",\"alignment\":\"right\"}},\"18\":{\"type\":\"text\",\"enabled\":\"1\",\"fields\":{\"text\":\"<p>Lorem <strong>ipsum dolor sit amet<\\/strong>, consectetur adipiscing elit, sed do eiusmod tempor incididunt ut labore et dolore magna aliqua. Ut enim ad minim veniam, quis nostrud exercitation ullamco laboris nisi ut aliquip ex ea commodo consequat. Duis aute irure dolor in reprehenderit in voluptate velit esse cillum dolore eu fugiat nulla pariatur. Excepteur sint occaecat cupidatat non proident, sunt in culpa qui officia deserunt mollit anim id est laborum.\\\"<\\/p><p>Lorem <strong>ipsum dolor sit amet<\\/strong>, consectetur adipiscing elit, sed do eiusmod tempor incididunt ut labore et dolore magna aliqua. Ut enim ad minim veniam, quis nostrud exercitation ullamco laboris nisi ut aliquip ex ea commodo consequat. Duis aute irure dolor in reprehenderit in voluptate velit esse cillum dolore eu fugiat nulla pariatur. Excepteur sint occaecat cupidatat non proident, sunt in culpa qui officia deserunt mollit anim id est laborum.\\\"<\\/p>\"}},\"19\":{\"type\":\"downloads\",\"enabled\":\"1\",\"fields\":{\"downloads\":[\"6\",\"5\",\"4\"]}}},\"15\":\"John Smith\",\"20\":\"\",\"13\":\"Welcome to Default2016 - titles with <em>emphasis<\\/em> and quotes &ldquo;&rsquo;&rdquo;\",\"23\":[\"6\"],\"24\":[\"5\"],\"21\":\"<p>Lorem ipsum dolor sit amet, consectetur adipiscing elit, sed do eiusmod tempor incididunt ut labore et dolore magna aliqua. Ut enim ad minim veniam, quis nostrud exercitation ullamco laboris nisi ut aliquip ex ea commodo consequat.<\\/p>\",\"2\":\"\",\"19\":\"\"}}', '2015-10-24 12:37:14', '2015-10-24 12:37:14', '1959dbc3-4387-4598-af4d-e711692dff4b');
INSERT INTO `craft_entryversions` (`id`, `entryId`, `sectionId`, `creatorId`, `locale`, `num`, `notes`, `data`, `dateCreated`, `dateUpdated`, `uid`) VALUES ('33', '3', '2', '1', 'en_us', '27', '', '{\"typeId\":\"2\",\"authorId\":\"1\",\"title\":\"Welcome to Default2016\",\"slug\":\"welcome-to-default-2016\",\"postDate\":1445675760,\"expiryDate\":null,\"enabled\":1,\"fields\":{\"1\":{\"9\":{\"type\":\"image\",\"enabled\":\"1\",\"fields\":{\"image\":[\"6\"],\"alignment\":\"full\",\"clear\":\"none\",\"caption\":\"\"}},\"8\":{\"type\":\"text\",\"enabled\":\"1\",\"fields\":{\"text\":\"<p>Lorem <strong>ipsum dolor sit amet<\\/strong>, consectetur adipiscing elit, sed do eiusmod tempor incididunt ut labore et dolore magna aliqua. Ut enim ad minim veniam, quis nostrud exercitation ullamco laboris nisi ut aliquip ex ea commodo consequat. Duis aute irure dolor in reprehenderit in voluptate velit esse cillum dolore eu fugiat nulla pariatur. Excepteur sint occaecat cupidatat non proident, sunt in culpa qui officia deserunt mollit anim id est laborum.\\\"<\\/p>\"}},\"10\":{\"type\":\"image\",\"enabled\":\"1\",\"fields\":{\"image\":[\"5\"],\"alignment\":\"right\",\"clear\":\"none\",\"caption\":\"Fancy little image\"}},\"11\":{\"type\":\"text\",\"enabled\":\"1\",\"fields\":{\"text\":\"<p>Lorem <strong>ipsum dolor sit amet<\\/strong>, consectetur adipiscing elit, sed do eiusmod tempor incididunt ut labore et dolore magna aliqua. Ut enim ad minim veniam, quis nostrud exercitation ullamco laboris nisi ut aliquip ex ea commodo consequat. Duis aute irure dolor in reprehenderit in voluptate velit esse cillum dolore eu fugiat nulla pariatur. Excepteur sint occaecat cupidatat non proident, sunt in culpa qui officia deserunt mollit anim id est laborum.\\\"\\r\\n<\\/p><p>Lorem <strong>ipsum dolor sit amet<\\/strong>, consectetur adipiscing elit, sed do eiusmod tempor incididunt ut labore et dolore magna aliqua. Ut enim ad minim veniam, quis nostrud exercitation ullamco laboris nisi ut aliquip ex ea commodo consequat. Duis aute irure dolor in reprehenderit in voluptate velit esse cillum dolore eu fugiat nulla pariatur. Excepteur sint occaecat cupidatat non proident, sunt in culpa qui officia deserunt mollit anim id est laborum.\\\" Lorem <strong>ipsum dolor sit amet<\\/strong>, consectetur adipiscing elit, sed do eiusmod tempor incididunt ut labore et dolore magna aliqua. Ut enim ad minim veniam, quis nostrud exercitation ullamco laboris nisi ut aliquip ex ea commodo consequat. Duis aute irure dolor in reprehenderit in voluptate velit esse cillum dolore eu fugiat nulla pariatur. Excepteur sint occaecat cupidatat non proident, sunt in culpa qui officia deserunt mollit anim id est laborum.<br>\\r\\n<\\/p><blockquote>commodo consequat. Duis aute irure dolor in reprehenderit in voluptate velit esse cillum dolore eu fugiat nulla pariatur. Excepteur sint occaecat cupidatat non proident, sunt in culpa qui officia deserunt mollit anim id est laborum<\\/blockquote>\"}},\"16\":{\"type\":\"heading\",\"enabled\":\"1\",\"fields\":{\"heading\":\"This should break up the article nicely\",\"headingType\":\"h2\"}},\"12\":{\"type\":\"image\",\"enabled\":\"1\",\"fields\":{\"image\":[\"4\"],\"alignment\":\"left\",\"clear\":\"none\",\"caption\":\"\"}},\"15\":{\"type\":\"text\",\"enabled\":\"1\",\"fields\":{\"text\":\"<p>Lorem <strong>ipsum dolor sit amet<\\/strong>, consectetur adipiscing elit, sed do eiusmod tempor incididunt ut labore et dolore magna aliqua. Ut enim ad minim veniam, quis nostrud exercitation ullamco laboris nisi ut aliquip ex ea commodo consequat. Duis aute irure dolor in reprehenderit in voluptate velit esse cillum dolore eu fugiat nulla pariatur.<br><\\/p>\"}},\"13\":{\"type\":\"image\",\"enabled\":\"1\",\"fields\":{\"image\":[\"6\"],\"alignment\":\"left\",\"clear\":\"both\",\"caption\":\"This caption clearly describes the image in context\"}},\"14\":{\"type\":\"text\",\"enabled\":\"1\",\"fields\":{\"text\":\"<p>Lorem <strong>ipsum dolor sit amet<\\/strong>, consectetur adipiscing elit, sed do eiusmod tempor incididunt ut labore et dolore magna aliqua. Ut enim ad minim veniam, quis nostrud exercitation ullamco laboris nisi ut aliquip ex ea commodo consequat. Duis aute irure dolor in reprehenderit in voluptate velit esse cillum dolore eu fugiat nulla pariatur. Excepteur sint occaecat cupidatat non proident, sunt in culpa qui officia deserunt mollit anim id est laborum.\\\"<\\/p><p>Lorem <strong>ipsum dolor sit amet<\\/strong>, consectetur adipiscing elit, sed do eiusmod tempor incididunt ut labore et dolore magna aliqua. Ut enim ad minim veniam, quis nostrud exercitation ullamco laboris nisi ut aliquip ex ea commodo consequat. Duis aute irure dolor in reprehenderit in voluptate velit esse cillum dolore eu fugiat nulla pariatur. Excepteur sint occaecat cupidatat non proident, sunt in culpa qui officia deserunt mollit anim id est laborum.\\\"<br><\\/p><p>Lorem <strong>ipsum dolor sit amet<\\/strong>, consectetur adipiscing elit, sed do eiusmod tempor incididunt ut labore et dolore magna aliqua. Ut enim ad minim veniam, quis nostrud exercitation ullamco laboris nisi ut aliquip ex ea commodo consequat. Duis aute irure dolor in reprehenderit in voluptate velit esse cillum dolore eu fugiat nulla pariatur. Excepteur sint occaecat cupidatat non proident, sunt in culpa qui officia deserunt mollit anim id est laborum.\\\"<\\/p>\"}},\"17\":{\"type\":\"pullQuote\",\"enabled\":\"1\",\"fields\":{\"pullQuote\":\"Excepteur sint occaecat cupidatat...\",\"alignment\":\"right\"}},\"18\":{\"type\":\"text\",\"enabled\":\"1\",\"fields\":{\"text\":\"<p>Lorem <strong>ipsum dolor sit amet<\\/strong>, consectetur adipiscing elit, sed do eiusmod tempor incididunt ut labore et dolore magna aliqua. Ut enim ad minim veniam, quis nostrud exercitation ullamco laboris nisi ut aliquip ex ea commodo consequat. Duis aute irure dolor in reprehenderit in voluptate velit esse cillum dolore eu fugiat nulla pariatur. Excepteur sint occaecat cupidatat non proident, sunt in culpa qui officia deserunt mollit anim id est laborum.\\\"<\\/p><p>Lorem <strong>ipsum dolor sit amet<\\/strong>, consectetur adipiscing elit, sed do eiusmod tempor incididunt ut labore et dolore magna aliqua. Ut enim ad minim veniam, quis nostrud exercitation ullamco laboris nisi ut aliquip ex ea commodo consequat. Duis aute irure dolor in reprehenderit in voluptate velit esse cillum dolore eu fugiat nulla pariatur. Excepteur sint occaecat cupidatat non proident, sunt in culpa qui officia deserunt mollit anim id est laborum.\\\"<\\/p>\"}},\"19\":{\"type\":\"downloads\",\"enabled\":\"1\",\"fields\":{\"downloads\":[\"6\",\"5\",\"4\"]}}},\"15\":\"John Smith\",\"20\":\"\",\"13\":\"Welcome to Default2016 - titles with <em>emphasis<\\/em> and quotes &ldquo;&rsquo;&rdquo;\",\"23\":[\"6\"],\"24\":[\"5\"],\"21\":\"<p>Lorem ipsum dolor sit amet, consectetur adipiscing elit, sed do eiusmod tempor incididunt ut labore et dolore magna aliqua. Ut enim ad minim veniam, quis nostrud exercitation ullamco laboris nisi ut aliquip ex ea commodo consequat.<\\/p>\",\"2\":\"\",\"19\":\"\"}}', '2015-10-24 12:37:50', '2015-10-24 12:37:50', '49175622-8e8a-4b44-a604-b6ce0a52a8d3');
INSERT INTO `craft_entryversions` (`id`, `entryId`, `sectionId`, `creatorId`, `locale`, `num`, `notes`, `data`, `dateCreated`, `dateUpdated`, `uid`) VALUES ('34', '3', '2', '1', 'en_us', '28', '', '{\"typeId\":\"2\",\"authorId\":\"1\",\"title\":\"Welcome to Default2016\",\"slug\":\"welcome-to-default-2016\",\"postDate\":1445675760,\"expiryDate\":null,\"enabled\":1,\"fields\":{\"1\":{\"9\":{\"type\":\"image\",\"enabled\":\"1\",\"fields\":{\"image\":[\"6\"],\"alignment\":\"full\",\"clear\":\"none\",\"caption\":\"\"}},\"8\":{\"type\":\"text\",\"enabled\":\"1\",\"fields\":{\"text\":\"<p>Lorem <strong>ipsum dolor sit amet<\\/strong>, consectetur adipiscing elit, sed do eiusmod tempor incididunt ut labore et dolore magna aliqua. Ut enim ad minim veniam, quis nostrud exercitation ullamco laboris nisi ut aliquip ex ea commodo consequat. Duis aute irure dolor in reprehenderit in voluptate velit esse cillum dolore eu fugiat nulla pariatur. Excepteur sint occaecat cupidatat non proident, sunt in culpa qui officia deserunt mollit anim id est laborum.\\\"<\\/p>\"}},\"10\":{\"type\":\"image\",\"enabled\":\"1\",\"fields\":{\"image\":[\"5\"],\"alignment\":\"right\",\"clear\":\"none\",\"caption\":\"Fancy little image\"}},\"11\":{\"type\":\"text\",\"enabled\":\"1\",\"fields\":{\"text\":\"<p>Lorem <strong>ipsum dolor sit amet<\\/strong>, consectetur adipiscing elit, sed do eiusmod tempor incididunt ut labore et dolore magna aliqua. Ut enim ad minim veniam, quis nostrud exercitation ullamco laboris nisi ut aliquip ex ea commodo consequat. Duis aute irure dolor in reprehenderit in voluptate velit esse cillum dolore eu fugiat nulla pariatur. Excepteur sint occaecat cupidatat non proident, sunt in culpa qui officia deserunt mollit anim id est laborum.\\\"\\r\\n<\\/p><p>Lorem <strong>ipsum dolor sit amet<\\/strong>, consectetur adipiscing elit, sed do eiusmod tempor incididunt ut labore et dolore magna aliqua. Ut enim ad minim veniam, quis nostrud exercitation ullamco laboris nisi ut aliquip ex ea commodo consequat. Duis aute irure dolor in reprehenderit in voluptate velit esse cillum dolore eu fugiat nulla pariatur. Excepteur sint occaecat cupidatat non proident, sunt in culpa qui officia deserunt mollit anim id est laborum.\\\" Lorem <strong>ipsum dolor sit amet<\\/strong>, consectetur adipiscing elit, sed do eiusmod tempor incididunt ut labore et dolore magna aliqua. Ut enim ad minim veniam, quis nostrud exercitation ullamco laboris nisi ut aliquip ex ea commodo consequat. Duis aute irure dolor in reprehenderit in voluptate velit esse cillum dolore eu fugiat nulla pariatur. Excepteur sint occaecat cupidatat non proident, sunt in culpa qui officia deserunt mollit anim id est laborum.<br>\\r\\n<\\/p><blockquote>commodo consequat. Duis aute irure dolor in reprehenderit in voluptate velit esse cillum dolore eu fugiat nulla pariatur. Excepteur sint occaecat cupidatat non proident, sunt in culpa qui officia deserunt mollit anim id est laborum<\\/blockquote>\"}},\"16\":{\"type\":\"heading\",\"enabled\":\"1\",\"fields\":{\"heading\":\"This should break up the article nicely\",\"headingType\":\"h2\"}},\"12\":{\"type\":\"image\",\"enabled\":\"1\",\"fields\":{\"image\":[\"4\"],\"alignment\":\"left\",\"clear\":\"none\",\"caption\":\"\"}},\"15\":{\"type\":\"text\",\"enabled\":\"1\",\"fields\":{\"text\":\"<p>Lorem <strong>ipsum dolor sit amet<\\/strong>, consectetur adipiscing elit, sed do eiusmod tempor incididunt ut labore et dolore magna aliqua. Ut enim ad minim veniam, quis nostrud exercitation ullamco laboris nisi ut aliquip ex ea commodo consequat. Duis aute irure dolor in reprehenderit in voluptate velit esse cillum dolore eu fugiat nulla pariatur.<br><\\/p>\"}},\"13\":{\"type\":\"image\",\"enabled\":\"1\",\"fields\":{\"image\":[\"6\"],\"alignment\":\"left\",\"clear\":\"both\",\"caption\":\"This caption clearly describes the image in context\"}},\"14\":{\"type\":\"text\",\"enabled\":\"1\",\"fields\":{\"text\":\"<p>Lorem <strong>ipsum dolor sit amet<\\/strong>, consectetur adipiscing elit, sed do eiusmod tempor incididunt ut labore et dolore magna aliqua. Ut enim ad minim veniam, quis nostrud exercitation ullamco laboris nisi ut aliquip ex ea commodo consequat. Duis aute irure dolor in reprehenderit in voluptate velit esse cillum dolore eu fugiat nulla pariatur. Excepteur sint occaecat cupidatat non proident, sunt in culpa qui officia deserunt mollit anim id est laborum.\\\"<\\/p><p>Lorem <strong>ipsum dolor sit amet<\\/strong>, consectetur adipiscing elit, sed do eiusmod tempor incididunt ut labore et dolore magna aliqua. Ut enim ad minim veniam, quis nostrud exercitation ullamco laboris nisi ut aliquip ex ea commodo consequat. Duis aute irure dolor in reprehenderit in voluptate velit esse cillum dolore eu fugiat nulla pariatur. Excepteur sint occaecat cupidatat non proident, sunt in culpa qui officia deserunt mollit anim id est laborum.\\\"<br><\\/p><p>Lorem <strong>ipsum dolor sit amet<\\/strong>, consectetur adipiscing elit, sed do eiusmod tempor incididunt ut labore et dolore magna aliqua. Ut enim ad minim veniam, quis nostrud exercitation ullamco laboris nisi ut aliquip ex ea commodo consequat. Duis aute irure dolor in reprehenderit in voluptate velit esse cillum dolore eu fugiat nulla pariatur. Excepteur sint occaecat cupidatat non proident, sunt in culpa qui officia deserunt mollit anim id est laborum.\\\"<\\/p>\"}},\"17\":{\"type\":\"pullQuote\",\"enabled\":\"1\",\"fields\":{\"pullQuote\":\"Excepteur sint occaecat cupidatat...\",\"alignment\":\"right\"}},\"18\":{\"type\":\"text\",\"enabled\":\"1\",\"fields\":{\"text\":\"<p>Lorem <strong>ipsum dolor sit amet<\\/strong>, consectetur adipiscing elit, sed do eiusmod tempor incididunt ut labore et dolore magna aliqua. Ut enim ad minim veniam, quis nostrud exercitation ullamco laboris nisi ut aliquip ex ea commodo consequat. Duis aute irure dolor in reprehenderit in voluptate velit esse cillum dolore eu fugiat nulla pariatur. Excepteur sint occaecat cupidatat non proident, sunt in culpa qui officia deserunt mollit anim id est laborum.\\\"<\\/p><p>Lorem <strong>ipsum dolor sit amet<\\/strong>, consectetur adipiscing elit, sed do eiusmod tempor incididunt ut labore et dolore magna aliqua. Ut enim ad minim veniam, quis nostrud exercitation ullamco laboris nisi ut aliquip ex ea commodo consequat. Duis aute irure dolor in reprehenderit in voluptate velit esse cillum dolore eu fugiat nulla pariatur. Excepteur sint occaecat cupidatat non proident, sunt in culpa qui officia deserunt mollit anim id est laborum.\\\"<\\/p>\"}},\"19\":{\"type\":\"downloads\",\"enabled\":\"1\",\"fields\":{\"downloads\":[\"6\",\"5\",\"4\"]}}},\"15\":\"John Smith\",\"20\":\"\",\"13\":\"Welcome to Default2016 - titles with <em>emphasis<\\/em> and quote &ldquo;marks&rdquo;\",\"23\":[\"6\"],\"24\":[\"5\"],\"21\":\"<p>Lorem ipsum dolor sit amet, consectetur adipiscing elit, sed do eiusmod tempor incididunt ut labore et dolore magna aliqua. Ut enim ad minim veniam, quis nostrud exercitation ullamco laboris nisi ut aliquip ex ea commodo consequat.<\\/p>\",\"2\":\"\",\"19\":\"\"}}', '2015-10-24 12:53:54', '2015-10-24 12:53:54', '141b3e3f-d73d-4789-94d9-bda6d880ab93');
INSERT INTO `craft_entryversions` (`id`, `entryId`, `sectionId`, `creatorId`, `locale`, `num`, `notes`, `data`, `dateCreated`, `dateUpdated`, `uid`) VALUES ('35', '32', '2', '1', 'en_us', '1', '', '{\"typeId\":null,\"authorId\":\"1\",\"title\":\"Welcome to Default2016\",\"slug\":\"welcome-to-default-2016-1\",\"postDate\":1445675760,\"expiryDate\":null,\"enabled\":1,\"fields\":{\"1\":{\"9\":{\"type\":\"image\",\"enabled\":\"1\",\"fields\":{\"image\":[\"6\"],\"alignment\":\"full\",\"clear\":\"none\",\"caption\":\"\"}},\"8\":{\"type\":\"text\",\"enabled\":\"1\",\"fields\":{\"text\":\"<p>Lorem <strong>ipsum dolor sit amet<\\/strong>, consectetur adipiscing elit, sed do eiusmod tempor incididunt ut labore et dolore magna aliqua. Ut enim ad minim veniam, quis nostrud exercitation ullamco laboris nisi ut aliquip ex ea commodo consequat. Duis aute irure dolor in reprehenderit in voluptate velit esse cillum dolore eu fugiat nulla pariatur. Excepteur sint occaecat cupidatat non proident, sunt in culpa qui officia deserunt mollit anim id est laborum.\\\"<\\/p>\"}},\"10\":{\"type\":\"image\",\"enabled\":\"1\",\"fields\":{\"image\":[\"5\"],\"alignment\":\"right\",\"clear\":\"none\",\"caption\":\"Fancy little image\"}},\"11\":{\"type\":\"text\",\"enabled\":\"1\",\"fields\":{\"text\":\"<p>Lorem <strong>ipsum dolor sit amet<\\/strong>, consectetur adipiscing elit, sed do eiusmod tempor incididunt ut labore et dolore magna aliqua. Ut enim ad minim veniam, quis nostrud exercitation ullamco laboris nisi ut aliquip ex ea commodo consequat. Duis aute irure dolor in reprehenderit in voluptate velit esse cillum dolore eu fugiat nulla pariatur. Excepteur sint occaecat cupidatat non proident, sunt in culpa qui officia deserunt mollit anim id est laborum.\\\"\\r\\n<\\/p><p>Lorem <strong>ipsum dolor sit amet<\\/strong>, consectetur adipiscing elit, sed do eiusmod tempor incididunt ut labore et dolore magna aliqua. Ut enim ad minim veniam, quis nostrud exercitation ullamco laboris nisi ut aliquip ex ea commodo consequat. Duis aute irure dolor in reprehenderit in voluptate velit esse cillum dolore eu fugiat nulla pariatur. Excepteur sint occaecat cupidatat non proident, sunt in culpa qui officia deserunt mollit anim id est laborum.\\\" Lorem <strong>ipsum dolor sit amet<\\/strong>, consectetur adipiscing elit, sed do eiusmod tempor incididunt ut labore et dolore magna aliqua. Ut enim ad minim veniam, quis nostrud exercitation ullamco laboris nisi ut aliquip ex ea commodo consequat. Duis aute irure dolor in reprehenderit in voluptate velit esse cillum dolore eu fugiat nulla pariatur. Excepteur sint occaecat cupidatat non proident, sunt in culpa qui officia deserunt mollit anim id est laborum.<br>\\r\\n<\\/p><blockquote>commodo consequat. Duis aute irure dolor in reprehenderit in voluptate velit esse cillum dolore eu fugiat nulla pariatur. Excepteur sint occaecat cupidatat non proident, sunt in culpa qui officia deserunt mollit anim id est laborum<\\/blockquote>\"}},\"16\":{\"type\":\"heading\",\"enabled\":\"1\",\"fields\":{\"heading\":\"This should break up the article nicely\",\"headingType\":\"h2\"}},\"12\":{\"type\":\"image\",\"enabled\":\"1\",\"fields\":{\"image\":[\"4\"],\"alignment\":\"left\",\"clear\":\"none\",\"caption\":\"\"}},\"15\":{\"type\":\"text\",\"enabled\":\"1\",\"fields\":{\"text\":\"<p>Lorem <strong>ipsum dolor sit amet<\\/strong>, consectetur adipiscing elit, sed do eiusmod tempor incididunt ut labore et dolore magna aliqua. Ut enim ad minim veniam, quis nostrud exercitation ullamco laboris nisi ut aliquip ex ea commodo consequat. Duis aute irure dolor in reprehenderit in voluptate velit esse cillum dolore eu fugiat nulla pariatur.<br><\\/p>\"}},\"13\":{\"type\":\"image\",\"enabled\":\"1\",\"fields\":{\"image\":[\"6\"],\"alignment\":\"left\",\"clear\":\"both\",\"caption\":\"This caption clearly describes the image in context\"}},\"14\":{\"type\":\"text\",\"enabled\":\"1\",\"fields\":{\"text\":\"<p>Lorem <strong>ipsum dolor sit amet<\\/strong>, consectetur adipiscing elit, sed do eiusmod tempor incididunt ut labore et dolore magna aliqua. Ut enim ad minim veniam, quis nostrud exercitation ullamco laboris nisi ut aliquip ex ea commodo consequat. Duis aute irure dolor in reprehenderit in voluptate velit esse cillum dolore eu fugiat nulla pariatur. Excepteur sint occaecat cupidatat non proident, sunt in culpa qui officia deserunt mollit anim id est laborum.\\\"<\\/p><p>Lorem <strong>ipsum dolor sit amet<\\/strong>, consectetur adipiscing elit, sed do eiusmod tempor incididunt ut labore et dolore magna aliqua. Ut enim ad minim veniam, quis nostrud exercitation ullamco laboris nisi ut aliquip ex ea commodo consequat. Duis aute irure dolor in reprehenderit in voluptate velit esse cillum dolore eu fugiat nulla pariatur. Excepteur sint occaecat cupidatat non proident, sunt in culpa qui officia deserunt mollit anim id est laborum.\\\"<br><\\/p><p>Lorem <strong>ipsum dolor sit amet<\\/strong>, consectetur adipiscing elit, sed do eiusmod tempor incididunt ut labore et dolore magna aliqua. Ut enim ad minim veniam, quis nostrud exercitation ullamco laboris nisi ut aliquip ex ea commodo consequat. Duis aute irure dolor in reprehenderit in voluptate velit esse cillum dolore eu fugiat nulla pariatur. Excepteur sint occaecat cupidatat non proident, sunt in culpa qui officia deserunt mollit anim id est laborum.\\\"<\\/p>\"}},\"17\":{\"type\":\"pullQuote\",\"enabled\":\"1\",\"fields\":{\"pullQuote\":\"Excepteur sint occaecat cupidatat...\",\"alignment\":\"right\"}},\"18\":{\"type\":\"text\",\"enabled\":\"1\",\"fields\":{\"text\":\"<p>Lorem <strong>ipsum dolor sit amet<\\/strong>, consectetur adipiscing elit, sed do eiusmod tempor incididunt ut labore et dolore magna aliqua. Ut enim ad minim veniam, quis nostrud exercitation ullamco laboris nisi ut aliquip ex ea commodo consequat. Duis aute irure dolor in reprehenderit in voluptate velit esse cillum dolore eu fugiat nulla pariatur. Excepteur sint occaecat cupidatat non proident, sunt in culpa qui officia deserunt mollit anim id est laborum.\\\"<\\/p><p>Lorem <strong>ipsum dolor sit amet<\\/strong>, consectetur adipiscing elit, sed do eiusmod tempor incididunt ut labore et dolore magna aliqua. Ut enim ad minim veniam, quis nostrud exercitation ullamco laboris nisi ut aliquip ex ea commodo consequat. Duis aute irure dolor in reprehenderit in voluptate velit esse cillum dolore eu fugiat nulla pariatur. Excepteur sint occaecat cupidatat non proident, sunt in culpa qui officia deserunt mollit anim id est laborum.\\\"<\\/p>\"}},\"19\":{\"type\":\"downloads\",\"enabled\":\"1\",\"fields\":{\"downloads\":[\"6\",\"5\",\"4\"]}}},\"15\":\"John Smith\",\"20\":\"\",\"13\":\"Welcome to Default2016 - titles with <em>emphasis<\\/em> and quote &ldquo;marks&rdquo;\",\"23\":[\"6\"],\"24\":[\"5\"],\"21\":\"<p>Lorem ipsum dolor sit amet, consectetur adipiscing elit, sed do eiusmod tempor incididunt ut labore et dolore magna aliqua. Ut enim ad minim veniam, quis nostrud exercitation ullamco laboris nisi ut aliquip ex ea commodo consequat.<\\/p>\",\"2\":\"\",\"19\":\"\"}}', '2015-10-25 10:08:24', '2015-10-25 10:08:24', 'e308181e-7b15-4c21-a6cf-6611f48b7f23');
INSERT INTO `craft_entryversions` (`id`, `entryId`, `sectionId`, `creatorId`, `locale`, `num`, `notes`, `data`, `dateCreated`, `dateUpdated`, `uid`) VALUES ('36', '32', '2', '1', 'en_us', '2', '', '{\"typeId\":\"2\",\"authorId\":\"1\",\"title\":\"Welcome to Default2016 Second News Entry\",\"slug\":\"welcome-to-default-2016-1\",\"postDate\":1445675760,\"expiryDate\":null,\"enabled\":1,\"fields\":{\"1\":{\"33\":{\"type\":\"image\",\"enabled\":\"1\",\"fields\":{\"image\":[\"6\"],\"alignment\":\"full\",\"clear\":\"none\",\"caption\":\"\"}},\"34\":{\"type\":\"text\",\"enabled\":\"1\",\"fields\":{\"text\":\"<p>Lorem <strong>ipsum dolor sit amet<\\/strong>, consectetur adipiscing elit, sed do eiusmod tempor incididunt ut labore et dolore magna aliqua. Ut enim ad minim veniam, quis nostrud exercitation ullamco laboris nisi ut aliquip ex ea commodo consequat. Duis aute irure dolor in reprehenderit in voluptate velit esse cillum dolore eu fugiat nulla pariatur. Excepteur sint occaecat cupidatat non proident, sunt in culpa qui officia deserunt mollit anim id est laborum.\\\"<\\/p>\"}},\"35\":{\"type\":\"image\",\"enabled\":\"1\",\"fields\":{\"image\":[\"5\"],\"alignment\":\"right\",\"clear\":\"none\",\"caption\":\"Fancy little image\"}},\"36\":{\"type\":\"text\",\"enabled\":\"1\",\"fields\":{\"text\":\"<p>Lorem <strong>ipsum dolor sit amet<\\/strong>, consectetur adipiscing elit, sed do eiusmod tempor incididunt ut labore et dolore magna aliqua. Ut enim ad minim veniam, quis nostrud exercitation ullamco laboris nisi ut aliquip ex ea commodo consequat. Duis aute irure dolor in reprehenderit in voluptate velit esse cillum dolore eu fugiat nulla pariatur. Excepteur sint occaecat cupidatat non proident, sunt in culpa qui officia deserunt mollit anim id est laborum.\\\"\\r\\n<\\/p><p>Lorem <strong>ipsum dolor sit amet<\\/strong>, consectetur adipiscing elit, sed do eiusmod tempor incididunt ut labore et dolore magna aliqua. Ut enim ad minim veniam, quis nostrud exercitation ullamco laboris nisi ut aliquip ex ea commodo consequat. Duis aute irure dolor in reprehenderit in voluptate velit esse cillum dolore eu fugiat nulla pariatur. Excepteur sint occaecat cupidatat non proident, sunt in culpa qui officia deserunt mollit anim id est laborum.\\\" Lorem <strong>ipsum dolor sit amet<\\/strong>, consectetur adipiscing elit, sed do eiusmod tempor incididunt ut labore et dolore magna aliqua. Ut enim ad minim veniam, quis nostrud exercitation ullamco laboris nisi ut aliquip ex ea commodo consequat. Duis aute irure dolor in reprehenderit in voluptate velit esse cillum dolore eu fugiat nulla pariatur. Excepteur sint occaecat cupidatat non proident, sunt in culpa qui officia deserunt mollit anim id est laborum.<br>\\r\\n<\\/p><blockquote>commodo consequat. Duis aute irure dolor in reprehenderit in voluptate velit esse cillum dolore eu fugiat nulla pariatur. Excepteur sint occaecat cupidatat non proident, sunt in culpa qui officia deserunt mollit anim id est laborum<\\/blockquote>\"}},\"37\":{\"type\":\"heading\",\"enabled\":\"1\",\"fields\":{\"heading\":\"This should break up the article nicely\",\"headingType\":\"h2\"}},\"38\":{\"type\":\"image\",\"enabled\":\"1\",\"fields\":{\"image\":[\"4\"],\"alignment\":\"left\",\"clear\":\"none\",\"caption\":\"\"}},\"39\":{\"type\":\"text\",\"enabled\":\"1\",\"fields\":{\"text\":\"<p>Lorem <strong>ipsum dolor sit amet<\\/strong>, consectetur adipiscing elit, sed do eiusmod tempor incididunt ut labore et dolore magna aliqua. Ut enim ad minim veniam, quis nostrud exercitation ullamco laboris nisi ut aliquip ex ea commodo consequat. Duis aute irure dolor in reprehenderit in voluptate velit esse cillum dolore eu fugiat nulla pariatur.<br><\\/p>\"}},\"40\":{\"type\":\"image\",\"enabled\":\"1\",\"fields\":{\"image\":[\"6\"],\"alignment\":\"left\",\"clear\":\"both\",\"caption\":\"This caption clearly describes the image in context\"}},\"41\":{\"type\":\"text\",\"enabled\":\"1\",\"fields\":{\"text\":\"<p>Lorem <strong>ipsum dolor sit amet<\\/strong>, consectetur adipiscing elit, sed do eiusmod tempor incididunt ut labore et dolore magna aliqua. Ut enim ad minim veniam, quis nostrud exercitation ullamco laboris nisi ut aliquip ex ea commodo consequat. Duis aute irure dolor in reprehenderit in voluptate velit esse cillum dolore eu fugiat nulla pariatur. Excepteur sint occaecat cupidatat non proident, sunt in culpa qui officia deserunt mollit anim id est laborum.\\\"<\\/p><p>Lorem <strong>ipsum dolor sit amet<\\/strong>, consectetur adipiscing elit, sed do eiusmod tempor incididunt ut labore et dolore magna aliqua. Ut enim ad minim veniam, quis nostrud exercitation ullamco laboris nisi ut aliquip ex ea commodo consequat. Duis aute irure dolor in reprehenderit in voluptate velit esse cillum dolore eu fugiat nulla pariatur. Excepteur sint occaecat cupidatat non proident, sunt in culpa qui officia deserunt mollit anim id est laborum.\\\"<br><\\/p><p>Lorem <strong>ipsum dolor sit amet<\\/strong>, consectetur adipiscing elit, sed do eiusmod tempor incididunt ut labore et dolore magna aliqua. Ut enim ad minim veniam, quis nostrud exercitation ullamco laboris nisi ut aliquip ex ea commodo consequat. Duis aute irure dolor in reprehenderit in voluptate velit esse cillum dolore eu fugiat nulla pariatur. Excepteur sint occaecat cupidatat non proident, sunt in culpa qui officia deserunt mollit anim id est laborum.\\\"<\\/p>\"}},\"42\":{\"type\":\"pullQuote\",\"enabled\":\"1\",\"fields\":{\"pullQuote\":\"Excepteur sint occaecat cupidatat...\",\"alignment\":\"right\"}},\"43\":{\"type\":\"text\",\"enabled\":\"1\",\"fields\":{\"text\":\"<p>Lorem <strong>ipsum dolor sit amet<\\/strong>, consectetur adipiscing elit, sed do eiusmod tempor incididunt ut labore et dolore magna aliqua. Ut enim ad minim veniam, quis nostrud exercitation ullamco laboris nisi ut aliquip ex ea commodo consequat. Duis aute irure dolor in reprehenderit in voluptate velit esse cillum dolore eu fugiat nulla pariatur. Excepteur sint occaecat cupidatat non proident, sunt in culpa qui officia deserunt mollit anim id est laborum.\\\"<\\/p><p>Lorem <strong>ipsum dolor sit amet<\\/strong>, consectetur adipiscing elit, sed do eiusmod tempor incididunt ut labore et dolore magna aliqua. Ut enim ad minim veniam, quis nostrud exercitation ullamco laboris nisi ut aliquip ex ea commodo consequat. Duis aute irure dolor in reprehenderit in voluptate velit esse cillum dolore eu fugiat nulla pariatur. Excepteur sint occaecat cupidatat non proident, sunt in culpa qui officia deserunt mollit anim id est laborum.\\\"<\\/p>\"}},\"44\":{\"type\":\"downloads\",\"enabled\":\"1\",\"fields\":{\"downloads\":[\"6\",\"5\",\"4\"]}}},\"15\":\"John Smith\",\"20\":\"\",\"13\":\"Welcome to Default2016 - titles with <em>emphasis<\\/em> and quote &ldquo;marks&rdquo;\",\"23\":[\"6\"],\"24\":[\"5\"],\"21\":\"<p>Lorem ipsum dolor sit amet, consectetur adipiscing elit, sed do eiusmod tempor incididunt ut labore et dolore magna aliqua. Ut enim ad minim veniam, quis nostrud exercitation ullamco laboris nisi ut aliquip ex ea commodo consequat.<\\/p>\",\"2\":\"\",\"19\":\"\"}}', '2015-10-25 10:08:32', '2015-10-25 10:08:32', 'a3d201a6-a40f-48f9-803c-75e8dfd5eaab');
INSERT INTO `craft_entryversions` (`id`, `entryId`, `sectionId`, `creatorId`, `locale`, `num`, `notes`, `data`, `dateCreated`, `dateUpdated`, `uid`) VALUES ('37', '32', '2', '1', 'en_us', '3', '', '{\"typeId\":\"2\",\"authorId\":\"1\",\"title\":\"Default2016 Second News Entry\",\"slug\":\"welcome-to-default-2016-1\",\"postDate\":1445675760,\"expiryDate\":null,\"enabled\":1,\"fields\":{\"1\":{\"33\":{\"type\":\"image\",\"enabled\":\"1\",\"fields\":{\"image\":[\"6\"],\"alignment\":\"full\",\"clear\":\"none\",\"caption\":\"\"}},\"34\":{\"type\":\"text\",\"enabled\":\"1\",\"fields\":{\"text\":\"<p>Lorem <strong>ipsum dolor sit amet<\\/strong>, consectetur adipiscing elit, sed do eiusmod tempor incididunt ut labore et dolore magna aliqua. Ut enim ad minim veniam, quis nostrud exercitation ullamco laboris nisi ut aliquip ex ea commodo consequat. Duis aute irure dolor in reprehenderit in voluptate velit esse cillum dolore eu fugiat nulla pariatur. Excepteur sint occaecat cupidatat non proident, sunt in culpa qui officia deserunt mollit anim id est laborum.\\\"<\\/p>\"}},\"35\":{\"type\":\"image\",\"enabled\":\"1\",\"fields\":{\"image\":[\"5\"],\"alignment\":\"right\",\"clear\":\"none\",\"caption\":\"Fancy little image\"}},\"36\":{\"type\":\"text\",\"enabled\":\"1\",\"fields\":{\"text\":\"<p>Lorem <strong>ipsum dolor sit amet<\\/strong>, consectetur adipiscing elit, sed do eiusmod tempor incididunt ut labore et dolore magna aliqua. Ut enim ad minim veniam, quis nostrud exercitation ullamco laboris nisi ut aliquip ex ea commodo consequat. Duis aute irure dolor in reprehenderit in voluptate velit esse cillum dolore eu fugiat nulla pariatur. Excepteur sint occaecat cupidatat non proident, sunt in culpa qui officia deserunt mollit anim id est laborum.\\\"\\r\\n<\\/p><p>Lorem <strong>ipsum dolor sit amet<\\/strong>, consectetur adipiscing elit, sed do eiusmod tempor incididunt ut labore et dolore magna aliqua. Ut enim ad minim veniam, quis nostrud exercitation ullamco laboris nisi ut aliquip ex ea commodo consequat. Duis aute irure dolor in reprehenderit in voluptate velit esse cillum dolore eu fugiat nulla pariatur. Excepteur sint occaecat cupidatat non proident, sunt in culpa qui officia deserunt mollit anim id est laborum.\\\" Lorem <strong>ipsum dolor sit amet<\\/strong>, consectetur adipiscing elit, sed do eiusmod tempor incididunt ut labore et dolore magna aliqua. Ut enim ad minim veniam, quis nostrud exercitation ullamco laboris nisi ut aliquip ex ea commodo consequat. Duis aute irure dolor in reprehenderit in voluptate velit esse cillum dolore eu fugiat nulla pariatur. Excepteur sint occaecat cupidatat non proident, sunt in culpa qui officia deserunt mollit anim id est laborum.<br>\\r\\n<\\/p><blockquote>commodo consequat. Duis aute irure dolor in reprehenderit in voluptate velit esse cillum dolore eu fugiat nulla pariatur. Excepteur sint occaecat cupidatat non proident, sunt in culpa qui officia deserunt mollit anim id est laborum<\\/blockquote>\"}},\"37\":{\"type\":\"heading\",\"enabled\":\"1\",\"fields\":{\"heading\":\"This should break up the article nicely\",\"headingType\":\"h2\"}},\"38\":{\"type\":\"image\",\"enabled\":\"1\",\"fields\":{\"image\":[\"4\"],\"alignment\":\"left\",\"clear\":\"none\",\"caption\":\"\"}},\"39\":{\"type\":\"text\",\"enabled\":\"1\",\"fields\":{\"text\":\"<p>Lorem <strong>ipsum dolor sit amet<\\/strong>, consectetur adipiscing elit, sed do eiusmod tempor incididunt ut labore et dolore magna aliqua. Ut enim ad minim veniam, quis nostrud exercitation ullamco laboris nisi ut aliquip ex ea commodo consequat. Duis aute irure dolor in reprehenderit in voluptate velit esse cillum dolore eu fugiat nulla pariatur.<br><\\/p>\"}},\"40\":{\"type\":\"image\",\"enabled\":\"1\",\"fields\":{\"image\":[\"6\"],\"alignment\":\"left\",\"clear\":\"both\",\"caption\":\"This caption clearly describes the image in context\"}},\"41\":{\"type\":\"text\",\"enabled\":\"1\",\"fields\":{\"text\":\"<p>Lorem <strong>ipsum dolor sit amet<\\/strong>, consectetur adipiscing elit, sed do eiusmod tempor incididunt ut labore et dolore magna aliqua. Ut enim ad minim veniam, quis nostrud exercitation ullamco laboris nisi ut aliquip ex ea commodo consequat. Duis aute irure dolor in reprehenderit in voluptate velit esse cillum dolore eu fugiat nulla pariatur. Excepteur sint occaecat cupidatat non proident, sunt in culpa qui officia deserunt mollit anim id est laborum.\\\"<\\/p><p>Lorem <strong>ipsum dolor sit amet<\\/strong>, consectetur adipiscing elit, sed do eiusmod tempor incididunt ut labore et dolore magna aliqua. Ut enim ad minim veniam, quis nostrud exercitation ullamco laboris nisi ut aliquip ex ea commodo consequat. Duis aute irure dolor in reprehenderit in voluptate velit esse cillum dolore eu fugiat nulla pariatur. Excepteur sint occaecat cupidatat non proident, sunt in culpa qui officia deserunt mollit anim id est laborum.\\\"<br><\\/p><p>Lorem <strong>ipsum dolor sit amet<\\/strong>, consectetur adipiscing elit, sed do eiusmod tempor incididunt ut labore et dolore magna aliqua. Ut enim ad minim veniam, quis nostrud exercitation ullamco laboris nisi ut aliquip ex ea commodo consequat. Duis aute irure dolor in reprehenderit in voluptate velit esse cillum dolore eu fugiat nulla pariatur. Excepteur sint occaecat cupidatat non proident, sunt in culpa qui officia deserunt mollit anim id est laborum.\\\"<\\/p>\"}},\"42\":{\"type\":\"pullQuote\",\"enabled\":\"1\",\"fields\":{\"pullQuote\":\"Excepteur sint occaecat cupidatat...\",\"alignment\":\"right\"}},\"43\":{\"type\":\"text\",\"enabled\":\"1\",\"fields\":{\"text\":\"<p>Lorem <strong>ipsum dolor sit amet<\\/strong>, consectetur adipiscing elit, sed do eiusmod tempor incididunt ut labore et dolore magna aliqua. Ut enim ad minim veniam, quis nostrud exercitation ullamco laboris nisi ut aliquip ex ea commodo consequat. Duis aute irure dolor in reprehenderit in voluptate velit esse cillum dolore eu fugiat nulla pariatur. Excepteur sint occaecat cupidatat non proident, sunt in culpa qui officia deserunt mollit anim id est laborum.\\\"<\\/p><p>Lorem <strong>ipsum dolor sit amet<\\/strong>, consectetur adipiscing elit, sed do eiusmod tempor incididunt ut labore et dolore magna aliqua. Ut enim ad minim veniam, quis nostrud exercitation ullamco laboris nisi ut aliquip ex ea commodo consequat. Duis aute irure dolor in reprehenderit in voluptate velit esse cillum dolore eu fugiat nulla pariatur. Excepteur sint occaecat cupidatat non proident, sunt in culpa qui officia deserunt mollit anim id est laborum.\\\"<\\/p>\"}},\"44\":{\"type\":\"downloads\",\"enabled\":\"1\",\"fields\":{\"downloads\":[\"6\",\"5\",\"4\"]}}},\"15\":\"John Smith\",\"20\":\"\",\"13\":\"Default2016 Second News Entry\",\"23\":[\"6\"],\"24\":[\"5\"],\"21\":\"<p>Lorem ipsum dolor sit amet, consectetur adipiscing elit, sed do eiusmod tempor incididunt ut labore et dolore magna aliqua. Ut enim ad minim veniam, quis nostrud exercitation ullamco laboris nisi ut aliquip ex ea commodo consequat.<\\/p>\",\"2\":\"\",\"19\":\"\"}}', '2015-10-25 10:08:41', '2015-10-25 10:08:41', '91c472af-809d-4df2-a95a-4a55c2cd7abe');
INSERT INTO `craft_entryversions` (`id`, `entryId`, `sectionId`, `creatorId`, `locale`, `num`, `notes`, `data`, `dateCreated`, `dateUpdated`, `uid`) VALUES ('38', '32', '2', '1', 'en_us', '4', '', '{\"typeId\":\"2\",\"authorId\":\"1\",\"title\":\"Default2016 Second News Entry\",\"slug\":\"welcome-to-default-2016-1\",\"postDate\":1445762160,\"expiryDate\":null,\"enabled\":1,\"fields\":{\"1\":{\"33\":{\"type\":\"image\",\"enabled\":\"1\",\"fields\":{\"image\":[\"6\"],\"alignment\":\"full\",\"clear\":\"none\",\"caption\":\"\"}},\"34\":{\"type\":\"text\",\"enabled\":\"1\",\"fields\":{\"text\":\"<p>Lorem <strong>ipsum dolor sit amet<\\/strong>, consectetur adipiscing elit, sed do eiusmod tempor incididunt ut labore et dolore magna aliqua. Ut enim ad minim veniam, quis nostrud exercitation ullamco laboris nisi ut aliquip ex ea commodo consequat. Duis aute irure dolor in reprehenderit in voluptate velit esse cillum dolore eu fugiat nulla pariatur. Excepteur sint occaecat cupidatat non proident, sunt in culpa qui officia deserunt mollit anim id est laborum.\\\"<\\/p>\"}},\"35\":{\"type\":\"image\",\"enabled\":\"1\",\"fields\":{\"image\":[\"5\"],\"alignment\":\"right\",\"clear\":\"none\",\"caption\":\"Fancy little image\"}},\"36\":{\"type\":\"text\",\"enabled\":\"1\",\"fields\":{\"text\":\"<p>Lorem <strong>ipsum dolor sit amet<\\/strong>, consectetur adipiscing elit, sed do eiusmod tempor incididunt ut labore et dolore magna aliqua. Ut enim ad minim veniam, quis nostrud exercitation ullamco laboris nisi ut aliquip ex ea commodo consequat. Duis aute irure dolor in reprehenderit in voluptate velit esse cillum dolore eu fugiat nulla pariatur. Excepteur sint occaecat cupidatat non proident, sunt in culpa qui officia deserunt mollit anim id est laborum.\\\"\\r\\n<\\/p><p>Lorem <strong>ipsum dolor sit amet<\\/strong>, consectetur adipiscing elit, sed do eiusmod tempor incididunt ut labore et dolore magna aliqua. Ut enim ad minim veniam, quis nostrud exercitation ullamco laboris nisi ut aliquip ex ea commodo consequat. Duis aute irure dolor in reprehenderit in voluptate velit esse cillum dolore eu fugiat nulla pariatur. Excepteur sint occaecat cupidatat non proident, sunt in culpa qui officia deserunt mollit anim id est laborum.\\\" Lorem <strong>ipsum dolor sit amet<\\/strong>, consectetur adipiscing elit, sed do eiusmod tempor incididunt ut labore et dolore magna aliqua. Ut enim ad minim veniam, quis nostrud exercitation ullamco laboris nisi ut aliquip ex ea commodo consequat. Duis aute irure dolor in reprehenderit in voluptate velit esse cillum dolore eu fugiat nulla pariatur. Excepteur sint occaecat cupidatat non proident, sunt in culpa qui officia deserunt mollit anim id est laborum.<br>\\r\\n<\\/p><blockquote>commodo consequat. Duis aute irure dolor in reprehenderit in voluptate velit esse cillum dolore eu fugiat nulla pariatur. Excepteur sint occaecat cupidatat non proident, sunt in culpa qui officia deserunt mollit anim id est laborum<\\/blockquote>\"}},\"37\":{\"type\":\"heading\",\"enabled\":\"1\",\"fields\":{\"heading\":\"This should break up the article nicely\",\"headingType\":\"h2\"}},\"38\":{\"type\":\"image\",\"enabled\":\"1\",\"fields\":{\"image\":[\"4\"],\"alignment\":\"left\",\"clear\":\"none\",\"caption\":\"\"}},\"39\":{\"type\":\"text\",\"enabled\":\"1\",\"fields\":{\"text\":\"<p>Lorem <strong>ipsum dolor sit amet<\\/strong>, consectetur adipiscing elit, sed do eiusmod tempor incididunt ut labore et dolore magna aliqua. Ut enim ad minim veniam, quis nostrud exercitation ullamco laboris nisi ut aliquip ex ea commodo consequat. Duis aute irure dolor in reprehenderit in voluptate velit esse cillum dolore eu fugiat nulla pariatur.<br><\\/p>\"}},\"40\":{\"type\":\"image\",\"enabled\":\"1\",\"fields\":{\"image\":[\"6\"],\"alignment\":\"left\",\"clear\":\"both\",\"caption\":\"This caption clearly describes the image in context\"}},\"41\":{\"type\":\"text\",\"enabled\":\"1\",\"fields\":{\"text\":\"<p>Lorem <strong>ipsum dolor sit amet<\\/strong>, consectetur adipiscing elit, sed do eiusmod tempor incididunt ut labore et dolore magna aliqua. Ut enim ad minim veniam, quis nostrud exercitation ullamco laboris nisi ut aliquip ex ea commodo consequat. Duis aute irure dolor in reprehenderit in voluptate velit esse cillum dolore eu fugiat nulla pariatur. Excepteur sint occaecat cupidatat non proident, sunt in culpa qui officia deserunt mollit anim id est laborum.\\\"<\\/p><p>Lorem <strong>ipsum dolor sit amet<\\/strong>, consectetur adipiscing elit, sed do eiusmod tempor incididunt ut labore et dolore magna aliqua. Ut enim ad minim veniam, quis nostrud exercitation ullamco laboris nisi ut aliquip ex ea commodo consequat. Duis aute irure dolor in reprehenderit in voluptate velit esse cillum dolore eu fugiat nulla pariatur. Excepteur sint occaecat cupidatat non proident, sunt in culpa qui officia deserunt mollit anim id est laborum.\\\"<br><\\/p><p>Lorem <strong>ipsum dolor sit amet<\\/strong>, consectetur adipiscing elit, sed do eiusmod tempor incididunt ut labore et dolore magna aliqua. Ut enim ad minim veniam, quis nostrud exercitation ullamco laboris nisi ut aliquip ex ea commodo consequat. Duis aute irure dolor in reprehenderit in voluptate velit esse cillum dolore eu fugiat nulla pariatur. Excepteur sint occaecat cupidatat non proident, sunt in culpa qui officia deserunt mollit anim id est laborum.\\\"<\\/p>\"}},\"42\":{\"type\":\"pullQuote\",\"enabled\":\"1\",\"fields\":{\"pullQuote\":\"Excepteur sint occaecat cupidatat...\",\"alignment\":\"right\"}},\"43\":{\"type\":\"text\",\"enabled\":\"1\",\"fields\":{\"text\":\"<p>Lorem <strong>ipsum dolor sit amet<\\/strong>, consectetur adipiscing elit, sed do eiusmod tempor incididunt ut labore et dolore magna aliqua. Ut enim ad minim veniam, quis nostrud exercitation ullamco laboris nisi ut aliquip ex ea commodo consequat. Duis aute irure dolor in reprehenderit in voluptate velit esse cillum dolore eu fugiat nulla pariatur. Excepteur sint occaecat cupidatat non proident, sunt in culpa qui officia deserunt mollit anim id est laborum.\\\"<\\/p><p>Lorem <strong>ipsum dolor sit amet<\\/strong>, consectetur adipiscing elit, sed do eiusmod tempor incididunt ut labore et dolore magna aliqua. Ut enim ad minim veniam, quis nostrud exercitation ullamco laboris nisi ut aliquip ex ea commodo consequat. Duis aute irure dolor in reprehenderit in voluptate velit esse cillum dolore eu fugiat nulla pariatur. Excepteur sint occaecat cupidatat non proident, sunt in culpa qui officia deserunt mollit anim id est laborum.\\\"<\\/p>\"}},\"44\":{\"type\":\"downloads\",\"enabled\":\"1\",\"fields\":{\"downloads\":[\"6\",\"5\",\"4\"]}}},\"15\":\"John Smith\",\"20\":\"\",\"13\":\"Default2016 Second News Entry\",\"23\":[\"6\"],\"24\":[\"5\"],\"21\":\"<p>Lorem ipsum dolor sit amet, consectetur adipiscing elit, sed do eiusmod tempor incididunt ut labore et dolore magna aliqua. Ut enim ad minim veniam, quis nostrud exercitation ullamco laboris nisi ut aliquip ex ea commodo consequat.<\\/p>\",\"2\":\"\",\"19\":\"\"}}', '2015-10-25 10:34:58', '2015-10-25 10:34:58', 'd0bc69ef-6eb4-42b3-891a-6691d8eca2e7');
INSERT INTO `craft_entryversions` (`id`, `entryId`, `sectionId`, `creatorId`, `locale`, `num`, `notes`, `data`, `dateCreated`, `dateUpdated`, `uid`) VALUES ('39', '45', '5', '1', 'en_us', '1', '', '{\"typeId\":\"5\",\"authorId\":\"1\",\"title\":\"Secondary Page\",\"slug\":\"secondary-page\",\"postDate\":1445769871,\"expiryDate\":null,\"enabled\":1,\"fields\":{\"25\":[\"20\"]}}', '2015-10-25 10:44:31', '2015-10-25 10:44:31', '800e8a80-709e-4a6b-99ca-f0dbc94c23ca');
INSERT INTO `craft_entryversions` (`id`, `entryId`, `sectionId`, `creatorId`, `locale`, `num`, `notes`, `data`, `dateCreated`, `dateUpdated`, `uid`) VALUES ('42', '45', '5', '1', 'en_us', '2', '', '{\"typeId\":\"5\",\"authorId\":\"1\",\"title\":\"Secondary Page\",\"slug\":\"secondary-page\",\"postDate\":1445769840,\"expiryDate\":null,\"enabled\":1,\"fields\":{\"25\":[\"20\"]}}', '2015-10-25 13:58:58', '2015-10-25 13:58:58', '389ab123-f206-49e4-9bec-2af30b9f86ae');
INSERT INTO `craft_entryversions` (`id`, `entryId`, `sectionId`, `creatorId`, `locale`, `num`, `notes`, `data`, `dateCreated`, `dateUpdated`, `uid`) VALUES ('43', '47', '4', '1', 'en_us', '1', '', '{\"typeId\":null,\"authorId\":\"1\",\"title\":\"Home Page Slideshow\",\"slug\":\"home-page-slideshow\",\"postDate\":1445782204,\"expiryDate\":null,\"enabled\":1,\"fields\":{\"41\":{\"new1\":{\"type\":\"slide\",\"enabled\":\"1\",\"fields\":{\"image\":[\"6\"],\"caption\":\"The first slide\",\"linkUrl\":\"\"}},\"new2\":{\"type\":\"slide\",\"enabled\":\"1\",\"fields\":{\"image\":[\"5\"],\"caption\":\"The second slide\",\"linkUrl\":\"\"}},\"new3\":{\"type\":\"slide\",\"enabled\":\"1\",\"fields\":{\"image\":[\"4\"],\"caption\":\"The third slide\",\"linkUrl\":\"\"}}}}}', '2015-10-25 14:10:04', '2015-10-25 14:10:04', '32de98b9-63ce-4b25-bee0-e74b83d6468d');
INSERT INTO `craft_entryversions` (`id`, `entryId`, `sectionId`, `creatorId`, `locale`, `num`, `notes`, `data`, `dateCreated`, `dateUpdated`, `uid`) VALUES ('44', '20', '3', '1', 'en_us', '2', '', '{\"typeId\":\"3\",\"authorId\":\"1\",\"title\":\"About us\",\"slug\":\"about-us\",\"postDate\":1445683620,\"expiryDate\":null,\"enabled\":1,\"fields\":{\"1\":{\"new1\":{\"type\":\"relatedPanel\",\"enabled\":\"1\",\"fields\":{\"panel\":[\"47\"]},\"collapsed\":\"\"},\"21\":{\"type\":\"text\",\"enabled\":\"1\",\"fields\":{\"text\":\"<p>Lorem <strong>ipsum dolor sit amet<\\/strong>, consectetur adipiscing elit, sed do eiusmod tempor incididunt ut labore et dolore magna aliqua. Ut enim ad minim veniam, quis nostrud exercitation ullamco laboris nisi ut aliquip ex ea commodo consequat. Duis aute irure dolor in reprehenderit in voluptate velit esse cillum dolore eu fugiat nulla pariatur.<\\/p>\"}}},\"20\":\"\",\"13\":\"About Us\",\"24\":\"\",\"19\":\"\"}}', '2015-10-25 16:26:30', '2015-10-25 16:26:30', 'e7199a78-0484-44e9-b85f-039a22fa70bb');
INSERT INTO `craft_entryversions` (`id`, `entryId`, `sectionId`, `creatorId`, `locale`, `num`, `notes`, `data`, `dateCreated`, `dateUpdated`, `uid`) VALUES ('45', '32', '2', '1', 'en_us', '5', '', '{\"typeId\":\"2\",\"authorId\":\"1\",\"title\":\"Default2016 Second News Entry\",\"slug\":\"welcome-to-default-2016-1\",\"postDate\":1445762160,\"expiryDate\":null,\"enabled\":1,\"fields\":{\"1\":{\"33\":{\"type\":\"image\",\"enabled\":\"1\",\"fields\":{\"image\":[\"6\"],\"alignment\":\"full\",\"clear\":\"none\",\"caption\":\"\"}},\"34\":{\"type\":\"text\",\"enabled\":\"1\",\"fields\":{\"text\":\"<p>Lorem <strong>ipsum dolor sit amet<\\/strong>, consectetur adipiscing elit, sed do eiusmod tempor incididunt ut labore et dolore magna aliqua. Ut enim ad minim veniam, quis nostrud exercitation ullamco laboris nisi ut aliquip ex ea commodo consequat. Duis aute irure dolor in reprehenderit in voluptate velit esse cillum dolore eu fugiat nulla pariatur. Excepteur sint occaecat cupidatat non proident, sunt in culpa qui officia deserunt mollit anim id est laborum.\\\"<\\/p>\"}},\"35\":{\"type\":\"image\",\"enabled\":\"1\",\"fields\":{\"image\":[\"5\"],\"alignment\":\"right\",\"clear\":\"none\",\"caption\":\"Fancy little image\"}},\"36\":{\"type\":\"text\",\"enabled\":\"1\",\"fields\":{\"text\":\"<p>Lorem <strong>ipsum dolor sit amet<\\/strong>, consectetur adipiscing elit, sed do eiusmod tempor incididunt ut labore et dolore magna aliqua. Ut enim ad minim veniam, quis nostrud exercitation ullamco laboris nisi ut aliquip ex ea commodo consequat. Duis aute irure dolor in reprehenderit in voluptate velit esse cillum dolore eu fugiat nulla pariatur. Excepteur sint occaecat cupidatat non proident, sunt in culpa qui officia deserunt mollit anim id est laborum.\\\"\\r\\n<\\/p><p>Lorem <strong>ipsum dolor sit amet<\\/strong>, consectetur adipiscing elit, sed do eiusmod tempor incididunt ut labore et dolore magna aliqua. Ut enim ad minim veniam, quis nostrud exercitation ullamco laboris nisi ut aliquip ex ea commodo consequat. Duis aute irure dolor in reprehenderit in voluptate velit esse cillum dolore eu fugiat nulla pariatur. Excepteur sint occaecat cupidatat non proident, sunt in culpa qui officia deserunt mollit anim id est laborum.\\\" Lorem <strong>ipsum dolor sit amet<\\/strong>, consectetur adipiscing elit, sed do eiusmod tempor incididunt ut labore et dolore magna aliqua. Ut enim ad minim veniam, quis nostrud exercitation ullamco laboris nisi ut aliquip ex ea commodo consequat. Duis aute irure dolor in reprehenderit in voluptate velit esse cillum dolore eu fugiat nulla pariatur. Excepteur sint occaecat cupidatat non proident, sunt in culpa qui officia deserunt mollit anim id est laborum.<br>\\r\\n<\\/p><blockquote>commodo consequat. Duis aute irure dolor in reprehenderit in voluptate velit esse cillum dolore eu fugiat nulla pariatur. Excepteur sint occaecat cupidatat non proident, sunt in culpa qui officia deserunt mollit anim id est laborum<\\/blockquote>\"}},\"37\":{\"type\":\"heading\",\"enabled\":\"1\",\"fields\":{\"heading\":\"This should break up the article nicely\",\"headingType\":\"h2\"}},\"38\":{\"type\":\"image\",\"enabled\":\"1\",\"fields\":{\"image\":[\"4\"],\"alignment\":\"left\",\"clear\":\"none\",\"caption\":\"\"}},\"39\":{\"type\":\"text\",\"enabled\":\"1\",\"fields\":{\"text\":\"<p>Lorem <strong>ipsum dolor sit amet<\\/strong>, consectetur adipiscing elit, sed do eiusmod tempor incididunt ut labore et dolore magna aliqua. Ut enim ad minim veniam, quis nostrud exercitation ullamco laboris nisi ut aliquip ex ea commodo consequat. Duis aute irure dolor in reprehenderit in voluptate velit esse cillum dolore eu fugiat nulla pariatur.<br><\\/p>\"}},\"40\":{\"type\":\"image\",\"enabled\":\"1\",\"fields\":{\"image\":[\"6\"],\"alignment\":\"left\",\"clear\":\"none\",\"caption\":\"This caption clearly describes the image in context\"}},\"41\":{\"type\":\"text\",\"enabled\":\"1\",\"fields\":{\"text\":\"<p>Lorem <strong>ipsum dolor sit amet<\\/strong>, consectetur adipiscing elit, sed do eiusmod tempor incididunt ut labore et dolore magna aliqua. Ut enim ad minim veniam, quis nostrud exercitation ullamco laboris nisi ut aliquip ex ea commodo consequat. Duis aute irure dolor in reprehenderit in voluptate velit esse cillum dolore eu fugiat nulla pariatur. Excepteur sint occaecat cupidatat non proident, sunt in culpa qui officia deserunt mollit anim id est laborum.\\\"<\\/p><p>Lorem <strong>ipsum dolor sit amet<\\/strong>, consectetur adipiscing elit, sed do eiusmod tempor incididunt ut labore et dolore magna aliqua. Ut enim ad minim veniam, quis nostrud exercitation ullamco laboris nisi ut aliquip ex ea commodo consequat. Duis aute irure dolor in reprehenderit in voluptate velit esse cillum dolore eu fugiat nulla pariatur. Excepteur sint occaecat cupidatat non proident, sunt in culpa qui officia deserunt mollit anim id est laborum.\\\"<br><\\/p><p>Lorem <strong>ipsum dolor sit amet<\\/strong>, consectetur adipiscing elit, sed do eiusmod tempor incididunt ut labore et dolore magna aliqua. Ut enim ad minim veniam, quis nostrud exercitation ullamco laboris nisi ut aliquip ex ea commodo consequat. Duis aute irure dolor in reprehenderit in voluptate velit esse cillum dolore eu fugiat nulla pariatur. Excepteur sint occaecat cupidatat non proident, sunt in culpa qui officia deserunt mollit anim id est laborum.\\\"<\\/p>\"}},\"42\":{\"type\":\"pullQuote\",\"enabled\":\"1\",\"fields\":{\"pullQuote\":\"Excepteur sint occaecat cupidatat...\",\"alignment\":\"right\"}},\"43\":{\"type\":\"text\",\"enabled\":\"1\",\"fields\":{\"text\":\"<p>Lorem <strong>ipsum dolor sit amet<\\/strong>, consectetur adipiscing elit, sed do eiusmod tempor incididunt ut labore et dolore magna aliqua. Ut enim ad minim veniam, quis nostrud exercitation ullamco laboris nisi ut aliquip ex ea commodo consequat. Duis aute irure dolor in reprehenderit in voluptate velit esse cillum dolore eu fugiat nulla pariatur. Excepteur sint occaecat cupidatat non proident, sunt in culpa qui officia deserunt mollit anim id est laborum.\\\"<\\/p><p>Lorem <strong>ipsum dolor sit amet<\\/strong>, consectetur adipiscing elit, sed do eiusmod tempor incididunt ut labore et dolore magna aliqua. Ut enim ad minim veniam, quis nostrud exercitation ullamco laboris nisi ut aliquip ex ea commodo consequat. Duis aute irure dolor in reprehenderit in voluptate velit esse cillum dolore eu fugiat nulla pariatur. Excepteur sint occaecat cupidatat non proident, sunt in culpa qui officia deserunt mollit anim id est laborum.\\\"<\\/p>\"}},\"44\":{\"type\":\"downloads\",\"enabled\":\"1\",\"fields\":{\"downloads\":[\"6\",\"5\",\"4\"]}}},\"15\":\"John Smith\",\"20\":\"\",\"13\":\"Default2016 Second News Entry\",\"23\":[\"6\"],\"24\":[\"5\"],\"21\":\"<p>Lorem ipsum dolor sit amet, consectetur adipiscing elit, sed do eiusmod tempor incididunt ut labore et dolore magna aliqua. Ut enim ad minim veniam, quis nostrud exercitation ullamco laboris nisi ut aliquip ex ea commodo consequat.<\\/p>\",\"19\":\"\"}}', '2015-10-26 15:48:10', '2015-10-26 15:48:10', '6218e00d-c3e7-4400-9299-8f50e488816c');
INSERT INTO `craft_entryversions` (`id`, `entryId`, `sectionId`, `creatorId`, `locale`, `num`, `notes`, `data`, `dateCreated`, `dateUpdated`, `uid`) VALUES ('46', '32', '2', '1', 'en_us', '6', '', '{\"typeId\":\"2\",\"authorId\":\"1\",\"title\":\"Default2016 Second News Entry\",\"slug\":\"welcome-to-default-2016-1\",\"postDate\":1445762160,\"expiryDate\":null,\"enabled\":1,\"fields\":{\"1\":{\"33\":{\"type\":\"image\",\"enabled\":\"1\",\"fields\":{\"image\":[\"6\"],\"alignment\":\"full\",\"clear\":\"none\",\"caption\":\"\"}},\"34\":{\"type\":\"text\",\"enabled\":\"1\",\"fields\":{\"text\":\"<p>Lorem <strong>ipsum dolor sit amet<\\/strong>, consectetur adipiscing elit, sed do eiusmod tempor incididunt ut labore et dolore magna aliqua. Ut enim ad minim veniam, quis nostrud exercitation ullamco laboris nisi ut aliquip ex ea commodo consequat. Duis aute irure dolor in reprehenderit in voluptate velit esse cillum dolore eu fugiat nulla pariatur. Excepteur sint occaecat cupidatat non proident, sunt in culpa qui officia deserunt mollit anim id est laborum.\\\"<\\/p>\"}},\"35\":{\"type\":\"image\",\"enabled\":\"1\",\"fields\":{\"image\":[\"5\"],\"alignment\":\"right\",\"clear\":\"none\",\"caption\":\"Fancy little image\"}},\"36\":{\"type\":\"text\",\"enabled\":\"1\",\"fields\":{\"text\":\"<p>Lorem <strong>ipsum dolor sit amet<\\/strong>, consectetur adipiscing elit, sed do eiusmod tempor incididunt ut labore et dolore magna aliqua. Ut enim ad minim veniam, quis nostrud exercitation ullamco laboris nisi ut aliquip ex ea commodo consequat. Duis aute irure dolor in reprehenderit in voluptate velit esse cillum dolore eu fugiat nulla pariatur. Excepteur sint occaecat cupidatat non proident, sunt in culpa qui officia deserunt mollit anim id est laborum.\\\"\\r\\n<\\/p><p>Lorem <strong>ipsum dolor sit amet<\\/strong>, consectetur adipiscing elit, sed do eiusmod tempor incididunt ut labore et dolore magna aliqua. Ut enim ad minim veniam, quis nostrud exercitation ullamco laboris nisi ut aliquip ex ea commodo consequat. Duis aute irure dolor in reprehenderit in voluptate velit esse cillum dolore eu fugiat nulla pariatur. Excepteur sint occaecat cupidatat non proident, sunt in culpa qui officia deserunt mollit anim id est laborum.\\\" Lorem <strong>ipsum dolor sit amet<\\/strong>, consectetur adipiscing elit, sed do eiusmod tempor incididunt ut labore et dolore magna aliqua. Ut enim ad minim veniam, quis nostrud exercitation ullamco laboris nisi ut aliquip ex ea commodo consequat. Duis aute irure dolor in reprehenderit in voluptate velit esse cillum dolore eu fugiat nulla pariatur. Excepteur sint occaecat cupidatat non proident, sunt in culpa qui officia deserunt mollit anim id est laborum.<br>\\r\\n<\\/p><blockquote>commodo consequat. Duis aute irure dolor in reprehenderit in voluptate velit esse cillum dolore eu fugiat nulla pariatur. Excepteur sint occaecat cupidatat non proident, sunt in culpa qui officia deserunt mollit anim id est laborum<\\/blockquote>\"}},\"37\":{\"type\":\"heading\",\"enabled\":\"1\",\"fields\":{\"heading\":\"This should break up the article nicely\",\"headingType\":\"h2\"}},\"38\":{\"type\":\"image\",\"enabled\":\"1\",\"fields\":{\"image\":[\"4\"],\"alignment\":\"left\",\"clear\":\"none\",\"caption\":\"\"}},\"39\":{\"type\":\"text\",\"enabled\":\"1\",\"fields\":{\"text\":\"<p>Lorem <strong>ipsum dolor sit amet<\\/strong>, consectetur adipiscing elit, sed do eiusmod tempor incididunt ut labore et dolore magna aliqua. Ut enim ad minim veniam, quis nostrud exercitation ullamco laboris nisi ut aliquip ex ea commodo consequat. Duis aute irure dolor in reprehenderit in voluptate velit esse cillum dolore eu fugiat nulla pariatur.<br><\\/p>\"}},\"40\":{\"type\":\"image\",\"enabled\":\"1\",\"fields\":{\"image\":[\"6\"],\"alignment\":\"left\",\"clear\":\"both\",\"caption\":\"This caption clearly describes the image in context\"}},\"41\":{\"type\":\"text\",\"enabled\":\"1\",\"fields\":{\"text\":\"<p>Lorem <strong>ipsum dolor sit amet<\\/strong>, consectetur adipiscing elit, sed do eiusmod tempor incididunt ut labore et dolore magna aliqua. Ut enim ad minim veniam, quis nostrud exercitation ullamco laboris nisi ut aliquip ex ea commodo consequat. Duis aute irure dolor in reprehenderit in voluptate velit esse cillum dolore eu fugiat nulla pariatur. Excepteur sint occaecat cupidatat non proident, sunt in culpa qui officia deserunt mollit anim id est laborum.\\\"<\\/p><p>Lorem <strong>ipsum dolor sit amet<\\/strong>, consectetur adipiscing elit, sed do eiusmod tempor incididunt ut labore et dolore magna aliqua. Ut enim ad minim veniam, quis nostrud exercitation ullamco laboris nisi ut aliquip ex ea commodo consequat. Duis aute irure dolor in reprehenderit in voluptate velit esse cillum dolore eu fugiat nulla pariatur. Excepteur sint occaecat cupidatat non proident, sunt in culpa qui officia deserunt mollit anim id est laborum.\\\"<br><\\/p><p>Lorem <strong>ipsum dolor sit amet<\\/strong>, consectetur adipiscing elit, sed do eiusmod tempor incididunt ut labore et dolore magna aliqua. Ut enim ad minim veniam, quis nostrud exercitation ullamco laboris nisi ut aliquip ex ea commodo consequat. Duis aute irure dolor in reprehenderit in voluptate velit esse cillum dolore eu fugiat nulla pariatur. Excepteur sint occaecat cupidatat non proident, sunt in culpa qui officia deserunt mollit anim id est laborum.\\\"<\\/p>\"}},\"42\":{\"type\":\"pullQuote\",\"enabled\":\"1\",\"fields\":{\"pullQuote\":\"Excepteur sint occaecat cupidatat...\",\"alignment\":\"right\"}},\"43\":{\"type\":\"text\",\"enabled\":\"1\",\"fields\":{\"text\":\"<p>Lorem <strong>ipsum dolor sit amet<\\/strong>, consectetur adipiscing elit, sed do eiusmod tempor incididunt ut labore et dolore magna aliqua. Ut enim ad minim veniam, quis nostrud exercitation ullamco laboris nisi ut aliquip ex ea commodo consequat. Duis aute irure dolor in reprehenderit in voluptate velit esse cillum dolore eu fugiat nulla pariatur. Excepteur sint occaecat cupidatat non proident, sunt in culpa qui officia deserunt mollit anim id est laborum.\\\"<\\/p><p>Lorem <strong>ipsum dolor sit amet<\\/strong>, consectetur adipiscing elit, sed do eiusmod tempor incididunt ut labore et dolore magna aliqua. Ut enim ad minim veniam, quis nostrud exercitation ullamco laboris nisi ut aliquip ex ea commodo consequat. Duis aute irure dolor in reprehenderit in voluptate velit esse cillum dolore eu fugiat nulla pariatur. Excepteur sint occaecat cupidatat non proident, sunt in culpa qui officia deserunt mollit anim id est laborum.\\\"<\\/p>\"}},\"44\":{\"type\":\"downloads\",\"enabled\":\"1\",\"fields\":{\"downloads\":[\"6\",\"5\",\"4\"]}}},\"15\":\"John Smith\",\"20\":\"\",\"13\":\"Default2016 Second News Entry\",\"23\":[\"6\"],\"24\":[\"5\"],\"21\":\"<p>Lorem ipsum dolor sit amet, consectetur adipiscing elit, sed do eiusmod tempor incididunt ut labore et dolore magna aliqua. Ut enim ad minim veniam, quis nostrud exercitation ullamco laboris nisi ut aliquip ex ea commodo consequat.<\\/p>\",\"19\":\"\"}}', '2015-10-26 15:48:26', '2015-10-26 15:48:26', '758a22cf-bc16-4659-baac-75872bc2fcc4');
INSERT INTO `craft_entryversions` (`id`, `entryId`, `sectionId`, `creatorId`, `locale`, `num`, `notes`, `data`, `dateCreated`, `dateUpdated`, `uid`) VALUES ('47', '20', '3', '1', 'en_us', '3', '', '{\"typeId\":\"3\",\"authorId\":\"1\",\"title\":\"About us\",\"slug\":\"about-us\",\"postDate\":1445683620,\"expiryDate\":null,\"enabled\":1,\"fields\":{\"1\":{\"21\":{\"type\":\"text\",\"enabled\":\"1\",\"fields\":{\"text\":\"<p>Lorem <strong>ipsum dolor sit amet<\\/strong>, consectetur adipiscing elit, sed do eiusmod tempor incididunt ut labore et dolore magna aliqua. Ut enim ad minim veniam, quis nostrud exercitation ullamco laboris nisi ut aliquip ex ea commodo consequat. Duis aute irure dolor in reprehenderit in voluptate velit esse cillum dolore eu fugiat nulla pariatur.<\\/p>\"}},\"51\":{\"type\":\"relatedPanel\",\"enabled\":\"1\",\"fields\":{\"panel\":[\"47\"]}}},\"20\":\"\",\"13\":\"About Us\",\"24\":\"\",\"19\":\"\"}}', '2015-10-26 15:54:41', '2015-10-26 15:54:41', 'a10a8dc5-be8a-461c-bb53-d6fc5bd5655c');



DROP TABLE IF EXISTS `craft_fieldgroups`;


--
-- Schema for table `craft_fieldgroups`
--
CREATE TABLE `craft_fieldgroups` (
  `id` int(11) NOT NULL AUTO_INCREMENT,
  `name` varchar(255) COLLATE utf8_unicode_ci NOT NULL,
  `dateCreated` datetime NOT NULL,
  `dateUpdated` datetime NOT NULL,
  `uid` char(36) COLLATE utf8_unicode_ci NOT NULL DEFAULT '0',
  PRIMARY KEY (`id`),
  UNIQUE KEY `craft_fieldgroups_name_unq_idx` (`name`)
) ENGINE=InnoDB AUTO_INCREMENT=7 DEFAULT CHARSET=utf8 COLLATE=utf8_unicode_ci;

--
-- Data for table `craft_fieldgroups`
--

INSERT INTO `craft_fieldgroups` (`id`, `name`, `dateCreated`, `dateUpdated`, `uid`) VALUES ('1', 'Content Fields', '2015-10-24 08:36:38', '2015-10-25 14:07:59', 'e4b7d6e2-9576-44bb-90e1-77bf7e1e73d8');
INSERT INTO `craft_fieldgroups` (`id`, `name`, `dateCreated`, `dateUpdated`, `uid`) VALUES ('2', 'Asset Fields', '2015-10-24 10:30:13', '2015-10-24 10:30:13', 'baaf4528-99ec-44a3-998a-e4af143ddd26');
INSERT INTO `craft_fieldgroups` (`id`, `name`, `dateCreated`, `dateUpdated`, `uid`) VALUES ('3', 'SEO Fields', '2015-10-24 11:16:32', '2015-10-24 11:16:32', '54ec3a92-c5e5-4a0e-bf6e-9ac094177105');
INSERT INTO `craft_fieldgroups` (`id`, `name`, `dateCreated`, `dateUpdated`, `uid`) VALUES ('4', 'Navigation Fields', '2015-10-24 11:45:13', '2015-10-24 11:45:13', '1cfb0b27-b007-4ee2-933e-725da4211a70');
INSERT INTO `craft_fieldgroups` (`id`, `name`, `dateCreated`, `dateUpdated`, `uid`) VALUES ('5', 'Site Globals', '2015-10-25 08:20:47', '2015-10-25 08:20:47', 'f0ab1776-d6a2-40d6-b39e-74cd27fe0b7c');
INSERT INTO `craft_fieldgroups` (`id`, `name`, `dateCreated`, `dateUpdated`, `uid`) VALUES ('6', 'Panel Fields', '2015-10-25 14:01:38', '2015-10-25 14:01:38', 'f3b6b8a8-b92a-4ee7-b669-6af5a2bc017b');



DROP TABLE IF EXISTS `craft_fieldlayoutfields`;


--
-- Schema for table `craft_fieldlayoutfields`
--
CREATE TABLE `craft_fieldlayoutfields` (
  `id` int(11) NOT NULL AUTO_INCREMENT,
  `layoutId` int(11) NOT NULL,
  `tabId` int(11) NOT NULL,
  `fieldId` int(11) NOT NULL,
  `required` tinyint(1) unsigned NOT NULL DEFAULT '0',
  `sortOrder` tinyint(4) DEFAULT NULL,
  `dateCreated` datetime NOT NULL,
  `dateUpdated` datetime NOT NULL,
  `uid` char(36) COLLATE utf8_unicode_ci NOT NULL DEFAULT '0',
  PRIMARY KEY (`id`),
  UNIQUE KEY `craft_fieldlayoutfields_layoutId_fieldId_unq_idx` (`layoutId`,`fieldId`),
  KEY `craft_fieldlayoutfields_sortOrder_idx` (`sortOrder`),
  KEY `craft_fieldlayoutfields_tabId_fk` (`tabId`),
  KEY `craft_fieldlayoutfields_fieldId_fk` (`fieldId`)
) ENGINE=InnoDB AUTO_INCREMENT=191 DEFAULT CHARSET=utf8 COLLATE=utf8_unicode_ci;

--
-- Data for table `craft_fieldlayoutfields`
--

INSERT INTO `craft_fieldlayoutfields` (`id`, `layoutId`, `tabId`, `fieldId`, `required`, `sortOrder`, `dateCreated`, `dateUpdated`, `uid`) VALUES ('1', '3', '1', '1', '1', '1', '2015-10-24 08:36:38', '2015-10-24 08:36:38', 'd00200e4-6fba-46e2-a136-e7e9ee26815c');
INSERT INTO `craft_fieldlayoutfields` (`id`, `layoutId`, `tabId`, `fieldId`, `required`, `sortOrder`, `dateCreated`, `dateUpdated`, `uid`) VALUES ('95', '61', '56', '16', '0', '1', '2015-10-24 10:30:59', '2015-10-24 10:30:59', '4678fa12-3234-49fd-a6f8-1fe98c4065b0');
INSERT INTO `craft_fieldlayoutfields` (`id`, `layoutId`, `tabId`, `fieldId`, `required`, `sortOrder`, `dateCreated`, `dateUpdated`, `uid`) VALUES ('96', '61', '56', '17', '0', '2', '2015-10-24 10:30:59', '2015-10-24 10:30:59', 'ecf2a62e-476f-46ae-b5f7-3c0f75acd8fb');
INSERT INTO `craft_fieldlayoutfields` (`id`, `layoutId`, `tabId`, `fieldId`, `required`, `sortOrder`, `dateCreated`, `dateUpdated`, `uid`) VALUES ('111', '72', '65', '3', '0', '1', '2015-10-24 10:49:10', '2015-10-24 10:49:10', 'cdb813ae-cca1-4041-a231-fc4a52bb6510');
INSERT INTO `craft_fieldlayoutfields` (`id`, `layoutId`, `tabId`, `fieldId`, `required`, `sortOrder`, `dateCreated`, `dateUpdated`, `uid`) VALUES ('112', '72', '65', '4', '0', '2', '2015-10-24 10:49:10', '2015-10-24 10:49:10', '18e92a19-88c3-45a8-aecc-6df60f6d8581');
INSERT INTO `craft_fieldlayoutfields` (`id`, `layoutId`, `tabId`, `fieldId`, `required`, `sortOrder`, `dateCreated`, `dateUpdated`, `uid`) VALUES ('113', '73', '66', '5', '0', '1', '2015-10-24 10:49:10', '2015-10-24 10:49:10', '6d417985-eaee-4889-b4aa-8f58920caf71');
INSERT INTO `craft_fieldlayoutfields` (`id`, `layoutId`, `tabId`, `fieldId`, `required`, `sortOrder`, `dateCreated`, `dateUpdated`, `uid`) VALUES ('114', '74', '67', '6', '1', '1', '2015-10-24 10:49:10', '2015-10-24 10:49:10', '2a420631-8091-4717-bd25-9a83f37c8bb6');
INSERT INTO `craft_fieldlayoutfields` (`id`, `layoutId`, `tabId`, `fieldId`, `required`, `sortOrder`, `dateCreated`, `dateUpdated`, `uid`) VALUES ('115', '74', '67', '7', '0', '2', '2015-10-24 10:49:10', '2015-10-24 10:49:10', 'e61d89d5-a8c8-4ab0-be87-b9ab99491c16');
INSERT INTO `craft_fieldlayoutfields` (`id`, `layoutId`, `tabId`, `fieldId`, `required`, `sortOrder`, `dateCreated`, `dateUpdated`, `uid`) VALUES ('116', '74', '67', '12', '0', '3', '2015-10-24 10:49:10', '2015-10-24 10:49:10', '1550f64c-a1ec-45ff-ae4f-1a071aab043b');
INSERT INTO `craft_fieldlayoutfields` (`id`, `layoutId`, `tabId`, `fieldId`, `required`, `sortOrder`, `dateCreated`, `dateUpdated`, `uid`) VALUES ('117', '74', '67', '14', '0', '4', '2015-10-24 10:49:10', '2015-10-24 10:49:10', '55f0456c-a0e5-4689-a6db-807992efff48');
INSERT INTO `craft_fieldlayoutfields` (`id`, `layoutId`, `tabId`, `fieldId`, `required`, `sortOrder`, `dateCreated`, `dateUpdated`, `uid`) VALUES ('118', '75', '68', '8', '0', '1', '2015-10-24 10:49:10', '2015-10-24 10:49:10', '3ee78673-dc3d-4bf5-addc-57b09fe47524');
INSERT INTO `craft_fieldlayoutfields` (`id`, `layoutId`, `tabId`, `fieldId`, `required`, `sortOrder`, `dateCreated`, `dateUpdated`, `uid`) VALUES ('119', '76', '69', '9', '0', '1', '2015-10-24 10:49:10', '2015-10-24 10:49:10', '94730a3c-106a-4497-a877-5198dfa4f3e9');
INSERT INTO `craft_fieldlayoutfields` (`id`, `layoutId`, `tabId`, `fieldId`, `required`, `sortOrder`, `dateCreated`, `dateUpdated`, `uid`) VALUES ('120', '77', '70', '10', '0', '1', '2015-10-24 10:49:10', '2015-10-24 10:49:10', '94346455-04c0-459a-8274-2396d4ccb9ec');
INSERT INTO `craft_fieldlayoutfields` (`id`, `layoutId`, `tabId`, `fieldId`, `required`, `sortOrder`, `dateCreated`, `dateUpdated`, `uid`) VALUES ('121', '77', '70', '11', '0', '2', '2015-10-24 10:49:10', '2015-10-24 10:49:10', '9bd5a395-bc33-4e9a-999a-4e1594268b4f');
INSERT INTO `craft_fieldlayoutfields` (`id`, `layoutId`, `tabId`, `fieldId`, `required`, `sortOrder`, `dateCreated`, `dateUpdated`, `uid`) VALUES ('122', '78', '71', '18', '0', '1', '2015-10-24 10:49:10', '2015-10-24 10:49:10', 'cfb62ffa-8089-4a18-a917-c3a68ea15742');
INSERT INTO `craft_fieldlayoutfields` (`id`, `layoutId`, `tabId`, `fieldId`, `required`, `sortOrder`, `dateCreated`, `dateUpdated`, `uid`) VALUES ('142', '82', '76', '13', '1', '1', '2015-10-24 11:33:41', '2015-10-24 11:33:41', 'bd5b33a9-6e5e-4684-91c5-b933dfa8630e');
INSERT INTO `craft_fieldlayoutfields` (`id`, `layoutId`, `tabId`, `fieldId`, `required`, `sortOrder`, `dateCreated`, `dateUpdated`, `uid`) VALUES ('143', '82', '76', '15', '0', '2', '2015-10-24 11:33:41', '2015-10-24 11:33:41', '79c513af-db03-4825-8ed2-1584696947e4');
INSERT INTO `craft_fieldlayoutfields` (`id`, `layoutId`, `tabId`, `fieldId`, `required`, `sortOrder`, `dateCreated`, `dateUpdated`, `uid`) VALUES ('144', '82', '76', '23', '0', '3', '2015-10-24 11:33:41', '2015-10-24 11:33:41', 'ef7f9a2c-a366-49fa-a8dc-af15101afa0f');
INSERT INTO `craft_fieldlayoutfields` (`id`, `layoutId`, `tabId`, `fieldId`, `required`, `sortOrder`, `dateCreated`, `dateUpdated`, `uid`) VALUES ('145', '82', '76', '21', '0', '4', '2015-10-24 11:33:41', '2015-10-24 11:33:41', 'a8b46841-7453-47b8-b71f-73b54d4232a8');
INSERT INTO `craft_fieldlayoutfields` (`id`, `layoutId`, `tabId`, `fieldId`, `required`, `sortOrder`, `dateCreated`, `dateUpdated`, `uid`) VALUES ('146', '82', '76', '1', '1', '5', '2015-10-24 11:33:41', '2015-10-24 11:33:41', '50876fef-a7dd-4777-8a1e-9e2fa711c22a');
INSERT INTO `craft_fieldlayoutfields` (`id`, `layoutId`, `tabId`, `fieldId`, `required`, `sortOrder`, `dateCreated`, `dateUpdated`, `uid`) VALUES ('148', '82', '77', '19', '0', '1', '2015-10-24 11:33:41', '2015-10-24 11:33:41', '00e965a8-25e1-48cb-a05f-84a3869fb761');
INSERT INTO `craft_fieldlayoutfields` (`id`, `layoutId`, `tabId`, `fieldId`, `required`, `sortOrder`, `dateCreated`, `dateUpdated`, `uid`) VALUES ('149', '82', '77', '20', '0', '2', '2015-10-24 11:33:41', '2015-10-24 11:33:41', 'a7405379-a629-402e-a662-402ef9e8dd56');
INSERT INTO `craft_fieldlayoutfields` (`id`, `layoutId`, `tabId`, `fieldId`, `required`, `sortOrder`, `dateCreated`, `dateUpdated`, `uid`) VALUES ('150', '82', '77', '24', '0', '3', '2015-10-24 11:33:41', '2015-10-24 11:33:41', '679bd014-d25c-4ca2-9fa5-202292f745a4');
INSERT INTO `craft_fieldlayoutfields` (`id`, `layoutId`, `tabId`, `fieldId`, `required`, `sortOrder`, `dateCreated`, `dateUpdated`, `uid`) VALUES ('152', '87', '79', '25', '0', '1', '2015-10-24 11:47:23', '2015-10-24 11:47:23', 'eee0ed1d-b709-4b69-8ef9-d2b7461ccb83');
INSERT INTO `craft_fieldlayoutfields` (`id`, `layoutId`, `tabId`, `fieldId`, `required`, `sortOrder`, `dateCreated`, `dateUpdated`, `uid`) VALUES ('154', '89', '81', '26', '0', '1', '2015-10-24 11:47:46', '2015-10-24 11:47:46', '555db83b-259a-4968-ad65-30395913ddb5');
INSERT INTO `craft_fieldlayoutfields` (`id`, `layoutId`, `tabId`, `fieldId`, `required`, `sortOrder`, `dateCreated`, `dateUpdated`, `uid`) VALUES ('155', '90', '82', '13', '0', '1', '2015-10-24 11:54:54', '2015-10-24 11:54:54', 'ce1a1176-06f1-4617-8163-41fbe16a361e');
INSERT INTO `craft_fieldlayoutfields` (`id`, `layoutId`, `tabId`, `fieldId`, `required`, `sortOrder`, `dateCreated`, `dateUpdated`, `uid`) VALUES ('156', '90', '82', '1', '0', '2', '2015-10-24 11:54:54', '2015-10-24 11:54:54', '524f1e62-9600-4237-8e76-15c00e72e014');
INSERT INTO `craft_fieldlayoutfields` (`id`, `layoutId`, `tabId`, `fieldId`, `required`, `sortOrder`, `dateCreated`, `dateUpdated`, `uid`) VALUES ('157', '90', '83', '19', '0', '1', '2015-10-24 11:54:54', '2015-10-24 11:54:54', 'a30572e0-6e66-4554-9b20-520e29d9260f');
INSERT INTO `craft_fieldlayoutfields` (`id`, `layoutId`, `tabId`, `fieldId`, `required`, `sortOrder`, `dateCreated`, `dateUpdated`, `uid`) VALUES ('158', '90', '83', '20', '0', '2', '2015-10-24 11:54:54', '2015-10-24 11:54:54', 'fe443513-21ff-4b1e-a4f2-ffe7d290d169');
INSERT INTO `craft_fieldlayoutfields` (`id`, `layoutId`, `tabId`, `fieldId`, `required`, `sortOrder`, `dateCreated`, `dateUpdated`, `uid`) VALUES ('159', '90', '83', '24', '0', '3', '2015-10-24 11:54:54', '2015-10-24 11:54:54', '36c6ef96-7030-42db-b78e-e4e80ef31a40');
INSERT INTO `craft_fieldlayoutfields` (`id`, `layoutId`, `tabId`, `fieldId`, `required`, `sortOrder`, `dateCreated`, `dateUpdated`, `uid`) VALUES ('167', '95', '87', '27', '0', '1', '2015-10-25 08:57:07', '2015-10-25 08:57:07', 'eeebe3d4-82a0-4e42-a840-13531dfeb38f');
INSERT INTO `craft_fieldlayoutfields` (`id`, `layoutId`, `tabId`, `fieldId`, `required`, `sortOrder`, `dateCreated`, `dateUpdated`, `uid`) VALUES ('168', '95', '87', '32', '0', '2', '2015-10-25 08:57:07', '2015-10-25 08:57:07', '902d157c-9ed7-417d-8f26-4fcec7bc83a4');
INSERT INTO `craft_fieldlayoutfields` (`id`, `layoutId`, `tabId`, `fieldId`, `required`, `sortOrder`, `dateCreated`, `dateUpdated`, `uid`) VALUES ('169', '95', '87', '28', '0', '3', '2015-10-25 08:57:07', '2015-10-25 08:57:07', '9271056a-d799-47e2-a860-3ce379f499e3');
INSERT INTO `craft_fieldlayoutfields` (`id`, `layoutId`, `tabId`, `fieldId`, `required`, `sortOrder`, `dateCreated`, `dateUpdated`, `uid`) VALUES ('170', '95', '87', '40', '0', '4', '2015-10-25 08:57:07', '2015-10-25 08:57:07', '3d23f1b1-d374-4b1b-a064-48b396d6fcf2');
INSERT INTO `craft_fieldlayoutfields` (`id`, `layoutId`, `tabId`, `fieldId`, `required`, `sortOrder`, `dateCreated`, `dateUpdated`, `uid`) VALUES ('171', '95', '87', '37', '0', '5', '2015-10-25 08:57:07', '2015-10-25 08:57:07', 'e12f54b1-94e3-4fa8-98d9-9079cec9ec51');
INSERT INTO `craft_fieldlayoutfields` (`id`, `layoutId`, `tabId`, `fieldId`, `required`, `sortOrder`, `dateCreated`, `dateUpdated`, `uid`) VALUES ('172', '95', '87', '33', '0', '6', '2015-10-25 08:57:07', '2015-10-25 08:57:07', '35e3f9be-14fc-4bc8-bff2-58853281df69');
INSERT INTO `craft_fieldlayoutfields` (`id`, `layoutId`, `tabId`, `fieldId`, `required`, `sortOrder`, `dateCreated`, `dateUpdated`, `uid`) VALUES ('178', '98', '90', '38', '0', '1', '2015-10-25 09:18:51', '2015-10-25 09:18:51', 'b46079e8-e8bd-4f7d-9a29-9584318dce75');
INSERT INTO `craft_fieldlayoutfields` (`id`, `layoutId`, `tabId`, `fieldId`, `required`, `sortOrder`, `dateCreated`, `dateUpdated`, `uid`) VALUES ('179', '98', '90', '39', '0', '2', '2015-10-25 09:18:51', '2015-10-25 09:18:51', '9cb5d955-20a9-4ae8-840d-aee9658f6cff');
INSERT INTO `craft_fieldlayoutfields` (`id`, `layoutId`, `tabId`, `fieldId`, `required`, `sortOrder`, `dateCreated`, `dateUpdated`, `uid`) VALUES ('180', '99', '91', '34', '0', '1', '2015-10-25 09:23:48', '2015-10-25 09:23:48', '478396c8-d861-4a6a-8578-ba834bb73119');
INSERT INTO `craft_fieldlayoutfields` (`id`, `layoutId`, `tabId`, `fieldId`, `required`, `sortOrder`, `dateCreated`, `dateUpdated`, `uid`) VALUES ('181', '99', '91', '35', '0', '2', '2015-10-25 09:23:48', '2015-10-25 09:23:48', '4eb15ab0-ef34-4b36-b54e-c18fda418517');
INSERT INTO `craft_fieldlayoutfields` (`id`, `layoutId`, `tabId`, `fieldId`, `required`, `sortOrder`, `dateCreated`, `dateUpdated`, `uid`) VALUES ('182', '99', '91', '36', '0', '3', '2015-10-25 09:23:48', '2015-10-25 09:23:48', '31ce4de0-a34b-4c96-9d5e-01b57be439e4');
INSERT INTO `craft_fieldlayoutfields` (`id`, `layoutId`, `tabId`, `fieldId`, `required`, `sortOrder`, `dateCreated`, `dateUpdated`, `uid`) VALUES ('187', '103', '94', '41', '0', '1', '2015-10-25 14:08:55', '2015-10-25 14:08:55', '0c5c1e9d-a0c9-41f4-9267-a60ce3c589fa');
INSERT INTO `craft_fieldlayoutfields` (`id`, `layoutId`, `tabId`, `fieldId`, `required`, `sortOrder`, `dateCreated`, `dateUpdated`, `uid`) VALUES ('188', '104', '95', '42', '0', '1', '2015-10-25 14:09:23', '2015-10-25 14:09:23', 'e2f5fa48-0f58-47eb-ab95-cd0de862293d');
INSERT INTO `craft_fieldlayoutfields` (`id`, `layoutId`, `tabId`, `fieldId`, `required`, `sortOrder`, `dateCreated`, `dateUpdated`, `uid`) VALUES ('189', '104', '95', '43', '0', '2', '2015-10-25 14:09:23', '2015-10-25 14:09:23', '09546ef4-98bd-45e9-9637-e4dc01f70fc2');
INSERT INTO `craft_fieldlayoutfields` (`id`, `layoutId`, `tabId`, `fieldId`, `required`, `sortOrder`, `dateCreated`, `dateUpdated`, `uid`) VALUES ('190', '104', '95', '44', '0', '3', '2015-10-25 14:09:23', '2015-10-25 14:09:23', 'be8c9ea9-894a-4619-872a-48e3b315509e');



DROP TABLE IF EXISTS `craft_fieldlayouts`;


--
-- Schema for table `craft_fieldlayouts`
--
CREATE TABLE `craft_fieldlayouts` (
  `id` int(11) NOT NULL AUTO_INCREMENT,
  `type` varchar(150) COLLATE utf8_unicode_ci NOT NULL,
  `dateCreated` datetime NOT NULL,
  `dateUpdated` datetime NOT NULL,
  `uid` char(36) COLLATE utf8_unicode_ci NOT NULL DEFAULT '0',
  PRIMARY KEY (`id`),
  KEY `craft_fieldlayouts_type_idx` (`type`)
) ENGINE=InnoDB AUTO_INCREMENT=105 DEFAULT CHARSET=utf8 COLLATE=utf8_unicode_ci;

--
-- Data for table `craft_fieldlayouts`
--

INSERT INTO `craft_fieldlayouts` (`id`, `type`, `dateCreated`, `dateUpdated`, `uid`) VALUES ('1', 'Tag', '2015-10-24 08:36:38', '2015-10-24 08:36:38', '99531a0d-8ae1-4cee-835f-b4f7c799cff2');
INSERT INTO `craft_fieldlayouts` (`id`, `type`, `dateCreated`, `dateUpdated`, `uid`) VALUES ('3', 'Entry', '2015-10-24 08:36:38', '2015-10-24 08:36:38', '5b34c601-cfff-441a-9a44-3ad110ffe86b');
INSERT INTO `craft_fieldlayouts` (`id`, `type`, `dateCreated`, `dateUpdated`, `uid`) VALUES ('61', 'Asset', '2015-10-24 10:30:59', '2015-10-24 10:30:59', '44d2a8c9-5ce7-4690-bc44-33d1b778bef6');
INSERT INTO `craft_fieldlayouts` (`id`, `type`, `dateCreated`, `dateUpdated`, `uid`) VALUES ('72', 'MatrixBlock', '2015-10-24 10:49:10', '2015-10-24 10:49:10', '0d36fdd9-4dab-4015-b790-70e3f69e206a');
INSERT INTO `craft_fieldlayouts` (`id`, `type`, `dateCreated`, `dateUpdated`, `uid`) VALUES ('73', 'MatrixBlock', '2015-10-24 10:49:10', '2015-10-24 10:49:10', '14293e49-365a-491a-ad04-c6c247d77646');
INSERT INTO `craft_fieldlayouts` (`id`, `type`, `dateCreated`, `dateUpdated`, `uid`) VALUES ('74', 'MatrixBlock', '2015-10-24 10:49:10', '2015-10-24 10:49:10', '1000afae-0998-4704-906c-9188a832ecac');
INSERT INTO `craft_fieldlayouts` (`id`, `type`, `dateCreated`, `dateUpdated`, `uid`) VALUES ('75', 'MatrixBlock', '2015-10-24 10:49:10', '2015-10-24 10:49:10', '3954d349-b3c1-4982-9437-974bc7eacbc3');
INSERT INTO `craft_fieldlayouts` (`id`, `type`, `dateCreated`, `dateUpdated`, `uid`) VALUES ('76', 'MatrixBlock', '2015-10-24 10:49:10', '2015-10-24 10:49:10', 'dee42954-e534-4cee-8c6f-26fd6acecd18');
INSERT INTO `craft_fieldlayouts` (`id`, `type`, `dateCreated`, `dateUpdated`, `uid`) VALUES ('77', 'MatrixBlock', '2015-10-24 10:49:10', '2015-10-24 10:49:10', '9bb90148-ae48-46d1-a998-583870650310');
INSERT INTO `craft_fieldlayouts` (`id`, `type`, `dateCreated`, `dateUpdated`, `uid`) VALUES ('78', 'MatrixBlock', '2015-10-24 10:49:10', '2015-10-24 10:49:10', '0ab77486-0c4e-43c3-baa5-670a12088dd9');
INSERT INTO `craft_fieldlayouts` (`id`, `type`, `dateCreated`, `dateUpdated`, `uid`) VALUES ('82', 'Entry', '2015-10-24 11:33:41', '2015-10-24 11:33:41', 'd9048a44-fa83-433e-9d9c-f4722e99fec0');
INSERT INTO `craft_fieldlayouts` (`id`, `type`, `dateCreated`, `dateUpdated`, `uid`) VALUES ('87', 'Entry', '2015-10-24 11:47:23', '2015-10-24 11:47:23', '6e86cce9-8b23-4075-8967-45cdc9cfd545');
INSERT INTO `craft_fieldlayouts` (`id`, `type`, `dateCreated`, `dateUpdated`, `uid`) VALUES ('89', 'Entry', '2015-10-24 11:47:46', '2015-10-24 11:47:46', 'b12c1326-ce28-41b1-9b8c-f9f8cced55eb');
INSERT INTO `craft_fieldlayouts` (`id`, `type`, `dateCreated`, `dateUpdated`, `uid`) VALUES ('90', 'Entry', '2015-10-24 11:54:54', '2015-10-24 11:54:54', 'd5608031-8bda-4125-8def-6268150961ca');
INSERT INTO `craft_fieldlayouts` (`id`, `type`, `dateCreated`, `dateUpdated`, `uid`) VALUES ('95', 'GlobalSet', '2015-10-25 08:57:07', '2015-10-25 08:57:07', 'afef8428-d5a5-402f-8ad5-c7079ae8d740');
INSERT INTO `craft_fieldlayouts` (`id`, `type`, `dateCreated`, `dateUpdated`, `uid`) VALUES ('98', 'MatrixBlock', '2015-10-25 09:18:51', '2015-10-25 09:18:51', '10d0c52f-fbeb-4636-b4c6-60015b694774');
INSERT INTO `craft_fieldlayouts` (`id`, `type`, `dateCreated`, `dateUpdated`, `uid`) VALUES ('99', 'MatrixBlock', '2015-10-25 09:23:48', '2015-10-25 09:23:48', '3101621e-31b4-4936-aa7e-9c50c11a60a8');
INSERT INTO `craft_fieldlayouts` (`id`, `type`, `dateCreated`, `dateUpdated`, `uid`) VALUES ('103', 'Entry', '2015-10-25 14:08:55', '2015-10-25 14:08:55', '36d1d0e3-0da4-4e2b-bb99-227fd35baed8');
INSERT INTO `craft_fieldlayouts` (`id`, `type`, `dateCreated`, `dateUpdated`, `uid`) VALUES ('104', 'MatrixBlock', '2015-10-25 14:09:23', '2015-10-25 14:09:23', '37dae37e-d8a8-46a3-9dc7-7c35ae3bcece');



DROP TABLE IF EXISTS `craft_fieldlayouttabs`;


--
-- Schema for table `craft_fieldlayouttabs`
--
CREATE TABLE `craft_fieldlayouttabs` (
  `id` int(11) NOT NULL AUTO_INCREMENT,
  `layoutId` int(11) NOT NULL,
  `name` varchar(255) COLLATE utf8_unicode_ci NOT NULL,
  `sortOrder` tinyint(4) DEFAULT NULL,
  `dateCreated` datetime NOT NULL,
  `dateUpdated` datetime NOT NULL,
  `uid` char(36) COLLATE utf8_unicode_ci NOT NULL DEFAULT '0',
  PRIMARY KEY (`id`),
  KEY `craft_fieldlayouttabs_sortOrder_idx` (`sortOrder`),
  KEY `craft_fieldlayouttabs_layoutId_fk` (`layoutId`)
) ENGINE=InnoDB AUTO_INCREMENT=96 DEFAULT CHARSET=utf8 COLLATE=utf8_unicode_ci;

--
-- Data for table `craft_fieldlayouttabs`
--

INSERT INTO `craft_fieldlayouttabs` (`id`, `layoutId`, `name`, `sortOrder`, `dateCreated`, `dateUpdated`, `uid`) VALUES ('1', '3', 'Content', '1', '2015-10-24 08:36:38', '2015-10-24 08:36:38', '577cf689-88c4-49f6-8a3b-99ee43b3ee21');
INSERT INTO `craft_fieldlayouttabs` (`id`, `layoutId`, `name`, `sortOrder`, `dateCreated`, `dateUpdated`, `uid`) VALUES ('56', '61', 'Content', '1', '2015-10-24 10:30:59', '2015-10-24 10:30:59', '40428bc8-71bc-4ba5-adb3-314c1bc429b2');
INSERT INTO `craft_fieldlayouttabs` (`id`, `layoutId`, `name`, `sortOrder`, `dateCreated`, `dateUpdated`, `uid`) VALUES ('65', '72', 'Content', '1', '2015-10-24 10:49:10', '2015-10-24 10:49:10', '2767be2d-d603-47ce-86cb-35a560bbf6de');
INSERT INTO `craft_fieldlayouttabs` (`id`, `layoutId`, `name`, `sortOrder`, `dateCreated`, `dateUpdated`, `uid`) VALUES ('66', '73', 'Content', '1', '2015-10-24 10:49:10', '2015-10-24 10:49:10', 'ee3f35ed-2c3e-4469-8169-d504dbbedb12');
INSERT INTO `craft_fieldlayouttabs` (`id`, `layoutId`, `name`, `sortOrder`, `dateCreated`, `dateUpdated`, `uid`) VALUES ('67', '74', 'Content', '1', '2015-10-24 10:49:10', '2015-10-24 10:49:10', 'cbf94c29-cb97-41f3-91a3-786358ebfb05');
INSERT INTO `craft_fieldlayouttabs` (`id`, `layoutId`, `name`, `sortOrder`, `dateCreated`, `dateUpdated`, `uid`) VALUES ('68', '75', 'Content', '1', '2015-10-24 10:49:10', '2015-10-24 10:49:10', '27fbc3ba-58af-4314-9a9e-2e81fcda4d60');
INSERT INTO `craft_fieldlayouttabs` (`id`, `layoutId`, `name`, `sortOrder`, `dateCreated`, `dateUpdated`, `uid`) VALUES ('69', '76', 'Content', '1', '2015-10-24 10:49:10', '2015-10-24 10:49:10', '4db99ca7-4375-4dc4-8e63-b5d835c66bf9');
INSERT INTO `craft_fieldlayouttabs` (`id`, `layoutId`, `name`, `sortOrder`, `dateCreated`, `dateUpdated`, `uid`) VALUES ('70', '77', 'Content', '1', '2015-10-24 10:49:10', '2015-10-24 10:49:10', '12d55ede-8366-4752-8918-03278971e678');
INSERT INTO `craft_fieldlayouttabs` (`id`, `layoutId`, `name`, `sortOrder`, `dateCreated`, `dateUpdated`, `uid`) VALUES ('71', '78', 'Content', '1', '2015-10-24 10:49:10', '2015-10-24 10:49:10', '74f3fbeb-3e58-41ab-aa61-d5019630c5a3');
INSERT INTO `craft_fieldlayouttabs` (`id`, `layoutId`, `name`, `sortOrder`, `dateCreated`, `dateUpdated`, `uid`) VALUES ('76', '82', 'Content', '1', '2015-10-24 11:33:41', '2015-10-24 11:33:41', 'ee40464b-3a5e-43b4-9a8e-1b6bb4322eca');
INSERT INTO `craft_fieldlayouttabs` (`id`, `layoutId`, `name`, `sortOrder`, `dateCreated`, `dateUpdated`, `uid`) VALUES ('77', '82', 'SEO', '2', '2015-10-24 11:33:41', '2015-10-24 11:33:41', 'ff2b0912-e338-4f16-acb6-674bb9340eb8');
INSERT INTO `craft_fieldlayouttabs` (`id`, `layoutId`, `name`, `sortOrder`, `dateCreated`, `dateUpdated`, `uid`) VALUES ('79', '87', 'Navigation', '1', '2015-10-24 11:47:23', '2015-10-24 11:47:23', '3f472aa4-71c8-497d-808d-213978e7714c');
INSERT INTO `craft_fieldlayouttabs` (`id`, `layoutId`, `name`, `sortOrder`, `dateCreated`, `dateUpdated`, `uid`) VALUES ('81', '89', 'Navigation', '1', '2015-10-24 11:47:46', '2015-10-24 11:47:46', '7d1e846a-e07d-40c4-bd8d-d0cc57ae2792');
INSERT INTO `craft_fieldlayouttabs` (`id`, `layoutId`, `name`, `sortOrder`, `dateCreated`, `dateUpdated`, `uid`) VALUES ('82', '90', 'Content', '1', '2015-10-24 11:54:54', '2015-10-24 11:54:54', '3a4921de-775a-4610-95db-2fbaa27a86e8');
INSERT INTO `craft_fieldlayouttabs` (`id`, `layoutId`, `name`, `sortOrder`, `dateCreated`, `dateUpdated`, `uid`) VALUES ('83', '90', 'SEO', '2', '2015-10-24 11:54:54', '2015-10-24 11:54:54', '189e431f-d36a-4267-8465-2021978d1734');
INSERT INTO `craft_fieldlayouttabs` (`id`, `layoutId`, `name`, `sortOrder`, `dateCreated`, `dateUpdated`, `uid`) VALUES ('87', '95', 'Content', '1', '2015-10-25 08:57:07', '2015-10-25 08:57:07', '7d91ed03-d1f6-4e89-982f-2243d671f01c');
INSERT INTO `craft_fieldlayouttabs` (`id`, `layoutId`, `name`, `sortOrder`, `dateCreated`, `dateUpdated`, `uid`) VALUES ('90', '98', 'Content', '1', '2015-10-25 09:18:51', '2015-10-25 09:18:51', '4d4b1bc9-266e-4a9d-8b09-c81726a508dc');
INSERT INTO `craft_fieldlayouttabs` (`id`, `layoutId`, `name`, `sortOrder`, `dateCreated`, `dateUpdated`, `uid`) VALUES ('91', '99', 'Content', '1', '2015-10-25 09:23:48', '2015-10-25 09:23:48', '28a5f491-37e7-4506-b57b-f28d537b17d4');
INSERT INTO `craft_fieldlayouttabs` (`id`, `layoutId`, `name`, `sortOrder`, `dateCreated`, `dateUpdated`, `uid`) VALUES ('94', '103', 'Content', '1', '2015-10-25 14:08:55', '2015-10-25 14:08:55', '7836b08f-4777-4396-a636-68081184da67');
INSERT INTO `craft_fieldlayouttabs` (`id`, `layoutId`, `name`, `sortOrder`, `dateCreated`, `dateUpdated`, `uid`) VALUES ('95', '104', 'Content', '1', '2015-10-25 14:09:23', '2015-10-25 14:09:23', 'b2cc107c-38c0-4a45-b7f5-82a4d4b7c60d');



DROP TABLE IF EXISTS `craft_fields`;


--
-- Schema for table `craft_fields`
--
CREATE TABLE `craft_fields` (
  `id` int(11) NOT NULL AUTO_INCREMENT,
  `groupId` int(11) DEFAULT NULL,
  `name` varchar(255) COLLATE utf8_unicode_ci NOT NULL,
  `handle` varchar(58) COLLATE utf8_unicode_ci NOT NULL,
  `context` varchar(255) COLLATE utf8_unicode_ci NOT NULL DEFAULT 'global',
  `instructions` text COLLATE utf8_unicode_ci,
  `translatable` tinyint(1) unsigned NOT NULL DEFAULT '0',
  `type` varchar(150) COLLATE utf8_unicode_ci NOT NULL,
  `settings` text COLLATE utf8_unicode_ci,
  `dateCreated` datetime NOT NULL,
  `dateUpdated` datetime NOT NULL,
  `uid` char(36) COLLATE utf8_unicode_ci NOT NULL DEFAULT '0',
  PRIMARY KEY (`id`),
  UNIQUE KEY `craft_fields_handle_context_unq_idx` (`handle`,`context`),
  KEY `craft_fields_context_idx` (`context`),
  KEY `craft_fields_groupId_fk` (`groupId`)
) ENGINE=InnoDB AUTO_INCREMENT=45 DEFAULT CHARSET=utf8 COLLATE=utf8_unicode_ci;

--
-- Data for table `craft_fields`
--

INSERT INTO `craft_fields` (`id`, `groupId`, `name`, `handle`, `context`, `instructions`, `translatable`, `type`, `settings`, `dateCreated`, `dateUpdated`, `uid`) VALUES ('1', '1', 'Body', 'body', 'global', '', '0', 'Matrix', '{\"maxBlocks\":null}', '2015-10-24 08:36:38', '2015-10-24 10:49:10', '7d65d0df-e0ac-4709-b22f-4974e1339715');
INSERT INTO `craft_fields` (`id`, `groupId`, `name`, `handle`, `context`, `instructions`, `translatable`, `type`, `settings`, `dateCreated`, `dateUpdated`, `uid`) VALUES ('3', NULL, 'Heading', 'heading', 'matrixBlockType:1', '', '0', 'PlainText', '{\"placeholder\":\"Heading...\",\"maxLength\":\"\",\"multiline\":\"\",\"initialRows\":\"4\"}', '2015-10-24 08:46:27', '2015-10-24 10:49:10', '9d9ba8b4-0949-469f-8775-9f421229d47b');
INSERT INTO `craft_fields` (`id`, `groupId`, `name`, `handle`, `context`, `instructions`, `translatable`, `type`, `settings`, `dateCreated`, `dateUpdated`, `uid`) VALUES ('4', NULL, 'Heading Type', 'headingType', 'matrixBlockType:1', '', '0', 'Dropdown', '{\"options\":[{\"label\":\"Heading 1 (Title)\",\"value\":\"h1\",\"default\":\"\"},{\"label\":\"Heading 2 (Section)\",\"value\":\"h2\",\"default\":\"\"},{\"label\":\"Heading 3 (Sub-section)\",\"value\":\"h3\",\"default\":\"\"},{\"label\":\"Heading 4 (Tertiary)\",\"value\":\"h4\",\"default\":\"\"}]}', '2015-10-24 08:46:27', '2015-10-24 10:49:10', 'cfeace46-f621-480c-bd09-17edd6e660af');
INSERT INTO `craft_fields` (`id`, `groupId`, `name`, `handle`, `context`, `instructions`, `translatable`, `type`, `settings`, `dateCreated`, `dateUpdated`, `uid`) VALUES ('5', NULL, 'Text', 'text', 'matrixBlockType:2', '', '0', 'RichText', '{\"configFile\":\"\",\"cleanupHtml\":\"1\",\"purifyHtml\":\"\",\"columnType\":\"text\"}', '2015-10-24 08:47:29', '2015-10-24 10:49:10', 'ade075fa-3f2d-4e55-a282-0f8a3725b989');
INSERT INTO `craft_fields` (`id`, `groupId`, `name`, `handle`, `context`, `instructions`, `translatable`, `type`, `settings`, `dateCreated`, `dateUpdated`, `uid`) VALUES ('6', NULL, 'Image', 'image', 'matrixBlockType:3', '', '0', 'Assets', '{\"useSingleFolder\":\"\",\"sources\":\"*\",\"defaultUploadLocationSource\":\"1\",\"defaultUploadLocationSubpath\":\"\",\"singleUploadLocationSource\":\"1\",\"singleUploadLocationSubpath\":\"\",\"restrictFiles\":\"\",\"limit\":\"1\",\"selectionLabel\":\"Add an image\"}', '2015-10-24 08:48:41', '2015-10-24 10:49:10', '2318de9a-b9e5-4b04-a29a-fec691079ba7');
INSERT INTO `craft_fields` (`id`, `groupId`, `name`, `handle`, `context`, `instructions`, `translatable`, `type`, `settings`, `dateCreated`, `dateUpdated`, `uid`) VALUES ('7', NULL, 'Alignment', 'alignment', 'matrixBlockType:3', '', '0', 'PositionSelect', '{\"options\":[\"left\",\"center\",\"right\",\"full\"]}', '2015-10-24 08:48:41', '2015-10-24 10:49:10', 'c44212e8-ebcb-4573-ab14-3a8973e1464e');
INSERT INTO `craft_fields` (`id`, `groupId`, `name`, `handle`, `context`, `instructions`, `translatable`, `type`, `settings`, `dateCreated`, `dateUpdated`, `uid`) VALUES ('8', NULL, 'Downloads', 'downloads', 'matrixBlockType:4', 'Add a list of files that can be downloaded', '0', 'Assets', '{\"useSingleFolder\":\"\",\"sources\":\"*\",\"defaultUploadLocationSource\":\"1\",\"defaultUploadLocationSubpath\":\"\",\"singleUploadLocationSource\":\"1\",\"singleUploadLocationSubpath\":\"\",\"restrictFiles\":\"\",\"limit\":\"\",\"selectionLabel\":\"Add a file\"}', '2015-10-24 08:49:30', '2015-10-24 10:49:10', 'd5177034-d795-4264-973b-8e7874000eee');
INSERT INTO `craft_fields` (`id`, `groupId`, `name`, `handle`, `context`, `instructions`, `translatable`, `type`, `settings`, `dateCreated`, `dateUpdated`, `uid`) VALUES ('9', NULL, 'Video', 'video', 'matrixBlockType:5', '', '0', 'PlainText', '{\"placeholder\":\"\",\"maxLength\":\"\",\"multiline\":\"\",\"initialRows\":\"4\"}', '2015-10-24 08:50:08', '2015-10-24 10:49:10', '647796d6-78a8-4847-b8b3-0f12486c2e14');
INSERT INTO `craft_fields` (`id`, `groupId`, `name`, `handle`, `context`, `instructions`, `translatable`, `type`, `settings`, `dateCreated`, `dateUpdated`, `uid`) VALUES ('10', NULL, 'pullQuote', 'pullQuote', 'matrixBlockType:6', 'A pull quote is text pulled from the main article body', '0', 'PlainText', '{\"placeholder\":\"\",\"maxLength\":\"\",\"multiline\":\"\",\"initialRows\":\"4\"}', '2015-10-24 08:51:27', '2015-10-24 10:49:10', 'bf05a34b-0a00-444b-b4d7-ddcb637c3b24');
INSERT INTO `craft_fields` (`id`, `groupId`, `name`, `handle`, `context`, `instructions`, `translatable`, `type`, `settings`, `dateCreated`, `dateUpdated`, `uid`) VALUES ('11', NULL, 'Alignment', 'alignment', 'matrixBlockType:6', '', '0', 'PositionSelect', '{\"options\":[\"left\",\"center\",\"right\",\"full\"]}', '2015-10-24 08:51:27', '2015-10-24 10:49:10', '1d07ca04-d598-4313-a46f-9ab544a3378f');
INSERT INTO `craft_fields` (`id`, `groupId`, `name`, `handle`, `context`, `instructions`, `translatable`, `type`, `settings`, `dateCreated`, `dateUpdated`, `uid`) VALUES ('12', NULL, 'Clear', 'clear', 'matrixBlockType:3', 'Clearing prevents images from colliding', '0', 'Dropdown', '{\"options\":[{\"label\":\"None\",\"value\":\"none\",\"default\":\"\"},{\"label\":\"Both\",\"value\":\"both\",\"default\":\"\"},{\"label\":\"Left\",\"value\":\"left\",\"default\":\"\"},{\"label\":\"Right\",\"value\":\"right\",\"default\":\"\"}]}', '2015-10-24 08:53:55', '2015-10-24 10:49:10', '3a84e7aa-93da-4191-a746-86d092ea9b1d');
INSERT INTO `craft_fields` (`id`, `groupId`, `name`, `handle`, `context`, `instructions`, `translatable`, `type`, `settings`, `dateCreated`, `dateUpdated`, `uid`) VALUES ('13', '1', 'Display Title', 'displayTitle', 'global', '', '0', 'PlainText', '{\"placeholder\":\"\",\"maxLength\":\"\",\"multiline\":\"\",\"initialRows\":\"4\"}', '2015-10-24 08:55:32', '2015-10-24 08:55:32', '014ccaf7-a98c-4e31-acac-94eb58c94bfa');
INSERT INTO `craft_fields` (`id`, `groupId`, `name`, `handle`, `context`, `instructions`, `translatable`, `type`, `settings`, `dateCreated`, `dateUpdated`, `uid`) VALUES ('14', NULL, 'Caption', 'caption', 'matrixBlockType:3', '', '0', 'PlainText', '{\"placeholder\":\"\",\"maxLength\":\"\",\"multiline\":\"\",\"initialRows\":\"4\"}', '2015-10-24 09:53:09', '2015-10-24 10:49:10', 'f7057dbb-2ba4-4244-8179-3b7836664e58');
INSERT INTO `craft_fields` (`id`, `groupId`, `name`, `handle`, `context`, `instructions`, `translatable`, `type`, `settings`, `dateCreated`, `dateUpdated`, `uid`) VALUES ('15', '1', 'Byline', 'byline', 'global', 'The article author', '0', 'PlainText', '{\"placeholder\":\"\",\"maxLength\":\"\",\"multiline\":\"\",\"initialRows\":\"4\"}', '2015-10-24 10:13:53', '2015-10-24 11:18:46', '1bd0e541-b9bf-46b2-9145-7bc9b8b3b101');
INSERT INTO `craft_fields` (`id`, `groupId`, `name`, `handle`, `context`, `instructions`, `translatable`, `type`, `settings`, `dateCreated`, `dateUpdated`, `uid`) VALUES ('16', '2', 'Attribution', 'attribution', 'global', '', '0', 'PlainText', '{\"placeholder\":\"\",\"maxLength\":\"\",\"multiline\":\"\",\"initialRows\":\"4\"}', '2015-10-24 10:30:28', '2015-10-24 10:30:28', 'd9fe87e2-2b91-4e65-873e-4f7881d3079d');
INSERT INTO `craft_fields` (`id`, `groupId`, `name`, `handle`, `context`, `instructions`, `translatable`, `type`, `settings`, `dateCreated`, `dateUpdated`, `uid`) VALUES ('17', '2', 'Attribution URL', 'attributionUrl', 'global', '', '0', 'PlainText', '{\"placeholder\":\"\",\"maxLength\":\"\",\"multiline\":\"\",\"initialRows\":\"4\"}', '2015-10-24 10:30:36', '2015-10-24 10:30:36', '2da89157-c692-4f52-b4d4-ac58a97f74f1');
INSERT INTO `craft_fields` (`id`, `groupId`, `name`, `handle`, `context`, `instructions`, `translatable`, `type`, `settings`, `dateCreated`, `dateUpdated`, `uid`) VALUES ('18', NULL, 'Panel', 'panel', 'matrixBlockType:7', '', '0', 'Entries', '{\"sources\":[\"section:4\"],\"limit\":\"1\",\"selectionLabel\":\"Add a panel\"}', '2015-10-24 10:46:14', '2015-10-24 10:49:10', '6a4bfbd7-f270-4da3-869c-e6b661d802cf');
INSERT INTO `craft_fields` (`id`, `groupId`, `name`, `handle`, `context`, `instructions`, `translatable`, `type`, `settings`, `dateCreated`, `dateUpdated`, `uid`) VALUES ('19', '3', 'Title', 'metaTitle', 'global', '', '0', 'PlainText', '{\"placeholder\":\"\",\"maxLength\":\"\",\"multiline\":\"\",\"initialRows\":\"4\"}', '2015-10-24 11:16:42', '2015-10-24 11:31:16', 'dfa06df0-f6fe-4603-9bce-2d88b97c6d35');
INSERT INTO `craft_fields` (`id`, `groupId`, `name`, `handle`, `context`, `instructions`, `translatable`, `type`, `settings`, `dateCreated`, `dateUpdated`, `uid`) VALUES ('20', '3', 'Description', 'metaDescription', 'global', '', '0', 'PlainText', '{\"placeholder\":\"\",\"maxLength\":\"\",\"multiline\":\"\",\"initialRows\":\"4\"}', '2015-10-24 11:16:49', '2015-10-24 11:31:11', '0717c035-04dc-4eac-9d96-8addc64d82d5');
INSERT INTO `craft_fields` (`id`, `groupId`, `name`, `handle`, `context`, `instructions`, `translatable`, `type`, `settings`, `dateCreated`, `dateUpdated`, `uid`) VALUES ('21', '1', 'Summary', 'summary', 'global', '', '0', 'RichText', '{\"configFile\":\"Simple.json\",\"cleanupHtml\":\"1\",\"purifyHtml\":\"\",\"columnType\":\"text\"}', '2015-10-24 11:19:23', '2015-10-24 11:20:18', 'dcafded2-8ed3-4898-9009-e23fcf273f38');
INSERT INTO `craft_fields` (`id`, `groupId`, `name`, `handle`, `context`, `instructions`, `translatable`, `type`, `settings`, `dateCreated`, `dateUpdated`, `uid`) VALUES ('23', '1', 'Feature Image', 'featureImage', 'global', '', '0', 'Assets', '{\"useSingleFolder\":\"\",\"sources\":\"*\",\"defaultUploadLocationSource\":\"1\",\"defaultUploadLocationSubpath\":\"\",\"singleUploadLocationSource\":\"1\",\"singleUploadLocationSubpath\":\"\",\"restrictFiles\":\"\",\"limit\":\"1\",\"selectionLabel\":\"Add a feature image\"}', '2015-10-24 11:22:04', '2015-10-24 11:22:14', '262b8296-1789-4d4d-b590-e65aa0b5531e');
INSERT INTO `craft_fields` (`id`, `groupId`, `name`, `handle`, `context`, `instructions`, `translatable`, `type`, `settings`, `dateCreated`, `dateUpdated`, `uid`) VALUES ('24', '3', 'Image', 'metaImage', 'global', '', '0', 'Assets', '{\"useSingleFolder\":\"\",\"sources\":\"*\",\"defaultUploadLocationSource\":\"1\",\"defaultUploadLocationSubpath\":\"\",\"singleUploadLocationSource\":\"1\",\"singleUploadLocationSubpath\":\"\",\"restrictFiles\":\"\",\"limit\":\"1\",\"selectionLabel\":\"Add a meta image\"}', '2015-10-24 11:33:19', '2015-10-24 11:33:19', '86d050ad-705c-4ceb-9b8e-05a5b3a66c7a');
INSERT INTO `craft_fields` (`id`, `groupId`, `name`, `handle`, `context`, `instructions`, `translatable`, `type`, `settings`, `dateCreated`, `dateUpdated`, `uid`) VALUES ('25', '4', 'Related Entry', 'relatedEntry', 'global', '', '0', 'Entries', '{\"sources\":[\"singles\",\"section:2\",\"section:3\"],\"limit\":\"1\",\"selectionLabel\":\"Add an entry\"}', '2015-10-24 11:45:31', '2015-10-24 11:45:37', '8656a8d1-96a1-48c5-ac96-3cc43d799e36');
INSERT INTO `craft_fields` (`id`, `groupId`, `name`, `handle`, `context`, `instructions`, `translatable`, `type`, `settings`, `dateCreated`, `dateUpdated`, `uid`) VALUES ('26', '4', 'Custom URL', 'linkUrl', 'global', 'Internal links should *not* begin with a forward slash (\"/\")', '0', 'PlainText', '{\"placeholder\":\"\",\"maxLength\":\"\",\"multiline\":\"\",\"initialRows\":\"4\"}', '2015-10-24 11:46:05', '2015-10-24 12:20:26', 'd5b31e7a-e442-432d-a1d7-7afdccddc7df');
INSERT INTO `craft_fields` (`id`, `groupId`, `name`, `handle`, `context`, `instructions`, `translatable`, `type`, `settings`, `dateCreated`, `dateUpdated`, `uid`) VALUES ('27', '5', 'Site Description', 'siteDescription', 'global', '', '0', 'PlainText', '{\"placeholder\":\"\",\"maxLength\":\"\",\"multiline\":\"\",\"initialRows\":\"4\"}', '2015-10-25 08:21:22', '2015-10-25 08:21:22', '341ee971-9c48-4360-b67a-bc1ff62645c2');
INSERT INTO `craft_fields` (`id`, `groupId`, `name`, `handle`, `context`, `instructions`, `translatable`, `type`, `settings`, `dateCreated`, `dateUpdated`, `uid`) VALUES ('28', '5', 'Site Image', 'siteImage', 'global', '', '0', 'Assets', '{\"useSingleFolder\":\"\",\"sources\":\"*\",\"defaultUploadLocationSource\":\"1\",\"defaultUploadLocationSubpath\":\"\",\"singleUploadLocationSource\":\"1\",\"singleUploadLocationSubpath\":\"\",\"restrictFiles\":\"\",\"limit\":\"1\",\"selectionLabel\":\"Add an image\"}', '2015-10-25 08:27:26', '2015-10-25 08:27:26', '3796ad12-342f-48c9-b729-817672e8cfe9');
INSERT INTO `craft_fields` (`id`, `groupId`, `name`, `handle`, `context`, `instructions`, `translatable`, `type`, `settings`, `dateCreated`, `dateUpdated`, `uid`) VALUES ('32', '5', 'Site Logo', 'siteLogo', 'global', '', '0', 'Assets', '{\"useSingleFolder\":\"\",\"sources\":\"*\",\"defaultUploadLocationSource\":\"1\",\"defaultUploadLocationSubpath\":\"\",\"singleUploadLocationSource\":\"1\",\"singleUploadLocationSubpath\":\"\",\"restrictFiles\":\"\",\"limit\":\"1\",\"selectionLabel\":\"Add a logo\"}', '2015-10-25 08:40:07', '2015-10-25 08:40:07', '72770fe3-7249-4d37-b50b-db34138f38fa');
INSERT INTO `craft_fields` (`id`, `groupId`, `name`, `handle`, `context`, `instructions`, `translatable`, `type`, `settings`, `dateCreated`, `dateUpdated`, `uid`) VALUES ('33', '5', 'Site Social Profiles', 'siteSocialProfiles', 'global', '', '0', 'Matrix', '{\"maxBlocks\":null}', '2015-10-25 08:51:48', '2015-10-25 09:23:48', 'dcc6962d-5b9f-464a-8fc8-9f41bc8b3704');
INSERT INTO `craft_fields` (`id`, `groupId`, `name`, `handle`, `context`, `instructions`, `translatable`, `type`, `settings`, `dateCreated`, `dateUpdated`, `uid`) VALUES ('34', NULL, 'Platform', 'platform', 'matrixBlockType:8', '', '0', 'Dropdown', '{\"options\":[{\"label\":\"Facebook\",\"value\":\"facebook\",\"default\":\"\"},{\"label\":\"Twitter\",\"value\":\"twitter\",\"default\":\"\"},{\"label\":\"Google+\",\"value\":\"google\",\"default\":\"\"},{\"label\":\"Instagram\",\"value\":\"instagram\",\"default\":\"\"},{\"label\":\"YouTube\",\"value\":\"youtube\",\"default\":\"\"},{\"label\":\"LinkedIn\",\"value\":\"linkedin\",\"default\":\"\"},{\"label\":\"Myspace\",\"value\":\"myspace\",\"default\":\"\"},{\"label\":\"Pinterest\",\"value\":\"pinterest\",\"default\":\"\"},{\"label\":\"SoundCloud\",\"value\":\"soundcloud\",\"default\":\"\"},{\"label\":\"Tumblr\",\"value\":\"tumblr\",\"default\":\"\"}]}', '2015-10-25 08:51:48', '2015-10-25 09:23:48', 'e803dd9a-386d-47e1-8680-13aa49b3838b');
INSERT INTO `craft_fields` (`id`, `groupId`, `name`, `handle`, `context`, `instructions`, `translatable`, `type`, `settings`, `dateCreated`, `dateUpdated`, `uid`) VALUES ('35', NULL, 'URL', 'profileUrl', 'matrixBlockType:8', '', '0', 'PlainText', '{\"placeholder\":\"\",\"maxLength\":\"\",\"multiline\":\"\",\"initialRows\":\"4\"}', '2015-10-25 08:51:48', '2015-10-25 09:23:48', '22e5beb8-a932-4c59-8698-e57c64a455a8');
INSERT INTO `craft_fields` (`id`, `groupId`, `name`, `handle`, `context`, `instructions`, `translatable`, `type`, `settings`, `dateCreated`, `dateUpdated`, `uid`) VALUES ('36', NULL, 'Handle', 'profileHandle', 'matrixBlockType:8', '', '0', 'PlainText', '{\"placeholder\":\"\",\"maxLength\":\"\",\"multiline\":\"\",\"initialRows\":\"4\"}', '2015-10-25 08:51:48', '2015-10-25 09:23:48', '13ef1fdc-0565-48b0-b39f-e72a72ceeb35');
INSERT INTO `craft_fields` (`id`, `groupId`, `name`, `handle`, `context`, `instructions`, `translatable`, `type`, `settings`, `dateCreated`, `dateUpdated`, `uid`) VALUES ('37', '5', 'Site Contacts', 'siteContacts', 'global', '', '0', 'Matrix', '{\"maxBlocks\":null}', '2015-10-25 08:54:10', '2015-10-25 09:18:51', 'd9e98383-9057-4739-8dad-ccaae0c83ea2');
INSERT INTO `craft_fields` (`id`, `groupId`, `name`, `handle`, `context`, `instructions`, `translatable`, `type`, `settings`, `dateCreated`, `dateUpdated`, `uid`) VALUES ('38', NULL, 'Contact Type', 'contactType', 'matrixBlockType:9', '', '0', 'Dropdown', '{\"options\":[{\"label\":\"customer service\",\"value\":\"customer service\",\"default\":\"\"},{\"label\":\"technical support\",\"value\":\"technical support\",\"default\":\"\"},{\"label\":\"billing support\",\"value\":\"billing support\",\"default\":\"\"},{\"label\":\"bill payment\",\"value\":\"bill payment\",\"default\":\"\"},{\"label\":\"sales\",\"value\":\"sales\",\"default\":\"\"},{\"label\":\"reservations\",\"value\":\"reservations\",\"default\":\"\"},{\"label\":\"credit card support\",\"value\":\"credit card support\",\"default\":\"\"},{\"label\":\"emergency\",\"value\":\"emergency\",\"default\":\"\"},{\"label\":\"baggage tracking\",\"value\":\"baggage tracking\",\"default\":\"\"},{\"label\":\"roadside assistance\",\"value\":\"roadside assistance\",\"default\":\"\"},{\"label\":\"package tracking\",\"value\":\"package tracking\",\"default\":\"\"}]}', '2015-10-25 08:54:10', '2015-10-25 09:18:51', 'd7da143c-1a6c-4b02-a621-6e3af0856ab5');
INSERT INTO `craft_fields` (`id`, `groupId`, `name`, `handle`, `context`, `instructions`, `translatable`, `type`, `settings`, `dateCreated`, `dateUpdated`, `uid`) VALUES ('39', NULL, 'Contact Number', 'contactNumber', 'matrixBlockType:9', 'International format: +27-114404841', '0', 'PlainText', '{\"placeholder\":\"\",\"maxLength\":\"\",\"multiline\":\"\",\"initialRows\":\"4\"}', '2015-10-25 08:54:10', '2015-10-25 09:18:51', 'd52fcf5c-eb80-4890-8ab9-b12cd3abb5f5');
INSERT INTO `craft_fields` (`id`, `groupId`, `name`, `handle`, `context`, `instructions`, `translatable`, `type`, `settings`, `dateCreated`, `dateUpdated`, `uid`) VALUES ('40', '5', 'Site Type', 'siteType', 'global', '', '0', 'Dropdown', '{\"options\":[{\"label\":\"Organization\",\"value\":\"Organization\",\"default\":\"\"},{\"label\":\"Person\",\"value\":\"Person\",\"default\":\"\"}]}', '2015-10-25 08:56:31', '2015-10-25 08:56:31', '23bc62f3-f834-4229-85f6-06054c35cb5d');
INSERT INTO `craft_fields` (`id`, `groupId`, `name`, `handle`, `context`, `instructions`, `translatable`, `type`, `settings`, `dateCreated`, `dateUpdated`, `uid`) VALUES ('41', '6', 'Slideshow', 'slideshow', 'global', '', '0', 'Matrix', '{\"maxBlocks\":null}', '2015-10-25 14:02:30', '2015-10-25 14:09:23', '895ba852-4cae-4409-baac-bdc8d3c9f367');
INSERT INTO `craft_fields` (`id`, `groupId`, `name`, `handle`, `context`, `instructions`, `translatable`, `type`, `settings`, `dateCreated`, `dateUpdated`, `uid`) VALUES ('42', NULL, 'Image', 'image', 'matrixBlockType:10', '', '0', 'Assets', '{\"useSingleFolder\":\"\",\"sources\":\"*\",\"defaultUploadLocationSource\":\"1\",\"defaultUploadLocationSubpath\":\"\",\"singleUploadLocationSource\":\"1\",\"singleUploadLocationSubpath\":\"\",\"restrictFiles\":\"\",\"limit\":\"1\",\"selectionLabel\":\"Add an image\"}', '2015-10-25 14:02:30', '2015-10-25 14:09:23', 'cfc5b2ee-fa03-4def-98d7-08e12f6eae38');
INSERT INTO `craft_fields` (`id`, `groupId`, `name`, `handle`, `context`, `instructions`, `translatable`, `type`, `settings`, `dateCreated`, `dateUpdated`, `uid`) VALUES ('43', NULL, 'Caption', 'caption', 'matrixBlockType:10', '', '0', 'PlainText', '{\"placeholder\":\"\",\"maxLength\":\"\",\"multiline\":\"\",\"initialRows\":\"4\"}', '2015-10-25 14:03:42', '2015-10-25 14:09:23', 'efca9255-b0a7-4a5a-9deb-ce0c769d0913');
INSERT INTO `craft_fields` (`id`, `groupId`, `name`, `handle`, `context`, `instructions`, `translatable`, `type`, `settings`, `dateCreated`, `dateUpdated`, `uid`) VALUES ('44', NULL, 'URL', 'linkUrl', 'matrixBlockType:10', '', '0', 'PlainText', '{\"placeholder\":\"\",\"maxLength\":\"\",\"multiline\":\"\",\"initialRows\":\"4\"}', '2015-10-25 14:03:42', '2015-10-25 14:09:23', 'cbe6e17b-3001-4e39-96bb-faf8d2893f4f');



DROP TABLE IF EXISTS `craft_globalsets`;


--
-- Schema for table `craft_globalsets`
--
CREATE TABLE `craft_globalsets` (
  `id` int(11) NOT NULL,
  `name` varchar(255) COLLATE utf8_unicode_ci NOT NULL,
  `handle` varchar(255) COLLATE utf8_unicode_ci NOT NULL,
  `fieldLayoutId` int(10) DEFAULT NULL,
  `dateCreated` datetime NOT NULL,
  `dateUpdated` datetime NOT NULL,
  `uid` char(36) COLLATE utf8_unicode_ci NOT NULL DEFAULT '0',
  PRIMARY KEY (`id`),
  UNIQUE KEY `craft_globalsets_name_unq_idx` (`name`),
  UNIQUE KEY `craft_globalsets_handle_unq_idx` (`handle`),
  KEY `craft_globalsets_fieldLayoutId_fk` (`fieldLayoutId`)
) ENGINE=InnoDB DEFAULT CHARSET=utf8 COLLATE=utf8_unicode_ci;

--
-- Data for table `craft_globalsets`
--

INSERT INTO `craft_globalsets` (`id`, `name`, `handle`, `fieldLayoutId`, `dateCreated`, `dateUpdated`, `uid`) VALUES ('27', 'Site Globals', 'siteGlobals', '95', '2015-10-25 08:20:15', '2015-10-25 08:57:07', '506e8a95-e1f9-4c78-a9d4-4da1731eb050');



DROP TABLE IF EXISTS `craft_info`;


--
-- Schema for table `craft_info`
--
CREATE TABLE `craft_info` (
  `id` int(11) NOT NULL AUTO_INCREMENT,
  `version` varchar(15) COLLATE utf8_unicode_ci NOT NULL,
  `build` int(11) unsigned NOT NULL,
  `schemaVersion` varchar(15) COLLATE utf8_unicode_ci NOT NULL,
  `releaseDate` datetime NOT NULL,
  `edition` tinyint(1) unsigned NOT NULL DEFAULT '0',
  `siteName` varchar(100) COLLATE utf8_unicode_ci NOT NULL,
  `siteUrl` varchar(255) COLLATE utf8_unicode_ci NOT NULL,
  `timezone` varchar(30) COLLATE utf8_unicode_ci DEFAULT NULL,
  `on` tinyint(1) unsigned NOT NULL DEFAULT '0',
  `maintenance` tinyint(1) unsigned NOT NULL DEFAULT '0',
  `track` varchar(40) COLLATE utf8_unicode_ci NOT NULL,
  `dateCreated` datetime NOT NULL,
  `dateUpdated` datetime NOT NULL,
  `uid` char(36) COLLATE utf8_unicode_ci NOT NULL DEFAULT '0',
  PRIMARY KEY (`id`)
) ENGINE=InnoDB AUTO_INCREMENT=2 DEFAULT CHARSET=utf8 COLLATE=utf8_unicode_ci;

--
-- Data for table `craft_info`
--

INSERT INTO `craft_info` (`id`, `version`, `build`, `schemaVersion`, `releaseDate`, `edition`, `siteName`, `siteUrl`, `timezone`, `on`, `maintenance`, `track`, `dateCreated`, `dateUpdated`, `uid`) VALUES ('1', '2.4', '2700', '2.4.0', '2015-10-19 19:40:31', '1', 'Default2016', 'http://default2016.dev', 'UTC', '1', '1', 'stable', '2015-10-24 08:36:36', '2015-10-29 08:25:08', '330f96c3-3f13-47b9-80f7-e2d5b6ed34e2');



DROP TABLE IF EXISTS `craft_locales`;


--
-- Schema for table `craft_locales`
--
CREATE TABLE `craft_locales` (
  `locale` char(12) COLLATE utf8_unicode_ci NOT NULL,
  `sortOrder` tinyint(4) DEFAULT NULL,
  `dateCreated` datetime NOT NULL,
  `dateUpdated` datetime NOT NULL,
  `uid` char(36) COLLATE utf8_unicode_ci NOT NULL DEFAULT '0',
  PRIMARY KEY (`locale`),
  KEY `craft_locales_sortOrder_idx` (`sortOrder`)
) ENGINE=InnoDB DEFAULT CHARSET=utf8 COLLATE=utf8_unicode_ci;

--
-- Data for table `craft_locales`
--

INSERT INTO `craft_locales` (`locale`, `sortOrder`, `dateCreated`, `dateUpdated`, `uid`) VALUES ('en_us', '1', '2015-10-24 08:36:36', '2015-10-24 08:36:36', '46ebd103-0d34-4d8f-9c79-8a2175ca5d69');



DROP TABLE IF EXISTS `craft_matrixblocks`;


--
-- Schema for table `craft_matrixblocks`
--
CREATE TABLE `craft_matrixblocks` (
  `id` int(11) NOT NULL,
  `ownerId` int(11) NOT NULL,
  `fieldId` int(11) NOT NULL,
  `typeId` int(11) DEFAULT NULL,
  `sortOrder` tinyint(4) DEFAULT NULL,
  `ownerLocale` char(12) COLLATE utf8_unicode_ci DEFAULT NULL,
  `dateCreated` datetime NOT NULL,
  `dateUpdated` datetime NOT NULL,
  `uid` char(36) COLLATE utf8_unicode_ci NOT NULL DEFAULT '0',
  PRIMARY KEY (`id`),
  KEY `craft_matrixblocks_ownerId_idx` (`ownerId`),
  KEY `craft_matrixblocks_fieldId_idx` (`fieldId`),
  KEY `craft_matrixblocks_typeId_idx` (`typeId`),
  KEY `craft_matrixblocks_sortOrder_idx` (`sortOrder`),
  KEY `craft_matrixblocks_ownerLocale_fk` (`ownerLocale`)
) ENGINE=InnoDB DEFAULT CHARSET=utf8 COLLATE=utf8_unicode_ci;

--
-- Data for table `craft_matrixblocks`
--

INSERT INTO `craft_matrixblocks` (`id`, `ownerId`, `fieldId`, `typeId`, `sortOrder`, `ownerLocale`, `dateCreated`, `dateUpdated`, `uid`) VALUES ('8', '3', '1', '2', '2', NULL, '2015-10-24 09:11:24', '2015-10-24 12:53:54', '3998dcbc-10c5-44c6-a8f5-2534426ffc8a');
INSERT INTO `craft_matrixblocks` (`id`, `ownerId`, `fieldId`, `typeId`, `sortOrder`, `ownerLocale`, `dateCreated`, `dateUpdated`, `uid`) VALUES ('9', '3', '1', '3', '1', NULL, '2015-10-24 09:11:24', '2015-10-24 12:53:54', '93fe7ebe-5b99-4778-b5a4-f6621933c1b6');
INSERT INTO `craft_matrixblocks` (`id`, `ownerId`, `fieldId`, `typeId`, `sortOrder`, `ownerLocale`, `dateCreated`, `dateUpdated`, `uid`) VALUES ('10', '3', '1', '3', '3', NULL, '2015-10-24 09:47:04', '2015-10-24 12:53:54', '8d7f99f7-f3c5-4977-ad15-1aa5a5583582');
INSERT INTO `craft_matrixblocks` (`id`, `ownerId`, `fieldId`, `typeId`, `sortOrder`, `ownerLocale`, `dateCreated`, `dateUpdated`, `uid`) VALUES ('11', '3', '1', '2', '4', NULL, '2015-10-24 09:47:04', '2015-10-24 12:53:54', 'b9111c54-f973-4a33-a5f4-8d4a8f783a3b');
INSERT INTO `craft_matrixblocks` (`id`, `ownerId`, `fieldId`, `typeId`, `sortOrder`, `ownerLocale`, `dateCreated`, `dateUpdated`, `uid`) VALUES ('12', '3', '1', '3', '6', NULL, '2015-10-24 09:56:52', '2015-10-24 12:53:54', '85cacc20-fb84-4926-9ec8-f50dffb6d182');
INSERT INTO `craft_matrixblocks` (`id`, `ownerId`, `fieldId`, `typeId`, `sortOrder`, `ownerLocale`, `dateCreated`, `dateUpdated`, `uid`) VALUES ('13', '3', '1', '3', '8', NULL, '2015-10-24 09:56:52', '2015-10-24 12:53:54', '8e1e2d7a-ab8c-414c-bed1-c35a4a813524');
INSERT INTO `craft_matrixblocks` (`id`, `ownerId`, `fieldId`, `typeId`, `sortOrder`, `ownerLocale`, `dateCreated`, `dateUpdated`, `uid`) VALUES ('14', '3', '1', '2', '9', NULL, '2015-10-24 09:56:52', '2015-10-24 12:53:54', '1d46b645-f906-4238-98c1-797f074b960d');
INSERT INTO `craft_matrixblocks` (`id`, `ownerId`, `fieldId`, `typeId`, `sortOrder`, `ownerLocale`, `dateCreated`, `dateUpdated`, `uid`) VALUES ('15', '3', '1', '2', '7', NULL, '2015-10-24 10:00:03', '2015-10-24 12:53:54', '616db563-3e10-46ca-82d7-0afa7b89e2e1');
INSERT INTO `craft_matrixblocks` (`id`, `ownerId`, `fieldId`, `typeId`, `sortOrder`, `ownerLocale`, `dateCreated`, `dateUpdated`, `uid`) VALUES ('16', '3', '1', '1', '5', NULL, '2015-10-24 10:03:12', '2015-10-24 12:53:54', 'f6462c45-5d77-4949-8e3b-3bd2101d41b8');
INSERT INTO `craft_matrixblocks` (`id`, `ownerId`, `fieldId`, `typeId`, `sortOrder`, `ownerLocale`, `dateCreated`, `dateUpdated`, `uid`) VALUES ('17', '3', '1', '6', '10', NULL, '2015-10-24 10:05:22', '2015-10-24 12:53:54', '6d8c9246-e194-4f9d-8d8c-e3e75b2b2e86');
INSERT INTO `craft_matrixblocks` (`id`, `ownerId`, `fieldId`, `typeId`, `sortOrder`, `ownerLocale`, `dateCreated`, `dateUpdated`, `uid`) VALUES ('18', '3', '1', '2', '11', NULL, '2015-10-24 10:10:27', '2015-10-24 12:53:54', '779f3c2b-5e73-466d-8cd5-18a2f55970f4');
INSERT INTO `craft_matrixblocks` (`id`, `ownerId`, `fieldId`, `typeId`, `sortOrder`, `ownerLocale`, `dateCreated`, `dateUpdated`, `uid`) VALUES ('19', '3', '1', '4', '12', NULL, '2015-10-24 10:21:40', '2015-10-24 12:53:54', '61cec6bb-a45e-4ee2-8ce7-15f563ecd7c8');
INSERT INTO `craft_matrixblocks` (`id`, `ownerId`, `fieldId`, `typeId`, `sortOrder`, `ownerLocale`, `dateCreated`, `dateUpdated`, `uid`) VALUES ('21', '20', '1', '2', '1', NULL, '2015-10-24 10:47:23', '2015-10-26 15:54:41', '88996c5f-ca4a-46f3-96a7-0c2de31b3e62');
INSERT INTO `craft_matrixblocks` (`id`, `ownerId`, `fieldId`, `typeId`, `sortOrder`, `ownerLocale`, `dateCreated`, `dateUpdated`, `uid`) VALUES ('22', '2', '1', '7', '1', NULL, '2015-10-24 10:50:39', '2015-10-24 10:50:39', '4a540f5b-9215-43cb-bb4a-8ffbecf00b82');
INSERT INTO `craft_matrixblocks` (`id`, `ownerId`, `fieldId`, `typeId`, `sortOrder`, `ownerLocale`, `dateCreated`, `dateUpdated`, `uid`) VALUES ('23', '2', '1', '2', '2', NULL, '2015-10-24 10:50:39', '2015-10-24 10:50:39', 'dac0e22d-967e-4505-806a-f4168716a2f8');
INSERT INTO `craft_matrixblocks` (`id`, `ownerId`, `fieldId`, `typeId`, `sortOrder`, `ownerLocale`, `dateCreated`, `dateUpdated`, `uid`) VALUES ('29', '27', '37', '9', '1', NULL, '2015-10-25 09:01:26', '2015-10-25 09:01:39', '7c9cb894-32da-45aa-a6ff-4770a9c0be74');
INSERT INTO `craft_matrixblocks` (`id`, `ownerId`, `fieldId`, `typeId`, `sortOrder`, `ownerLocale`, `dateCreated`, `dateUpdated`, `uid`) VALUES ('30', '27', '33', '8', '1', NULL, '2015-10-25 09:01:26', '2015-10-25 09:01:39', '34411094-ecb9-46b4-8922-c11169346e96');
INSERT INTO `craft_matrixblocks` (`id`, `ownerId`, `fieldId`, `typeId`, `sortOrder`, `ownerLocale`, `dateCreated`, `dateUpdated`, `uid`) VALUES ('31', '27', '33', '8', '2', NULL, '2015-10-25 09:01:26', '2015-10-25 09:01:39', 'fbffc707-788d-49c3-aeb6-7a7ecdf9903f');
INSERT INTO `craft_matrixblocks` (`id`, `ownerId`, `fieldId`, `typeId`, `sortOrder`, `ownerLocale`, `dateCreated`, `dateUpdated`, `uid`) VALUES ('33', '32', '1', '3', '1', NULL, '2015-10-25 10:08:24', '2015-10-26 15:48:26', 'd2c0e751-ae3e-4957-adbf-92eb89ec6218');
INSERT INTO `craft_matrixblocks` (`id`, `ownerId`, `fieldId`, `typeId`, `sortOrder`, `ownerLocale`, `dateCreated`, `dateUpdated`, `uid`) VALUES ('34', '32', '1', '2', '2', NULL, '2015-10-25 10:08:24', '2015-10-26 15:48:26', '6e9754c5-7146-4e5a-b1ec-c0b1181433ce');
INSERT INTO `craft_matrixblocks` (`id`, `ownerId`, `fieldId`, `typeId`, `sortOrder`, `ownerLocale`, `dateCreated`, `dateUpdated`, `uid`) VALUES ('35', '32', '1', '3', '3', NULL, '2015-10-25 10:08:24', '2015-10-26 15:48:26', '27614ac3-26ab-46ca-960b-90938a5152f5');
INSERT INTO `craft_matrixblocks` (`id`, `ownerId`, `fieldId`, `typeId`, `sortOrder`, `ownerLocale`, `dateCreated`, `dateUpdated`, `uid`) VALUES ('36', '32', '1', '2', '4', NULL, '2015-10-25 10:08:24', '2015-10-26 15:48:26', 'acd28e04-b69b-4d25-a408-d6b70cb5fefc');
INSERT INTO `craft_matrixblocks` (`id`, `ownerId`, `fieldId`, `typeId`, `sortOrder`, `ownerLocale`, `dateCreated`, `dateUpdated`, `uid`) VALUES ('37', '32', '1', '1', '5', NULL, '2015-10-25 10:08:24', '2015-10-26 15:48:26', '609721d1-1597-4601-95c3-233ecfc63f69');
INSERT INTO `craft_matrixblocks` (`id`, `ownerId`, `fieldId`, `typeId`, `sortOrder`, `ownerLocale`, `dateCreated`, `dateUpdated`, `uid`) VALUES ('38', '32', '1', '3', '6', NULL, '2015-10-25 10:08:24', '2015-10-26 15:48:26', 'c74d2add-b514-4a28-8de4-127eb574bfa0');
INSERT INTO `craft_matrixblocks` (`id`, `ownerId`, `fieldId`, `typeId`, `sortOrder`, `ownerLocale`, `dateCreated`, `dateUpdated`, `uid`) VALUES ('39', '32', '1', '2', '7', NULL, '2015-10-25 10:08:24', '2015-10-26 15:48:26', '6c766c86-5771-4fda-ac59-3d8d25a4ec95');
INSERT INTO `craft_matrixblocks` (`id`, `ownerId`, `fieldId`, `typeId`, `sortOrder`, `ownerLocale`, `dateCreated`, `dateUpdated`, `uid`) VALUES ('40', '32', '1', '3', '8', NULL, '2015-10-25 10:08:24', '2015-10-26 15:48:26', '69c4db41-4e61-4449-b2de-3812f89158b2');
INSERT INTO `craft_matrixblocks` (`id`, `ownerId`, `fieldId`, `typeId`, `sortOrder`, `ownerLocale`, `dateCreated`, `dateUpdated`, `uid`) VALUES ('41', '32', '1', '2', '9', NULL, '2015-10-25 10:08:24', '2015-10-26 15:48:26', 'b79def62-c422-45b4-ba01-01ec5186f185');
INSERT INTO `craft_matrixblocks` (`id`, `ownerId`, `fieldId`, `typeId`, `sortOrder`, `ownerLocale`, `dateCreated`, `dateUpdated`, `uid`) VALUES ('42', '32', '1', '6', '10', NULL, '2015-10-25 10:08:24', '2015-10-26 15:48:26', 'f2581936-9ae2-4468-9901-9ef3f62dc226');
INSERT INTO `craft_matrixblocks` (`id`, `ownerId`, `fieldId`, `typeId`, `sortOrder`, `ownerLocale`, `dateCreated`, `dateUpdated`, `uid`) VALUES ('43', '32', '1', '2', '11', NULL, '2015-10-25 10:08:24', '2015-10-26 15:48:26', 'c7f3c2a8-dc7c-4bf1-b9af-8b0e10c38b8c');
INSERT INTO `craft_matrixblocks` (`id`, `ownerId`, `fieldId`, `typeId`, `sortOrder`, `ownerLocale`, `dateCreated`, `dateUpdated`, `uid`) VALUES ('44', '32', '1', '4', '12', NULL, '2015-10-25 10:08:24', '2015-10-26 15:48:26', '8484516e-33ce-4386-b9b6-447990587a59');
INSERT INTO `craft_matrixblocks` (`id`, `ownerId`, `fieldId`, `typeId`, `sortOrder`, `ownerLocale`, `dateCreated`, `dateUpdated`, `uid`) VALUES ('48', '47', '41', '10', '1', NULL, '2015-10-25 14:10:04', '2015-10-25 14:10:04', '96c7f41d-f5cd-4d38-bc00-8a401bbcc949');
INSERT INTO `craft_matrixblocks` (`id`, `ownerId`, `fieldId`, `typeId`, `sortOrder`, `ownerLocale`, `dateCreated`, `dateUpdated`, `uid`) VALUES ('49', '47', '41', '10', '2', NULL, '2015-10-25 14:10:04', '2015-10-25 14:10:04', '11e16218-bfb9-4dc4-9c0d-a02d11a25700');
INSERT INTO `craft_matrixblocks` (`id`, `ownerId`, `fieldId`, `typeId`, `sortOrder`, `ownerLocale`, `dateCreated`, `dateUpdated`, `uid`) VALUES ('50', '47', '41', '10', '3', NULL, '2015-10-25 14:10:04', '2015-10-25 14:10:04', '9fdec398-c7a7-4755-9ad4-d50b020a7ab8');
INSERT INTO `craft_matrixblocks` (`id`, `ownerId`, `fieldId`, `typeId`, `sortOrder`, `ownerLocale`, `dateCreated`, `dateUpdated`, `uid`) VALUES ('51', '20', '1', '7', '2', NULL, '2015-10-25 16:26:30', '2015-10-26 15:54:41', '1afdfb6e-e560-4614-ba69-5117fc82890f');



DROP TABLE IF EXISTS `craft_matrixblocktypes`;


--
-- Schema for table `craft_matrixblocktypes`
--
CREATE TABLE `craft_matrixblocktypes` (
  `id` int(11) NOT NULL AUTO_INCREMENT,
  `fieldId` int(11) NOT NULL,
  `fieldLayoutId` int(11) DEFAULT NULL,
  `name` varchar(255) COLLATE utf8_unicode_ci NOT NULL,
  `handle` varchar(255) COLLATE utf8_unicode_ci NOT NULL,
  `sortOrder` tinyint(4) DEFAULT NULL,
  `dateCreated` datetime NOT NULL,
  `dateUpdated` datetime NOT NULL,
  `uid` char(36) COLLATE utf8_unicode_ci NOT NULL DEFAULT '0',
  PRIMARY KEY (`id`),
  UNIQUE KEY `craft_matrixblocktypes_name_fieldId_unq_idx` (`name`,`fieldId`),
  UNIQUE KEY `craft_matrixblocktypes_handle_fieldId_unq_idx` (`handle`,`fieldId`),
  KEY `craft_matrixblocktypes_fieldId_fk` (`fieldId`),
  KEY `craft_matrixblocktypes_fieldLayoutId_fk` (`fieldLayoutId`)
) ENGINE=InnoDB AUTO_INCREMENT=11 DEFAULT CHARSET=utf8 COLLATE=utf8_unicode_ci;

--
-- Data for table `craft_matrixblocktypes`
--

INSERT INTO `craft_matrixblocktypes` (`id`, `fieldId`, `fieldLayoutId`, `name`, `handle`, `sortOrder`, `dateCreated`, `dateUpdated`, `uid`) VALUES ('1', '1', '72', 'Heading', 'heading', '1', '2015-10-24 08:46:27', '2015-10-24 10:49:10', 'cbc15bff-9562-40a5-8cc2-f322e3579667');
INSERT INTO `craft_matrixblocktypes` (`id`, `fieldId`, `fieldLayoutId`, `name`, `handle`, `sortOrder`, `dateCreated`, `dateUpdated`, `uid`) VALUES ('2', '1', '73', 'Text', 'text', '2', '2015-10-24 08:47:29', '2015-10-24 10:49:10', '6b2f32a6-c82c-4b58-ba4d-458f57e065fd');
INSERT INTO `craft_matrixblocktypes` (`id`, `fieldId`, `fieldLayoutId`, `name`, `handle`, `sortOrder`, `dateCreated`, `dateUpdated`, `uid`) VALUES ('3', '1', '74', 'Image', 'image', '3', '2015-10-24 08:48:41', '2015-10-24 10:49:10', 'f4697fae-fd5f-488b-9d57-d57c428a780b');
INSERT INTO `craft_matrixblocktypes` (`id`, `fieldId`, `fieldLayoutId`, `name`, `handle`, `sortOrder`, `dateCreated`, `dateUpdated`, `uid`) VALUES ('4', '1', '75', 'Downloads', 'downloads', '4', '2015-10-24 08:49:30', '2015-10-24 10:49:10', 'dfa506aa-6a6f-4102-a373-e31c7b22ec48');
INSERT INTO `craft_matrixblocktypes` (`id`, `fieldId`, `fieldLayoutId`, `name`, `handle`, `sortOrder`, `dateCreated`, `dateUpdated`, `uid`) VALUES ('5', '1', '76', 'Video', 'video', '5', '2015-10-24 08:50:08', '2015-10-24 10:49:10', 'c7ca06b5-3b14-4aeb-98f7-9be8b835c907');
INSERT INTO `craft_matrixblocktypes` (`id`, `fieldId`, `fieldLayoutId`, `name`, `handle`, `sortOrder`, `dateCreated`, `dateUpdated`, `uid`) VALUES ('6', '1', '77', 'Pull Quote', 'pullQuote', '6', '2015-10-24 08:51:27', '2015-10-24 10:49:10', '16eadf2a-81ab-40ae-8eff-5aebf70a15b7');
INSERT INTO `craft_matrixblocktypes` (`id`, `fieldId`, `fieldLayoutId`, `name`, `handle`, `sortOrder`, `dateCreated`, `dateUpdated`, `uid`) VALUES ('7', '1', '78', 'Related Panel', 'relatedPanel', '7', '2015-10-24 10:46:14', '2015-10-24 10:49:10', 'c737fc8a-b5dc-44f2-9fcd-3000247125fe');
INSERT INTO `craft_matrixblocktypes` (`id`, `fieldId`, `fieldLayoutId`, `name`, `handle`, `sortOrder`, `dateCreated`, `dateUpdated`, `uid`) VALUES ('8', '33', '99', 'Profile', 'profile', '1', '2015-10-25 08:51:48', '2015-10-25 09:23:48', 'f785d26c-51db-486a-9b81-c8d12c7a8417');
INSERT INTO `craft_matrixblocktypes` (`id`, `fieldId`, `fieldLayoutId`, `name`, `handle`, `sortOrder`, `dateCreated`, `dateUpdated`, `uid`) VALUES ('9', '37', '98', 'Contact', 'contact', '1', '2015-10-25 08:54:10', '2015-10-25 09:18:51', '423d3367-ce6e-4c79-b5ca-8932f8decb12');
INSERT INTO `craft_matrixblocktypes` (`id`, `fieldId`, `fieldLayoutId`, `name`, `handle`, `sortOrder`, `dateCreated`, `dateUpdated`, `uid`) VALUES ('10', '41', '104', 'Slide', 'slide', '1', '2015-10-25 14:02:30', '2015-10-25 14:09:23', '04bf2d5b-0170-467e-b1bb-1f3fef0c2d89');



DROP TABLE IF EXISTS `craft_matrixcontent_body`;


--
-- Schema for table `craft_matrixcontent_body`
--
CREATE TABLE `craft_matrixcontent_body` (
  `id` int(11) NOT NULL AUTO_INCREMENT,
  `elementId` int(11) NOT NULL,
  `locale` char(12) COLLATE utf8_unicode_ci NOT NULL,
  `field_heading_heading` text COLLATE utf8_unicode_ci,
  `field_heading_headingType` varchar(255) COLLATE utf8_unicode_ci DEFAULT NULL,
  `field_text_text` text COLLATE utf8_unicode_ci,
  `field_image_alignment` varchar(255) COLLATE utf8_unicode_ci DEFAULT NULL,
  `field_video_video` text COLLATE utf8_unicode_ci,
  `field_pullQuote_pullQuote` text COLLATE utf8_unicode_ci,
  `field_pullQuote_alignment` varchar(255) COLLATE utf8_unicode_ci DEFAULT NULL,
  `field_image_clear` varchar(255) COLLATE utf8_unicode_ci DEFAULT NULL,
  `field_image_caption` text COLLATE utf8_unicode_ci,
  `dateCreated` datetime NOT NULL,
  `dateUpdated` datetime NOT NULL,
  `uid` char(36) COLLATE utf8_unicode_ci NOT NULL DEFAULT '0',
  PRIMARY KEY (`id`),
  UNIQUE KEY `craft_matrixcontent_body_elementId_locale_unq_idx` (`elementId`,`locale`),
  KEY `craft_matrixcontent_body_locale_fk` (`locale`)
) ENGINE=InnoDB AUTO_INCREMENT=30 DEFAULT CHARSET=utf8 COLLATE=utf8_unicode_ci;

--
-- Data for table `craft_matrixcontent_body`
--

INSERT INTO `craft_matrixcontent_body` (`id`, `elementId`, `locale`, `field_heading_heading`, `field_heading_headingType`, `field_text_text`, `field_image_alignment`, `field_video_video`, `field_pullQuote_pullQuote`, `field_pullQuote_alignment`, `field_image_clear`, `field_image_caption`, `dateCreated`, `dateUpdated`, `uid`) VALUES ('2', '8', 'en_us', NULL, NULL, '<p>Lorem <strong>ipsum dolor sit amet</strong>, consectetur adipiscing elit, sed do eiusmod tempor incididunt ut labore et dolore magna aliqua. Ut enim ad minim veniam, quis nostrud exercitation ullamco laboris nisi ut aliquip ex ea commodo consequat. Duis aute irure dolor in reprehenderit in voluptate velit esse cillum dolore eu fugiat nulla pariatur. Excepteur sint occaecat cupidatat non proident, sunt in culpa qui officia deserunt mollit anim id est laborum.\"</p>', NULL, NULL, NULL, NULL, NULL, NULL, '2015-10-24 09:11:24', '2015-10-24 12:53:54', '801d33c1-31f1-49f8-8b9d-c3187f15ef5d');
INSERT INTO `craft_matrixcontent_body` (`id`, `elementId`, `locale`, `field_heading_heading`, `field_heading_headingType`, `field_text_text`, `field_image_alignment`, `field_video_video`, `field_pullQuote_pullQuote`, `field_pullQuote_alignment`, `field_image_clear`, `field_image_caption`, `dateCreated`, `dateUpdated`, `uid`) VALUES ('3', '9', 'en_us', NULL, NULL, NULL, 'full', NULL, NULL, NULL, 'none', '', '2015-10-24 09:11:24', '2015-10-24 12:53:54', '6b253cfb-1a81-4a8a-9ee5-c36006247f49');
INSERT INTO `craft_matrixcontent_body` (`id`, `elementId`, `locale`, `field_heading_heading`, `field_heading_headingType`, `field_text_text`, `field_image_alignment`, `field_video_video`, `field_pullQuote_pullQuote`, `field_pullQuote_alignment`, `field_image_clear`, `field_image_caption`, `dateCreated`, `dateUpdated`, `uid`) VALUES ('4', '10', 'en_us', NULL, NULL, NULL, 'right', NULL, NULL, NULL, 'none', 'Fancy little image', '2015-10-24 09:47:04', '2015-10-24 12:53:54', '1fb0ec05-d153-4cbf-82d7-0926630e8311');
INSERT INTO `craft_matrixcontent_body` (`id`, `elementId`, `locale`, `field_heading_heading`, `field_heading_headingType`, `field_text_text`, `field_image_alignment`, `field_video_video`, `field_pullQuote_pullQuote`, `field_pullQuote_alignment`, `field_image_clear`, `field_image_caption`, `dateCreated`, `dateUpdated`, `uid`) VALUES ('5', '11', 'en_us', NULL, NULL, '<p>Lorem <strong>ipsum dolor sit amet</strong>, consectetur adipiscing elit, sed do eiusmod tempor incididunt ut labore et dolore magna aliqua. Ut enim ad minim veniam, quis nostrud exercitation ullamco laboris nisi ut aliquip ex ea commodo consequat. Duis aute irure dolor in reprehenderit in voluptate velit esse cillum dolore eu fugiat nulla pariatur. Excepteur sint occaecat cupidatat non proident, sunt in culpa qui officia deserunt mollit anim id est laborum.\"\r\n</p><p>Lorem <strong>ipsum dolor sit amet</strong>, consectetur adipiscing elit, sed do eiusmod tempor incididunt ut labore et dolore magna aliqua. Ut enim ad minim veniam, quis nostrud exercitation ullamco laboris nisi ut aliquip ex ea commodo consequat. Duis aute irure dolor in reprehenderit in voluptate velit esse cillum dolore eu fugiat nulla pariatur. Excepteur sint occaecat cupidatat non proident, sunt in culpa qui officia deserunt mollit anim id est laborum.\" Lorem <strong>ipsum dolor sit amet</strong>, consectetur adipiscing elit, sed do eiusmod tempor incididunt ut labore et dolore magna aliqua. Ut enim ad minim veniam, quis nostrud exercitation ullamco laboris nisi ut aliquip ex ea commodo consequat. Duis aute irure dolor in reprehenderit in voluptate velit esse cillum dolore eu fugiat nulla pariatur. Excepteur sint occaecat cupidatat non proident, sunt in culpa qui officia deserunt mollit anim id est laborum.<br>\r\n</p><blockquote>commodo consequat. Duis aute irure dolor in reprehenderit in voluptate velit esse cillum dolore eu fugiat nulla pariatur. Excepteur sint occaecat cupidatat non proident, sunt in culpa qui officia deserunt mollit anim id est laborum</blockquote>', NULL, NULL, NULL, NULL, NULL, NULL, '2015-10-24 09:47:04', '2015-10-24 12:53:54', 'e723c2bc-e33e-4dfd-b700-b01654d3a33e');
INSERT INTO `craft_matrixcontent_body` (`id`, `elementId`, `locale`, `field_heading_heading`, `field_heading_headingType`, `field_text_text`, `field_image_alignment`, `field_video_video`, `field_pullQuote_pullQuote`, `field_pullQuote_alignment`, `field_image_clear`, `field_image_caption`, `dateCreated`, `dateUpdated`, `uid`) VALUES ('6', '12', 'en_us', NULL, NULL, NULL, 'left', NULL, NULL, NULL, 'none', '', '2015-10-24 09:56:52', '2015-10-24 12:53:54', '67baf10c-ba92-441f-b1c1-cb2c0faa3cd0');
INSERT INTO `craft_matrixcontent_body` (`id`, `elementId`, `locale`, `field_heading_heading`, `field_heading_headingType`, `field_text_text`, `field_image_alignment`, `field_video_video`, `field_pullQuote_pullQuote`, `field_pullQuote_alignment`, `field_image_clear`, `field_image_caption`, `dateCreated`, `dateUpdated`, `uid`) VALUES ('7', '13', 'en_us', NULL, NULL, NULL, 'left', NULL, NULL, NULL, 'both', 'This caption clearly describes the image in context', '2015-10-24 09:56:52', '2015-10-24 12:53:54', '92fbae5b-dd58-422a-bbe1-70668bfe57db');
INSERT INTO `craft_matrixcontent_body` (`id`, `elementId`, `locale`, `field_heading_heading`, `field_heading_headingType`, `field_text_text`, `field_image_alignment`, `field_video_video`, `field_pullQuote_pullQuote`, `field_pullQuote_alignment`, `field_image_clear`, `field_image_caption`, `dateCreated`, `dateUpdated`, `uid`) VALUES ('8', '14', 'en_us', NULL, NULL, '<p>Lorem <strong>ipsum dolor sit amet</strong>, consectetur adipiscing elit, sed do eiusmod tempor incididunt ut labore et dolore magna aliqua. Ut enim ad minim veniam, quis nostrud exercitation ullamco laboris nisi ut aliquip ex ea commodo consequat. Duis aute irure dolor in reprehenderit in voluptate velit esse cillum dolore eu fugiat nulla pariatur. Excepteur sint occaecat cupidatat non proident, sunt in culpa qui officia deserunt mollit anim id est laborum.\"</p><p>Lorem <strong>ipsum dolor sit amet</strong>, consectetur adipiscing elit, sed do eiusmod tempor incididunt ut labore et dolore magna aliqua. Ut enim ad minim veniam, quis nostrud exercitation ullamco laboris nisi ut aliquip ex ea commodo consequat. Duis aute irure dolor in reprehenderit in voluptate velit esse cillum dolore eu fugiat nulla pariatur. Excepteur sint occaecat cupidatat non proident, sunt in culpa qui officia deserunt mollit anim id est laborum.\"<br></p><p>Lorem <strong>ipsum dolor sit amet</strong>, consectetur adipiscing elit, sed do eiusmod tempor incididunt ut labore et dolore magna aliqua. Ut enim ad minim veniam, quis nostrud exercitation ullamco laboris nisi ut aliquip ex ea commodo consequat. Duis aute irure dolor in reprehenderit in voluptate velit esse cillum dolore eu fugiat nulla pariatur. Excepteur sint occaecat cupidatat non proident, sunt in culpa qui officia deserunt mollit anim id est laborum.\"</p>', NULL, NULL, NULL, NULL, NULL, NULL, '2015-10-24 09:56:52', '2015-10-24 12:53:54', 'ae390e67-9ccf-4503-b170-26dafb03f6ac');
INSERT INTO `craft_matrixcontent_body` (`id`, `elementId`, `locale`, `field_heading_heading`, `field_heading_headingType`, `field_text_text`, `field_image_alignment`, `field_video_video`, `field_pullQuote_pullQuote`, `field_pullQuote_alignment`, `field_image_clear`, `field_image_caption`, `dateCreated`, `dateUpdated`, `uid`) VALUES ('9', '15', 'en_us', NULL, NULL, '<p>Lorem <strong>ipsum dolor sit amet</strong>, consectetur adipiscing elit, sed do eiusmod tempor incididunt ut labore et dolore magna aliqua. Ut enim ad minim veniam, quis nostrud exercitation ullamco laboris nisi ut aliquip ex ea commodo consequat. Duis aute irure dolor in reprehenderit in voluptate velit esse cillum dolore eu fugiat nulla pariatur.<br></p>', NULL, NULL, NULL, NULL, NULL, NULL, '2015-10-24 10:00:02', '2015-10-24 12:53:54', '45300b5b-9926-4113-8148-ab8137f06f24');
INSERT INTO `craft_matrixcontent_body` (`id`, `elementId`, `locale`, `field_heading_heading`, `field_heading_headingType`, `field_text_text`, `field_image_alignment`, `field_video_video`, `field_pullQuote_pullQuote`, `field_pullQuote_alignment`, `field_image_clear`, `field_image_caption`, `dateCreated`, `dateUpdated`, `uid`) VALUES ('10', '16', 'en_us', 'This should break up the article nicely', 'h2', NULL, NULL, NULL, NULL, NULL, NULL, NULL, '2015-10-24 10:03:12', '2015-10-24 12:53:54', 'f3e541f9-f862-4eb0-85b5-b81e8681109c');
INSERT INTO `craft_matrixcontent_body` (`id`, `elementId`, `locale`, `field_heading_heading`, `field_heading_headingType`, `field_text_text`, `field_image_alignment`, `field_video_video`, `field_pullQuote_pullQuote`, `field_pullQuote_alignment`, `field_image_clear`, `field_image_caption`, `dateCreated`, `dateUpdated`, `uid`) VALUES ('11', '17', 'en_us', NULL, NULL, NULL, NULL, NULL, 'Excepteur sint occaecat cupidatat...', 'right', NULL, NULL, '2015-10-24 10:05:22', '2015-10-24 12:53:54', '90bdbe4a-1b1c-418e-a321-07d81fc02147');
INSERT INTO `craft_matrixcontent_body` (`id`, `elementId`, `locale`, `field_heading_heading`, `field_heading_headingType`, `field_text_text`, `field_image_alignment`, `field_video_video`, `field_pullQuote_pullQuote`, `field_pullQuote_alignment`, `field_image_clear`, `field_image_caption`, `dateCreated`, `dateUpdated`, `uid`) VALUES ('12', '18', 'en_us', NULL, NULL, '<p>Lorem <strong>ipsum dolor sit amet</strong>, consectetur adipiscing elit, sed do eiusmod tempor incididunt ut labore et dolore magna aliqua. Ut enim ad minim veniam, quis nostrud exercitation ullamco laboris nisi ut aliquip ex ea commodo consequat. Duis aute irure dolor in reprehenderit in voluptate velit esse cillum dolore eu fugiat nulla pariatur. Excepteur sint occaecat cupidatat non proident, sunt in culpa qui officia deserunt mollit anim id est laborum.\"</p><p>Lorem <strong>ipsum dolor sit amet</strong>, consectetur adipiscing elit, sed do eiusmod tempor incididunt ut labore et dolore magna aliqua. Ut enim ad minim veniam, quis nostrud exercitation ullamco laboris nisi ut aliquip ex ea commodo consequat. Duis aute irure dolor in reprehenderit in voluptate velit esse cillum dolore eu fugiat nulla pariatur. Excepteur sint occaecat cupidatat non proident, sunt in culpa qui officia deserunt mollit anim id est laborum.\"</p>', NULL, NULL, NULL, NULL, NULL, NULL, '2015-10-24 10:10:27', '2015-10-24 12:53:54', '622f2dee-d41d-4bce-a06a-18f06ee6b638');
INSERT INTO `craft_matrixcontent_body` (`id`, `elementId`, `locale`, `field_heading_heading`, `field_heading_headingType`, `field_text_text`, `field_image_alignment`, `field_video_video`, `field_pullQuote_pullQuote`, `field_pullQuote_alignment`, `field_image_clear`, `field_image_caption`, `dateCreated`, `dateUpdated`, `uid`) VALUES ('13', '19', 'en_us', NULL, NULL, NULL, NULL, NULL, NULL, NULL, NULL, NULL, '2015-10-24 10:21:40', '2015-10-24 12:53:54', '929cfc01-d91a-4fa9-8ed3-25e53ff0c6c9');
INSERT INTO `craft_matrixcontent_body` (`id`, `elementId`, `locale`, `field_heading_heading`, `field_heading_headingType`, `field_text_text`, `field_image_alignment`, `field_video_video`, `field_pullQuote_pullQuote`, `field_pullQuote_alignment`, `field_image_clear`, `field_image_caption`, `dateCreated`, `dateUpdated`, `uid`) VALUES ('14', '21', 'en_us', NULL, NULL, '<p>Lorem <strong>ipsum dolor sit amet</strong>, consectetur adipiscing elit, sed do eiusmod tempor incididunt ut labore et dolore magna aliqua. Ut enim ad minim veniam, quis nostrud exercitation ullamco laboris nisi ut aliquip ex ea commodo consequat. Duis aute irure dolor in reprehenderit in voluptate velit esse cillum dolore eu fugiat nulla pariatur.</p>', NULL, NULL, NULL, NULL, NULL, NULL, '2015-10-24 10:47:23', '2015-10-26 15:54:41', '474cd813-3fec-4afa-9f9a-bb04f1c2dc7c');
INSERT INTO `craft_matrixcontent_body` (`id`, `elementId`, `locale`, `field_heading_heading`, `field_heading_headingType`, `field_text_text`, `field_image_alignment`, `field_video_video`, `field_pullQuote_pullQuote`, `field_pullQuote_alignment`, `field_image_clear`, `field_image_caption`, `dateCreated`, `dateUpdated`, `uid`) VALUES ('15', '22', 'en_us', NULL, NULL, NULL, NULL, NULL, NULL, NULL, NULL, NULL, '2015-10-24 10:50:39', '2015-10-24 10:50:39', 'd4d670bd-289c-478a-8a37-c6cc6098e634');
INSERT INTO `craft_matrixcontent_body` (`id`, `elementId`, `locale`, `field_heading_heading`, `field_heading_headingType`, `field_text_text`, `field_image_alignment`, `field_video_video`, `field_pullQuote_pullQuote`, `field_pullQuote_alignment`, `field_image_clear`, `field_image_caption`, `dateCreated`, `dateUpdated`, `uid`) VALUES ('16', '23', 'en_us', NULL, NULL, '<p>Some content...</p>', NULL, NULL, NULL, NULL, NULL, NULL, '2015-10-24 10:50:39', '2015-10-24 10:50:39', '3525efb6-76c5-440a-9216-c3ea23a0a10e');
INSERT INTO `craft_matrixcontent_body` (`id`, `elementId`, `locale`, `field_heading_heading`, `field_heading_headingType`, `field_text_text`, `field_image_alignment`, `field_video_video`, `field_pullQuote_pullQuote`, `field_pullQuote_alignment`, `field_image_clear`, `field_image_caption`, `dateCreated`, `dateUpdated`, `uid`) VALUES ('17', '33', 'en_us', NULL, NULL, NULL, 'full', NULL, NULL, NULL, 'none', '', '2015-10-25 10:08:24', '2015-10-26 15:48:26', '463499c2-8f3b-421f-91f7-dbe09cd53a3b');
INSERT INTO `craft_matrixcontent_body` (`id`, `elementId`, `locale`, `field_heading_heading`, `field_heading_headingType`, `field_text_text`, `field_image_alignment`, `field_video_video`, `field_pullQuote_pullQuote`, `field_pullQuote_alignment`, `field_image_clear`, `field_image_caption`, `dateCreated`, `dateUpdated`, `uid`) VALUES ('18', '34', 'en_us', NULL, NULL, '<p>Lorem <strong>ipsum dolor sit amet</strong>, consectetur adipiscing elit, sed do eiusmod tempor incididunt ut labore et dolore magna aliqua. Ut enim ad minim veniam, quis nostrud exercitation ullamco laboris nisi ut aliquip ex ea commodo consequat. Duis aute irure dolor in reprehenderit in voluptate velit esse cillum dolore eu fugiat nulla pariatur. Excepteur sint occaecat cupidatat non proident, sunt in culpa qui officia deserunt mollit anim id est laborum.\"</p>', NULL, NULL, NULL, NULL, NULL, NULL, '2015-10-25 10:08:24', '2015-10-26 15:48:26', '2859cecd-d2f4-4e16-8149-cfdb5b723fc4');
INSERT INTO `craft_matrixcontent_body` (`id`, `elementId`, `locale`, `field_heading_heading`, `field_heading_headingType`, `field_text_text`, `field_image_alignment`, `field_video_video`, `field_pullQuote_pullQuote`, `field_pullQuote_alignment`, `field_image_clear`, `field_image_caption`, `dateCreated`, `dateUpdated`, `uid`) VALUES ('19', '35', 'en_us', NULL, NULL, NULL, 'right', NULL, NULL, NULL, 'none', 'Fancy little image', '2015-10-25 10:08:24', '2015-10-26 15:48:26', '48b4f483-c951-4d35-ad4d-f6f043c7802e');
INSERT INTO `craft_matrixcontent_body` (`id`, `elementId`, `locale`, `field_heading_heading`, `field_heading_headingType`, `field_text_text`, `field_image_alignment`, `field_video_video`, `field_pullQuote_pullQuote`, `field_pullQuote_alignment`, `field_image_clear`, `field_image_caption`, `dateCreated`, `dateUpdated`, `uid`) VALUES ('20', '36', 'en_us', NULL, NULL, '<p>Lorem <strong>ipsum dolor sit amet</strong>, consectetur adipiscing elit, sed do eiusmod tempor incididunt ut labore et dolore magna aliqua. Ut enim ad minim veniam, quis nostrud exercitation ullamco laboris nisi ut aliquip ex ea commodo consequat. Duis aute irure dolor in reprehenderit in voluptate velit esse cillum dolore eu fugiat nulla pariatur. Excepteur sint occaecat cupidatat non proident, sunt in culpa qui officia deserunt mollit anim id est laborum.\"\r\n</p><p>Lorem <strong>ipsum dolor sit amet</strong>, consectetur adipiscing elit, sed do eiusmod tempor incididunt ut labore et dolore magna aliqua. Ut enim ad minim veniam, quis nostrud exercitation ullamco laboris nisi ut aliquip ex ea commodo consequat. Duis aute irure dolor in reprehenderit in voluptate velit esse cillum dolore eu fugiat nulla pariatur. Excepteur sint occaecat cupidatat non proident, sunt in culpa qui officia deserunt mollit anim id est laborum.\" Lorem <strong>ipsum dolor sit amet</strong>, consectetur adipiscing elit, sed do eiusmod tempor incididunt ut labore et dolore magna aliqua. Ut enim ad minim veniam, quis nostrud exercitation ullamco laboris nisi ut aliquip ex ea commodo consequat. Duis aute irure dolor in reprehenderit in voluptate velit esse cillum dolore eu fugiat nulla pariatur. Excepteur sint occaecat cupidatat non proident, sunt in culpa qui officia deserunt mollit anim id est laborum.<br>\r\n</p><blockquote>commodo consequat. Duis aute irure dolor in reprehenderit in voluptate velit esse cillum dolore eu fugiat nulla pariatur. Excepteur sint occaecat cupidatat non proident, sunt in culpa qui officia deserunt mollit anim id est laborum</blockquote>', NULL, NULL, NULL, NULL, NULL, NULL, '2015-10-25 10:08:24', '2015-10-26 15:48:26', '17aaf698-0e0e-4a40-bc2f-0aea8179d896');
INSERT INTO `craft_matrixcontent_body` (`id`, `elementId`, `locale`, `field_heading_heading`, `field_heading_headingType`, `field_text_text`, `field_image_alignment`, `field_video_video`, `field_pullQuote_pullQuote`, `field_pullQuote_alignment`, `field_image_clear`, `field_image_caption`, `dateCreated`, `dateUpdated`, `uid`) VALUES ('21', '37', 'en_us', 'This should break up the article nicely', 'h2', NULL, NULL, NULL, NULL, NULL, NULL, NULL, '2015-10-25 10:08:24', '2015-10-26 15:48:26', '5992480f-952c-45ef-886e-8b8fdfee332e');
INSERT INTO `craft_matrixcontent_body` (`id`, `elementId`, `locale`, `field_heading_heading`, `field_heading_headingType`, `field_text_text`, `field_image_alignment`, `field_video_video`, `field_pullQuote_pullQuote`, `field_pullQuote_alignment`, `field_image_clear`, `field_image_caption`, `dateCreated`, `dateUpdated`, `uid`) VALUES ('22', '38', 'en_us', NULL, NULL, NULL, 'left', NULL, NULL, NULL, 'none', '', '2015-10-25 10:08:24', '2015-10-26 15:48:26', '01435873-e969-4903-86b1-b0af84d6ad60');
INSERT INTO `craft_matrixcontent_body` (`id`, `elementId`, `locale`, `field_heading_heading`, `field_heading_headingType`, `field_text_text`, `field_image_alignment`, `field_video_video`, `field_pullQuote_pullQuote`, `field_pullQuote_alignment`, `field_image_clear`, `field_image_caption`, `dateCreated`, `dateUpdated`, `uid`) VALUES ('23', '39', 'en_us', NULL, NULL, '<p>Lorem <strong>ipsum dolor sit amet</strong>, consectetur adipiscing elit, sed do eiusmod tempor incididunt ut labore et dolore magna aliqua. Ut enim ad minim veniam, quis nostrud exercitation ullamco laboris nisi ut aliquip ex ea commodo consequat. Duis aute irure dolor in reprehenderit in voluptate velit esse cillum dolore eu fugiat nulla pariatur.<br></p>', NULL, NULL, NULL, NULL, NULL, NULL, '2015-10-25 10:08:24', '2015-10-26 15:48:26', 'd3bfc8d8-7298-4352-80d0-7f4f39ca02f9');
INSERT INTO `craft_matrixcontent_body` (`id`, `elementId`, `locale`, `field_heading_heading`, `field_heading_headingType`, `field_text_text`, `field_image_alignment`, `field_video_video`, `field_pullQuote_pullQuote`, `field_pullQuote_alignment`, `field_image_clear`, `field_image_caption`, `dateCreated`, `dateUpdated`, `uid`) VALUES ('24', '40', 'en_us', NULL, NULL, NULL, 'left', NULL, NULL, NULL, 'both', 'This caption clearly describes the image in context', '2015-10-25 10:08:24', '2015-10-26 15:48:26', '77474b78-65e1-43f2-abfb-e57ccad266aa');
INSERT INTO `craft_matrixcontent_body` (`id`, `elementId`, `locale`, `field_heading_heading`, `field_heading_headingType`, `field_text_text`, `field_image_alignment`, `field_video_video`, `field_pullQuote_pullQuote`, `field_pullQuote_alignment`, `field_image_clear`, `field_image_caption`, `dateCreated`, `dateUpdated`, `uid`) VALUES ('25', '41', 'en_us', NULL, NULL, '<p>Lorem <strong>ipsum dolor sit amet</strong>, consectetur adipiscing elit, sed do eiusmod tempor incididunt ut labore et dolore magna aliqua. Ut enim ad minim veniam, quis nostrud exercitation ullamco laboris nisi ut aliquip ex ea commodo consequat. Duis aute irure dolor in reprehenderit in voluptate velit esse cillum dolore eu fugiat nulla pariatur. Excepteur sint occaecat cupidatat non proident, sunt in culpa qui officia deserunt mollit anim id est laborum.\"</p><p>Lorem <strong>ipsum dolor sit amet</strong>, consectetur adipiscing elit, sed do eiusmod tempor incididunt ut labore et dolore magna aliqua. Ut enim ad minim veniam, quis nostrud exercitation ullamco laboris nisi ut aliquip ex ea commodo consequat. Duis aute irure dolor in reprehenderit in voluptate velit esse cillum dolore eu fugiat nulla pariatur. Excepteur sint occaecat cupidatat non proident, sunt in culpa qui officia deserunt mollit anim id est laborum.\"<br></p><p>Lorem <strong>ipsum dolor sit amet</strong>, consectetur adipiscing elit, sed do eiusmod tempor incididunt ut labore et dolore magna aliqua. Ut enim ad minim veniam, quis nostrud exercitation ullamco laboris nisi ut aliquip ex ea commodo consequat. Duis aute irure dolor in reprehenderit in voluptate velit esse cillum dolore eu fugiat nulla pariatur. Excepteur sint occaecat cupidatat non proident, sunt in culpa qui officia deserunt mollit anim id est laborum.\"</p>', NULL, NULL, NULL, NULL, NULL, NULL, '2015-10-25 10:08:24', '2015-10-26 15:48:26', '8d9b43a5-8870-4b5a-a002-a9438e862bea');
INSERT INTO `craft_matrixcontent_body` (`id`, `elementId`, `locale`, `field_heading_heading`, `field_heading_headingType`, `field_text_text`, `field_image_alignment`, `field_video_video`, `field_pullQuote_pullQuote`, `field_pullQuote_alignment`, `field_image_clear`, `field_image_caption`, `dateCreated`, `dateUpdated`, `uid`) VALUES ('26', '42', 'en_us', NULL, NULL, NULL, NULL, NULL, 'Excepteur sint occaecat cupidatat...', 'right', NULL, NULL, '2015-10-25 10:08:24', '2015-10-26 15:48:26', 'c588964b-6627-4c7c-a6c3-8daeb258980b');
INSERT INTO `craft_matrixcontent_body` (`id`, `elementId`, `locale`, `field_heading_heading`, `field_heading_headingType`, `field_text_text`, `field_image_alignment`, `field_video_video`, `field_pullQuote_pullQuote`, `field_pullQuote_alignment`, `field_image_clear`, `field_image_caption`, `dateCreated`, `dateUpdated`, `uid`) VALUES ('27', '43', 'en_us', NULL, NULL, '<p>Lorem <strong>ipsum dolor sit amet</strong>, consectetur adipiscing elit, sed do eiusmod tempor incididunt ut labore et dolore magna aliqua. Ut enim ad minim veniam, quis nostrud exercitation ullamco laboris nisi ut aliquip ex ea commodo consequat. Duis aute irure dolor in reprehenderit in voluptate velit esse cillum dolore eu fugiat nulla pariatur. Excepteur sint occaecat cupidatat non proident, sunt in culpa qui officia deserunt mollit anim id est laborum.\"</p><p>Lorem <strong>ipsum dolor sit amet</strong>, consectetur adipiscing elit, sed do eiusmod tempor incididunt ut labore et dolore magna aliqua. Ut enim ad minim veniam, quis nostrud exercitation ullamco laboris nisi ut aliquip ex ea commodo consequat. Duis aute irure dolor in reprehenderit in voluptate velit esse cillum dolore eu fugiat nulla pariatur. Excepteur sint occaecat cupidatat non proident, sunt in culpa qui officia deserunt mollit anim id est laborum.\"</p>', NULL, NULL, NULL, NULL, NULL, NULL, '2015-10-25 10:08:24', '2015-10-26 15:48:26', '876fc85e-89e1-4243-862d-dd502586e4ef');
INSERT INTO `craft_matrixcontent_body` (`id`, `elementId`, `locale`, `field_heading_heading`, `field_heading_headingType`, `field_text_text`, `field_image_alignment`, `field_video_video`, `field_pullQuote_pullQuote`, `field_pullQuote_alignment`, `field_image_clear`, `field_image_caption`, `dateCreated`, `dateUpdated`, `uid`) VALUES ('28', '44', 'en_us', NULL, NULL, NULL, NULL, NULL, NULL, NULL, NULL, NULL, '2015-10-25 10:08:24', '2015-10-26 15:48:26', 'b3bc3c17-7d10-4742-945a-79a52c5fbe97');
INSERT INTO `craft_matrixcontent_body` (`id`, `elementId`, `locale`, `field_heading_heading`, `field_heading_headingType`, `field_text_text`, `field_image_alignment`, `field_video_video`, `field_pullQuote_pullQuote`, `field_pullQuote_alignment`, `field_image_clear`, `field_image_caption`, `dateCreated`, `dateUpdated`, `uid`) VALUES ('29', '51', 'en_us', NULL, NULL, NULL, NULL, NULL, NULL, NULL, NULL, NULL, '2015-10-25 16:26:30', '2015-10-26 15:54:41', '13535650-ac4a-4a8b-8407-685c1842c670');



DROP TABLE IF EXISTS `craft_matrixcontent_sitecontacts`;


--
-- Schema for table `craft_matrixcontent_sitecontacts`
--
CREATE TABLE `craft_matrixcontent_sitecontacts` (
  `id` int(11) NOT NULL AUTO_INCREMENT,
  `elementId` int(11) NOT NULL,
  `locale` char(12) COLLATE utf8_unicode_ci NOT NULL,
  `field_contact_contactType` varchar(255) COLLATE utf8_unicode_ci DEFAULT NULL,
  `field_contact_contactNumber` text COLLATE utf8_unicode_ci,
  `dateCreated` datetime NOT NULL,
  `dateUpdated` datetime NOT NULL,
  `uid` char(36) COLLATE utf8_unicode_ci NOT NULL DEFAULT '0',
  PRIMARY KEY (`id`),
  UNIQUE KEY `craft_matrixcontent_sitecontacts_elementId_locale_unq_idx` (`elementId`,`locale`),
  KEY `craft_matrixcontent_sitecontacts_locale_fk` (`locale`)
) ENGINE=InnoDB AUTO_INCREMENT=2 DEFAULT CHARSET=utf8 COLLATE=utf8_unicode_ci;

--
-- Data for table `craft_matrixcontent_sitecontacts`
--

INSERT INTO `craft_matrixcontent_sitecontacts` (`id`, `elementId`, `locale`, `field_contact_contactType`, `field_contact_contactNumber`, `dateCreated`, `dateUpdated`, `uid`) VALUES ('1', '29', 'en_us', 'customer service', '+27-55555555', '2015-10-25 09:01:26', '2015-10-25 09:01:39', '3211b98b-d5ce-494a-acc4-c9b6663228f4');



DROP TABLE IF EXISTS `craft_matrixcontent_sitesocialprofiles`;


--
-- Schema for table `craft_matrixcontent_sitesocialprofiles`
--
CREATE TABLE `craft_matrixcontent_sitesocialprofiles` (
  `id` int(11) NOT NULL AUTO_INCREMENT,
  `elementId` int(11) NOT NULL,
  `locale` char(12) COLLATE utf8_unicode_ci NOT NULL,
  `field_profile_platform` varchar(255) COLLATE utf8_unicode_ci DEFAULT NULL,
  `field_profile_profileUrl` text COLLATE utf8_unicode_ci,
  `field_profile_profileHandle` text COLLATE utf8_unicode_ci,
  `dateCreated` datetime NOT NULL,
  `dateUpdated` datetime NOT NULL,
  `uid` char(36) COLLATE utf8_unicode_ci NOT NULL DEFAULT '0',
  PRIMARY KEY (`id`),
  UNIQUE KEY `craft_matrixcontent_sitesocialprofiles_elementId_locale_unq_idx` (`elementId`,`locale`),
  KEY `craft_matrixcontent_sitesocialprofiles_locale_fk` (`locale`)
) ENGINE=InnoDB AUTO_INCREMENT=3 DEFAULT CHARSET=utf8 COLLATE=utf8_unicode_ci;

--
-- Data for table `craft_matrixcontent_sitesocialprofiles`
--

INSERT INTO `craft_matrixcontent_sitesocialprofiles` (`id`, `elementId`, `locale`, `field_profile_platform`, `field_profile_profileUrl`, `field_profile_profileHandle`, `dateCreated`, `dateUpdated`, `uid`) VALUES ('1', '30', 'en_us', 'facebook', 'https://www.facebook.com/FlowComms', 'FlowComms', '2015-10-25 09:01:26', '2015-10-25 09:01:39', '855f1b7c-7c82-4efb-88e2-6b898cb3dc63');
INSERT INTO `craft_matrixcontent_sitesocialprofiles` (`id`, `elementId`, `locale`, `field_profile_platform`, `field_profile_profileUrl`, `field_profile_profileHandle`, `dateCreated`, `dateUpdated`, `uid`) VALUES ('2', '31', 'en_us', 'twitter', 'https://twitter.com/flowcomms', 'flowcomms', '2015-10-25 09:01:26', '2015-10-25 09:01:39', '344cd4aa-276f-47ed-97f9-18321ecb4706');



DROP TABLE IF EXISTS `craft_matrixcontent_slideshow`;


--
-- Schema for table `craft_matrixcontent_slideshow`
--
CREATE TABLE `craft_matrixcontent_slideshow` (
  `id` int(11) NOT NULL AUTO_INCREMENT,
  `elementId` int(11) NOT NULL,
  `locale` char(12) COLLATE utf8_unicode_ci NOT NULL,
  `field_slide_caption` text COLLATE utf8_unicode_ci,
  `field_slide_linkUrl` text COLLATE utf8_unicode_ci,
  `dateCreated` datetime NOT NULL,
  `dateUpdated` datetime NOT NULL,
  `uid` char(36) COLLATE utf8_unicode_ci NOT NULL DEFAULT '0',
  PRIMARY KEY (`id`),
  UNIQUE KEY `craft_matrixcontent_slideshow_elementId_locale_unq_idx` (`elementId`,`locale`),
  KEY `craft_matrixcontent_slideshow_locale_fk` (`locale`)
) ENGINE=InnoDB AUTO_INCREMENT=4 DEFAULT CHARSET=utf8 COLLATE=utf8_unicode_ci;

--
-- Data for table `craft_matrixcontent_slideshow`
--

INSERT INTO `craft_matrixcontent_slideshow` (`id`, `elementId`, `locale`, `field_slide_caption`, `field_slide_linkUrl`, `dateCreated`, `dateUpdated`, `uid`) VALUES ('1', '48', 'en_us', 'The first slide', '', '2015-10-25 14:10:04', '2015-10-25 14:10:04', '85bc9af8-d8ec-4da8-b9fb-73c49520357d');
INSERT INTO `craft_matrixcontent_slideshow` (`id`, `elementId`, `locale`, `field_slide_caption`, `field_slide_linkUrl`, `dateCreated`, `dateUpdated`, `uid`) VALUES ('2', '49', 'en_us', 'The second slide', '', '2015-10-25 14:10:04', '2015-10-25 14:10:04', '88c6e29e-13ec-466e-85b5-af37507e068a');
INSERT INTO `craft_matrixcontent_slideshow` (`id`, `elementId`, `locale`, `field_slide_caption`, `field_slide_linkUrl`, `dateCreated`, `dateUpdated`, `uid`) VALUES ('3', '50', 'en_us', 'The third slide', '', '2015-10-25 14:10:04', '2015-10-25 14:10:04', 'bbaccf16-5ac9-4300-8a7d-2e99436c2720');



DROP TABLE IF EXISTS `craft_migrations`;


--
-- Schema for table `craft_migrations`
--
CREATE TABLE `craft_migrations` (
  `id` int(11) NOT NULL AUTO_INCREMENT,
  `pluginId` int(11) DEFAULT NULL,
  `version` varchar(255) COLLATE utf8_unicode_ci NOT NULL,
  `applyTime` datetime NOT NULL,
  `dateCreated` datetime NOT NULL,
  `dateUpdated` datetime NOT NULL,
  `uid` char(36) COLLATE utf8_unicode_ci NOT NULL DEFAULT '0',
  PRIMARY KEY (`id`),
  UNIQUE KEY `craft_migrations_version_unq_idx` (`version`),
  KEY `craft_migrations_pluginId_fk` (`pluginId`)
) ENGINE=InnoDB AUTO_INCREMENT=16 DEFAULT CHARSET=utf8 COLLATE=utf8_unicode_ci;

--
-- Data for table `craft_migrations`
--

INSERT INTO `craft_migrations` (`id`, `pluginId`, `version`, `applyTime`, `dateCreated`, `dateUpdated`, `uid`) VALUES ('1', NULL, 'm000000_000000_base', '2015-10-24 08:36:36', '2015-10-24 08:36:36', '2015-10-24 08:36:36', '8530cb08-5627-4238-97b9-d8e1e3b2c424');
INSERT INTO `craft_migrations` (`id`, `pluginId`, `version`, `applyTime`, `dateCreated`, `dateUpdated`, `uid`) VALUES ('2', NULL, 'm140730_000001_add_filename_and_format_to_transformindex', '2015-10-24 08:36:36', '2015-10-24 08:36:36', '2015-10-24 08:36:36', '63de0528-fa23-4f27-96f0-1a358f8bf6bc');
INSERT INTO `craft_migrations` (`id`, `pluginId`, `version`, `applyTime`, `dateCreated`, `dateUpdated`, `uid`) VALUES ('3', NULL, 'm140815_000001_add_format_to_transforms', '2015-10-24 08:36:36', '2015-10-24 08:36:36', '2015-10-24 08:36:36', '2938153a-03f4-46b2-89d7-1b8cb0659617');
INSERT INTO `craft_migrations` (`id`, `pluginId`, `version`, `applyTime`, `dateCreated`, `dateUpdated`, `uid`) VALUES ('4', NULL, 'm140822_000001_allow_more_than_128_items_per_field', '2015-10-24 08:36:36', '2015-10-24 08:36:36', '2015-10-24 08:36:36', 'fbaa8db8-8e67-4b88-b81b-fdf824662eb3');
INSERT INTO `craft_migrations` (`id`, `pluginId`, `version`, `applyTime`, `dateCreated`, `dateUpdated`, `uid`) VALUES ('5', NULL, 'm140829_000001_single_title_formats', '2015-10-24 08:36:36', '2015-10-24 08:36:36', '2015-10-24 08:36:36', '3bce4ed0-6da6-4a56-81c5-1b6f8c44c45b');
INSERT INTO `craft_migrations` (`id`, `pluginId`, `version`, `applyTime`, `dateCreated`, `dateUpdated`, `uid`) VALUES ('6', NULL, 'm140831_000001_extended_cache_keys', '2015-10-24 08:36:36', '2015-10-24 08:36:36', '2015-10-24 08:36:36', 'cc8c1120-3334-477c-b87b-cb9650bf464b');
INSERT INTO `craft_migrations` (`id`, `pluginId`, `version`, `applyTime`, `dateCreated`, `dateUpdated`, `uid`) VALUES ('7', NULL, 'm140922_000001_delete_orphaned_matrix_blocks', '2015-10-24 08:36:36', '2015-10-24 08:36:36', '2015-10-24 08:36:36', '99cd34b9-dced-4003-8b24-c06e3aaa0553');
INSERT INTO `craft_migrations` (`id`, `pluginId`, `version`, `applyTime`, `dateCreated`, `dateUpdated`, `uid`) VALUES ('8', NULL, 'm141008_000001_elements_index_tune', '2015-10-24 08:36:36', '2015-10-24 08:36:36', '2015-10-24 08:36:36', 'bd9f02c2-720c-4550-89df-1e426f4a53da');
INSERT INTO `craft_migrations` (`id`, `pluginId`, `version`, `applyTime`, `dateCreated`, `dateUpdated`, `uid`) VALUES ('9', NULL, 'm141009_000001_assets_source_handle', '2015-10-24 08:36:36', '2015-10-24 08:36:36', '2015-10-24 08:36:36', 'd2f9d44b-7fc8-48fe-b58f-3bf6b046562f');
INSERT INTO `craft_migrations` (`id`, `pluginId`, `version`, `applyTime`, `dateCreated`, `dateUpdated`, `uid`) VALUES ('10', NULL, 'm141024_000001_field_layout_tabs', '2015-10-24 08:36:36', '2015-10-24 08:36:36', '2015-10-24 08:36:36', '522d49b1-7a82-4dd1-ae3c-c807bfd95604');
INSERT INTO `craft_migrations` (`id`, `pluginId`, `version`, `applyTime`, `dateCreated`, `dateUpdated`, `uid`) VALUES ('11', NULL, 'm141030_000001_drop_structure_move_permission', '2015-10-24 08:36:36', '2015-10-24 08:36:36', '2015-10-24 08:36:36', '877d6f38-c19c-458d-bb05-8126665bcd30');
INSERT INTO `craft_migrations` (`id`, `pluginId`, `version`, `applyTime`, `dateCreated`, `dateUpdated`, `uid`) VALUES ('12', NULL, 'm141103_000001_tag_titles', '2015-10-24 08:36:36', '2015-10-24 08:36:36', '2015-10-24 08:36:36', 'e504075d-45b6-4488-868e-f5d98add6a97');
INSERT INTO `craft_migrations` (`id`, `pluginId`, `version`, `applyTime`, `dateCreated`, `dateUpdated`, `uid`) VALUES ('13', NULL, 'm141109_000001_user_status_shuffle', '2015-10-24 08:36:36', '2015-10-24 08:36:36', '2015-10-24 08:36:36', '82986b18-cdf9-461f-93af-f598c572a13c');
INSERT INTO `craft_migrations` (`id`, `pluginId`, `version`, `applyTime`, `dateCreated`, `dateUpdated`, `uid`) VALUES ('14', NULL, 'm141126_000001_user_week_start_day', '2015-10-24 08:36:36', '2015-10-24 08:36:36', '2015-10-24 08:36:36', 'd3f74311-fc58-46d4-9c88-ee8a1514bcef');
INSERT INTO `craft_migrations` (`id`, `pluginId`, `version`, `applyTime`, `dateCreated`, `dateUpdated`, `uid`) VALUES ('15', NULL, 'm150210_000001_adjust_user_photo_size', '2015-10-24 08:36:36', '2015-10-24 08:36:36', '2015-10-24 08:36:36', '80f97c50-c119-4ef5-93ff-9c75d08559ec');



DROP TABLE IF EXISTS `craft_plugins`;


--
-- Schema for table `craft_plugins`
--
CREATE TABLE `craft_plugins` (
  `id` int(11) NOT NULL AUTO_INCREMENT,
  `class` varchar(150) COLLATE utf8_unicode_ci NOT NULL,
  `version` char(15) COLLATE utf8_unicode_ci NOT NULL,
  `enabled` tinyint(1) unsigned NOT NULL DEFAULT '0',
  `settings` text COLLATE utf8_unicode_ci,
  `installDate` datetime NOT NULL,
  `dateCreated` datetime NOT NULL,
  `dateUpdated` datetime NOT NULL,
  `uid` char(36) COLLATE utf8_unicode_ci NOT NULL DEFAULT '0',
  PRIMARY KEY (`id`)
) ENGINE=InnoDB DEFAULT CHARSET=utf8 COLLATE=utf8_unicode_ci;

DROP TABLE IF EXISTS `craft_rackspaceaccess`;


--
-- Schema for table `craft_rackspaceaccess`
--
CREATE TABLE `craft_rackspaceaccess` (
  `id` int(11) NOT NULL AUTO_INCREMENT,
  `connectionKey` varchar(255) COLLATE utf8_unicode_ci NOT NULL,
  `token` varchar(255) COLLATE utf8_unicode_ci NOT NULL,
  `storageUrl` varchar(255) COLLATE utf8_unicode_ci NOT NULL,
  `cdnUrl` varchar(255) COLLATE utf8_unicode_ci NOT NULL,
  `dateCreated` datetime NOT NULL,
  `dateUpdated` datetime NOT NULL,
  `uid` char(36) COLLATE utf8_unicode_ci NOT NULL DEFAULT '0',
  PRIMARY KEY (`id`),
  UNIQUE KEY `craft_rackspaceaccess_connectionKey_unq_idx` (`connectionKey`)
) ENGINE=InnoDB DEFAULT CHARSET=utf8 COLLATE=utf8_unicode_ci;

DROP TABLE IF EXISTS `craft_relations`;


--
-- Schema for table `craft_relations`
--
CREATE TABLE `craft_relations` (
  `id` int(11) NOT NULL AUTO_INCREMENT,
  `fieldId` int(11) NOT NULL,
  `sourceId` int(11) NOT NULL,
  `sourceLocale` char(12) COLLATE utf8_unicode_ci DEFAULT NULL,
  `targetId` int(11) NOT NULL,
  `sortOrder` smallint(6) DEFAULT NULL,
  `dateCreated` datetime NOT NULL,
  `dateUpdated` datetime NOT NULL,
  `uid` char(36) COLLATE utf8_unicode_ci NOT NULL DEFAULT '0',
  PRIMARY KEY (`id`),
  UNIQUE KEY `craft_relations_fieldId_sourceId_sourceLocale_targetId_unq_idx` (`fieldId`,`sourceId`,`sourceLocale`,`targetId`),
  KEY `craft_relations_sourceId_fk` (`sourceId`),
  KEY `craft_relations_sourceLocale_fk` (`sourceLocale`),
  KEY `craft_relations_targetId_fk` (`targetId`)
) ENGINE=InnoDB AUTO_INCREMENT=209 DEFAULT CHARSET=utf8 COLLATE=utf8_unicode_ci;

--
-- Data for table `craft_relations`
--

INSERT INTO `craft_relations` (`id`, `fieldId`, `sourceId`, `sourceLocale`, `targetId`, `sortOrder`, `dateCreated`, `dateUpdated`, `uid`) VALUES ('116', '25', '24', NULL, '20', '1', '2015-10-24 11:48:02', '2015-10-24 11:48:02', 'c972e4c3-6b2e-4333-8309-d07720f56cc7');
INSERT INTO `craft_relations` (`id`, `fieldId`, `sourceId`, `sourceLocale`, `targetId`, `sortOrder`, `dateCreated`, `dateUpdated`, `uid`) VALUES ('135', '23', '3', NULL, '6', '1', '2015-10-24 12:53:54', '2015-10-24 12:53:54', 'c5d025ac-e381-4789-add8-946d443f58ff');
INSERT INTO `craft_relations` (`id`, `fieldId`, `sourceId`, `sourceLocale`, `targetId`, `sortOrder`, `dateCreated`, `dateUpdated`, `uid`) VALUES ('136', '24', '3', NULL, '5', '1', '2015-10-24 12:53:54', '2015-10-24 12:53:54', '7fd0999e-731d-4484-8814-58ba6b5ebe09');
INSERT INTO `craft_relations` (`id`, `fieldId`, `sourceId`, `sourceLocale`, `targetId`, `sortOrder`, `dateCreated`, `dateUpdated`, `uid`) VALUES ('137', '6', '9', NULL, '6', '1', '2015-10-24 12:53:54', '2015-10-24 12:53:54', '9e2e2637-3cf9-49d2-9ce7-be9a1fa2c621');
INSERT INTO `craft_relations` (`id`, `fieldId`, `sourceId`, `sourceLocale`, `targetId`, `sortOrder`, `dateCreated`, `dateUpdated`, `uid`) VALUES ('138', '6', '10', NULL, '5', '1', '2015-10-24 12:53:54', '2015-10-24 12:53:54', 'e1828d05-205e-48c9-848e-97c9dbdcf17f');
INSERT INTO `craft_relations` (`id`, `fieldId`, `sourceId`, `sourceLocale`, `targetId`, `sortOrder`, `dateCreated`, `dateUpdated`, `uid`) VALUES ('139', '6', '12', NULL, '4', '1', '2015-10-24 12:53:54', '2015-10-24 12:53:54', '14dfd4fb-61b4-42a4-bb25-8c2deaaa85f8');
INSERT INTO `craft_relations` (`id`, `fieldId`, `sourceId`, `sourceLocale`, `targetId`, `sortOrder`, `dateCreated`, `dateUpdated`, `uid`) VALUES ('140', '6', '13', NULL, '6', '1', '2015-10-24 12:53:54', '2015-10-24 12:53:54', '09c0c5ba-0122-4b05-9c38-061b9f5bda65');
INSERT INTO `craft_relations` (`id`, `fieldId`, `sourceId`, `sourceLocale`, `targetId`, `sortOrder`, `dateCreated`, `dateUpdated`, `uid`) VALUES ('141', '8', '19', NULL, '6', '1', '2015-10-24 12:53:54', '2015-10-24 12:53:54', '8fb6f2bf-ef22-446a-bf5e-53cca6ce32b5');
INSERT INTO `craft_relations` (`id`, `fieldId`, `sourceId`, `sourceLocale`, `targetId`, `sortOrder`, `dateCreated`, `dateUpdated`, `uid`) VALUES ('142', '8', '19', NULL, '5', '2', '2015-10-24 12:53:54', '2015-10-24 12:53:54', '0e6b63c9-2c34-4ec4-9c05-65944c350dfd');
INSERT INTO `craft_relations` (`id`, `fieldId`, `sourceId`, `sourceLocale`, `targetId`, `sortOrder`, `dateCreated`, `dateUpdated`, `uid`) VALUES ('143', '8', '19', NULL, '4', '3', '2015-10-24 12:53:54', '2015-10-24 12:53:54', '02e7c5c8-91f8-4fda-b68f-70379a3bb68b');
INSERT INTO `craft_relations` (`id`, `fieldId`, `sourceId`, `sourceLocale`, `targetId`, `sortOrder`, `dateCreated`, `dateUpdated`, `uid`) VALUES ('146', '32', '27', NULL, '28', '1', '2015-10-25 09:01:39', '2015-10-25 09:01:39', 'cca69d5e-65fe-4444-bc64-de51ab4cdf88');
INSERT INTO `craft_relations` (`id`, `fieldId`, `sourceId`, `sourceLocale`, `targetId`, `sortOrder`, `dateCreated`, `dateUpdated`, `uid`) VALUES ('147', '28', '27', NULL, '28', '1', '2015-10-25 09:01:39', '2015-10-25 09:01:39', '5a625ee1-820e-4cb2-bd2a-2066c1697ca4');
INSERT INTO `craft_relations` (`id`, `fieldId`, `sourceId`, `sourceLocale`, `targetId`, `sortOrder`, `dateCreated`, `dateUpdated`, `uid`) VALUES ('185', '25', '45', NULL, '20', '1', '2015-10-25 13:58:58', '2015-10-25 13:58:58', '10715581-c689-4bf3-9506-60144a4c178f');
INSERT INTO `craft_relations` (`id`, `fieldId`, `sourceId`, `sourceLocale`, `targetId`, `sortOrder`, `dateCreated`, `dateUpdated`, `uid`) VALUES ('186', '42', '48', NULL, '6', '1', '2015-10-25 14:10:04', '2015-10-25 14:10:04', '0dc42514-7d01-42ab-890e-6d1011f82110');
INSERT INTO `craft_relations` (`id`, `fieldId`, `sourceId`, `sourceLocale`, `targetId`, `sortOrder`, `dateCreated`, `dateUpdated`, `uid`) VALUES ('187', '42', '49', NULL, '5', '1', '2015-10-25 14:10:04', '2015-10-25 14:10:04', 'd9a6e134-18be-48fa-b033-1fdf1fce75ee');
INSERT INTO `craft_relations` (`id`, `fieldId`, `sourceId`, `sourceLocale`, `targetId`, `sortOrder`, `dateCreated`, `dateUpdated`, `uid`) VALUES ('188', '42', '50', NULL, '4', '1', '2015-10-25 14:10:04', '2015-10-25 14:10:04', 'd9a6498d-3de5-4978-8453-52d45be4812c');
INSERT INTO `craft_relations` (`id`, `fieldId`, `sourceId`, `sourceLocale`, `targetId`, `sortOrder`, `dateCreated`, `dateUpdated`, `uid`) VALUES ('199', '23', '32', NULL, '6', '1', '2015-10-26 15:48:26', '2015-10-26 15:48:26', '4db5f753-cb1b-4bc1-923c-515f2f2eb147');
INSERT INTO `craft_relations` (`id`, `fieldId`, `sourceId`, `sourceLocale`, `targetId`, `sortOrder`, `dateCreated`, `dateUpdated`, `uid`) VALUES ('200', '24', '32', NULL, '5', '1', '2015-10-26 15:48:26', '2015-10-26 15:48:26', '33b86b67-1164-4192-8b15-6f5c668e930d');
INSERT INTO `craft_relations` (`id`, `fieldId`, `sourceId`, `sourceLocale`, `targetId`, `sortOrder`, `dateCreated`, `dateUpdated`, `uid`) VALUES ('201', '6', '33', NULL, '6', '1', '2015-10-26 15:48:26', '2015-10-26 15:48:26', 'bb45e94c-c013-41b5-aec9-947b68d56e85');
INSERT INTO `craft_relations` (`id`, `fieldId`, `sourceId`, `sourceLocale`, `targetId`, `sortOrder`, `dateCreated`, `dateUpdated`, `uid`) VALUES ('202', '6', '35', NULL, '5', '1', '2015-10-26 15:48:26', '2015-10-26 15:48:26', 'b9222ab5-b9f6-4dd9-87e1-4d61709de17f');
INSERT INTO `craft_relations` (`id`, `fieldId`, `sourceId`, `sourceLocale`, `targetId`, `sortOrder`, `dateCreated`, `dateUpdated`, `uid`) VALUES ('203', '6', '38', NULL, '4', '1', '2015-10-26 15:48:26', '2015-10-26 15:48:26', '10ad1422-6d41-4b56-936f-2ae124e6170b');
INSERT INTO `craft_relations` (`id`, `fieldId`, `sourceId`, `sourceLocale`, `targetId`, `sortOrder`, `dateCreated`, `dateUpdated`, `uid`) VALUES ('204', '6', '40', NULL, '6', '1', '2015-10-26 15:48:26', '2015-10-26 15:48:26', '3854cc71-09ed-4cc5-b08a-b3ede8b29fb4');
INSERT INTO `craft_relations` (`id`, `fieldId`, `sourceId`, `sourceLocale`, `targetId`, `sortOrder`, `dateCreated`, `dateUpdated`, `uid`) VALUES ('205', '8', '44', NULL, '6', '1', '2015-10-26 15:48:26', '2015-10-26 15:48:26', '6c4d4105-5380-4ea0-a143-f31fbfa9b7d2');
INSERT INTO `craft_relations` (`id`, `fieldId`, `sourceId`, `sourceLocale`, `targetId`, `sortOrder`, `dateCreated`, `dateUpdated`, `uid`) VALUES ('206', '8', '44', NULL, '5', '2', '2015-10-26 15:48:26', '2015-10-26 15:48:26', 'dbeeb1c9-bce4-4bb5-8fb8-e7063fedfa76');
INSERT INTO `craft_relations` (`id`, `fieldId`, `sourceId`, `sourceLocale`, `targetId`, `sortOrder`, `dateCreated`, `dateUpdated`, `uid`) VALUES ('207', '8', '44', NULL, '4', '3', '2015-10-26 15:48:26', '2015-10-26 15:48:26', '1ed25a81-708d-4e2b-85ac-8a174a78d0d9');
INSERT INTO `craft_relations` (`id`, `fieldId`, `sourceId`, `sourceLocale`, `targetId`, `sortOrder`, `dateCreated`, `dateUpdated`, `uid`) VALUES ('208', '18', '51', NULL, '47', '1', '2015-10-26 15:54:41', '2015-10-26 15:54:41', '8de106ee-3c66-4edf-ba3f-2c80574f9be1');



DROP TABLE IF EXISTS `craft_routes`;


--
-- Schema for table `craft_routes`
--
CREATE TABLE `craft_routes` (
  `id` int(11) NOT NULL AUTO_INCREMENT,
  `locale` char(12) COLLATE utf8_unicode_ci DEFAULT NULL,
  `urlParts` varchar(255) COLLATE utf8_unicode_ci NOT NULL,
  `urlPattern` varchar(255) COLLATE utf8_unicode_ci NOT NULL,
  `template` varchar(255) COLLATE utf8_unicode_ci NOT NULL,
  `sortOrder` tinyint(4) DEFAULT NULL,
  `dateCreated` datetime NOT NULL,
  `dateUpdated` datetime NOT NULL,
  `uid` char(36) COLLATE utf8_unicode_ci NOT NULL DEFAULT '0',
  PRIMARY KEY (`id`),
  UNIQUE KEY `craft_routes_urlPattern_unq_idx` (`urlPattern`),
  KEY `craft_routes_locale_idx` (`locale`)
) ENGINE=InnoDB DEFAULT CHARSET=utf8 COLLATE=utf8_unicode_ci;

DROP TABLE IF EXISTS `craft_searchindex`;


--
-- Schema for table `craft_searchindex`
--
CREATE TABLE `craft_searchindex` (
  `elementId` int(11) NOT NULL,
  `attribute` varchar(25) COLLATE utf8_unicode_ci NOT NULL,
  `fieldId` int(11) NOT NULL,
  `locale` char(12) COLLATE utf8_unicode_ci NOT NULL,
  `keywords` text COLLATE utf8_unicode_ci NOT NULL,
  PRIMARY KEY (`elementId`,`attribute`,`fieldId`,`locale`),
  FULLTEXT KEY `craft_searchindex_keywords_idx` (`keywords`)
) ENGINE=MyISAM DEFAULT CHARSET=utf8 COLLATE=utf8_unicode_ci;

--
-- Data for table `craft_searchindex`
--

INSERT INTO `craft_searchindex` (`elementId`, `attribute`, `fieldId`, `locale`, `keywords`) VALUES ('1', 'username', '0', 'en_us', ' adminflow ');
INSERT INTO `craft_searchindex` (`elementId`, `attribute`, `fieldId`, `locale`, `keywords`) VALUES ('1', 'firstname', '0', 'en_us', '');
INSERT INTO `craft_searchindex` (`elementId`, `attribute`, `fieldId`, `locale`, `keywords`) VALUES ('1', 'lastname', '0', 'en_us', '');
INSERT INTO `craft_searchindex` (`elementId`, `attribute`, `fieldId`, `locale`, `keywords`) VALUES ('1', 'fullname', '0', 'en_us', '');
INSERT INTO `craft_searchindex` (`elementId`, `attribute`, `fieldId`, `locale`, `keywords`) VALUES ('1', 'email', '0', 'en_us', ' admin flowsa com ');
INSERT INTO `craft_searchindex` (`elementId`, `attribute`, `fieldId`, `locale`, `keywords`) VALUES ('1', 'slug', '0', 'en_us', '');
INSERT INTO `craft_searchindex` (`elementId`, `attribute`, `fieldId`, `locale`, `keywords`) VALUES ('2', 'slug', '0', 'en_us', ' homepage ');
INSERT INTO `craft_searchindex` (`elementId`, `attribute`, `fieldId`, `locale`, `keywords`) VALUES ('2', 'title', '0', 'en_us', ' home page ');
INSERT INTO `craft_searchindex` (`elementId`, `attribute`, `fieldId`, `locale`, `keywords`) VALUES ('2', 'field', '1', 'en_us', ' some content ');
INSERT INTO `craft_searchindex` (`elementId`, `attribute`, `fieldId`, `locale`, `keywords`) VALUES ('22', 'field', '18', 'en_us', '');
INSERT INTO `craft_searchindex` (`elementId`, `attribute`, `fieldId`, `locale`, `keywords`) VALUES ('22', 'slug', '0', 'en_us', '');
INSERT INTO `craft_searchindex` (`elementId`, `attribute`, `fieldId`, `locale`, `keywords`) VALUES ('23', 'field', '5', 'en_us', ' some content ');
INSERT INTO `craft_searchindex` (`elementId`, `attribute`, `fieldId`, `locale`, `keywords`) VALUES ('23', 'slug', '0', 'en_us', '');
INSERT INTO `craft_searchindex` (`elementId`, `attribute`, `fieldId`, `locale`, `keywords`) VALUES ('3', 'field', '21', 'en_us', ' lorem ipsum dolor sit amet consectetur adipiscing elit sed do eiusmod tempor incididunt ut labore et dolore magna aliqua ut enim ad minim veniam quis nostrud exercitation ullamco laboris nisi ut aliquip ex ea commodo consequat ');
INSERT INTO `craft_searchindex` (`elementId`, `attribute`, `fieldId`, `locale`, `keywords`) VALUES ('3', 'field', '1', 'en_us', ' full none lorem image 1 lorem ipsum dolor sit amet consectetur adipiscing elit sed do eiusmod tempor incididunt ut labore et dolore magna aliqua ut enim ad minim veniam quis nostrud exercitation ullamco laboris nisi ut aliquip ex ea commodo consequat duis aute irure dolor in reprehenderit in voluptate velit esse cillum dolore eu fugiat nulla pariatur excepteur sint occaecat cupidatat non proident sunt in culpa qui officia deserunt mollit anim id est laborum right fancy little image none lorem image 2 lorem ipsum dolor sit amet consectetur adipiscing elit sed do eiusmod tempor incididunt ut labore et dolore magna aliqua ut enim ad minim veniam quis nostrud exercitation ullamco laboris nisi ut aliquip ex ea commodo consequat duis aute irure dolor in reprehenderit in voluptate velit esse cillum dolore eu fugiat nulla pariatur excepteur sint occaecat cupidatat non proident sunt in culpa qui officia deserunt mollit anim id est laborum lorem ipsum dolor sit amet consectetur adipiscing elit sed do eiusmod tempor incididunt ut labore et dolore magna aliqua ut enim ad minim veniam quis nostrud exercitation ullamco laboris nisi ut aliquip ex ea commodo consequat duis aute irure dolor in reprehenderit in voluptate velit esse cillum dolore eu fugiat nulla pariatur excepteur sint occaecat cupidatat non proident sunt in culpa qui officia deserunt mollit anim id est laborum lorem ipsum dolor sit amet consectetur adipiscing elit sed do eiusmod tempor incididunt ut labore et dolore magna aliqua ut enim ad minim veniam quis nostrud exercitation ullamco laboris nisi ut aliquip ex ea commodo consequat duis aute irure dolor in reprehenderit in voluptate velit esse cillum dolore eu fugiat nulla pariatur excepteur sint occaecat cupidatat non proident sunt in culpa qui officia deserunt mollit anim id est laborum commodo consequat duis aute irure dolor in reprehenderit in voluptate velit esse cillum dolore eu fugiat nulla pariatur excepteur sint occaecat cupidatat non proident sunt in culpa qui officia deserunt mollit anim id est laborum this should break up the article nicely h2 left none lorem image 3 lorem ipsum dolor sit amet consectetur adipiscing elit sed do eiusmod tempor incididunt ut labore et dolore magna aliqua ut enim ad minim veniam quis nostrud exercitation ullamco laboris nisi ut aliquip ex ea commodo consequat duis aute irure dolor in reprehenderit in voluptate velit esse cillum dolore eu fugiat nulla pariatur left this caption clearly describes the image in context both lorem image 1 lorem ipsum dolor sit amet consectetur adipiscing elit sed do eiusmod tempor incididunt ut labore et dolore magna aliqua ut enim ad minim veniam quis nostrud exercitation ullamco laboris nisi ut aliquip ex ea commodo consequat duis aute irure dolor in reprehenderit in voluptate velit esse cillum dolore eu fugiat nulla pariatur excepteur sint occaecat cupidatat non proident sunt in culpa qui officia deserunt mollit anim id est laborum lorem ipsum dolor sit amet consectetur adipiscing elit sed do eiusmod tempor incididunt ut labore et dolore magna aliqua ut enim ad minim veniam quis nostrud exercitation ullamco laboris nisi ut aliquip ex ea commodo consequat duis aute irure dolor in reprehenderit in voluptate velit esse cillum dolore eu fugiat nulla pariatur excepteur sint occaecat cupidatat non proident sunt in culpa qui officia deserunt mollit anim id est laborum lorem ipsum dolor sit amet consectetur adipiscing elit sed do eiusmod tempor incididunt ut labore et dolore magna aliqua ut enim ad minim veniam quis nostrud exercitation ullamco laboris nisi ut aliquip ex ea commodo consequat duis aute irure dolor in reprehenderit in voluptate velit esse cillum dolore eu fugiat nulla pariatur excepteur sint occaecat cupidatat non proident sunt in culpa qui officia deserunt mollit anim id est laborum right excepteur sint occaecat cupidatat lorem ipsum dolor sit amet consectetur adipiscing elit sed do eiusmod tempor incididunt ut labore et dolore magna aliqua ut enim ad minim veniam quis nostrud exercitation ullamco laboris nisi ut aliquip ex ea commodo consequat duis aute irure dolor in reprehenderit in voluptate velit esse cillum dolore eu fugiat nulla pariatur excepteur sint occaecat cupidatat non proident sunt in culpa qui officia deserunt mollit anim id est laborum lorem ipsum dolor sit amet consectetur adipiscing elit sed do eiusmod tempor incididunt ut labore et dolore magna aliqua ut enim ad minim veniam quis nostrud exercitation ullamco laboris nisi ut aliquip ex ea commodo consequat duis aute irure dolor in reprehenderit in voluptate velit esse cillum dolore eu fugiat nulla pariatur excepteur sint occaecat cupidatat non proident sunt in culpa qui officia deserunt mollit anim id est laborum lorem image 1 lorem image 2 lorem image 3 ');
INSERT INTO `craft_searchindex` (`elementId`, `attribute`, `fieldId`, `locale`, `keywords`) VALUES ('3', 'field', '2', 'en_us', '');
INSERT INTO `craft_searchindex` (`elementId`, `attribute`, `fieldId`, `locale`, `keywords`) VALUES ('3', 'slug', '0', 'en_us', ' welcome to default 2016 ');
INSERT INTO `craft_searchindex` (`elementId`, `attribute`, `fieldId`, `locale`, `keywords`) VALUES ('3', 'title', '0', 'en_us', ' welcome to default2016 ');
INSERT INTO `craft_searchindex` (`elementId`, `attribute`, `fieldId`, `locale`, `keywords`) VALUES ('4', 'filename', '0', 'en_us', ' lorem 3 jpg ');
INSERT INTO `craft_searchindex` (`elementId`, `attribute`, `fieldId`, `locale`, `keywords`) VALUES ('4', 'extension', '0', 'en_us', ' jpg ');
INSERT INTO `craft_searchindex` (`elementId`, `attribute`, `fieldId`, `locale`, `keywords`) VALUES ('4', 'kind', '0', 'en_us', ' image ');
INSERT INTO `craft_searchindex` (`elementId`, `attribute`, `fieldId`, `locale`, `keywords`) VALUES ('4', 'slug', '0', 'en_us', ' lorem 3 ');
INSERT INTO `craft_searchindex` (`elementId`, `attribute`, `fieldId`, `locale`, `keywords`) VALUES ('4', 'title', '0', 'en_us', ' lorem image 3 ');
INSERT INTO `craft_searchindex` (`elementId`, `attribute`, `fieldId`, `locale`, `keywords`) VALUES ('5', 'filename', '0', 'en_us', ' lorem 2 jpg ');
INSERT INTO `craft_searchindex` (`elementId`, `attribute`, `fieldId`, `locale`, `keywords`) VALUES ('5', 'extension', '0', 'en_us', ' jpg ');
INSERT INTO `craft_searchindex` (`elementId`, `attribute`, `fieldId`, `locale`, `keywords`) VALUES ('5', 'kind', '0', 'en_us', ' image ');
INSERT INTO `craft_searchindex` (`elementId`, `attribute`, `fieldId`, `locale`, `keywords`) VALUES ('5', 'slug', '0', 'en_us', ' lorem 2 ');
INSERT INTO `craft_searchindex` (`elementId`, `attribute`, `fieldId`, `locale`, `keywords`) VALUES ('5', 'title', '0', 'en_us', ' lorem image 2 ');
INSERT INTO `craft_searchindex` (`elementId`, `attribute`, `fieldId`, `locale`, `keywords`) VALUES ('6', 'filename', '0', 'en_us', ' lorem 1 jpg ');
INSERT INTO `craft_searchindex` (`elementId`, `attribute`, `fieldId`, `locale`, `keywords`) VALUES ('6', 'extension', '0', 'en_us', ' jpg ');
INSERT INTO `craft_searchindex` (`elementId`, `attribute`, `fieldId`, `locale`, `keywords`) VALUES ('6', 'kind', '0', 'en_us', ' image ');
INSERT INTO `craft_searchindex` (`elementId`, `attribute`, `fieldId`, `locale`, `keywords`) VALUES ('6', 'slug', '0', 'en_us', ' lorem 1 ');
INSERT INTO `craft_searchindex` (`elementId`, `attribute`, `fieldId`, `locale`, `keywords`) VALUES ('6', 'title', '0', 'en_us', ' lorem image 1 ');
INSERT INTO `craft_searchindex` (`elementId`, `attribute`, `fieldId`, `locale`, `keywords`) VALUES ('3', 'field', '13', 'en_us', ' welcome to default2016 titles with emphasis and quote marks ');
INSERT INTO `craft_searchindex` (`elementId`, `attribute`, `fieldId`, `locale`, `keywords`) VALUES ('27', 'field', '27', 'en_us', ' default site description ');
INSERT INTO `craft_searchindex` (`elementId`, `attribute`, `fieldId`, `locale`, `keywords`) VALUES ('27', 'slug', '0', 'en_us', '');
INSERT INTO `craft_searchindex` (`elementId`, `attribute`, `fieldId`, `locale`, `keywords`) VALUES ('8', 'field', '5', 'en_us', ' lorem ipsum dolor sit amet consectetur adipiscing elit sed do eiusmod tempor incididunt ut labore et dolore magna aliqua ut enim ad minim veniam quis nostrud exercitation ullamco laboris nisi ut aliquip ex ea commodo consequat duis aute irure dolor in reprehenderit in voluptate velit esse cillum dolore eu fugiat nulla pariatur excepteur sint occaecat cupidatat non proident sunt in culpa qui officia deserunt mollit anim id est laborum ');
INSERT INTO `craft_searchindex` (`elementId`, `attribute`, `fieldId`, `locale`, `keywords`) VALUES ('8', 'slug', '0', 'en_us', '');
INSERT INTO `craft_searchindex` (`elementId`, `attribute`, `fieldId`, `locale`, `keywords`) VALUES ('9', 'field', '6', 'en_us', ' lorem image 1 ');
INSERT INTO `craft_searchindex` (`elementId`, `attribute`, `fieldId`, `locale`, `keywords`) VALUES ('9', 'field', '7', 'en_us', ' full ');
INSERT INTO `craft_searchindex` (`elementId`, `attribute`, `fieldId`, `locale`, `keywords`) VALUES ('9', 'field', '12', 'en_us', ' none ');
INSERT INTO `craft_searchindex` (`elementId`, `attribute`, `fieldId`, `locale`, `keywords`) VALUES ('9', 'slug', '0', 'en_us', '');
INSERT INTO `craft_searchindex` (`elementId`, `attribute`, `fieldId`, `locale`, `keywords`) VALUES ('10', 'field', '6', 'en_us', ' lorem image 2 ');
INSERT INTO `craft_searchindex` (`elementId`, `attribute`, `fieldId`, `locale`, `keywords`) VALUES ('10', 'field', '7', 'en_us', ' right ');
INSERT INTO `craft_searchindex` (`elementId`, `attribute`, `fieldId`, `locale`, `keywords`) VALUES ('10', 'field', '12', 'en_us', ' none ');
INSERT INTO `craft_searchindex` (`elementId`, `attribute`, `fieldId`, `locale`, `keywords`) VALUES ('10', 'slug', '0', 'en_us', '');
INSERT INTO `craft_searchindex` (`elementId`, `attribute`, `fieldId`, `locale`, `keywords`) VALUES ('11', 'field', '5', 'en_us', ' lorem ipsum dolor sit amet consectetur adipiscing elit sed do eiusmod tempor incididunt ut labore et dolore magna aliqua ut enim ad minim veniam quis nostrud exercitation ullamco laboris nisi ut aliquip ex ea commodo consequat duis aute irure dolor in reprehenderit in voluptate velit esse cillum dolore eu fugiat nulla pariatur excepteur sint occaecat cupidatat non proident sunt in culpa qui officia deserunt mollit anim id est laborum lorem ipsum dolor sit amet consectetur adipiscing elit sed do eiusmod tempor incididunt ut labore et dolore magna aliqua ut enim ad minim veniam quis nostrud exercitation ullamco laboris nisi ut aliquip ex ea commodo consequat duis aute irure dolor in reprehenderit in voluptate velit esse cillum dolore eu fugiat nulla pariatur excepteur sint occaecat cupidatat non proident sunt in culpa qui officia deserunt mollit anim id est laborum lorem ipsum dolor sit amet consectetur adipiscing elit sed do eiusmod tempor incididunt ut labore et dolore magna aliqua ut enim ad minim veniam quis nostrud exercitation ullamco laboris nisi ut aliquip ex ea commodo consequat duis aute irure dolor in reprehenderit in voluptate velit esse cillum dolore eu fugiat nulla pariatur excepteur sint occaecat cupidatat non proident sunt in culpa qui officia deserunt mollit anim id est laborum commodo consequat duis aute irure dolor in reprehenderit in voluptate velit esse cillum dolore eu fugiat nulla pariatur excepteur sint occaecat cupidatat non proident sunt in culpa qui officia deserunt mollit anim id est laborum ');
INSERT INTO `craft_searchindex` (`elementId`, `attribute`, `fieldId`, `locale`, `keywords`) VALUES ('11', 'slug', '0', 'en_us', '');
INSERT INTO `craft_searchindex` (`elementId`, `attribute`, `fieldId`, `locale`, `keywords`) VALUES ('9', 'field', '14', 'en_us', '');
INSERT INTO `craft_searchindex` (`elementId`, `attribute`, `fieldId`, `locale`, `keywords`) VALUES ('10', 'field', '14', 'en_us', ' fancy little image ');
INSERT INTO `craft_searchindex` (`elementId`, `attribute`, `fieldId`, `locale`, `keywords`) VALUES ('12', 'field', '6', 'en_us', ' lorem image 3 ');
INSERT INTO `craft_searchindex` (`elementId`, `attribute`, `fieldId`, `locale`, `keywords`) VALUES ('12', 'field', '7', 'en_us', ' left ');
INSERT INTO `craft_searchindex` (`elementId`, `attribute`, `fieldId`, `locale`, `keywords`) VALUES ('12', 'field', '12', 'en_us', ' none ');
INSERT INTO `craft_searchindex` (`elementId`, `attribute`, `fieldId`, `locale`, `keywords`) VALUES ('12', 'field', '14', 'en_us', '');
INSERT INTO `craft_searchindex` (`elementId`, `attribute`, `fieldId`, `locale`, `keywords`) VALUES ('12', 'slug', '0', 'en_us', '');
INSERT INTO `craft_searchindex` (`elementId`, `attribute`, `fieldId`, `locale`, `keywords`) VALUES ('13', 'field', '6', 'en_us', ' lorem image 1 ');
INSERT INTO `craft_searchindex` (`elementId`, `attribute`, `fieldId`, `locale`, `keywords`) VALUES ('13', 'field', '7', 'en_us', ' left ');
INSERT INTO `craft_searchindex` (`elementId`, `attribute`, `fieldId`, `locale`, `keywords`) VALUES ('13', 'field', '12', 'en_us', ' both ');
INSERT INTO `craft_searchindex` (`elementId`, `attribute`, `fieldId`, `locale`, `keywords`) VALUES ('13', 'field', '14', 'en_us', ' this caption clearly describes the image in context ');
INSERT INTO `craft_searchindex` (`elementId`, `attribute`, `fieldId`, `locale`, `keywords`) VALUES ('13', 'slug', '0', 'en_us', '');
INSERT INTO `craft_searchindex` (`elementId`, `attribute`, `fieldId`, `locale`, `keywords`) VALUES ('14', 'field', '5', 'en_us', ' lorem ipsum dolor sit amet consectetur adipiscing elit sed do eiusmod tempor incididunt ut labore et dolore magna aliqua ut enim ad minim veniam quis nostrud exercitation ullamco laboris nisi ut aliquip ex ea commodo consequat duis aute irure dolor in reprehenderit in voluptate velit esse cillum dolore eu fugiat nulla pariatur excepteur sint occaecat cupidatat non proident sunt in culpa qui officia deserunt mollit anim id est laborum lorem ipsum dolor sit amet consectetur adipiscing elit sed do eiusmod tempor incididunt ut labore et dolore magna aliqua ut enim ad minim veniam quis nostrud exercitation ullamco laboris nisi ut aliquip ex ea commodo consequat duis aute irure dolor in reprehenderit in voluptate velit esse cillum dolore eu fugiat nulla pariatur excepteur sint occaecat cupidatat non proident sunt in culpa qui officia deserunt mollit anim id est laborum lorem ipsum dolor sit amet consectetur adipiscing elit sed do eiusmod tempor incididunt ut labore et dolore magna aliqua ut enim ad minim veniam quis nostrud exercitation ullamco laboris nisi ut aliquip ex ea commodo consequat duis aute irure dolor in reprehenderit in voluptate velit esse cillum dolore eu fugiat nulla pariatur excepteur sint occaecat cupidatat non proident sunt in culpa qui officia deserunt mollit anim id est laborum ');
INSERT INTO `craft_searchindex` (`elementId`, `attribute`, `fieldId`, `locale`, `keywords`) VALUES ('14', 'slug', '0', 'en_us', '');
INSERT INTO `craft_searchindex` (`elementId`, `attribute`, `fieldId`, `locale`, `keywords`) VALUES ('15', 'field', '5', 'en_us', ' lorem ipsum dolor sit amet consectetur adipiscing elit sed do eiusmod tempor incididunt ut labore et dolore magna aliqua ut enim ad minim veniam quis nostrud exercitation ullamco laboris nisi ut aliquip ex ea commodo consequat duis aute irure dolor in reprehenderit in voluptate velit esse cillum dolore eu fugiat nulla pariatur ');
INSERT INTO `craft_searchindex` (`elementId`, `attribute`, `fieldId`, `locale`, `keywords`) VALUES ('15', 'slug', '0', 'en_us', '');
INSERT INTO `craft_searchindex` (`elementId`, `attribute`, `fieldId`, `locale`, `keywords`) VALUES ('16', 'field', '3', 'en_us', ' this should break up the article nicely ');
INSERT INTO `craft_searchindex` (`elementId`, `attribute`, `fieldId`, `locale`, `keywords`) VALUES ('16', 'field', '4', 'en_us', ' h2 ');
INSERT INTO `craft_searchindex` (`elementId`, `attribute`, `fieldId`, `locale`, `keywords`) VALUES ('16', 'slug', '0', 'en_us', '');
INSERT INTO `craft_searchindex` (`elementId`, `attribute`, `fieldId`, `locale`, `keywords`) VALUES ('17', 'field', '10', 'en_us', ' excepteur sint occaecat cupidatat ');
INSERT INTO `craft_searchindex` (`elementId`, `attribute`, `fieldId`, `locale`, `keywords`) VALUES ('17', 'field', '11', 'en_us', ' right ');
INSERT INTO `craft_searchindex` (`elementId`, `attribute`, `fieldId`, `locale`, `keywords`) VALUES ('17', 'slug', '0', 'en_us', '');
INSERT INTO `craft_searchindex` (`elementId`, `attribute`, `fieldId`, `locale`, `keywords`) VALUES ('18', 'field', '5', 'en_us', ' lorem ipsum dolor sit amet consectetur adipiscing elit sed do eiusmod tempor incididunt ut labore et dolore magna aliqua ut enim ad minim veniam quis nostrud exercitation ullamco laboris nisi ut aliquip ex ea commodo consequat duis aute irure dolor in reprehenderit in voluptate velit esse cillum dolore eu fugiat nulla pariatur excepteur sint occaecat cupidatat non proident sunt in culpa qui officia deserunt mollit anim id est laborum lorem ipsum dolor sit amet consectetur adipiscing elit sed do eiusmod tempor incididunt ut labore et dolore magna aliqua ut enim ad minim veniam quis nostrud exercitation ullamco laboris nisi ut aliquip ex ea commodo consequat duis aute irure dolor in reprehenderit in voluptate velit esse cillum dolore eu fugiat nulla pariatur excepteur sint occaecat cupidatat non proident sunt in culpa qui officia deserunt mollit anim id est laborum ');
INSERT INTO `craft_searchindex` (`elementId`, `attribute`, `fieldId`, `locale`, `keywords`) VALUES ('18', 'slug', '0', 'en_us', '');
INSERT INTO `craft_searchindex` (`elementId`, `attribute`, `fieldId`, `locale`, `keywords`) VALUES ('3', 'field', '15', 'en_us', ' john smith ');
INSERT INTO `craft_searchindex` (`elementId`, `attribute`, `fieldId`, `locale`, `keywords`) VALUES ('19', 'field', '8', 'en_us', ' lorem image 1 lorem image 2 lorem image 3 ');
INSERT INTO `craft_searchindex` (`elementId`, `attribute`, `fieldId`, `locale`, `keywords`) VALUES ('19', 'slug', '0', 'en_us', '');
INSERT INTO `craft_searchindex` (`elementId`, `attribute`, `fieldId`, `locale`, `keywords`) VALUES ('6', 'field', '16', 'en_us', ' joe smith ');
INSERT INTO `craft_searchindex` (`elementId`, `attribute`, `fieldId`, `locale`, `keywords`) VALUES ('6', 'field', '17', 'en_us', ' http www google com ');
INSERT INTO `craft_searchindex` (`elementId`, `attribute`, `fieldId`, `locale`, `keywords`) VALUES ('20', 'field', '13', 'en_us', ' about us ');
INSERT INTO `craft_searchindex` (`elementId`, `attribute`, `fieldId`, `locale`, `keywords`) VALUES ('20', 'field', '1', 'en_us', ' lorem ipsum dolor sit amet consectetur adipiscing elit sed do eiusmod tempor incididunt ut labore et dolore magna aliqua ut enim ad minim veniam quis nostrud exercitation ullamco laboris nisi ut aliquip ex ea commodo consequat duis aute irure dolor in reprehenderit in voluptate velit esse cillum dolore eu fugiat nulla pariatur home page slideshow ');
INSERT INTO `craft_searchindex` (`elementId`, `attribute`, `fieldId`, `locale`, `keywords`) VALUES ('20', 'slug', '0', 'en_us', ' about us ');
INSERT INTO `craft_searchindex` (`elementId`, `attribute`, `fieldId`, `locale`, `keywords`) VALUES ('20', 'title', '0', 'en_us', ' about us ');
INSERT INTO `craft_searchindex` (`elementId`, `attribute`, `fieldId`, `locale`, `keywords`) VALUES ('21', 'field', '5', 'en_us', ' lorem ipsum dolor sit amet consectetur adipiscing elit sed do eiusmod tempor incididunt ut labore et dolore magna aliqua ut enim ad minim veniam quis nostrud exercitation ullamco laboris nisi ut aliquip ex ea commodo consequat duis aute irure dolor in reprehenderit in voluptate velit esse cillum dolore eu fugiat nulla pariatur ');
INSERT INTO `craft_searchindex` (`elementId`, `attribute`, `fieldId`, `locale`, `keywords`) VALUES ('21', 'slug', '0', 'en_us', '');
INSERT INTO `craft_searchindex` (`elementId`, `attribute`, `fieldId`, `locale`, `keywords`) VALUES ('3', 'field', '23', 'en_us', ' lorem image 1 ');
INSERT INTO `craft_searchindex` (`elementId`, `attribute`, `fieldId`, `locale`, `keywords`) VALUES ('3', 'field', '19', 'en_us', '');
INSERT INTO `craft_searchindex` (`elementId`, `attribute`, `fieldId`, `locale`, `keywords`) VALUES ('3', 'field', '20', 'en_us', '');
INSERT INTO `craft_searchindex` (`elementId`, `attribute`, `fieldId`, `locale`, `keywords`) VALUES ('3', 'field', '24', 'en_us', ' lorem image 2 ');
INSERT INTO `craft_searchindex` (`elementId`, `attribute`, `fieldId`, `locale`, `keywords`) VALUES ('24', 'field', '25', 'en_us', ' about us ');
INSERT INTO `craft_searchindex` (`elementId`, `attribute`, `fieldId`, `locale`, `keywords`) VALUES ('24', 'slug', '0', 'en_us', ' about us ');
INSERT INTO `craft_searchindex` (`elementId`, `attribute`, `fieldId`, `locale`, `keywords`) VALUES ('24', 'title', '0', 'en_us', ' about us ');
INSERT INTO `craft_searchindex` (`elementId`, `attribute`, `fieldId`, `locale`, `keywords`) VALUES ('25', 'field', '26', 'en_us', ' news ');
INSERT INTO `craft_searchindex` (`elementId`, `attribute`, `fieldId`, `locale`, `keywords`) VALUES ('25', 'slug', '0', 'en_us', ' news ');
INSERT INTO `craft_searchindex` (`elementId`, `attribute`, `fieldId`, `locale`, `keywords`) VALUES ('25', 'title', '0', 'en_us', ' news ');
INSERT INTO `craft_searchindex` (`elementId`, `attribute`, `fieldId`, `locale`, `keywords`) VALUES ('26', 'field', '26', 'en_us', '');
INSERT INTO `craft_searchindex` (`elementId`, `attribute`, `fieldId`, `locale`, `keywords`) VALUES ('26', 'slug', '0', 'en_us', ' home ');
INSERT INTO `craft_searchindex` (`elementId`, `attribute`, `fieldId`, `locale`, `keywords`) VALUES ('26', 'title', '0', 'en_us', ' home ');
INSERT INTO `craft_searchindex` (`elementId`, `attribute`, `fieldId`, `locale`, `keywords`) VALUES ('27', 'field', '32', 'en_us', ' 500x500 ');
INSERT INTO `craft_searchindex` (`elementId`, `attribute`, `fieldId`, `locale`, `keywords`) VALUES ('27', 'field', '28', 'en_us', ' 500x500 ');
INSERT INTO `craft_searchindex` (`elementId`, `attribute`, `fieldId`, `locale`, `keywords`) VALUES ('27', 'field', '40', 'en_us', ' organization ');
INSERT INTO `craft_searchindex` (`elementId`, `attribute`, `fieldId`, `locale`, `keywords`) VALUES ('27', 'field', '37', 'en_us', ' 27 55555555 customer service ');
INSERT INTO `craft_searchindex` (`elementId`, `attribute`, `fieldId`, `locale`, `keywords`) VALUES ('27', 'field', '33', 'en_us', ' flowcomms facebook https www facebook com flowcomms flowcomms twitter https twitter com flowcomms ');
INSERT INTO `craft_searchindex` (`elementId`, `attribute`, `fieldId`, `locale`, `keywords`) VALUES ('28', 'field', '16', 'en_us', '');
INSERT INTO `craft_searchindex` (`elementId`, `attribute`, `fieldId`, `locale`, `keywords`) VALUES ('28', 'field', '17', 'en_us', '');
INSERT INTO `craft_searchindex` (`elementId`, `attribute`, `fieldId`, `locale`, `keywords`) VALUES ('28', 'filename', '0', 'en_us', ' 500x500 png ');
INSERT INTO `craft_searchindex` (`elementId`, `attribute`, `fieldId`, `locale`, `keywords`) VALUES ('28', 'extension', '0', 'en_us', ' png ');
INSERT INTO `craft_searchindex` (`elementId`, `attribute`, `fieldId`, `locale`, `keywords`) VALUES ('28', 'kind', '0', 'en_us', ' image ');
INSERT INTO `craft_searchindex` (`elementId`, `attribute`, `fieldId`, `locale`, `keywords`) VALUES ('28', 'slug', '0', 'en_us', '');
INSERT INTO `craft_searchindex` (`elementId`, `attribute`, `fieldId`, `locale`, `keywords`) VALUES ('28', 'title', '0', 'en_us', ' 500x500 ');
INSERT INTO `craft_searchindex` (`elementId`, `attribute`, `fieldId`, `locale`, `keywords`) VALUES ('29', 'field', '38', 'en_us', ' customer service ');
INSERT INTO `craft_searchindex` (`elementId`, `attribute`, `fieldId`, `locale`, `keywords`) VALUES ('29', 'field', '39', 'en_us', ' 27 55555555 ');
INSERT INTO `craft_searchindex` (`elementId`, `attribute`, `fieldId`, `locale`, `keywords`) VALUES ('29', 'slug', '0', 'en_us', '');
INSERT INTO `craft_searchindex` (`elementId`, `attribute`, `fieldId`, `locale`, `keywords`) VALUES ('30', 'field', '34', 'en_us', ' facebook ');
INSERT INTO `craft_searchindex` (`elementId`, `attribute`, `fieldId`, `locale`, `keywords`) VALUES ('30', 'field', '35', 'en_us', ' https www facebook com flowcomms ');
INSERT INTO `craft_searchindex` (`elementId`, `attribute`, `fieldId`, `locale`, `keywords`) VALUES ('30', 'field', '36', 'en_us', ' flowcomms ');
INSERT INTO `craft_searchindex` (`elementId`, `attribute`, `fieldId`, `locale`, `keywords`) VALUES ('30', 'slug', '0', 'en_us', '');
INSERT INTO `craft_searchindex` (`elementId`, `attribute`, `fieldId`, `locale`, `keywords`) VALUES ('31', 'field', '34', 'en_us', ' twitter ');
INSERT INTO `craft_searchindex` (`elementId`, `attribute`, `fieldId`, `locale`, `keywords`) VALUES ('31', 'field', '35', 'en_us', ' https twitter com flowcomms ');
INSERT INTO `craft_searchindex` (`elementId`, `attribute`, `fieldId`, `locale`, `keywords`) VALUES ('31', 'field', '36', 'en_us', ' flowcomms ');
INSERT INTO `craft_searchindex` (`elementId`, `attribute`, `fieldId`, `locale`, `keywords`) VALUES ('31', 'slug', '0', 'en_us', '');
INSERT INTO `craft_searchindex` (`elementId`, `attribute`, `fieldId`, `locale`, `keywords`) VALUES ('32', 'field', '13', 'en_us', ' default2016 second news entry ');
INSERT INTO `craft_searchindex` (`elementId`, `attribute`, `fieldId`, `locale`, `keywords`) VALUES ('32', 'field', '19', 'en_us', '');
INSERT INTO `craft_searchindex` (`elementId`, `attribute`, `fieldId`, `locale`, `keywords`) VALUES ('32', 'field', '15', 'en_us', ' john smith ');
INSERT INTO `craft_searchindex` (`elementId`, `attribute`, `fieldId`, `locale`, `keywords`) VALUES ('32', 'field', '20', 'en_us', '');
INSERT INTO `craft_searchindex` (`elementId`, `attribute`, `fieldId`, `locale`, `keywords`) VALUES ('32', 'field', '23', 'en_us', ' lorem image 1 ');
INSERT INTO `craft_searchindex` (`elementId`, `attribute`, `fieldId`, `locale`, `keywords`) VALUES ('32', 'field', '24', 'en_us', ' lorem image 2 ');
INSERT INTO `craft_searchindex` (`elementId`, `attribute`, `fieldId`, `locale`, `keywords`) VALUES ('32', 'field', '21', 'en_us', ' lorem ipsum dolor sit amet consectetur adipiscing elit sed do eiusmod tempor incididunt ut labore et dolore magna aliqua ut enim ad minim veniam quis nostrud exercitation ullamco laboris nisi ut aliquip ex ea commodo consequat ');
INSERT INTO `craft_searchindex` (`elementId`, `attribute`, `fieldId`, `locale`, `keywords`) VALUES ('32', 'field', '1', 'en_us', ' full none lorem image 1 lorem ipsum dolor sit amet consectetur adipiscing elit sed do eiusmod tempor incididunt ut labore et dolore magna aliqua ut enim ad minim veniam quis nostrud exercitation ullamco laboris nisi ut aliquip ex ea commodo consequat duis aute irure dolor in reprehenderit in voluptate velit esse cillum dolore eu fugiat nulla pariatur excepteur sint occaecat cupidatat non proident sunt in culpa qui officia deserunt mollit anim id est laborum right fancy little image none lorem image 2 lorem ipsum dolor sit amet consectetur adipiscing elit sed do eiusmod tempor incididunt ut labore et dolore magna aliqua ut enim ad minim veniam quis nostrud exercitation ullamco laboris nisi ut aliquip ex ea commodo consequat duis aute irure dolor in reprehenderit in voluptate velit esse cillum dolore eu fugiat nulla pariatur excepteur sint occaecat cupidatat non proident sunt in culpa qui officia deserunt mollit anim id est laborum lorem ipsum dolor sit amet consectetur adipiscing elit sed do eiusmod tempor incididunt ut labore et dolore magna aliqua ut enim ad minim veniam quis nostrud exercitation ullamco laboris nisi ut aliquip ex ea commodo consequat duis aute irure dolor in reprehenderit in voluptate velit esse cillum dolore eu fugiat nulla pariatur excepteur sint occaecat cupidatat non proident sunt in culpa qui officia deserunt mollit anim id est laborum lorem ipsum dolor sit amet consectetur adipiscing elit sed do eiusmod tempor incididunt ut labore et dolore magna aliqua ut enim ad minim veniam quis nostrud exercitation ullamco laboris nisi ut aliquip ex ea commodo consequat duis aute irure dolor in reprehenderit in voluptate velit esse cillum dolore eu fugiat nulla pariatur excepteur sint occaecat cupidatat non proident sunt in culpa qui officia deserunt mollit anim id est laborum commodo consequat duis aute irure dolor in reprehenderit in voluptate velit esse cillum dolore eu fugiat nulla pariatur excepteur sint occaecat cupidatat non proident sunt in culpa qui officia deserunt mollit anim id est laborum this should break up the article nicely h2 left none lorem image 3 lorem ipsum dolor sit amet consectetur adipiscing elit sed do eiusmod tempor incididunt ut labore et dolore magna aliqua ut enim ad minim veniam quis nostrud exercitation ullamco laboris nisi ut aliquip ex ea commodo consequat duis aute irure dolor in reprehenderit in voluptate velit esse cillum dolore eu fugiat nulla pariatur left this caption clearly describes the image in context both lorem image 1 lorem ipsum dolor sit amet consectetur adipiscing elit sed do eiusmod tempor incididunt ut labore et dolore magna aliqua ut enim ad minim veniam quis nostrud exercitation ullamco laboris nisi ut aliquip ex ea commodo consequat duis aute irure dolor in reprehenderit in voluptate velit esse cillum dolore eu fugiat nulla pariatur excepteur sint occaecat cupidatat non proident sunt in culpa qui officia deserunt mollit anim id est laborum lorem ipsum dolor sit amet consectetur adipiscing elit sed do eiusmod tempor incididunt ut labore et dolore magna aliqua ut enim ad minim veniam quis nostrud exercitation ullamco laboris nisi ut aliquip ex ea commodo consequat duis aute irure dolor in reprehenderit in voluptate velit esse cillum dolore eu fugiat nulla pariatur excepteur sint occaecat cupidatat non proident sunt in culpa qui officia deserunt mollit anim id est laborum lorem ipsum dolor sit amet consectetur adipiscing elit sed do eiusmod tempor incididunt ut labore et dolore magna aliqua ut enim ad minim veniam quis nostrud exercitation ullamco laboris nisi ut aliquip ex ea commodo consequat duis aute irure dolor in reprehenderit in voluptate velit esse cillum dolore eu fugiat nulla pariatur excepteur sint occaecat cupidatat non proident sunt in culpa qui officia deserunt mollit anim id est laborum right excepteur sint occaecat cupidatat lorem ipsum dolor sit amet consectetur adipiscing elit sed do eiusmod tempor incididunt ut labore et dolore magna aliqua ut enim ad minim veniam quis nostrud exercitation ullamco laboris nisi ut aliquip ex ea commodo consequat duis aute irure dolor in reprehenderit in voluptate velit esse cillum dolore eu fugiat nulla pariatur excepteur sint occaecat cupidatat non proident sunt in culpa qui officia deserunt mollit anim id est laborum lorem ipsum dolor sit amet consectetur adipiscing elit sed do eiusmod tempor incididunt ut labore et dolore magna aliqua ut enim ad minim veniam quis nostrud exercitation ullamco laboris nisi ut aliquip ex ea commodo consequat duis aute irure dolor in reprehenderit in voluptate velit esse cillum dolore eu fugiat nulla pariatur excepteur sint occaecat cupidatat non proident sunt in culpa qui officia deserunt mollit anim id est laborum lorem image 1 lorem image 2 lorem image 3 ');
INSERT INTO `craft_searchindex` (`elementId`, `attribute`, `fieldId`, `locale`, `keywords`) VALUES ('32', 'field', '2', 'en_us', '');
INSERT INTO `craft_searchindex` (`elementId`, `attribute`, `fieldId`, `locale`, `keywords`) VALUES ('32', 'slug', '0', 'en_us', ' welcome to default 2016 1 ');
INSERT INTO `craft_searchindex` (`elementId`, `attribute`, `fieldId`, `locale`, `keywords`) VALUES ('32', 'title', '0', 'en_us', ' default2016 second news entry ');
INSERT INTO `craft_searchindex` (`elementId`, `attribute`, `fieldId`, `locale`, `keywords`) VALUES ('33', 'field', '6', 'en_us', ' lorem image 1 ');
INSERT INTO `craft_searchindex` (`elementId`, `attribute`, `fieldId`, `locale`, `keywords`) VALUES ('33', 'field', '7', 'en_us', ' full ');
INSERT INTO `craft_searchindex` (`elementId`, `attribute`, `fieldId`, `locale`, `keywords`) VALUES ('33', 'field', '12', 'en_us', ' none ');
INSERT INTO `craft_searchindex` (`elementId`, `attribute`, `fieldId`, `locale`, `keywords`) VALUES ('33', 'field', '14', 'en_us', '');
INSERT INTO `craft_searchindex` (`elementId`, `attribute`, `fieldId`, `locale`, `keywords`) VALUES ('33', 'slug', '0', 'en_us', '');
INSERT INTO `craft_searchindex` (`elementId`, `attribute`, `fieldId`, `locale`, `keywords`) VALUES ('34', 'field', '5', 'en_us', ' lorem ipsum dolor sit amet consectetur adipiscing elit sed do eiusmod tempor incididunt ut labore et dolore magna aliqua ut enim ad minim veniam quis nostrud exercitation ullamco laboris nisi ut aliquip ex ea commodo consequat duis aute irure dolor in reprehenderit in voluptate velit esse cillum dolore eu fugiat nulla pariatur excepteur sint occaecat cupidatat non proident sunt in culpa qui officia deserunt mollit anim id est laborum ');
INSERT INTO `craft_searchindex` (`elementId`, `attribute`, `fieldId`, `locale`, `keywords`) VALUES ('34', 'slug', '0', 'en_us', '');
INSERT INTO `craft_searchindex` (`elementId`, `attribute`, `fieldId`, `locale`, `keywords`) VALUES ('35', 'field', '6', 'en_us', ' lorem image 2 ');
INSERT INTO `craft_searchindex` (`elementId`, `attribute`, `fieldId`, `locale`, `keywords`) VALUES ('35', 'field', '7', 'en_us', ' right ');
INSERT INTO `craft_searchindex` (`elementId`, `attribute`, `fieldId`, `locale`, `keywords`) VALUES ('35', 'field', '12', 'en_us', ' none ');
INSERT INTO `craft_searchindex` (`elementId`, `attribute`, `fieldId`, `locale`, `keywords`) VALUES ('35', 'field', '14', 'en_us', ' fancy little image ');
INSERT INTO `craft_searchindex` (`elementId`, `attribute`, `fieldId`, `locale`, `keywords`) VALUES ('35', 'slug', '0', 'en_us', '');
INSERT INTO `craft_searchindex` (`elementId`, `attribute`, `fieldId`, `locale`, `keywords`) VALUES ('36', 'field', '5', 'en_us', ' lorem ipsum dolor sit amet consectetur adipiscing elit sed do eiusmod tempor incididunt ut labore et dolore magna aliqua ut enim ad minim veniam quis nostrud exercitation ullamco laboris nisi ut aliquip ex ea commodo consequat duis aute irure dolor in reprehenderit in voluptate velit esse cillum dolore eu fugiat nulla pariatur excepteur sint occaecat cupidatat non proident sunt in culpa qui officia deserunt mollit anim id est laborum lorem ipsum dolor sit amet consectetur adipiscing elit sed do eiusmod tempor incididunt ut labore et dolore magna aliqua ut enim ad minim veniam quis nostrud exercitation ullamco laboris nisi ut aliquip ex ea commodo consequat duis aute irure dolor in reprehenderit in voluptate velit esse cillum dolore eu fugiat nulla pariatur excepteur sint occaecat cupidatat non proident sunt in culpa qui officia deserunt mollit anim id est laborum lorem ipsum dolor sit amet consectetur adipiscing elit sed do eiusmod tempor incididunt ut labore et dolore magna aliqua ut enim ad minim veniam quis nostrud exercitation ullamco laboris nisi ut aliquip ex ea commodo consequat duis aute irure dolor in reprehenderit in voluptate velit esse cillum dolore eu fugiat nulla pariatur excepteur sint occaecat cupidatat non proident sunt in culpa qui officia deserunt mollit anim id est laborum commodo consequat duis aute irure dolor in reprehenderit in voluptate velit esse cillum dolore eu fugiat nulla pariatur excepteur sint occaecat cupidatat non proident sunt in culpa qui officia deserunt mollit anim id est laborum ');
INSERT INTO `craft_searchindex` (`elementId`, `attribute`, `fieldId`, `locale`, `keywords`) VALUES ('36', 'slug', '0', 'en_us', '');
INSERT INTO `craft_searchindex` (`elementId`, `attribute`, `fieldId`, `locale`, `keywords`) VALUES ('37', 'field', '3', 'en_us', ' this should break up the article nicely ');
INSERT INTO `craft_searchindex` (`elementId`, `attribute`, `fieldId`, `locale`, `keywords`) VALUES ('37', 'field', '4', 'en_us', ' h2 ');
INSERT INTO `craft_searchindex` (`elementId`, `attribute`, `fieldId`, `locale`, `keywords`) VALUES ('37', 'slug', '0', 'en_us', '');
INSERT INTO `craft_searchindex` (`elementId`, `attribute`, `fieldId`, `locale`, `keywords`) VALUES ('38', 'field', '6', 'en_us', ' lorem image 3 ');
INSERT INTO `craft_searchindex` (`elementId`, `attribute`, `fieldId`, `locale`, `keywords`) VALUES ('38', 'field', '7', 'en_us', ' left ');
INSERT INTO `craft_searchindex` (`elementId`, `attribute`, `fieldId`, `locale`, `keywords`) VALUES ('38', 'field', '12', 'en_us', ' none ');
INSERT INTO `craft_searchindex` (`elementId`, `attribute`, `fieldId`, `locale`, `keywords`) VALUES ('38', 'field', '14', 'en_us', '');
INSERT INTO `craft_searchindex` (`elementId`, `attribute`, `fieldId`, `locale`, `keywords`) VALUES ('38', 'slug', '0', 'en_us', '');
INSERT INTO `craft_searchindex` (`elementId`, `attribute`, `fieldId`, `locale`, `keywords`) VALUES ('39', 'field', '5', 'en_us', ' lorem ipsum dolor sit amet consectetur adipiscing elit sed do eiusmod tempor incididunt ut labore et dolore magna aliqua ut enim ad minim veniam quis nostrud exercitation ullamco laboris nisi ut aliquip ex ea commodo consequat duis aute irure dolor in reprehenderit in voluptate velit esse cillum dolore eu fugiat nulla pariatur ');
INSERT INTO `craft_searchindex` (`elementId`, `attribute`, `fieldId`, `locale`, `keywords`) VALUES ('39', 'slug', '0', 'en_us', '');
INSERT INTO `craft_searchindex` (`elementId`, `attribute`, `fieldId`, `locale`, `keywords`) VALUES ('40', 'field', '6', 'en_us', ' lorem image 1 ');
INSERT INTO `craft_searchindex` (`elementId`, `attribute`, `fieldId`, `locale`, `keywords`) VALUES ('40', 'field', '7', 'en_us', ' left ');
INSERT INTO `craft_searchindex` (`elementId`, `attribute`, `fieldId`, `locale`, `keywords`) VALUES ('40', 'field', '12', 'en_us', ' both ');
INSERT INTO `craft_searchindex` (`elementId`, `attribute`, `fieldId`, `locale`, `keywords`) VALUES ('40', 'field', '14', 'en_us', ' this caption clearly describes the image in context ');
INSERT INTO `craft_searchindex` (`elementId`, `attribute`, `fieldId`, `locale`, `keywords`) VALUES ('40', 'slug', '0', 'en_us', '');
INSERT INTO `craft_searchindex` (`elementId`, `attribute`, `fieldId`, `locale`, `keywords`) VALUES ('41', 'field', '5', 'en_us', ' lorem ipsum dolor sit amet consectetur adipiscing elit sed do eiusmod tempor incididunt ut labore et dolore magna aliqua ut enim ad minim veniam quis nostrud exercitation ullamco laboris nisi ut aliquip ex ea commodo consequat duis aute irure dolor in reprehenderit in voluptate velit esse cillum dolore eu fugiat nulla pariatur excepteur sint occaecat cupidatat non proident sunt in culpa qui officia deserunt mollit anim id est laborum lorem ipsum dolor sit amet consectetur adipiscing elit sed do eiusmod tempor incididunt ut labore et dolore magna aliqua ut enim ad minim veniam quis nostrud exercitation ullamco laboris nisi ut aliquip ex ea commodo consequat duis aute irure dolor in reprehenderit in voluptate velit esse cillum dolore eu fugiat nulla pariatur excepteur sint occaecat cupidatat non proident sunt in culpa qui officia deserunt mollit anim id est laborum lorem ipsum dolor sit amet consectetur adipiscing elit sed do eiusmod tempor incididunt ut labore et dolore magna aliqua ut enim ad minim veniam quis nostrud exercitation ullamco laboris nisi ut aliquip ex ea commodo consequat duis aute irure dolor in reprehenderit in voluptate velit esse cillum dolore eu fugiat nulla pariatur excepteur sint occaecat cupidatat non proident sunt in culpa qui officia deserunt mollit anim id est laborum ');
INSERT INTO `craft_searchindex` (`elementId`, `attribute`, `fieldId`, `locale`, `keywords`) VALUES ('41', 'slug', '0', 'en_us', '');
INSERT INTO `craft_searchindex` (`elementId`, `attribute`, `fieldId`, `locale`, `keywords`) VALUES ('42', 'field', '10', 'en_us', ' excepteur sint occaecat cupidatat ');
INSERT INTO `craft_searchindex` (`elementId`, `attribute`, `fieldId`, `locale`, `keywords`) VALUES ('42', 'field', '11', 'en_us', ' right ');
INSERT INTO `craft_searchindex` (`elementId`, `attribute`, `fieldId`, `locale`, `keywords`) VALUES ('42', 'slug', '0', 'en_us', '');
INSERT INTO `craft_searchindex` (`elementId`, `attribute`, `fieldId`, `locale`, `keywords`) VALUES ('43', 'field', '5', 'en_us', ' lorem ipsum dolor sit amet consectetur adipiscing elit sed do eiusmod tempor incididunt ut labore et dolore magna aliqua ut enim ad minim veniam quis nostrud exercitation ullamco laboris nisi ut aliquip ex ea commodo consequat duis aute irure dolor in reprehenderit in voluptate velit esse cillum dolore eu fugiat nulla pariatur excepteur sint occaecat cupidatat non proident sunt in culpa qui officia deserunt mollit anim id est laborum lorem ipsum dolor sit amet consectetur adipiscing elit sed do eiusmod tempor incididunt ut labore et dolore magna aliqua ut enim ad minim veniam quis nostrud exercitation ullamco laboris nisi ut aliquip ex ea commodo consequat duis aute irure dolor in reprehenderit in voluptate velit esse cillum dolore eu fugiat nulla pariatur excepteur sint occaecat cupidatat non proident sunt in culpa qui officia deserunt mollit anim id est laborum ');
INSERT INTO `craft_searchindex` (`elementId`, `attribute`, `fieldId`, `locale`, `keywords`) VALUES ('43', 'slug', '0', 'en_us', '');
INSERT INTO `craft_searchindex` (`elementId`, `attribute`, `fieldId`, `locale`, `keywords`) VALUES ('44', 'field', '8', 'en_us', ' lorem image 1 lorem image 2 lorem image 3 ');
INSERT INTO `craft_searchindex` (`elementId`, `attribute`, `fieldId`, `locale`, `keywords`) VALUES ('44', 'slug', '0', 'en_us', '');
INSERT INTO `craft_searchindex` (`elementId`, `attribute`, `fieldId`, `locale`, `keywords`) VALUES ('45', 'field', '25', 'en_us', ' about us ');
INSERT INTO `craft_searchindex` (`elementId`, `attribute`, `fieldId`, `locale`, `keywords`) VALUES ('45', 'slug', '0', 'en_us', ' secondary page ');
INSERT INTO `craft_searchindex` (`elementId`, `attribute`, `fieldId`, `locale`, `keywords`) VALUES ('45', 'title', '0', 'en_us', ' secondary page ');
INSERT INTO `craft_searchindex` (`elementId`, `attribute`, `fieldId`, `locale`, `keywords`) VALUES ('47', 'field', '41', 'en_us', ' the first slide lorem image 1 the second slide lorem image 2 the third slide lorem image 3 ');
INSERT INTO `craft_searchindex` (`elementId`, `attribute`, `fieldId`, `locale`, `keywords`) VALUES ('47', 'slug', '0', 'en_us', ' home page slideshow ');
INSERT INTO `craft_searchindex` (`elementId`, `attribute`, `fieldId`, `locale`, `keywords`) VALUES ('47', 'title', '0', 'en_us', ' home page slideshow ');
INSERT INTO `craft_searchindex` (`elementId`, `attribute`, `fieldId`, `locale`, `keywords`) VALUES ('48', 'field', '42', 'en_us', ' lorem image 1 ');
INSERT INTO `craft_searchindex` (`elementId`, `attribute`, `fieldId`, `locale`, `keywords`) VALUES ('48', 'field', '43', 'en_us', ' the first slide ');
INSERT INTO `craft_searchindex` (`elementId`, `attribute`, `fieldId`, `locale`, `keywords`) VALUES ('48', 'field', '44', 'en_us', '');
INSERT INTO `craft_searchindex` (`elementId`, `attribute`, `fieldId`, `locale`, `keywords`) VALUES ('48', 'slug', '0', 'en_us', '');
INSERT INTO `craft_searchindex` (`elementId`, `attribute`, `fieldId`, `locale`, `keywords`) VALUES ('49', 'field', '42', 'en_us', ' lorem image 2 ');
INSERT INTO `craft_searchindex` (`elementId`, `attribute`, `fieldId`, `locale`, `keywords`) VALUES ('49', 'field', '43', 'en_us', ' the second slide ');
INSERT INTO `craft_searchindex` (`elementId`, `attribute`, `fieldId`, `locale`, `keywords`) VALUES ('49', 'field', '44', 'en_us', '');
INSERT INTO `craft_searchindex` (`elementId`, `attribute`, `fieldId`, `locale`, `keywords`) VALUES ('49', 'slug', '0', 'en_us', '');
INSERT INTO `craft_searchindex` (`elementId`, `attribute`, `fieldId`, `locale`, `keywords`) VALUES ('50', 'field', '42', 'en_us', ' lorem image 3 ');
INSERT INTO `craft_searchindex` (`elementId`, `attribute`, `fieldId`, `locale`, `keywords`) VALUES ('50', 'field', '43', 'en_us', ' the third slide ');
INSERT INTO `craft_searchindex` (`elementId`, `attribute`, `fieldId`, `locale`, `keywords`) VALUES ('50', 'field', '44', 'en_us', '');
INSERT INTO `craft_searchindex` (`elementId`, `attribute`, `fieldId`, `locale`, `keywords`) VALUES ('50', 'slug', '0', 'en_us', '');
INSERT INTO `craft_searchindex` (`elementId`, `attribute`, `fieldId`, `locale`, `keywords`) VALUES ('20', 'field', '19', 'en_us', '');
INSERT INTO `craft_searchindex` (`elementId`, `attribute`, `fieldId`, `locale`, `keywords`) VALUES ('20', 'field', '20', 'en_us', '');
INSERT INTO `craft_searchindex` (`elementId`, `attribute`, `fieldId`, `locale`, `keywords`) VALUES ('20', 'field', '24', 'en_us', '');
INSERT INTO `craft_searchindex` (`elementId`, `attribute`, `fieldId`, `locale`, `keywords`) VALUES ('51', 'field', '18', 'en_us', ' home page slideshow ');
INSERT INTO `craft_searchindex` (`elementId`, `attribute`, `fieldId`, `locale`, `keywords`) VALUES ('51', 'slug', '0', 'en_us', '');



DROP TABLE IF EXISTS `craft_sections`;


--
-- Schema for table `craft_sections`
--
CREATE TABLE `craft_sections` (
  `id` int(11) NOT NULL AUTO_INCREMENT,
  `structureId` int(11) DEFAULT NULL,
  `name` varchar(255) COLLATE utf8_unicode_ci NOT NULL,
  `handle` varchar(255) COLLATE utf8_unicode_ci NOT NULL,
  `type` enum('single','channel','structure') COLLATE utf8_unicode_ci NOT NULL DEFAULT 'channel',
  `hasUrls` tinyint(1) unsigned NOT NULL DEFAULT '1',
  `template` varchar(500) COLLATE utf8_unicode_ci DEFAULT NULL,
  `enableVersioning` tinyint(1) unsigned NOT NULL DEFAULT '0',
  `dateCreated` datetime NOT NULL,
  `dateUpdated` datetime NOT NULL,
  `uid` char(36) COLLATE utf8_unicode_ci NOT NULL DEFAULT '0',
  PRIMARY KEY (`id`),
  UNIQUE KEY `craft_sections_name_unq_idx` (`name`),
  UNIQUE KEY `craft_sections_handle_unq_idx` (`handle`),
  KEY `craft_sections_structureId_fk` (`structureId`)
) ENGINE=InnoDB AUTO_INCREMENT=6 DEFAULT CHARSET=utf8 COLLATE=utf8_unicode_ci;

--
-- Data for table `craft_sections`
--

INSERT INTO `craft_sections` (`id`, `structureId`, `name`, `handle`, `type`, `hasUrls`, `template`, `enableVersioning`, `dateCreated`, `dateUpdated`, `uid`) VALUES ('1', NULL, 'Homepage', 'homepage', 'single', '1', 'index', '1', '2015-10-24 08:36:38', '2015-10-24 08:36:38', 'e0bea8c1-0c1c-408b-93e4-690267f824af');
INSERT INTO `craft_sections` (`id`, `structureId`, `name`, `handle`, `type`, `hasUrls`, `template`, `enableVersioning`, `dateCreated`, `dateUpdated`, `uid`) VALUES ('2', NULL, 'News', 'news', 'channel', '1', 'news/_entry', '1', '2015-10-24 08:36:38', '2015-10-24 08:36:38', '3d3b06d3-c7b3-4606-ae54-27fc47f5f6a2');
INSERT INTO `craft_sections` (`id`, `structureId`, `name`, `handle`, `type`, `hasUrls`, `template`, `enableVersioning`, `dateCreated`, `dateUpdated`, `uid`) VALUES ('3', NULL, 'Pages', 'pages', 'channel', '1', 'pages/_entry', '1', '2015-10-24 10:44:10', '2015-10-24 10:44:10', 'c1a8df0a-27ec-49b1-ab10-88e2ba3ac767');
INSERT INTO `craft_sections` (`id`, `structureId`, `name`, `handle`, `type`, `hasUrls`, `template`, `enableVersioning`, `dateCreated`, `dateUpdated`, `uid`) VALUES ('4', NULL, 'Panels', 'panels', 'channel', '1', 'panels/_entry', '1', '2015-10-24 10:48:41', '2015-10-24 10:48:41', 'd6446b04-c876-4f31-b843-fe109ae370fd');
INSERT INTO `craft_sections` (`id`, `structureId`, `name`, `handle`, `type`, `hasUrls`, `template`, `enableVersioning`, `dateCreated`, `dateUpdated`, `uid`) VALUES ('5', '1', 'Main Navigation', 'mainNavigation', 'structure', '1', 'main-navigation/_entry', '1', '2015-10-24 11:43:10', '2015-10-24 11:43:10', '8a7f2508-93c0-4176-9c2c-deabe19486e8');



DROP TABLE IF EXISTS `craft_sections_i18n`;


--
-- Schema for table `craft_sections_i18n`
--
CREATE TABLE `craft_sections_i18n` (
  `id` int(11) NOT NULL AUTO_INCREMENT,
  `sectionId` int(11) NOT NULL,
  `locale` char(12) COLLATE utf8_unicode_ci NOT NULL,
  `enabledByDefault` tinyint(1) unsigned NOT NULL DEFAULT '1',
  `urlFormat` varchar(255) COLLATE utf8_unicode_ci DEFAULT NULL,
  `nestedUrlFormat` varchar(255) COLLATE utf8_unicode_ci DEFAULT NULL,
  `dateCreated` datetime NOT NULL,
  `dateUpdated` datetime NOT NULL,
  `uid` char(36) COLLATE utf8_unicode_ci NOT NULL DEFAULT '0',
  PRIMARY KEY (`id`),
  UNIQUE KEY `craft_sections_i18n_sectionId_locale_unq_idx` (`sectionId`,`locale`),
  KEY `craft_sections_i18n_locale_fk` (`locale`)
) ENGINE=InnoDB AUTO_INCREMENT=6 DEFAULT CHARSET=utf8 COLLATE=utf8_unicode_ci;

--
-- Data for table `craft_sections_i18n`
--

INSERT INTO `craft_sections_i18n` (`id`, `sectionId`, `locale`, `enabledByDefault`, `urlFormat`, `nestedUrlFormat`, `dateCreated`, `dateUpdated`, `uid`) VALUES ('1', '1', 'en_us', '1', '__home__', NULL, '2015-10-24 08:36:38', '2015-10-24 08:36:38', '70e9ff96-718b-400e-89ec-ef20438364d1');
INSERT INTO `craft_sections_i18n` (`id`, `sectionId`, `locale`, `enabledByDefault`, `urlFormat`, `nestedUrlFormat`, `dateCreated`, `dateUpdated`, `uid`) VALUES ('2', '2', 'en_us', '1', 'news/{postDate.year}/{slug}', NULL, '2015-10-24 08:36:38', '2015-10-24 08:36:38', 'c085106f-7d86-457d-bc82-e66a351cfc74');
INSERT INTO `craft_sections_i18n` (`id`, `sectionId`, `locale`, `enabledByDefault`, `urlFormat`, `nestedUrlFormat`, `dateCreated`, `dateUpdated`, `uid`) VALUES ('3', '3', 'en_us', '0', 'pages/{slug}', NULL, '2015-10-24 10:44:10', '2015-10-24 10:44:10', 'b9bd8a9a-f25e-4fef-9e5e-01d5bba2299c');
INSERT INTO `craft_sections_i18n` (`id`, `sectionId`, `locale`, `enabledByDefault`, `urlFormat`, `nestedUrlFormat`, `dateCreated`, `dateUpdated`, `uid`) VALUES ('4', '4', 'en_us', '0', 'panels/{slug}', NULL, '2015-10-24 10:48:41', '2015-10-24 10:48:41', 'ebe5c729-05a6-4905-bfa1-96dad36f2e11');
INSERT INTO `craft_sections_i18n` (`id`, `sectionId`, `locale`, `enabledByDefault`, `urlFormat`, `nestedUrlFormat`, `dateCreated`, `dateUpdated`, `uid`) VALUES ('5', '5', 'en_us', '0', 'main-navigation/{slug}', '{parent.uri}/{slug}', '2015-10-24 11:43:10', '2015-10-24 11:43:10', '4f3e3bbe-8750-45ea-b11e-b5613735bf4a');



DROP TABLE IF EXISTS `craft_sessions`;


--
-- Schema for table `craft_sessions`
--
CREATE TABLE `craft_sessions` (
  `id` int(11) NOT NULL AUTO_INCREMENT,
  `userId` int(11) NOT NULL,
  `token` char(100) COLLATE utf8_unicode_ci NOT NULL,
  `dateCreated` datetime NOT NULL,
  `dateUpdated` datetime NOT NULL,
  `uid` char(36) COLLATE utf8_unicode_ci NOT NULL DEFAULT '0',
  PRIMARY KEY (`id`),
  KEY `craft_sessions_uid_idx` (`uid`),
  KEY `craft_sessions_token_idx` (`token`),
  KEY `craft_sessions_dateUpdated_idx` (`dateUpdated`),
  KEY `craft_sessions_userId_fk` (`userId`)
) ENGINE=InnoDB AUTO_INCREMENT=7 DEFAULT CHARSET=utf8 COLLATE=utf8_unicode_ci;

DROP TABLE IF EXISTS `craft_shunnedmessages`;


--
-- Schema for table `craft_shunnedmessages`
--
CREATE TABLE `craft_shunnedmessages` (
  `id` int(11) NOT NULL AUTO_INCREMENT,
  `userId` int(11) NOT NULL,
  `message` varchar(255) COLLATE utf8_unicode_ci NOT NULL,
  `expiryDate` datetime DEFAULT NULL,
  `dateCreated` datetime NOT NULL,
  `dateUpdated` datetime NOT NULL,
  `uid` char(36) COLLATE utf8_unicode_ci NOT NULL DEFAULT '0',
  PRIMARY KEY (`id`),
  UNIQUE KEY `craft_shunnedmessages_userId_message_unq_idx` (`userId`,`message`)
) ENGINE=InnoDB DEFAULT CHARSET=utf8 COLLATE=utf8_unicode_ci;

DROP TABLE IF EXISTS `craft_structureelements`;


--
-- Schema for table `craft_structureelements`
--
CREATE TABLE `craft_structureelements` (
  `id` int(11) NOT NULL AUTO_INCREMENT,
  `structureId` int(11) NOT NULL,
  `elementId` int(11) DEFAULT NULL,
  `root` int(11) unsigned DEFAULT NULL,
  `lft` int(11) unsigned NOT NULL,
  `rgt` int(11) unsigned NOT NULL,
  `level` smallint(6) unsigned NOT NULL,
  `dateCreated` datetime NOT NULL,
  `dateUpdated` datetime NOT NULL,
  `uid` char(36) COLLATE utf8_unicode_ci NOT NULL DEFAULT '0',
  PRIMARY KEY (`id`),
  UNIQUE KEY `craft_structureelements_structureId_elementId_unq_idx` (`structureId`,`elementId`),
  KEY `craft_structureelements_root_idx` (`root`),
  KEY `craft_structureelements_lft_idx` (`lft`),
  KEY `craft_structureelements_rgt_idx` (`rgt`),
  KEY `craft_structureelements_level_idx` (`level`),
  KEY `craft_structureelements_elementId_fk` (`elementId`)
) ENGINE=InnoDB AUTO_INCREMENT=6 DEFAULT CHARSET=utf8 COLLATE=utf8_unicode_ci;

--
-- Data for table `craft_structureelements`
--

INSERT INTO `craft_structureelements` (`id`, `structureId`, `elementId`, `root`, `lft`, `rgt`, `level`, `dateCreated`, `dateUpdated`, `uid`) VALUES ('1', '1', NULL, '1', '1', '10', '0', '2015-10-24 11:48:02', '2015-10-24 11:48:02', '7ab2ec7a-9424-47da-91f3-8701745b185a');
INSERT INTO `craft_structureelements` (`id`, `structureId`, `elementId`, `root`, `lft`, `rgt`, `level`, `dateCreated`, `dateUpdated`, `uid`) VALUES ('2', '1', '24', '1', '4', '7', '1', '2015-10-24 11:48:02', '2015-10-24 11:48:02', 'a90c7042-33f1-484d-ab86-51017839e47c');
INSERT INTO `craft_structureelements` (`id`, `structureId`, `elementId`, `root`, `lft`, `rgt`, `level`, `dateCreated`, `dateUpdated`, `uid`) VALUES ('3', '1', '25', '1', '8', '9', '1', '2015-10-24 11:48:14', '2015-10-24 11:48:14', '19a27629-0758-479c-9fb1-075506e802f4');
INSERT INTO `craft_structureelements` (`id`, `structureId`, `elementId`, `root`, `lft`, `rgt`, `level`, `dateCreated`, `dateUpdated`, `uid`) VALUES ('4', '1', '26', '1', '2', '3', '1', '2015-10-24 12:01:35', '2015-10-24 12:01:35', '80701bb2-694b-45d9-80be-8d3a2fb452eb');
INSERT INTO `craft_structureelements` (`id`, `structureId`, `elementId`, `root`, `lft`, `rgt`, `level`, `dateCreated`, `dateUpdated`, `uid`) VALUES ('5', '1', '45', '1', '5', '6', '2', '2015-10-25 10:44:31', '2015-10-25 10:44:31', '3b120ee8-13ff-4748-847f-52f3253ef83e');



DROP TABLE IF EXISTS `craft_structures`;


--
-- Schema for table `craft_structures`
--
CREATE TABLE `craft_structures` (
  `id` int(11) NOT NULL AUTO_INCREMENT,
  `maxLevels` smallint(6) unsigned DEFAULT NULL,
  `dateCreated` datetime NOT NULL,
  `dateUpdated` datetime NOT NULL,
  `uid` char(36) COLLATE utf8_unicode_ci NOT NULL DEFAULT '0',
  PRIMARY KEY (`id`)
) ENGINE=InnoDB AUTO_INCREMENT=2 DEFAULT CHARSET=utf8 COLLATE=utf8_unicode_ci;

--
-- Data for table `craft_structures`
--

INSERT INTO `craft_structures` (`id`, `maxLevels`, `dateCreated`, `dateUpdated`, `uid`) VALUES ('1', NULL, '2015-10-24 11:43:10', '2015-10-24 11:43:10', '702c6418-55cf-42d6-87a0-92d804b5c96c');



DROP TABLE IF EXISTS `craft_systemsettings`;


--
-- Schema for table `craft_systemsettings`
--
CREATE TABLE `craft_systemsettings` (
  `id` int(11) NOT NULL AUTO_INCREMENT,
  `category` varchar(15) COLLATE utf8_unicode_ci NOT NULL,
  `settings` text COLLATE utf8_unicode_ci,
  `dateCreated` datetime NOT NULL,
  `dateUpdated` datetime NOT NULL,
  `uid` char(36) COLLATE utf8_unicode_ci NOT NULL DEFAULT '0',
  PRIMARY KEY (`id`),
  UNIQUE KEY `craft_systemsettings_category_unq_idx` (`category`)
) ENGINE=InnoDB AUTO_INCREMENT=2 DEFAULT CHARSET=utf8 COLLATE=utf8_unicode_ci;

--
-- Data for table `craft_systemsettings`
--

INSERT INTO `craft_systemsettings` (`id`, `category`, `settings`, `dateCreated`, `dateUpdated`, `uid`) VALUES ('1', 'email', '{\"protocol\":\"php\",\"emailAddress\":\"admin@flowsa.com\",\"senderName\":\"Default2016\"}', '2015-10-24 08:36:38', '2015-10-24 08:36:38', '3ce8ae01-5b21-424e-80e0-58752a702f3b');



DROP TABLE IF EXISTS `craft_taggroups`;


--
-- Schema for table `craft_taggroups`
--
CREATE TABLE `craft_taggroups` (
  `id` int(11) NOT NULL AUTO_INCREMENT,
  `name` varchar(255) COLLATE utf8_unicode_ci NOT NULL,
  `handle` varchar(255) COLLATE utf8_unicode_ci NOT NULL,
  `fieldLayoutId` int(10) DEFAULT NULL,
  `dateCreated` datetime NOT NULL,
  `dateUpdated` datetime NOT NULL,
  `uid` char(36) COLLATE utf8_unicode_ci NOT NULL DEFAULT '0',
  PRIMARY KEY (`id`),
  UNIQUE KEY `craft_taggroups_name_unq_idx` (`name`),
  UNIQUE KEY `craft_taggroups_handle_unq_idx` (`handle`),
  KEY `craft_taggroups_fieldLayoutId_fk` (`fieldLayoutId`)
) ENGINE=InnoDB AUTO_INCREMENT=2 DEFAULT CHARSET=utf8 COLLATE=utf8_unicode_ci;

--
-- Data for table `craft_taggroups`
--

INSERT INTO `craft_taggroups` (`id`, `name`, `handle`, `fieldLayoutId`, `dateCreated`, `dateUpdated`, `uid`) VALUES ('1', 'Default', 'default', '1', '2015-10-24 08:36:38', '2015-10-24 08:36:38', '54d790bd-b641-497f-abd0-c42836e7d4b7');



DROP TABLE IF EXISTS `craft_tags`;


--
-- Schema for table `craft_tags`
--
CREATE TABLE `craft_tags` (
  `id` int(11) NOT NULL,
  `groupId` int(11) NOT NULL,
  `dateCreated` datetime NOT NULL,
  `dateUpdated` datetime NOT NULL,
  `uid` char(36) COLLATE utf8_unicode_ci NOT NULL DEFAULT '0',
  PRIMARY KEY (`id`),
  KEY `craft_tags_groupId_fk` (`groupId`)
) ENGINE=InnoDB DEFAULT CHARSET=utf8 COLLATE=utf8_unicode_ci;

DROP TABLE IF EXISTS `craft_tasks`;


--
-- Schema for table `craft_tasks`
--
CREATE TABLE `craft_tasks` (
  `id` int(11) NOT NULL AUTO_INCREMENT,
  `root` int(11) unsigned DEFAULT NULL,
  `lft` int(11) unsigned NOT NULL,
  `rgt` int(11) unsigned NOT NULL,
  `level` smallint(6) unsigned NOT NULL,
  `currentStep` int(11) unsigned DEFAULT NULL,
  `totalSteps` int(11) unsigned DEFAULT NULL,
  `status` enum('pending','error','running') COLLATE utf8_unicode_ci DEFAULT NULL,
  `type` varchar(150) COLLATE utf8_unicode_ci NOT NULL,
  `description` varchar(255) COLLATE utf8_unicode_ci DEFAULT NULL,
  `settings` text COLLATE utf8_unicode_ci,
  `dateCreated` datetime NOT NULL,
  `dateUpdated` datetime NOT NULL,
  `uid` char(36) COLLATE utf8_unicode_ci NOT NULL DEFAULT '0',
  PRIMARY KEY (`id`),
  KEY `craft_tasks_root_idx` (`root`),
  KEY `craft_tasks_lft_idx` (`lft`),
  KEY `craft_tasks_rgt_idx` (`rgt`),
  KEY `craft_tasks_level_idx` (`level`)
) ENGINE=InnoDB AUTO_INCREMENT=6 DEFAULT CHARSET=utf8 COLLATE=utf8_unicode_ci;

DROP TABLE IF EXISTS `craft_templatecachecriteria`;


--
-- Schema for table `craft_templatecachecriteria`
--
CREATE TABLE `craft_templatecachecriteria` (
  `id` int(11) NOT NULL AUTO_INCREMENT,
  `cacheId` int(11) NOT NULL,
  `type` varchar(150) COLLATE utf8_unicode_ci NOT NULL,
  `criteria` text COLLATE utf8_unicode_ci NOT NULL,
  PRIMARY KEY (`id`),
  KEY `craft_templatecachecriteria_cacheId_fk` (`cacheId`),
  KEY `craft_templatecachecriteria_type_idx` (`type`)
) ENGINE=InnoDB DEFAULT CHARSET=utf8 COLLATE=utf8_unicode_ci;

DROP TABLE IF EXISTS `craft_templatecacheelements`;


--
-- Schema for table `craft_templatecacheelements`
--
CREATE TABLE `craft_templatecacheelements` (
  `cacheId` int(11) NOT NULL,
  `elementId` int(11) NOT NULL,
  KEY `craft_templatecacheelements_cacheId_fk` (`cacheId`),
  KEY `craft_templatecacheelements_elementId_fk` (`elementId`)
) ENGINE=InnoDB DEFAULT CHARSET=utf8 COLLATE=utf8_unicode_ci;

DROP TABLE IF EXISTS `craft_templatecaches`;


--
-- Schema for table `craft_templatecaches`
--
CREATE TABLE `craft_templatecaches` (
  `id` int(11) NOT NULL AUTO_INCREMENT,
  `cacheKey` varchar(255) COLLATE utf8_unicode_ci NOT NULL,
  `locale` char(12) COLLATE utf8_unicode_ci NOT NULL,
  `path` varchar(255) COLLATE utf8_unicode_ci DEFAULT NULL,
  `expiryDate` datetime NOT NULL,
  `body` mediumtext COLLATE utf8_unicode_ci NOT NULL,
  PRIMARY KEY (`id`),
  KEY `craft_templatecaches_expiryDate_cacheKey_locale_path_idx` (`expiryDate`,`cacheKey`,`locale`,`path`),
  KEY `craft_templatecaches_locale_fk` (`locale`)
) ENGINE=InnoDB DEFAULT CHARSET=utf8 COLLATE=utf8_unicode_ci;

DROP TABLE IF EXISTS `craft_tokens`;


--
-- Schema for table `craft_tokens`
--
CREATE TABLE `craft_tokens` (
  `id` int(11) NOT NULL AUTO_INCREMENT,
  `token` char(32) COLLATE utf8_unicode_ci NOT NULL,
  `route` text COLLATE utf8_unicode_ci,
  `usageLimit` tinyint(3) unsigned DEFAULT NULL,
  `usageCount` tinyint(3) unsigned DEFAULT NULL,
  `expiryDate` datetime NOT NULL,
  `dateCreated` datetime NOT NULL,
  `dateUpdated` datetime NOT NULL,
  `uid` char(36) COLLATE utf8_unicode_ci NOT NULL DEFAULT '0',
  PRIMARY KEY (`id`),
  UNIQUE KEY `craft_tokens_token_unq_idx` (`token`),
  KEY `craft_tokens_expiryDate_idx` (`expiryDate`)
) ENGINE=InnoDB DEFAULT CHARSET=utf8 COLLATE=utf8_unicode_ci;

DROP TABLE IF EXISTS `craft_usergroups`;


--
-- Schema for table `craft_usergroups`
--
CREATE TABLE `craft_usergroups` (
  `id` int(11) NOT NULL AUTO_INCREMENT,
  `name` varchar(255) COLLATE utf8_unicode_ci NOT NULL,
  `handle` varchar(255) COLLATE utf8_unicode_ci NOT NULL,
  `dateCreated` datetime NOT NULL,
  `dateUpdated` datetime NOT NULL,
  `uid` char(36) COLLATE utf8_unicode_ci NOT NULL DEFAULT '0',
  PRIMARY KEY (`id`)
) ENGINE=InnoDB DEFAULT CHARSET=utf8 COLLATE=utf8_unicode_ci;

DROP TABLE IF EXISTS `craft_usergroups_users`;


--
-- Schema for table `craft_usergroups_users`
--
CREATE TABLE `craft_usergroups_users` (
  `id` int(11) NOT NULL AUTO_INCREMENT,
  `groupId` int(11) NOT NULL,
  `userId` int(11) NOT NULL,
  `dateCreated` datetime NOT NULL,
  `dateUpdated` datetime NOT NULL,
  `uid` char(36) COLLATE utf8_unicode_ci NOT NULL DEFAULT '0',
  PRIMARY KEY (`id`),
  UNIQUE KEY `craft_usergroups_users_groupId_userId_unq_idx` (`groupId`,`userId`),
  KEY `craft_usergroups_users_userId_fk` (`userId`)
) ENGINE=InnoDB DEFAULT CHARSET=utf8 COLLATE=utf8_unicode_ci;

DROP TABLE IF EXISTS `craft_userpermissions`;


--
-- Schema for table `craft_userpermissions`
--
CREATE TABLE `craft_userpermissions` (
  `id` int(11) NOT NULL AUTO_INCREMENT,
  `name` varchar(255) COLLATE utf8_unicode_ci NOT NULL,
  `dateCreated` datetime NOT NULL,
  `dateUpdated` datetime NOT NULL,
  `uid` char(36) COLLATE utf8_unicode_ci NOT NULL DEFAULT '0',
  PRIMARY KEY (`id`),
  UNIQUE KEY `craft_userpermissions_name_unq_idx` (`name`)
) ENGINE=InnoDB DEFAULT CHARSET=utf8 COLLATE=utf8_unicode_ci;

DROP TABLE IF EXISTS `craft_userpermissions_usergroups`;


--
-- Schema for table `craft_userpermissions_usergroups`
--
CREATE TABLE `craft_userpermissions_usergroups` (
  `id` int(11) NOT NULL AUTO_INCREMENT,
  `permissionId` int(11) NOT NULL,
  `groupId` int(11) NOT NULL,
  `dateCreated` datetime NOT NULL,
  `dateUpdated` datetime NOT NULL,
  `uid` char(36) COLLATE utf8_unicode_ci NOT NULL DEFAULT '0',
  PRIMARY KEY (`id`),
  UNIQUE KEY `craft_userpermissions_usergroups_permissionId_groupId_unq_idx` (`permissionId`,`groupId`),
  KEY `craft_userpermissions_usergroups_groupId_fk` (`groupId`)
) ENGINE=InnoDB DEFAULT CHARSET=utf8 COLLATE=utf8_unicode_ci;

DROP TABLE IF EXISTS `craft_userpermissions_users`;


--
-- Schema for table `craft_userpermissions_users`
--
CREATE TABLE `craft_userpermissions_users` (
  `id` int(11) NOT NULL AUTO_INCREMENT,
  `permissionId` int(11) NOT NULL,
  `userId` int(11) NOT NULL,
  `dateCreated` datetime NOT NULL,
  `dateUpdated` datetime NOT NULL,
  `uid` char(36) COLLATE utf8_unicode_ci NOT NULL DEFAULT '0',
  PRIMARY KEY (`id`),
  UNIQUE KEY `craft_userpermissions_users_permissionId_userId_unq_idx` (`permissionId`,`userId`),
  KEY `craft_userpermissions_users_userId_fk` (`userId`)
) ENGINE=InnoDB DEFAULT CHARSET=utf8 COLLATE=utf8_unicode_ci;

DROP TABLE IF EXISTS `craft_users`;


--
-- Schema for table `craft_users`
--
CREATE TABLE `craft_users` (
  `id` int(11) NOT NULL,
  `username` varchar(100) COLLATE utf8_unicode_ci NOT NULL,
  `photo` varchar(100) COLLATE utf8_unicode_ci DEFAULT NULL,
  `firstName` varchar(100) COLLATE utf8_unicode_ci DEFAULT NULL,
  `lastName` varchar(100) COLLATE utf8_unicode_ci DEFAULT NULL,
  `email` varchar(255) COLLATE utf8_unicode_ci NOT NULL,
  `password` char(255) COLLATE utf8_unicode_ci DEFAULT NULL,
  `preferredLocale` char(12) COLLATE utf8_unicode_ci DEFAULT NULL,
  `weekStartDay` tinyint(1) unsigned NOT NULL DEFAULT '0',
  `admin` tinyint(1) unsigned NOT NULL DEFAULT '0',
  `client` tinyint(1) unsigned NOT NULL DEFAULT '0',
  `locked` tinyint(1) unsigned NOT NULL DEFAULT '0',
  `suspended` tinyint(1) unsigned NOT NULL DEFAULT '0',
  `pending` tinyint(1) unsigned NOT NULL DEFAULT '0',
  `archived` tinyint(1) unsigned NOT NULL DEFAULT '0',
  `lastLoginDate` datetime DEFAULT NULL,
  `lastLoginAttemptIPAddress` varchar(45) COLLATE utf8_unicode_ci DEFAULT NULL,
  `invalidLoginWindowStart` datetime DEFAULT NULL,
  `invalidLoginCount` tinyint(4) unsigned DEFAULT NULL,
  `lastInvalidLoginDate` datetime DEFAULT NULL,
  `lockoutDate` datetime DEFAULT NULL,
  `verificationCode` char(100) COLLATE utf8_unicode_ci DEFAULT NULL,
  `verificationCodeIssuedDate` datetime DEFAULT NULL,
  `unverifiedEmail` varchar(255) COLLATE utf8_unicode_ci DEFAULT NULL,
  `passwordResetRequired` tinyint(1) unsigned NOT NULL DEFAULT '0',
  `lastPasswordChangeDate` datetime DEFAULT NULL,
  `dateCreated` datetime NOT NULL,
  `dateUpdated` datetime NOT NULL,
  `uid` char(36) COLLATE utf8_unicode_ci NOT NULL DEFAULT '0',
  PRIMARY KEY (`id`),
  UNIQUE KEY `craft_users_username_unq_idx` (`username`),
  UNIQUE KEY `craft_users_email_unq_idx` (`email`),
  KEY `craft_users_verificationCode_idx` (`verificationCode`),
  KEY `craft_users_uid_idx` (`uid`),
  KEY `craft_users_preferredLocale_fk` (`preferredLocale`)
) ENGINE=InnoDB DEFAULT CHARSET=utf8 COLLATE=utf8_unicode_ci;

--
-- Data for table `craft_users`
--

INSERT INTO `craft_users` (`id`, `username`, `photo`, `firstName`, `lastName`, `email`, `password`, `preferredLocale`, `weekStartDay`, `admin`, `client`, `locked`, `suspended`, `pending`, `archived`, `lastLoginDate`, `lastLoginAttemptIPAddress`, `invalidLoginWindowStart`, `invalidLoginCount`, `lastInvalidLoginDate`, `lockoutDate`, `verificationCode`, `verificationCodeIssuedDate`, `unverifiedEmail`, `passwordResetRequired`, `lastPasswordChangeDate`, `dateCreated`, `dateUpdated`, `uid`) VALUES ('1', 'adminflow', NULL, NULL, NULL, 'admin@flowsa.com', '$2y$13$URHlD1TD/JAiohYMt5aYsuicGFWsQjRA29amPvAA.5lcvCs7aBEKa', NULL, '0', '1', '0', '0', '0', '0', '0', '2015-10-29 08:12:23', '127.0.0.1', NULL, NULL, NULL, NULL, NULL, NULL, NULL, '0', '2015-10-24 08:36:37', '2015-10-24 08:36:37', '2015-10-29 08:12:23', '8474b73c-9796-419f-8364-f6eaafdcd3e6');



DROP TABLE IF EXISTS `craft_widgets`;


--
-- Schema for table `craft_widgets`
--
CREATE TABLE `craft_widgets` (
  `id` int(11) NOT NULL AUTO_INCREMENT,
  `userId` int(11) NOT NULL,
  `type` varchar(150) COLLATE utf8_unicode_ci NOT NULL,
  `sortOrder` tinyint(4) DEFAULT NULL,
  `settings` text COLLATE utf8_unicode_ci,
  `enabled` tinyint(1) unsigned NOT NULL DEFAULT '1',
  `dateCreated` datetime NOT NULL,
  `dateUpdated` datetime NOT NULL,
  `uid` char(36) COLLATE utf8_unicode_ci NOT NULL DEFAULT '0',
  PRIMARY KEY (`id`),
  KEY `craft_widgets_userId_fk` (`userId`)
) ENGINE=InnoDB AUTO_INCREMENT=5 DEFAULT CHARSET=utf8 COLLATE=utf8_unicode_ci;

--
-- Data for table `craft_widgets`
--

INSERT INTO `craft_widgets` (`id`, `userId`, `type`, `sortOrder`, `settings`, `enabled`, `dateCreated`, `dateUpdated`, `uid`) VALUES ('1', '1', 'RecentEntries', '1', NULL, '1', '2015-10-24 08:36:40', '2015-10-24 08:36:40', 'd5c4505b-a6d6-43b8-9f9c-e34fa1fb9882');
INSERT INTO `craft_widgets` (`id`, `userId`, `type`, `sortOrder`, `settings`, `enabled`, `dateCreated`, `dateUpdated`, `uid`) VALUES ('2', '1', 'GetHelp', '2', NULL, '1', '2015-10-24 08:36:40', '2015-10-24 08:36:40', '12913636-be37-4527-915d-7b22e96ed459');
INSERT INTO `craft_widgets` (`id`, `userId`, `type`, `sortOrder`, `settings`, `enabled`, `dateCreated`, `dateUpdated`, `uid`) VALUES ('3', '1', 'Updates', '3', NULL, '1', '2015-10-24 08:36:40', '2015-10-24 08:36:40', 'c4f75f2f-c3c7-45c9-92f3-08719fa2e746');
INSERT INTO `craft_widgets` (`id`, `userId`, `type`, `sortOrder`, `settings`, `enabled`, `dateCreated`, `dateUpdated`, `uid`) VALUES ('4', '1', 'Feed', '4', '{\"url\":\"http:\\/\\/feeds.feedburner.com\\/blogandtonic\",\"title\":\"Blog & Tonic\"}', '1', '2015-10-24 08:36:40', '2015-10-24 08:36:40', 'c871d428-4d6a-4308-bb27-c6d528052e92');


--
-- Constraints for tables
--


--
-- Constraints for table `craft_assetfiles`
--
ALTER TABLE `craft_assetfiles`
	ADD CONSTRAINT `craft_assetfiles_folderId_fk` FOREIGN KEY (`folderId`) REFERENCES `craft_assetfolders` (`id`) ON DELETE CASCADE,
	ADD CONSTRAINT `craft_assetfiles_id_fk` FOREIGN KEY (`id`) REFERENCES `craft_elements` (`id`) ON DELETE CASCADE,
	ADD CONSTRAINT `craft_assetfiles_sourceId_fk` FOREIGN KEY (`sourceId`) REFERENCES `craft_assetsources` (`id`) ON DELETE CASCADE;

--
-- Constraints for table `craft_assetfolders`
--
ALTER TABLE `craft_assetfolders`
	ADD CONSTRAINT `craft_assetfolders_parentId_fk` FOREIGN KEY (`parentId`) REFERENCES `craft_assetfolders` (`id`) ON DELETE CASCADE,
	ADD CONSTRAINT `craft_assetfolders_sourceId_fk` FOREIGN KEY (`sourceId`) REFERENCES `craft_assetsources` (`id`) ON DELETE CASCADE;

--
-- Constraints for table `craft_assetindexdata`
--
ALTER TABLE `craft_assetindexdata`
	ADD CONSTRAINT `craft_assetindexdata_sourceId_fk` FOREIGN KEY (`sourceId`) REFERENCES `craft_assetsources` (`id`) ON DELETE CASCADE;

--
-- Constraints for table `craft_assetsources`
--
ALTER TABLE `craft_assetsources`
	ADD CONSTRAINT `craft_assetsources_fieldLayoutId_fk` FOREIGN KEY (`fieldLayoutId`) REFERENCES `craft_fieldlayouts` (`id`) ON DELETE SET NULL;

--
-- Constraints for table `craft_categories`
--
ALTER TABLE `craft_categories`
	ADD CONSTRAINT `craft_categories_groupId_fk` FOREIGN KEY (`groupId`) REFERENCES `craft_categorygroups` (`id`) ON DELETE CASCADE,
	ADD CONSTRAINT `craft_categories_id_fk` FOREIGN KEY (`id`) REFERENCES `craft_elements` (`id`) ON DELETE CASCADE;

--
-- Constraints for table `craft_categorygroups`
--
ALTER TABLE `craft_categorygroups`
	ADD CONSTRAINT `craft_categorygroups_fieldLayoutId_fk` FOREIGN KEY (`fieldLayoutId`) REFERENCES `craft_fieldlayouts` (`id`) ON DELETE SET NULL,
	ADD CONSTRAINT `craft_categorygroups_structureId_fk` FOREIGN KEY (`structureId`) REFERENCES `craft_structures` (`id`) ON DELETE CASCADE;

--
-- Constraints for table `craft_categorygroups_i18n`
--
ALTER TABLE `craft_categorygroups_i18n`
	ADD CONSTRAINT `craft_categorygroups_i18n_groupId_fk` FOREIGN KEY (`groupId`) REFERENCES `craft_categorygroups` (`id`) ON DELETE CASCADE,
	ADD CONSTRAINT `craft_categorygroups_i18n_locale_fk` FOREIGN KEY (`locale`) REFERENCES `craft_locales` (`locale`) ON DELETE CASCADE ON UPDATE CASCADE;

--
-- Constraints for table `craft_content`
--
ALTER TABLE `craft_content`
	ADD CONSTRAINT `craft_content_elementId_fk` FOREIGN KEY (`elementId`) REFERENCES `craft_elements` (`id`) ON DELETE CASCADE,
	ADD CONSTRAINT `craft_content_locale_fk` FOREIGN KEY (`locale`) REFERENCES `craft_locales` (`locale`) ON DELETE CASCADE ON UPDATE CASCADE;

--
-- Constraints for table `craft_elements_i18n`
--
ALTER TABLE `craft_elements_i18n`
	ADD CONSTRAINT `craft_elements_i18n_elementId_fk` FOREIGN KEY (`elementId`) REFERENCES `craft_elements` (`id`) ON DELETE CASCADE,
	ADD CONSTRAINT `craft_elements_i18n_locale_fk` FOREIGN KEY (`locale`) REFERENCES `craft_locales` (`locale`) ON DELETE CASCADE ON UPDATE CASCADE;

--
-- Constraints for table `craft_emailmessages`
--
ALTER TABLE `craft_emailmessages`
	ADD CONSTRAINT `craft_emailmessages_locale_fk` FOREIGN KEY (`locale`) REFERENCES `craft_locales` (`locale`) ON DELETE CASCADE ON UPDATE CASCADE;

--
-- Constraints for table `craft_entries`
--
ALTER TABLE `craft_entries`
	ADD CONSTRAINT `craft_entries_authorId_fk` FOREIGN KEY (`authorId`) REFERENCES `craft_users` (`id`) ON DELETE CASCADE,
	ADD CONSTRAINT `craft_entries_id_fk` FOREIGN KEY (`id`) REFERENCES `craft_elements` (`id`) ON DELETE CASCADE,
	ADD CONSTRAINT `craft_entries_sectionId_fk` FOREIGN KEY (`sectionId`) REFERENCES `craft_sections` (`id`) ON DELETE CASCADE,
	ADD CONSTRAINT `craft_entries_typeId_fk` FOREIGN KEY (`typeId`) REFERENCES `craft_entrytypes` (`id`) ON DELETE CASCADE;

--
-- Constraints for table `craft_entrydrafts`
--
ALTER TABLE `craft_entrydrafts`
	ADD CONSTRAINT `craft_entrydrafts_creatorId_fk` FOREIGN KEY (`creatorId`) REFERENCES `craft_users` (`id`) ON DELETE CASCADE,
	ADD CONSTRAINT `craft_entrydrafts_entryId_fk` FOREIGN KEY (`entryId`) REFERENCES `craft_entries` (`id`) ON DELETE CASCADE,
	ADD CONSTRAINT `craft_entrydrafts_locale_fk` FOREIGN KEY (`locale`) REFERENCES `craft_locales` (`locale`) ON DELETE CASCADE ON UPDATE CASCADE,
	ADD CONSTRAINT `craft_entrydrafts_sectionId_fk` FOREIGN KEY (`sectionId`) REFERENCES `craft_sections` (`id`) ON DELETE CASCADE;

--
-- Constraints for table `craft_entrytypes`
--
ALTER TABLE `craft_entrytypes`
	ADD CONSTRAINT `craft_entrytypes_fieldLayoutId_fk` FOREIGN KEY (`fieldLayoutId`) REFERENCES `craft_fieldlayouts` (`id`) ON DELETE SET NULL,
	ADD CONSTRAINT `craft_entrytypes_sectionId_fk` FOREIGN KEY (`sectionId`) REFERENCES `craft_sections` (`id`) ON DELETE CASCADE;

--
-- Constraints for table `craft_entryversions`
--
ALTER TABLE `craft_entryversions`
	ADD CONSTRAINT `craft_entryversions_creatorId_fk` FOREIGN KEY (`creatorId`) REFERENCES `craft_users` (`id`) ON DELETE SET NULL,
	ADD CONSTRAINT `craft_entryversions_entryId_fk` FOREIGN KEY (`entryId`) REFERENCES `craft_entries` (`id`) ON DELETE CASCADE,
	ADD CONSTRAINT `craft_entryversions_locale_fk` FOREIGN KEY (`locale`) REFERENCES `craft_locales` (`locale`) ON DELETE CASCADE ON UPDATE CASCADE,
	ADD CONSTRAINT `craft_entryversions_sectionId_fk` FOREIGN KEY (`sectionId`) REFERENCES `craft_sections` (`id`) ON DELETE CASCADE;

--
-- Constraints for table `craft_fieldlayoutfields`
--
ALTER TABLE `craft_fieldlayoutfields`
	ADD CONSTRAINT `craft_fieldlayoutfields_fieldId_fk` FOREIGN KEY (`fieldId`) REFERENCES `craft_fields` (`id`) ON DELETE CASCADE,
	ADD CONSTRAINT `craft_fieldlayoutfields_layoutId_fk` FOREIGN KEY (`layoutId`) REFERENCES `craft_fieldlayouts` (`id`) ON DELETE CASCADE,
	ADD CONSTRAINT `craft_fieldlayoutfields_tabId_fk` FOREIGN KEY (`tabId`) REFERENCES `craft_fieldlayouttabs` (`id`) ON DELETE CASCADE;

--
-- Constraints for table `craft_fieldlayouttabs`
--
ALTER TABLE `craft_fieldlayouttabs`
	ADD CONSTRAINT `craft_fieldlayouttabs_layoutId_fk` FOREIGN KEY (`layoutId`) REFERENCES `craft_fieldlayouts` (`id`) ON DELETE CASCADE;

--
-- Constraints for table `craft_fields`
--
ALTER TABLE `craft_fields`
	ADD CONSTRAINT `craft_fields_groupId_fk` FOREIGN KEY (`groupId`) REFERENCES `craft_fieldgroups` (`id`) ON DELETE CASCADE;

--
-- Constraints for table `craft_globalsets`
--
ALTER TABLE `craft_globalsets`
	ADD CONSTRAINT `craft_globalsets_fieldLayoutId_fk` FOREIGN KEY (`fieldLayoutId`) REFERENCES `craft_fieldlayouts` (`id`) ON DELETE SET NULL,
	ADD CONSTRAINT `craft_globalsets_id_fk` FOREIGN KEY (`id`) REFERENCES `craft_elements` (`id`) ON DELETE CASCADE;

--
-- Constraints for table `craft_matrixblocks`
--
ALTER TABLE `craft_matrixblocks`
	ADD CONSTRAINT `craft_matrixblocks_fieldId_fk` FOREIGN KEY (`fieldId`) REFERENCES `craft_fields` (`id`) ON DELETE CASCADE,
	ADD CONSTRAINT `craft_matrixblocks_id_fk` FOREIGN KEY (`id`) REFERENCES `craft_elements` (`id`) ON DELETE CASCADE,
	ADD CONSTRAINT `craft_matrixblocks_ownerId_fk` FOREIGN KEY (`ownerId`) REFERENCES `craft_elements` (`id`) ON DELETE CASCADE,
	ADD CONSTRAINT `craft_matrixblocks_ownerLocale_fk` FOREIGN KEY (`ownerLocale`) REFERENCES `craft_locales` (`locale`) ON DELETE CASCADE ON UPDATE CASCADE,
	ADD CONSTRAINT `craft_matrixblocks_typeId_fk` FOREIGN KEY (`typeId`) REFERENCES `craft_matrixblocktypes` (`id`) ON DELETE CASCADE;

--
-- Constraints for table `craft_matrixblocktypes`
--
ALTER TABLE `craft_matrixblocktypes`
	ADD CONSTRAINT `craft_matrixblocktypes_fieldId_fk` FOREIGN KEY (`fieldId`) REFERENCES `craft_fields` (`id`) ON DELETE CASCADE,
	ADD CONSTRAINT `craft_matrixblocktypes_fieldLayoutId_fk` FOREIGN KEY (`fieldLayoutId`) REFERENCES `craft_fieldlayouts` (`id`) ON DELETE SET NULL;

--
-- Constraints for table `craft_matrixcontent_body`
--
ALTER TABLE `craft_matrixcontent_body`
	ADD CONSTRAINT `craft_matrixcontent_body_elementId_fk` FOREIGN KEY (`elementId`) REFERENCES `craft_elements` (`id`) ON DELETE CASCADE,
	ADD CONSTRAINT `craft_matrixcontent_body_locale_fk` FOREIGN KEY (`locale`) REFERENCES `craft_locales` (`locale`) ON DELETE CASCADE ON UPDATE CASCADE;

--
-- Constraints for table `craft_matrixcontent_sitecontacts`
--
ALTER TABLE `craft_matrixcontent_sitecontacts`
	ADD CONSTRAINT `craft_matrixcontent_sitecontacts_elementId_fk` FOREIGN KEY (`elementId`) REFERENCES `craft_elements` (`id`) ON DELETE CASCADE,
	ADD CONSTRAINT `craft_matrixcontent_sitecontacts_locale_fk` FOREIGN KEY (`locale`) REFERENCES `craft_locales` (`locale`) ON DELETE CASCADE ON UPDATE CASCADE;

--
-- Constraints for table `craft_matrixcontent_sitesocialprofiles`
--
ALTER TABLE `craft_matrixcontent_sitesocialprofiles`
	ADD CONSTRAINT `craft_matrixcontent_sitesocialprofiles_elementId_fk` FOREIGN KEY (`elementId`) REFERENCES `craft_elements` (`id`) ON DELETE CASCADE,
	ADD CONSTRAINT `craft_matrixcontent_sitesocialprofiles_locale_fk` FOREIGN KEY (`locale`) REFERENCES `craft_locales` (`locale`) ON DELETE CASCADE ON UPDATE CASCADE;

--
-- Constraints for table `craft_matrixcontent_slideshow`
--
ALTER TABLE `craft_matrixcontent_slideshow`
	ADD CONSTRAINT `craft_matrixcontent_slideshow_elementId_fk` FOREIGN KEY (`elementId`) REFERENCES `craft_elements` (`id`) ON DELETE CASCADE,
	ADD CONSTRAINT `craft_matrixcontent_slideshow_locale_fk` FOREIGN KEY (`locale`) REFERENCES `craft_locales` (`locale`) ON DELETE CASCADE ON UPDATE CASCADE;

--
-- Constraints for table `craft_migrations`
--
ALTER TABLE `craft_migrations`
	ADD CONSTRAINT `craft_migrations_pluginId_fk` FOREIGN KEY (`pluginId`) REFERENCES `craft_plugins` (`id`) ON DELETE CASCADE;

--
-- Constraints for table `craft_relations`
--
ALTER TABLE `craft_relations`
	ADD CONSTRAINT `craft_relations_fieldId_fk` FOREIGN KEY (`fieldId`) REFERENCES `craft_fields` (`id`) ON DELETE CASCADE,
	ADD CONSTRAINT `craft_relations_sourceId_fk` FOREIGN KEY (`sourceId`) REFERENCES `craft_elements` (`id`) ON DELETE CASCADE,
	ADD CONSTRAINT `craft_relations_sourceLocale_fk` FOREIGN KEY (`sourceLocale`) REFERENCES `craft_locales` (`locale`) ON DELETE CASCADE ON UPDATE CASCADE,
	ADD CONSTRAINT `craft_relations_targetId_fk` FOREIGN KEY (`targetId`) REFERENCES `craft_elements` (`id`) ON DELETE CASCADE;

--
-- Constraints for table `craft_routes`
--
ALTER TABLE `craft_routes`
	ADD CONSTRAINT `craft_routes_locale_fk` FOREIGN KEY (`locale`) REFERENCES `craft_locales` (`locale`) ON DELETE CASCADE ON UPDATE CASCADE;

--
-- Constraints for table `craft_sections`
--
ALTER TABLE `craft_sections`
	ADD CONSTRAINT `craft_sections_structureId_fk` FOREIGN KEY (`structureId`) REFERENCES `craft_structures` (`id`) ON DELETE SET NULL;

--
-- Constraints for table `craft_sections_i18n`
--
ALTER TABLE `craft_sections_i18n`
	ADD CONSTRAINT `craft_sections_i18n_locale_fk` FOREIGN KEY (`locale`) REFERENCES `craft_locales` (`locale`) ON DELETE CASCADE ON UPDATE CASCADE,
	ADD CONSTRAINT `craft_sections_i18n_sectionId_fk` FOREIGN KEY (`sectionId`) REFERENCES `craft_sections` (`id`) ON DELETE CASCADE;

--
-- Constraints for table `craft_sessions`
--
ALTER TABLE `craft_sessions`
	ADD CONSTRAINT `craft_sessions_userId_fk` FOREIGN KEY (`userId`) REFERENCES `craft_users` (`id`) ON DELETE CASCADE;

--
-- Constraints for table `craft_shunnedmessages`
--
ALTER TABLE `craft_shunnedmessages`
	ADD CONSTRAINT `craft_shunnedmessages_userId_fk` FOREIGN KEY (`userId`) REFERENCES `craft_users` (`id`) ON DELETE CASCADE;

--
-- Constraints for table `craft_structureelements`
--
ALTER TABLE `craft_structureelements`
	ADD CONSTRAINT `craft_structureelements_elementId_fk` FOREIGN KEY (`elementId`) REFERENCES `craft_elements` (`id`) ON DELETE CASCADE,
	ADD CONSTRAINT `craft_structureelements_structureId_fk` FOREIGN KEY (`structureId`) REFERENCES `craft_structures` (`id`) ON DELETE CASCADE;

--
-- Constraints for table `craft_taggroups`
--
ALTER TABLE `craft_taggroups`
	ADD CONSTRAINT `craft_taggroups_fieldLayoutId_fk` FOREIGN KEY (`fieldLayoutId`) REFERENCES `craft_fieldlayouts` (`id`) ON DELETE SET NULL;

--
-- Constraints for table `craft_tags`
--
ALTER TABLE `craft_tags`
	ADD CONSTRAINT `craft_tags_groupId_fk` FOREIGN KEY (`groupId`) REFERENCES `craft_taggroups` (`id`) ON DELETE CASCADE,
	ADD CONSTRAINT `craft_tags_id_fk` FOREIGN KEY (`id`) REFERENCES `craft_elements` (`id`) ON DELETE CASCADE;

--
-- Constraints for table `craft_templatecachecriteria`
--
ALTER TABLE `craft_templatecachecriteria`
	ADD CONSTRAINT `craft_templatecachecriteria_cacheId_fk` FOREIGN KEY (`cacheId`) REFERENCES `craft_templatecaches` (`id`) ON DELETE CASCADE;

--
-- Constraints for table `craft_templatecacheelements`
--
ALTER TABLE `craft_templatecacheelements`
	ADD CONSTRAINT `craft_templatecacheelements_cacheId_fk` FOREIGN KEY (`cacheId`) REFERENCES `craft_templatecaches` (`id`) ON DELETE CASCADE,
	ADD CONSTRAINT `craft_templatecacheelements_elementId_fk` FOREIGN KEY (`elementId`) REFERENCES `craft_elements` (`id`) ON DELETE CASCADE;

--
-- Constraints for table `craft_templatecaches`
--
ALTER TABLE `craft_templatecaches`
	ADD CONSTRAINT `craft_templatecaches_locale_fk` FOREIGN KEY (`locale`) REFERENCES `craft_locales` (`locale`) ON DELETE CASCADE ON UPDATE CASCADE;

--
-- Constraints for table `craft_usergroups_users`
--
ALTER TABLE `craft_usergroups_users`
	ADD CONSTRAINT `craft_usergroups_users_groupId_fk` FOREIGN KEY (`groupId`) REFERENCES `craft_usergroups` (`id`) ON DELETE CASCADE,
	ADD CONSTRAINT `craft_usergroups_users_userId_fk` FOREIGN KEY (`userId`) REFERENCES `craft_users` (`id`) ON DELETE CASCADE;

--
-- Constraints for table `craft_userpermissions_usergroups`
--
ALTER TABLE `craft_userpermissions_usergroups`
	ADD CONSTRAINT `craft_userpermissions_usergroups_groupId_fk` FOREIGN KEY (`groupId`) REFERENCES `craft_usergroups` (`id`) ON DELETE CASCADE,
	ADD CONSTRAINT `craft_userpermissions_usergroups_permissionId_fk` FOREIGN KEY (`permissionId`) REFERENCES `craft_userpermissions` (`id`) ON DELETE CASCADE;

--
-- Constraints for table `craft_userpermissions_users`
--
ALTER TABLE `craft_userpermissions_users`
	ADD CONSTRAINT `craft_userpermissions_users_permissionId_fk` FOREIGN KEY (`permissionId`) REFERENCES `craft_userpermissions` (`id`) ON DELETE CASCADE,
	ADD CONSTRAINT `craft_userpermissions_users_userId_fk` FOREIGN KEY (`userId`) REFERENCES `craft_users` (`id`) ON DELETE CASCADE;

--
-- Constraints for table `craft_users`
--
ALTER TABLE `craft_users`
	ADD CONSTRAINT `craft_users_id_fk` FOREIGN KEY (`id`) REFERENCES `craft_elements` (`id`) ON DELETE CASCADE,
	ADD CONSTRAINT `craft_users_preferredLocale_fk` FOREIGN KEY (`preferredLocale`) REFERENCES `craft_locales` (`locale`) ON DELETE SET NULL ON UPDATE CASCADE;

--
-- Constraints for table `craft_widgets`
--
ALTER TABLE `craft_widgets`
	ADD CONSTRAINT `craft_widgets_userId_fk` FOREIGN KEY (`userId`) REFERENCES `craft_users` (`id`) ON DELETE CASCADE;

SET FOREIGN_KEY_CHECKS = 1;
